course,semester,academic_year,paper_code,paper_name,paper_url,pdf_url,structured_path,unstructured_path,status,downloaded_at
BARCH,1,2014-15,NAR101,architectural design 1,https://www.aktuonline.com/papers/barch-1-sem-architectural-design-1-nar-101-2015.html,https://www.aktuonline.com/papers/barch-1-sem-architectural-design-1-nar-101-2015.pdf,,corpus/aktuonline3/barch-1-sem-architectural-design-1-nar-101-2015.pdf,OK,2026-09-20T15:40:10+00:00
BARCH,1,2014-15,NAR104,architectural drawing 1,https://www.aktuonline.com/papers/barch-1-sem-architectural-drawing-1-nar-104-2015.html,https://www.aktuonline.com/papers/barch-1-sem-architectural-drawing-1-nar-104-2015.pdf,,corpus/aktuonline3/barch-1-sem-architectural-drawing-1-nar-104-2015.pdf,OK,2026-09-20T15:40:13+00:00
BARCH,1,2014-15,NAR103,architectural structures 1,https://www.aktuonline.com/papers/barch-1-sem-architectural-structures-1-nar-103-2015.html,https://www.aktuonline.com/papers/barch-1-sem-architectural-structures-1-nar-103-2015.pdf,,corpus/aktuonline3/barch-1-sem-architectural-structures-1-nar-103-2015.pdf,OK,2026-09-20T15:40:17+00:00
BARCH,1,2014-15,AR105,arts and graphics 1,https://www.aktuonline.com/papers/barch-1-sem-arts-and-graphics-1-ar-105-2015.html,https://www.aktuonline.com/papers/barch-1-sem-arts-and-graphics-1-ar-105-2015.pdf,,corpus/aktuonline3/barch-1-sem-arts-and-graphics-1-ar-105-2015.pdf,OK,2026-09-20T15:40:20+00:00
BARCH,1,2019-20,RAR105,arts and graphics 1,https://www.aktuonline.com/papers/barch-1-sem-arts-and-graphics-1-rar105-2020.html,https://www.aktuonline.com/papers/barch-1-sem-arts-and-graphics-1-rar105-2020.pdf,,corpus/aktuonline3/barch-1-sem-arts-and-graphics-1-rar105-2020.pdf,OK,2026-09-20T15:40:23+00:00
BARCH,1,2014-15,NAR107,communication skills and techniques,https://www.aktuonline.com/papers/barch-1-sem-communication-skills-and-techniques-nar-107-2015.html,https://www.aktuonline.com/papers/barch-1-sem-communication-skills-and-techniques-nar-107-2015.pdf,,corpus/aktuonline3/barch-1-sem-communication-skills-and-techniques-nar-107-2015.pdf,OK,2026-09-20T15:40:26+00:00
BARCH,1,2020-21,RAR102,construction and material 1,https://www.aktuonline.com/papers/barch-1-sem-construction-and-material-1-rar102-2021.html,https://www.aktuonline.com/papers/barch-1-sem-construction-and-material-1-rar102-2021.pdf,,corpus/aktuonline3/barch-1-sem-construction-and-material-1-rar102-2021.pdf,OK,2026-09-20T15:40:30+00:00
BARCH,1,2014-15,AR102,construction and materials 1,https://www.aktuonline.com/papers/barch-1-sem-construction-and-materials-1-ar-102-2015.html,https://www.aktuonline.com/papers/barch-1-sem-construction-and-materials-1-ar-102-2015.pdf,,corpus/aktuonline3/barch-1-sem-construction-and-materials-1-ar-102-2015.pdf,OK,2026-09-20T15:40:33+00:00
BARCH,1,2014-15,NAR102,construction and materials 1,https://www.aktuonline.com/papers/barch-1-sem-construction-and-materials-1-nar-102-2015.html,https://www.aktuonline.com/papers/barch-1-sem-construction-and-materials-1-nar-102-2015.pdf,,corpus/aktuonline3/barch-1-sem-construction-and-materials-1-nar-102-2015.pdf,OK,2026-09-20T15:40:36+00:00
BARCH,1,2014-15,NAR109,sociology,https://www.aktuonline.com/papers/barch-1-sem-sociology-nar-109-2015.html,https://www.aktuonline.com/papers/barch-1-sem-sociology-nar-109-2015.pdf,,corpus/aktuonline3/barch-1-sem-sociology-nar-109-2015.pdf,OK,2026-09-20T15:40:39+00:00
BARCH,1,2021-22,NAR109,sociology,https://www.aktuonline.com/papers/barch-1-sem-sociology-nar109-2022.html,https://www.aktuonline.com/papers/barch-1-sem-sociology-nar109-2022.pdf,,corpus/aktuonline3/barch-1-sem-sociology-nar109-2022.pdf,OK,2026-09-20T15:40:43+00:00
BARCH,1,2019-20,NAR106,surveying and levelling,https://www.aktuonline.com/papers/barch-1-sem-surveying-and-levelling-nar106-2020.html,https://www.aktuonline.com/papers/barch-1-sem-surveying-and-levelling-nar106-2020.pdf,,corpus/aktuonline3/barch-1-sem-surveying-and-levelling-nar106-2020.pdf,OK,2026-09-20T15:40:46+00:00
BARCH,,2006-07,,design practice and office management ar 1003,https://www.aktuonline.com/papers/barch-10-sem-design-practice-and-office-management-ar-1003-2007.html,https://www.aktuonline.com/papers/barch-10-sem-design-practice-and-office-management-ar-1003-2007.pdf,,corpus/aktuonline3/barch-10-sem-design-practice-and-office-management-ar-1003-2007.pdf,OK,2026-09-20T15:40:49+00:00
BARCH,,2017-18,,development legislation ar1003,https://www.aktuonline.com/papers/barch-10-sem-development-legislation-ar1003-2018.html,https://www.aktuonline.com/papers/barch-10-sem-development-legislation-ar1003-2018.pdf,,corpus/aktuonline3/barch-10-sem-development-legislation-ar1003-2018.pdf,OK,2026-09-20T15:40:52+00:00
BARCH,,2006-07,,professional practice 2 ar 1002,https://www.aktuonline.com/papers/barch-10-sem-professional-practice-2-ar-1002-2007.html,https://www.aktuonline.com/papers/barch-10-sem-professional-practice-2-ar-1002-2007.pdf,,corpus/aktuonline3/barch-10-sem-professional-practice-2-ar-1002-2007.pdf,OK,2026-09-20T15:40:56+00:00
BARCH,2,2006-07,AR203,ar strutures 2,https://www.aktuonline.com/papers/barch-2-sem-ar-strutures-2-ar-203-2007.html,https://www.aktuonline.com/papers/barch-2-sem-ar-strutures-2-ar-203-2007.pdf,,corpus/aktuonline3/barch-2-sem-ar-strutures-2-ar-203-2007.pdf,OK,2026-09-20T15:40:59+00:00
BARCH,2,2017-18,RAR203,architectual structure 2,https://www.aktuonline.com/papers/barch-2-sem-architectual-structure-2-rar203-2018.html,https://www.aktuonline.com/papers/barch-2-sem-architectual-structure-2-rar203-2018.pdf,,corpus/aktuonline3/barch-2-sem-architectual-structure-2-rar203-2018.pdf,OK,2026-09-20T15:41:02+00:00
BARCH,2,2017-18,AR201,architectural design 2,https://www.aktuonline.com/papers/barch-2-sem-architectural-design-2-ar201-2018.html,https://www.aktuonline.com/papers/barch-2-sem-architectural-design-2-ar201-2018.pdf,,corpus/aktuonline3/barch-2-sem-architectural-design-2-ar201-2018.pdf,OK,2026-09-20T15:41:05+00:00
BARCH,2,2017-18,NAR201,architectural design 2,https://www.aktuonline.com/papers/barch-2-sem-architectural-design-2-nar201-2018.html,https://www.aktuonline.com/papers/barch-2-sem-architectural-design-2-nar201-2018.pdf,,corpus/aktuonline3/barch-2-sem-architectural-design-2-nar201-2018.pdf,OK,2026-09-20T15:41:09+00:00
BARCH,2,2006-07,AR204,architectural drawing 2,https://www.aktuonline.com/papers/barch-2-sem-architectural-drawing-2-ar-204-2007.html,https://www.aktuonline.com/papers/barch-2-sem-architectural-drawing-2-ar-204-2007.pdf,,corpus/aktuonline3/barch-2-sem-architectural-drawing-2-ar-204-2007.pdf,OK,2026-09-20T15:41:12+00:00
BARCH,2,2014-15,NAR204,architectural drawing 2,https://www.aktuonline.com/papers/barch-2-sem-architectural-drawing-2-nar-204-2015.html,https://www.aktuonline.com/papers/barch-2-sem-architectural-drawing-2-nar-204-2015.pdf,,corpus/aktuonline3/barch-2-sem-architectural-drawing-2-nar-204-2015.pdf,OK,2026-09-20T15:41:15+00:00
BARCH,2,2017-18,RAR204,architectural drawing 2,https://www.aktuonline.com/papers/barch-2-sem-architectural-drawing-2-rar204-2018.html,https://www.aktuonline.com/papers/barch-2-sem-architectural-drawing-2-rar204-2018.pdf,,corpus/aktuonline3/barch-2-sem-architectural-drawing-2-rar204-2018.pdf,OK,2026-09-20T15:41:19+00:00
BARCH,2,2017-18,NAR206,architectural services 1,https://www.aktuonline.com/papers/barch-2-sem-architectural-services-1-nar206-2018.html,https://www.aktuonline.com/papers/barch-2-sem-architectural-services-1-nar206-2018.pdf,,corpus/aktuonline3/barch-2-sem-architectural-services-1-nar206-2018.pdf,OK,2026-09-20T15:41:22+00:00
BARCH,2,2017-18,RAR203,architectural structure 2,https://www.aktuonline.com/papers/barch-2-sem-architectural-structure-2-rar203-2018.html,https://www.aktuonline.com/papers/barch-2-sem-architectural-structure-2-rar203-2018.pdf,,corpus/aktuonline3/barch-2-sem-architectural-structure-2-rar203-2018.pdf,OK,2026-09-20T15:41:26+00:00
BARCH,2,2014-15,NAR203,architectural structures 2,https://www.aktuonline.com/papers/barch-2-sem-architectural-structures-2-nar203-2015.html,https://www.aktuonline.com/papers/barch-2-sem-architectural-structures-2-nar203-2015.pdf,,corpus/aktuonline3/barch-2-sem-architectural-structures-2-nar203-2015.pdf,OK,2026-09-20T15:41:29+00:00
BARCH,2,2017-18,NAR205,art and graphics 2,https://www.aktuonline.com/papers/barch-2-sem-art-and-graphics-2-nar205-2018.html,https://www.aktuonline.com/papers/barch-2-sem-art-and-graphics-2-nar205-2018.pdf,,corpus/aktuonline3/barch-2-sem-art-and-graphics-2-nar205-2018.pdf,OK,2026-09-20T15:41:32+00:00
BARCH,2,2006-07,AR205,arts and graphic,https://www.aktuonline.com/papers/barch-2-sem-arts-and-graphic-ar-205-2007.html,https://www.aktuonline.com/papers/barch-2-sem-arts-and-graphic-ar-205-2007.pdf,,corpus/aktuonline3/barch-2-sem-arts-and-graphic-ar-205-2007.pdf,OK,2026-09-20T15:41:35+00:00
BARCH,2,2014-15,NAR205,arts and graphics 2,https://www.aktuonline.com/papers/barch-2-sem-arts-and-graphics-2-nar-205-2015.html,https://www.aktuonline.com/papers/barch-2-sem-arts-and-graphics-2-nar-205-2015.pdf,,corpus/aktuonline3/barch-2-sem-arts-and-graphics-2-nar-205-2015.pdf,OK,2026-09-20T15:41:39+00:00
BARCH,2,2014-15,AR205,arts and graphics 4,https://www.aktuonline.com/papers/barch-2-sem-arts-and-graphics-4-ar205-2015.html,https://www.aktuonline.com/papers/barch-2-sem-arts-and-graphics-4-ar205-2015.pdf,,corpus/aktuonline3/barch-2-sem-arts-and-graphics-4-ar205-2015.pdf,OK,2026-09-20T15:41:42+00:00
BARCH,2,2017-18,RAR205,arts graphics 2,https://www.aktuonline.com/papers/barch-2-sem-arts-graphics-2-rar205-2018.html,https://www.aktuonline.com/papers/barch-2-sem-arts-graphics-2-rar205-2018.pdf,,corpus/aktuonline3/barch-2-sem-arts-graphics-2-rar205-2018.pdf,OK,2026-09-20T15:41:45+00:00
BARCH,2,2014-15,NAR202,construction and materials 2,https://www.aktuonline.com/papers/barch-2-sem-construction-and-materials-2-nar-202-2015.html,https://www.aktuonline.com/papers/barch-2-sem-construction-and-materials-2-nar-202-2015.pdf,,corpus/aktuonline3/barch-2-sem-construction-and-materials-2-nar-202-2015.pdf,OK,2026-09-20T15:41:48+00:00
BARCH,2,2014-15,NAR209,ecology and environment,https://www.aktuonline.com/papers/barch-2-sem-ecology-and-environment-nar209-2015.html,https://www.aktuonline.com/papers/barch-2-sem-ecology-and-environment-nar209-2015.pdf,,corpus/aktuonline3/barch-2-sem-ecology-and-environment-nar209-2015.pdf,OK,2026-09-20T15:41:51+00:00
BARCH,2,2017-18,NAR207,history of architecture 1,https://www.aktuonline.com/papers/barch-2-sem-history-of-architecture-1-nar207-2018.html,https://www.aktuonline.com/papers/barch-2-sem-history-of-architecture-1-nar207-2018.pdf,,corpus/aktuonline3/barch-2-sem-history-of-architecture-1-nar207-2018.pdf,OK,2026-09-20T15:41:54+00:00
BARCH,2,2018-19,RAR207,history of architecture 1,https://www.aktuonline.com/papers/barch-2-sem-history-of-architecture-1-rar207-2019.html,https://www.aktuonline.com/papers/barch-2-sem-history-of-architecture-1-rar207-2019.pdf,,corpus/aktuonline3/barch-2-sem-history-of-architecture-1-rar207-2019.pdf,OK,2026-09-20T15:41:58+00:00
BARCH,2,2018-19,RAR206,surveying,https://www.aktuonline.com/papers/barch-2-sem-surveying-rar-206-2019.html,https://www.aktuonline.com/papers/barch-2-sem-surveying-rar-206-2019.pdf,,corpus/aktuonline3/barch-2-sem-surveying-rar-206-2019.pdf,OK,2026-09-20T15:42:01+00:00
BARCH,3,2014-15,AR304,architectural drawing 3,https://www.aktuonline.com/papers/barch-3-sem-architectural-drawing-3-ar-304-2015.html,https://www.aktuonline.com/papers/barch-3-sem-architectural-drawing-3-ar-304-2015.pdf,,corpus/aktuonline3/barch-3-sem-architectural-drawing-3-ar-304-2015.pdf,OK,2026-09-20T15:42:04+00:00
BARCH,3,2019-20,RAR306,architectural services 1,https://www.aktuonline.com/papers/barch-3-sem-architectural-services-1-rar306-2020.html,https://www.aktuonline.com/papers/barch-3-sem-architectural-services-1-rar306-2020.pdf,,corpus/aktuonline3/barch-3-sem-architectural-services-1-rar306-2020.pdf,OK,2026-09-20T15:42:07+00:00
BARCH,3,2014-15,NAR306,architectural services,https://www.aktuonline.com/papers/barch-3-sem-architectural-services-nar-306-2015.html,https://www.aktuonline.com/papers/barch-3-sem-architectural-services-nar-306-2015.pdf,,corpus/aktuonline3/barch-3-sem-architectural-services-nar-306-2015.pdf,OK,2026-09-20T15:42:10+00:00
BARCH,3,2020-21,RAR801,architecture design 7,https://www.aktuonline.com/papers/barch-3-sem-architecture-design-7-rar801-2021.html,https://www.aktuonline.com/papers/barch-3-sem-architecture-design-7-rar801-2021.pdf,,corpus/aktuonline3/barch-3-sem-architecture-design-7-rar801-2021.pdf,OK,2026-09-20T15:42:14+00:00
BARCH,3,2014-15,NAR305,art and graphics 3,https://www.aktuonline.com/papers/barch-3-sem-art-and-graphics-3-nar-305-2015.html,https://www.aktuonline.com/papers/barch-3-sem-art-and-graphics-3-nar-305-2015.pdf,,corpus/aktuonline3/barch-3-sem-art-and-graphics-3-nar-305-2015.pdf,OK,2026-09-20T15:42:17+00:00
BARCH,3,2014-15,AR305,arts and graphics 3,https://www.aktuonline.com/papers/barch-3-sem-arts-and-graphics-3-ar-305-2015.html,https://www.aktuonline.com/papers/barch-3-sem-arts-and-graphics-3-ar-305-2015.pdf,,corpus/aktuonline3/barch-3-sem-arts-and-graphics-3-ar-305-2015.pdf,OK,2026-09-20T15:42:20+00:00
BARCH,3,2020-21,NAR305,arts and graphics 3,https://www.aktuonline.com/papers/barch-3-sem-arts-and-graphics-3-nar305-2021.html,https://www.aktuonline.com/papers/barch-3-sem-arts-and-graphics-3-nar305-2021.pdf,,corpus/aktuonline3/barch-3-sem-arts-and-graphics-3-nar305-2021.pdf,OK,2026-09-20T15:42:24+00:00
BARCH,3,2014-15,NAR302,construction and material,https://www.aktuonline.com/papers/barch-3-sem-construction-and-material-nar-302-2015.html,https://www.aktuonline.com/papers/barch-3-sem-construction-and-material-nar-302-2015.pdf,,corpus/aktuonline3/barch-3-sem-construction-and-material-nar-302-2015.pdf,OK,2026-09-20T15:42:27+00:00
BARCH,3,2014-15,NAR307,history of architecture 2,https://www.aktuonline.com/papers/barch-3-sem-history-of-architecture-2-nar-307-2015.html,https://www.aktuonline.com/papers/barch-3-sem-history-of-architecture-2-nar-307-2015.pdf,,corpus/aktuonline3/barch-3-sem-history-of-architecture-2-nar-307-2015.pdf,OK,2026-09-20T15:42:30+00:00
BARCH,4,2014-15,AR401,architectural design 4,https://www.aktuonline.com/papers/barch-4-sem-architectural-design-4-ar-401-2015.html,https://www.aktuonline.com/papers/barch-4-sem-architectural-design-4-ar-401-2015.pdf,,corpus/aktuonline3/barch-4-sem-architectural-design-4-ar-401-2015.pdf,OK,2026-09-20T15:42:34+00:00
BARCH,4,2014-15,NAR406,architectural service 3,https://www.aktuonline.com/papers/barch-4-sem-architectural-service-3-nar406-2015.html,https://www.aktuonline.com/papers/barch-4-sem-architectural-service-3-nar406-2015.pdf,,corpus/aktuonline3/barch-4-sem-architectural-service-3-nar406-2015.pdf,OK,2026-09-20T15:42:37+00:00
BARCH,4,2014-15,AR403,architectural structures 4,https://www.aktuonline.com/papers/barch-4-sem-architectural-structures-4-ar403-2015.html,https://www.aktuonline.com/papers/barch-4-sem-architectural-structures-4-ar403-2015.pdf,,corpus/aktuonline3/barch-4-sem-architectural-structures-4-ar403-2015.pdf,OK,2026-09-20T15:42:40+00:00
BARCH,4,2014-15,NAR405,art and graphics 4,https://www.aktuonline.com/papers/barch-4-sem-art-and-graphics-4-nar-405-2015.html,https://www.aktuonline.com/papers/barch-4-sem-art-and-graphics-4-nar-405-2015.pdf,,corpus/aktuonline3/barch-4-sem-art-and-graphics-4-nar-405-2015.pdf,OK,2026-09-20T15:42:44+00:00
BARCH,4,2014-15,NAR405,arts and graphics 4,https://www.aktuonline.com/papers/barch-4-sem-arts-and-graphics-4-nar405-2015.html,https://www.aktuonline.com/papers/barch-4-sem-arts-and-graphics-4-nar405-2015.pdf,,corpus/aktuonline3/barch-4-sem-arts-and-graphics-4-nar405-2015.pdf,OK,2026-09-20T15:42:47+00:00
BARCH,4,2006-07,AR406,building services water supply,https://www.aktuonline.com/papers/barch-4-sem-building-services-water-supply-ar-406-2007.html,https://www.aktuonline.com/papers/barch-4-sem-building-services-water-supply-ar-406-2007.pdf,,corpus/aktuonline3/barch-4-sem-building-services-water-supply-ar-406-2007.pdf,OK,2026-09-20T15:42:50+00:00
BARCH,4,2014-15,AR405,climatology,https://www.aktuonline.com/papers/barch-4-sem-climatology-ar405-2015.html,https://www.aktuonline.com/papers/barch-4-sem-climatology-ar405-2015.pdf,,corpus/aktuonline3/barch-4-sem-climatology-ar405-2015.pdf,OK,2026-09-20T15:42:53+00:00
BARCH,4,2014-15,NAR402,construction and material 4,https://www.aktuonline.com/papers/barch-4-sem-construction-and-material-4-nar402-2015.html,https://www.aktuonline.com/papers/barch-4-sem-construction-and-material-4-nar402-2015.pdf,,corpus/aktuonline3/barch-4-sem-construction-and-material-4-nar402-2015.pdf,OK,2026-09-20T15:42:56+00:00
BARCH,4,2018-19,RAR402,construction and material 4,https://www.aktuonline.com/papers/barch-4-sem-construction-and-material-4-rar402-2019.html,https://www.aktuonline.com/papers/barch-4-sem-construction-and-material-4-rar402-2019.pdf,,corpus/aktuonline3/barch-4-sem-construction-and-material-4-rar402-2019.pdf,OK,2026-09-20T15:42:59+00:00
BARCH,4,2017-18,AR402,construction and materials 4,https://www.aktuonline.com/papers/barch-4-sem-construction-and-materials-4-ar-402-2018.html,https://www.aktuonline.com/papers/barch-4-sem-construction-and-materials-4-ar-402-2018.pdf,,corpus/aktuonline3/barch-4-sem-construction-and-materials-4-ar-402-2018.pdf,OK,2026-09-20T15:43:02+00:00
BARCH,4,2018-19,AR402,construction and materials 4,https://www.aktuonline.com/papers/barch-4-sem-construction-and-materials-4-ar402-2019.html,https://www.aktuonline.com/papers/barch-4-sem-construction-and-materials-4-ar402-2019.pdf,,corpus/aktuonline3/barch-4-sem-construction-and-materials-4-ar402-2019.pdf,OK,2026-09-20T15:43:06+00:00
BARCH,4,2014-15,NAR402,constructions and material,https://www.aktuonline.com/papers/barch-4-sem-constructions-and-material-nar402-2015.html,https://www.aktuonline.com/papers/barch-4-sem-constructions-and-material-nar402-2015.pdf,,corpus/aktuonline3/barch-4-sem-constructions-and-material-nar402-2015.pdf,OK,2026-09-20T15:43:09+00:00
BARCH,4,2017-18,AR404,history of architecture 2,https://www.aktuonline.com/papers/barch-4-sem-history-of-architecture-2-ar404-2018.html,https://www.aktuonline.com/papers/barch-4-sem-history-of-architecture-2-ar404-2018.pdf,,corpus/aktuonline3/barch-4-sem-history-of-architecture-2-ar404-2018.pdf,OK,2026-09-20T15:43:12+00:00
BARCH,4,2018-19,RAR407,history of architecture 3,https://www.aktuonline.com/papers/barch-4-sem-history-of-architecture-3-rar407-2019.html,https://www.aktuonline.com/papers/barch-4-sem-history-of-architecture-3-rar407-2019.pdf,,corpus/aktuonline3/barch-4-sem-history-of-architecture-3-rar407-2019.pdf,OK,2026-09-20T15:43:16+00:00
BARCH,5,2020-21,NAR501,architectural design 5,https://www.aktuonline.com/papers/barch-5-sem-architectural-design-5-nar501-2021.html,https://www.aktuonline.com/papers/barch-5-sem-architectural-design-5-nar501-2021.pdf,,corpus/aktuonline3/barch-5-sem-architectural-design-5-nar501-2021.pdf,OK,2026-09-20T15:43:19+00:00
BARCH,5,2014-15,AR503,architectural structure 5,https://www.aktuonline.com/papers/barch-5-sem-architectural-structure-5-ar-503-2015.html,https://www.aktuonline.com/papers/barch-5-sem-architectural-structure-5-ar-503-2015.pdf,,corpus/aktuonline3/barch-5-sem-architectural-structure-5-ar-503-2015.pdf,OK,2026-09-20T15:43:23+00:00
BARCH,5,2020-21,RAR503,architectural structure 5,https://www.aktuonline.com/papers/barch-5-sem-architectural-structure-5-rar503-2021.html,https://www.aktuonline.com/papers/barch-5-sem-architectural-structure-5-rar503-2021.pdf,,corpus/aktuonline3/barch-5-sem-architectural-structure-5-rar503-2021.pdf,OK,2026-09-20T15:43:26+00:00
BARCH,5,2018-19,NAR505,estimation and specifications,https://www.aktuonline.com/papers/barch-5-sem-estimation-and-specifications-nar505-2019.html,https://www.aktuonline.com/papers/barch-5-sem-estimation-and-specifications-nar505-2019.pdf,,corpus/aktuonline3/barch-5-sem-estimation-and-specifications-nar505-2019.pdf,OK,2026-09-20T15:43:30+00:00
BARCH,5,2020-21,NAR507,history of architecture 4,https://www.aktuonline.com/papers/barch-5-sem-history-of-architecture-4-nar507-2021.html,https://www.aktuonline.com/papers/barch-5-sem-history-of-architecture-4-nar507-2021.pdf,,corpus/aktuonline3/barch-5-sem-history-of-architecture-4-nar507-2021.pdf,OK,2026-09-20T15:43:33+00:00
BARCH,6,2006-07,AR601,architectural design 6,https://www.aktuonline.com/papers/barch-6-sem-architectural-design-6-ar-601-2007.html,https://www.aktuonline.com/papers/barch-6-sem-architectural-design-6-ar-601-2007.pdf,,corpus/aktuonline3/barch-6-sem-architectural-design-6-ar-601-2007.pdf,OK,2026-09-20T15:43:37+00:00
BARCH,6,2017-18,NAR406,architectural service 3,https://www.aktuonline.com/papers/barch-6-sem-architectural-service-3-nar406-2018.html,https://www.aktuonline.com/papers/barch-6-sem-architectural-service-3-nar406-2018.pdf,,corpus/aktuonline3/barch-6-sem-architectural-service-3-nar406-2018.pdf,OK,2026-09-20T15:43:40+00:00
BARCH,6,2006-07,AR603,architectural structures 6,https://www.aktuonline.com/papers/barch-6-sem-architectural-structures-6-ar-603-2007.html,https://www.aktuonline.com/papers/barch-6-sem-architectural-structures-6-ar-603-2007.pdf,,corpus/aktuonline3/barch-6-sem-architectural-structures-6-ar-603-2007.pdf,OK,2026-09-20T15:43:43+00:00
BARCH,6,2018-19,RAR603,architectural structures 6,https://www.aktuonline.com/papers/barch-6-sem-architectural-structures-6-rar603-2019.html,https://www.aktuonline.com/papers/barch-6-sem-architectural-structures-6-rar603-2019.pdf,,corpus/aktuonline3/barch-6-sem-architectural-structures-6-rar603-2019.pdf,OK,2026-09-20T15:43:46+00:00
BARCH,6,2006-07,AR606,building services,https://www.aktuonline.com/papers/barch-6-sem-building-services-ar-606-2007.html,https://www.aktuonline.com/papers/barch-6-sem-building-services-ar-606-2007.pdf,,corpus/aktuonline3/barch-6-sem-building-services-ar-606-2007.pdf,OK,2026-09-20T15:43:49+00:00
BARCH,6,2014-15,AR606,building services,https://www.aktuonline.com/papers/barch-6-sem-building-services-ar606-2015.html,https://www.aktuonline.com/papers/barch-6-sem-building-services-ar606-2015.pdf,,corpus/aktuonline3/barch-6-sem-building-services-ar606-2015.pdf,OK,2026-09-20T15:43:52+00:00
BARCH,6,2006-07,AR602,construction and material 6,https://www.aktuonline.com/papers/barch-6-sem-construction-and-material-6-ar-602-2007.html,https://www.aktuonline.com/papers/barch-6-sem-construction-and-material-6-ar-602-2007.pdf,,corpus/aktuonline3/barch-6-sem-construction-and-material-6-ar-602-2007.pdf,OK,2026-09-20T15:43:55+00:00
BARCH,6,2014-15,AR602,construction and materials 6,https://www.aktuonline.com/papers/barch-6-sem-construction-and-materials-6-ar602-2015.html,https://www.aktuonline.com/papers/barch-6-sem-construction-and-materials-6-ar602-2015.pdf,,corpus/aktuonline3/barch-6-sem-construction-and-materials-6-ar602-2015.pdf,OK,2026-09-20T15:43:59+00:00
BARCH,6,2017-18,NAR407,history of architecture 3,https://www.aktuonline.com/papers/barch-6-sem-history-of-architecture-3-nar407-2018.html,https://www.aktuonline.com/papers/barch-6-sem-history-of-architecture-3-nar407-2018.pdf,,corpus/aktuonline3/barch-6-sem-history-of-architecture-3-nar407-2018.pdf,OK,2026-09-20T15:44:02+00:00
BARCH,6,2006-07,AR605,specification and estimation,https://www.aktuonline.com/papers/barch-6-sem-specification-and-estimation-ar-605-2007.html,https://www.aktuonline.com/papers/barch-6-sem-specification-and-estimation-ar-605-2007.pdf,,corpus/aktuonline3/barch-6-sem-specification-and-estimation-ar-605-2007.pdf,OK,2026-09-20T15:44:05+00:00
BARCH,6,2014-15,AR605,specification and estimations,https://www.aktuonline.com/papers/barch-6-sem-specification-and-estimations-ar-605-2015.html,https://www.aktuonline.com/papers/barch-6-sem-specification-and-estimations-ar-605-2015.pdf,,corpus/aktuonline3/barch-6-sem-specification-and-estimations-ar-605-2015.pdf,OK,2026-09-20T15:44:08+00:00
BARCH,6,2006-07,AR604,theory of design,https://www.aktuonline.com/papers/barch-6-sem-theory-of-design-ar-604-2007.html,https://www.aktuonline.com/papers/barch-6-sem-theory-of-design-ar-604-2007.pdf,,corpus/aktuonline3/barch-6-sem-theory-of-design-ar-604-2007.pdf,OK,2026-09-20T15:44:11+00:00
BARCH,6,2017-18,AR604,theory of design,https://www.aktuonline.com/papers/barch-6-sem-theory-of-design-ar604-2018.html,https://www.aktuonline.com/papers/barch-6-sem-theory-of-design-ar604-2018.pdf,,corpus/aktuonline3/barch-6-sem-theory-of-design-ar604-2018.pdf,OK,2026-09-20T15:44:15+00:00
BARCH,8,2006-07,AR805,acoustics,https://www.aktuonline.com/papers/barch-8-sem-acoustics-ar-805-2007.html,https://www.aktuonline.com/papers/barch-8-sem-acoustics-ar-805-2007.pdf,,corpus/aktuonline3/barch-8-sem-acoustics-ar-805-2007.pdf,OK,2026-09-20T15:44:18+00:00
BARCH,8,2017-18,AR805,acoustics,https://www.aktuonline.com/papers/barch-8-sem-acoustics-ar805-2018.html,https://www.aktuonline.com/papers/barch-8-sem-acoustics-ar805-2018.pdf,,corpus/aktuonline3/barch-8-sem-acoustics-ar805-2018.pdf,OK,2026-09-20T15:44:21+00:00
BARCH,8,2017-18,NAR805A,advanced computers,https://www.aktuonline.com/papers/barch-8-sem-advanced-computers-nar805a-2018.html,https://www.aktuonline.com/papers/barch-8-sem-advanced-computers-nar805a-2018.pdf,,corpus/aktuonline3/barch-8-sem-advanced-computers-nar805a-2018.pdf,OK,2026-09-20T15:44:24+00:00
BARCH,8,2006-07,AR201,architectural design 2,https://www.aktuonline.com/papers/barch-8-sem-architectural-design-2-ar-201-2007.html,https://www.aktuonline.com/papers/barch-8-sem-architectural-design-2-ar-201-2007.pdf,,corpus/aktuonline3/barch-8-sem-architectural-design-2-ar-201-2007.pdf,OK,2026-09-20T15:44:27+00:00
BARCH,8,2014-15,AR801,architectural design 8,https://www.aktuonline.com/papers/barch-8-sem-architectural-design-8-ar801-2015.html,https://www.aktuonline.com/papers/barch-8-sem-architectural-design-8-ar801-2015.pdf,,corpus/aktuonline3/barch-8-sem-architectural-design-8-ar801-2015.pdf,OK,2026-09-20T15:44:31+00:00
BARCH,8,2014-15,AR803,architectural structures 8,https://www.aktuonline.com/papers/barch-8-sem-architectural-structures-8-ar803-2015.html,https://www.aktuonline.com/papers/barch-8-sem-architectural-structures-8-ar803-2015.pdf,,corpus/aktuonline3/barch-8-sem-architectural-structures-8-ar803-2015.pdf,OK,2026-09-20T15:44:34+00:00
BARCH,8,2006-07,AR802,construction and materials 8,https://www.aktuonline.com/papers/barch-8-sem-construction-and-materials-8-ar-802-2007.html,https://www.aktuonline.com/papers/barch-8-sem-construction-and-materials-8-ar-802-2007.pdf,,corpus/aktuonline3/barch-8-sem-construction-and-materials-8-ar-802-2007.pdf,OK,2026-09-20T15:44:37+00:00
BARCH,8,2017-18,NAR805E,energy conscious architecture,https://www.aktuonline.com/papers/barch-8-sem-energy-conscious-architecture-nar805e-2018.html,https://www.aktuonline.com/papers/barch-8-sem-energy-conscious-architecture-nar805e-2018.pdf,,corpus/aktuonline3/barch-8-sem-energy-conscious-architecture-nar805e-2018.pdf,OK,2026-09-20T15:44:40+00:00
BARCH,8,2017-18,AR806,landscape architecture,https://www.aktuonline.com/papers/barch-8-sem-landscape-architecture-ar806-2018.html,https://www.aktuonline.com/papers/barch-8-sem-landscape-architecture-ar806-2018.pdf,,corpus/aktuonline3/barch-8-sem-landscape-architecture-ar806-2018.pdf,OK,2026-09-20T15:44:43+00:00
BARCH,8,2006-07,AR804,town planning,https://www.aktuonline.com/papers/barch-8-sem-town-planning-ar-804-2007.html,https://www.aktuonline.com/papers/barch-8-sem-town-planning-ar-804-2007.pdf,,corpus/aktuonline3/barch-8-sem-town-planning-ar-804-2007.pdf,OK,2026-09-20T15:44:46+00:00
BARCH,8,2017-18,NAR804,town planning,https://www.aktuonline.com/papers/barch-8-sem-town-planning-nar804-2018.html,https://www.aktuonline.com/papers/barch-8-sem-town-planning-nar804-2018.pdf,,corpus/aktuonline3/barch-8-sem-town-planning-nar804-2018.pdf,OK,2026-09-20T15:44:49+00:00
BARCH,8,2017-18,NAR805F,universal design,https://www.aktuonline.com/papers/barch-8-sem-universal-design-nar805f-2018.html,https://www.aktuonline.com/papers/barch-8-sem-universal-design-nar805f-2018.pdf,,corpus/aktuonline3/barch-8-sem-universal-design-nar805f-2018.pdf,OK,2026-09-20T15:44:52+00:00
BARCH,9,2019-20,AR901,architectural design 9,https://www.aktuonline.com/papers/barch-9-sem-architectural-design-9-ar901-2020.html,https://www.aktuonline.com/papers/barch-9-sem-architectural-design-9-ar901-2020.pdf,,corpus/aktuonline3/barch-9-sem-architectural-design-9-ar901-2020.pdf,OK,2026-09-20T15:44:56+00:00
BARCH,9,2019-20,NAR904C,futuristic architecture,https://www.aktuonline.com/papers/barch-9-sem-futuristic-architecture-nar904c-2020.html,https://www.aktuonline.com/papers/barch-9-sem-futuristic-architecture-nar904c-2020.pdf,,corpus/aktuonline3/barch-9-sem-futuristic-architecture-nar904c-2020.pdf,OK,2026-09-20T15:44:59+00:00
BARCH,9,2019-20,NAR904B,management and marketing skills,https://www.aktuonline.com/papers/barch-9-sem-management-and-marketing-skills-nar904b-2020.html,https://www.aktuonline.com/papers/barch-9-sem-management-and-marketing-skills-nar904b-2020.pdf,,corpus/aktuonline3/barch-9-sem-management-and-marketing-skills-nar904b-2020.pdf,OK,2026-09-20T15:45:03+00:00
BBA,2,2025-26,BBA205,basics of statistics,https://www.aktuonline.com/papers/bba-2-sem-basics-of-statistics-bba205-may-2026.html,https://www.aktuonline.com/papers/bba-2-sem-basics-of-statistics-bba205-may-2026.pdf,,corpus/aktuonline3/bba-2-sem-basics-of-statistics-bba205-may-2026.pdf,OK,2026-09-20T15:45:06+00:00
BBA,2,2025-26,BBA405,business organisation,https://www.aktuonline.com/papers/bba-2-sem-business-organisation-bba405-may-2026.html,https://www.aktuonline.com/papers/bba-2-sem-business-organisation-bba405-may-2026.pdf,,corpus/aktuonline3/bba-2-sem-business-organisation-bba405-may-2026.pdf,OK,2026-09-20T15:45:10+00:00
BBA,2,2025-26,BBA407,human value,https://www.aktuonline.com/papers/bba-2-sem-human-value-bba407-may-2026.html,https://www.aktuonline.com/papers/bba-2-sem-human-value-bba407-may-2026.pdf,,corpus/aktuonline3/bba-2-sem-human-value-bba407-may-2026.pdf,OK,2026-09-20T15:45:14+00:00
BBA,2,2025-26,BBA203,management accounting,https://www.aktuonline.com/papers/bba-2-sem-management-accounting-bba203-may-2026.html,https://www.aktuonline.com/papers/bba-2-sem-management-accounting-bba203-may-2026.pdf,,corpus/aktuonline3/bba-2-sem-management-accounting-bba203-may-2026.pdf,OK,2026-09-20T15:45:17+00:00
BCA,2,2025-26,BBC202,discrete mathematics,https://www.aktuonline.com/papers/bca-2-sem-discrete-mathematics-bbc202-may-2026.html,https://www.aktuonline.com/papers/bca-2-sem-discrete-mathematics-bbc202-may-2026.pdf,,corpus/aktuonline3/bca-2-sem-discrete-mathematics-bbc202-may-2026.pdf,OK,2026-09-20T15:45:21+00:00
BCA,2,2025-26,BBC405,indian tradition culture and society,https://www.aktuonline.com/papers/bca-2-sem-indian-tradition-culture-and-society-bbc405-2026.html,https://www.aktuonline.com/papers/bca-2-sem-indian-tradition-culture-and-society-bbc405-2026.pdf,,corpus/aktuonline3/bca-2-sem-indian-tradition-culture-and-society-bbc405-2026.pdf,OK,2026-09-20T15:45:24+00:00
BCA,2,2025-26,BBC205,information systems,https://www.aktuonline.com/papers/bca-2-sem-information-systems-bbc205-may-2026.html,https://www.aktuonline.com/papers/bca-2-sem-information-systems-bbc205-may-2026.pdf,,corpus/aktuonline3/bca-2-sem-information-systems-bbc205-may-2026.pdf,OK,2026-09-20T15:45:27+00:00
BCA,2,2025-26,BBC205A,mathematical foundation,https://www.aktuonline.com/papers/bca-2-sem-mathematical-foundation-bbc205a-may-2026.html,https://www.aktuonline.com/papers/bca-2-sem-mathematical-foundation-bbc205a-may-2026.pdf,,corpus/aktuonline3/bca-2-sem-mathematical-foundation-bbc205a-may-2026.pdf,OK,2026-09-20T15:45:31+00:00
BCA,2,2025-26,BBC204,professional communication,https://www.aktuonline.com/papers/bca-2-sem-professional-communication-bbc204-may-2026.html,https://www.aktuonline.com/papers/bca-2-sem-professional-communication-bbc204-may-2026.pdf,,corpus/aktuonline3/bca-2-sem-professional-communication-bbc204-may-2026.pdf,OK,2026-09-20T15:45:35+00:00
BCA,2,2025-26,BBC404,technical communication,https://www.aktuonline.com/papers/bca-2-sem-technical-communication-bbc404-may-2026.html,https://www.aktuonline.com/papers/bca-2-sem-technical-communication-bbc404-may-2026.pdf,,corpus/aktuonline3/bca-2-sem-technical-communication-bbc404-may-2026.pdf,OK,2026-09-20T15:45:38+00:00
BFA,1,2014-15,FA124,computer graphics v2,https://www.aktuonline.com/papers/bfa-1-sem-computer-graphics-fa-124-v2-2015.html,https://www.aktuonline.com/papers/bfa-1-sem-computer-graphics-fa-124-v2-2015.pdf,,corpus/aktuonline3/bfa-1-sem-computer-graphics-fa-124-v2-2015.pdf,OK,2026-09-20T15:45:42+00:00
BFA,1,2014-15,FA123,design,https://www.aktuonline.com/papers/bfa-1-sem-design-fa123-2015.html,https://www.aktuonline.com/papers/bfa-1-sem-design-fa123-2015.pdf,,corpus/aktuonline3/bfa-1-sem-design-fa123-2015.pdf,OK,2026-09-20T15:45:45+00:00
BFA,1,2019-20,RFA112,hindi,https://www.aktuonline.com/papers/bfa-1-sem-hindi-rfa112-2020.html,https://www.aktuonline.com/papers/bfa-1-sem-hindi-rfa112-2020.pdf,,corpus/aktuonline3/bfa-1-sem-hindi-rfa112-2020.pdf,OK,2026-09-20T15:45:49+00:00
BFA,1,2014-15,FA121,history and appreciation of art,https://www.aktuonline.com/papers/bfa-1-sem-history-and-appreciation-of-art-fa121-2015.html,https://www.aktuonline.com/papers/bfa-1-sem-history-and-appreciation-of-art-fa121-2015.pdf,,corpus/aktuonline3/bfa-1-sem-history-and-appreciation-of-art-fa121-2015.pdf,OK,2026-09-20T15:45:52+00:00
BFA,1,2019-20,RFA111,history and appreciation of art,https://www.aktuonline.com/papers/bfa-1-sem-history-and-appreciation-of-art-rfa111-2020.html,https://www.aktuonline.com/papers/bfa-1-sem-history-and-appreciation-of-art-rfa111-2020.pdf,,corpus/aktuonline3/bfa-1-sem-history-and-appreciation-of-art-rfa111-2020.pdf,OK,2026-09-20T15:45:55+00:00
BFA,2,2014-15,FA223,design,https://www.aktuonline.com/papers/bfa-2-sem-design-fa-223-2015.html,https://www.aktuonline.com/papers/bfa-2-sem-design-fa-223-2015.pdf,,corpus/aktuonline3/bfa-2-sem-design-fa-223-2015.pdf,OK,2026-09-20T15:45:58+00:00
BFA,2,2018-19,RFA222,english for professional communication,https://www.aktuonline.com/papers/bfa-2-sem-english-for-professional-communication-rfa222-2019.html,https://www.aktuonline.com/papers/bfa-2-sem-english-for-professional-communication-rfa222-2019.pdf,,corpus/aktuonline3/bfa-2-sem-english-for-professional-communication-rfa222-2019.pdf,OK,2026-09-20T15:46:02+00:00
BFA,2,2014-15,FA225,geometrical and perspective drawing,https://www.aktuonline.com/papers/bfa-2-sem-geometrical-and-perspective-drawing-fa-225-2015.html,https://www.aktuonline.com/papers/bfa-2-sem-geometrical-and-perspective-drawing-fa-225-2015.pdf,,corpus/aktuonline3/bfa-2-sem-geometrical-and-perspective-drawing-fa-225-2015.pdf,OK,2026-09-20T15:46:05+00:00
BFA,2,2018-19,NFA221,history and appreciation of art,https://www.aktuonline.com/papers/bfa-2-sem-history-and-appreciation-of-art-nfa221-2019.html,https://www.aktuonline.com/papers/bfa-2-sem-history-and-appreciation-of-art-nfa221-2019.pdf,,corpus/aktuonline3/bfa-2-sem-history-and-appreciation-of-art-nfa221-2019.pdf,OK,2026-09-20T15:46:09+00:00
BFA,2,2018-19,RFA221,history and appreciation of art,https://www.aktuonline.com/papers/bfa-2-sem-history-and-appreciation-of-art-rfa221-2019.html,https://www.aktuonline.com/papers/bfa-2-sem-history-and-appreciation-of-art-rfa221-2019.pdf,,corpus/aktuonline3/bfa-2-sem-history-and-appreciation-of-art-rfa221-2019.pdf,OK,2026-09-20T15:46:12+00:00
BFA,3,2014-15,NFA322,aesthetics,https://www.aktuonline.com/papers/bfa-3-sem-aesthetics-nfa-322-2015.html,https://www.aktuonline.com/papers/bfa-3-sem-aesthetics-nfa-322-2015.pdf,,corpus/aktuonline3/bfa-3-sem-aesthetics-nfa-322-2015.pdf,OK,2026-09-20T15:46:16+00:00
BFA,3,2014-15,FA322,art appreciation,https://www.aktuonline.com/papers/bfa-3-sem-art-appreciation-fa-322-2015.html,https://www.aktuonline.com/papers/bfa-3-sem-art-appreciation-fa-322-2015.pdf,,corpus/aktuonline3/bfa-3-sem-art-appreciation-fa-322-2015.pdf,OK,2026-09-20T15:46:19+00:00
BFA,3,2014-15,NFA323,design and communication practice,https://www.aktuonline.com/papers/bfa-3-sem-design-and-communication-practice-nfa-323-2015.html,https://www.aktuonline.com/papers/bfa-3-sem-design-and-communication-practice-nfa-323-2015.pdf,,corpus/aktuonline3/bfa-3-sem-design-and-communication-practice-nfa-323-2015.pdf,OK,2026-09-20T15:46:22+00:00
BFA,3,2014-15,FA123,design,https://www.aktuonline.com/papers/bfa-3-sem-design-fa-123-2015.html,https://www.aktuonline.com/papers/bfa-3-sem-design-fa-123-2015.pdf,,corpus/aktuonline3/bfa-3-sem-design-fa-123-2015.pdf,OK,2026-09-20T15:46:26+00:00
BFA,3,2014-15,FA338,entertainment design,https://www.aktuonline.com/papers/bfa-3-sem-entertainment-design-fa-338-2015.html,https://www.aktuonline.com/papers/bfa-3-sem-entertainment-design-fa-338-2015.pdf,,corpus/aktuonline3/bfa-3-sem-entertainment-design-fa-338-2015.pdf,OK,2026-09-20T15:46:29+00:00
BFA,3,2014-15,NFA321,history of art v2,https://www.aktuonline.com/papers/bfa-3-sem-history-of-art-nfa-321-v2-2015.html,https://www.aktuonline.com/papers/bfa-3-sem-history-of-art-nfa-321-v2-2015.pdf,,corpus/aktuonline3/bfa-3-sem-history-of-art-nfa-321-v2-2015.pdf,OK,2026-09-20T15:46:32+00:00
BFA,3,2018-19,NFA321,history of arts,https://www.aktuonline.com/papers/bfa-3-sem-history-of-arts-nfa321-2019.html,https://www.aktuonline.com/papers/bfa-3-sem-history-of-arts-nfa321-2019.pdf,,corpus/aktuonline3/bfa-3-sem-history-of-arts-nfa321-2019.pdf,OK,2026-09-20T15:46:36+00:00
BFA,3,2014-15,NFA333,visual art process and practices,https://www.aktuonline.com/papers/bfa-3-sem-visual-art-process-and-practices-nfa-333-2015.html,https://www.aktuonline.com/papers/bfa-3-sem-visual-art-process-and-practices-nfa-333-2015.pdf,,corpus/aktuonline3/bfa-3-sem-visual-art-process-and-practices-nfa-333-2015.pdf,OK,2026-09-20T15:46:39+00:00
BFA,4,2014-15,FA422,aesthetics,https://www.aktuonline.com/papers/bfa-4-sem-aesthetics-fa422-2015.html,https://www.aktuonline.com/papers/bfa-4-sem-aesthetics-fa422-2015.pdf,,corpus/aktuonline3/bfa-4-sem-aesthetics-fa422-2015.pdf,OK,2026-09-20T15:46:42+00:00
BFA,4,2014-15,FA423,design and communication practices,https://www.aktuonline.com/papers/bfa-4-sem-design-and-communication-practices-fa423-2015.html,https://www.aktuonline.com/papers/bfa-4-sem-design-and-communication-practices-fa423-2015.pdf,,corpus/aktuonline3/bfa-4-sem-design-and-communication-practices-fa423-2015.pdf,OK,2026-09-20T15:46:45+00:00
BFA,4,2018-19,NFA423,design and communication practices,https://www.aktuonline.com/papers/bfa-4-sem-design-and-communication-practices-nfa423-2019.html,https://www.aktuonline.com/papers/bfa-4-sem-design-and-communication-practices-nfa423-2019.pdf,,corpus/aktuonline3/bfa-4-sem-design-and-communication-practices-nfa423-2019.pdf,OK,2026-09-20T15:46:48+00:00
BFA,4,2017-18,RFAA401,history of art 2,https://www.aktuonline.com/papers/bfa-4-sem-history-of-art-2-rfaa401-2018.html,https://www.aktuonline.com/papers/bfa-4-sem-history-of-art-2-rfaa401-2018.pdf,,corpus/aktuonline3/bfa-4-sem-history-of-art-2-rfaa401-2018.pdf,OK,2026-09-20T15:46:51+00:00
BFA,4,2014-15,FA421,history of arts,https://www.aktuonline.com/papers/bfa-4-sem-history-of-arts-fa421-2015.html,https://www.aktuonline.com/papers/bfa-4-sem-history-of-arts-fa421-2015.pdf,,corpus/aktuonline3/bfa-4-sem-history-of-arts-fa421-2015.pdf,OK,2026-09-20T15:46:54+00:00
BFA,4,2014-15,FA428,photography,https://www.aktuonline.com/papers/bfa-4-sem-photography-fa428-2015.html,https://www.aktuonline.com/papers/bfa-4-sem-photography-fa428-2015.pdf,,corpus/aktuonline3/bfa-4-sem-photography-fa428-2015.pdf,OK,2026-09-20T15:46:58+00:00
BFA,4,2018-19,NFA433,visual art process and practices,https://www.aktuonline.com/papers/bfa-4-sem-visual-art-process-and-practices-nfa433-2019.html,https://www.aktuonline.com/papers/bfa-4-sem-visual-art-process-and-practices-nfa433-2019.pdf,,corpus/aktuonline3/bfa-4-sem-visual-art-process-and-practices-nfa433-2019.pdf,OK,2026-09-20T15:47:01+00:00
BFA,5,2014-15,NFA523,design and communication practices,https://www.aktuonline.com/papers/bfa-5-sem-design-and-communication-practices-nfa-523-2015.html,https://www.aktuonline.com/papers/bfa-5-sem-design-and-communication-practices-nfa-523-2015.pdf,,corpus/aktuonline3/bfa-5-sem-design-and-communication-practices-nfa-523-2015.pdf,OK,2026-09-20T15:47:04+00:00
BFA,5,2014-15,NFA533,visual art process and practices,https://www.aktuonline.com/papers/bfa-5-sem-visual-art-process-and-practices-nfa-533-2015.html,https://www.aktuonline.com/papers/bfa-5-sem-visual-art-process-and-practices-nfa-533-2015.pdf,,corpus/aktuonline3/bfa-5-sem-visual-art-process-and-practices-nfa-533-2015.pdf,OK,2026-09-20T15:47:07+00:00
BFA,6,2017-18,NFA622,aesthetics,https://www.aktuonline.com/papers/bfa-6-sem-aesthetics-nfa622-2018.html,https://www.aktuonline.com/papers/bfa-6-sem-aesthetics-nfa622-2018.pdf,,corpus/aktuonline3/bfa-6-sem-aesthetics-nfa622-2018.pdf,OK,2026-09-20T15:47:10+00:00
BFA,6,2017-18,NFA623,design and communication practices,https://www.aktuonline.com/papers/bfa-6-sem-design-and-communication-practices-nfa623-2018.html,https://www.aktuonline.com/papers/bfa-6-sem-design-and-communication-practices-nfa623-2018.pdf,,corpus/aktuonline3/bfa-6-sem-design-and-communication-practices-nfa623-2018.pdf,OK,2026-09-20T15:47:14+00:00
BFA,6,2014-15,NFA621,history of arts,https://www.aktuonline.com/papers/bfa-6-sem-history-of-arts-nfa621-2015.html,https://www.aktuonline.com/papers/bfa-6-sem-history-of-arts-nfa621-2015.pdf,,corpus/aktuonline3/bfa-6-sem-history-of-arts-nfa621-2015.pdf,OK,2026-09-20T15:47:17+00:00
BFA,6,2018-19,NFA633,visual art process and practices,https://www.aktuonline.com/papers/bfa-6-sem-visual-art-process-and-practices-nfa633-2019.html,https://www.aktuonline.com/papers/bfa-6-sem-visual-art-process-and-practices-nfa633-2019.pdf,,corpus/aktuonline3/bfa-6-sem-visual-art-process-and-practices-nfa633-2019.pdf,OK,2026-09-20T15:47:20+00:00
BFA,7,2020-21,RFAP701,visual art and practices 5,https://www.aktuonline.com/papers/bfa-7-sem-visual-art-and-practices-5-rfap701-2021.html,https://www.aktuonline.com/papers/bfa-7-sem-visual-art-and-practices-5-rfap701-2021.pdf,,corpus/aktuonline3/bfa-7-sem-visual-art-and-practices-5-rfap701-2021.pdf,OK,2026-09-20T15:47:24+00:00
BFA,8,2014-15,NFA833,visual art process and practices,https://www.aktuonline.com/papers/bfa-8-sem-visual-art-process-and-practices-nfa-833-2015.html,https://www.aktuonline.com/papers/bfa-8-sem-visual-art-process-and-practices-nfa-833-2015.pdf,,corpus/aktuonline3/bfa-8-sem-visual-art-process-and-practices-nfa-833-2015.pdf,OK,2026-09-20T15:47:27+00:00
BFAD,1,2014-15,NFD108,computer applications,https://www.aktuonline.com/papers/bfad-1-sem-computer-applications-nfd-108-2015.html,https://www.aktuonline.com/papers/bfad-1-sem-computer-applications-nfd-108-2015.pdf,,corpus/aktuonline3/bfad-1-sem-computer-applications-nfd-108-2015.pdf,OK,2026-09-20T15:47:30+00:00
BFAD,1,2019-20,NFD108,computer applications,https://www.aktuonline.com/papers/bfad-1-sem-computer-applications-nfd108-2020.html,https://www.aktuonline.com/papers/bfad-1-sem-computer-applications-nfd108-2020.pdf,,corpus/aktuonline3/bfad-1-sem-computer-applications-nfd108-2020.pdf,OK,2026-09-20T15:47:33+00:00
BFAD,1,2014-15,BFAD102,fiber to fabric 1,https://www.aktuonline.com/papers/bfad-1-sem-fiber-to-fabric-1-bfad-102-2015.html,https://www.aktuonline.com/papers/bfad-1-sem-fiber-to-fabric-1-bfad-102-2015.pdf,,corpus/aktuonline3/bfad-1-sem-fiber-to-fabric-1-bfad-102-2015.pdf,OK,2026-09-20T15:47:36+00:00
BFAD,1,2014-15,FD106,introduction to textile and apparel industry,https://www.aktuonline.com/papers/bfad-1-sem-introduction-to-textile-and-apparel-industry-fd-106-2015.html,https://www.aktuonline.com/papers/bfad-1-sem-introduction-to-textile-and-apparel-industry-fd-106-2015.pdf,,corpus/aktuonline3/bfad-1-sem-introduction-to-textile-and-apparel-industry-fd-106-2015.pdf,OK,2026-09-20T15:47:39+00:00
BFAD,1,2019-20,RFD101,introduction to textiles and apparel industry,https://www.aktuonline.com/papers/bfad-1-sem-introduction-to-textiles-and-apparel-industry-rfd101-2020.html,https://www.aktuonline.com/papers/bfad-1-sem-introduction-to-textiles-and-apparel-industry-rfd101-2020.pdf,,corpus/aktuonline3/bfad-1-sem-introduction-to-textiles-and-apparel-industry-rfd101-2020.pdf,OK,2026-09-20T15:47:42+00:00
BFAD,1,2014-15,NFD107,professional communication,https://www.aktuonline.com/papers/bfad-1-sem-professional-communication-nfd-107-2015.html,https://www.aktuonline.com/papers/bfad-1-sem-professional-communication-nfd-107-2015.pdf,,corpus/aktuonline3/bfad-1-sem-professional-communication-nfd-107-2015.pdf,OK,2026-09-20T15:47:45+00:00
BFAD,2,2014-15,FD206,art appreciation,https://www.aktuonline.com/papers/bfad-2-sem-art-appreciation-fd206-2015.html,https://www.aktuonline.com/papers/bfad-2-sem-art-appreciation-fd206-2015.pdf,,corpus/aktuonline3/bfad-2-sem-art-appreciation-fd206-2015.pdf,OK,2026-09-20T15:47:48+00:00
BFAD,2,2014-15,BFA202,computer application 2,https://www.aktuonline.com/papers/bfad-2-sem-computer-application-2-bfa202-2015.html,https://www.aktuonline.com/papers/bfad-2-sem-computer-application-2-bfa202-2015.pdf,,corpus/aktuonline3/bfad-2-sem-computer-application-2-bfa202-2015.pdf,OK,2026-09-20T15:47:52+00:00
BFAD,2,2014-15,FD208,elements of fashion,https://www.aktuonline.com/papers/bfad-2-sem-elements-of-fashion-fd208-2015.html,https://www.aktuonline.com/papers/bfad-2-sem-elements-of-fashion-fd208-2015.pdf,,corpus/aktuonline3/bfad-2-sem-elements-of-fashion-fd208-2015.pdf,OK,2026-09-20T15:47:54+00:00
BFAD,2,2017-18,RFD204,elements of fashion,https://www.aktuonline.com/papers/bfad-2-sem-elements-of-fashion-rfd204-2018.html,https://www.aktuonline.com/papers/bfad-2-sem-elements-of-fashion-rfd204-2018.pdf,,corpus/aktuonline3/bfad-2-sem-elements-of-fashion-rfd204-2018.pdf,OK,2026-09-20T15:47:58+00:00
BFAD,2,2014-15,FD207,historic costumes indian,https://www.aktuonline.com/papers/bfad-2-sem-historic-costumes-indian-fd207-2015.html,https://www.aktuonline.com/papers/bfad-2-sem-historic-costumes-indian-fd207-2015.pdf,,corpus/aktuonline3/bfad-2-sem-historic-costumes-indian-fd207-2015.pdf,OK,2026-09-20T15:48:01+00:00
BFAD,2,2018-19,NFD207,historic costumes indian,https://www.aktuonline.com/papers/bfad-2-sem-historic-costumes-indian-nfd207-2019.html,https://www.aktuonline.com/papers/bfad-2-sem-historic-costumes-indian-nfd207-2019.pdf,,corpus/aktuonline3/bfad-2-sem-historic-costumes-indian-nfd207-2019.pdf,OK,2026-09-20T15:48:04+00:00
BFAD,2,2014-15,FD205,textile 1,https://www.aktuonline.com/papers/bfad-2-sem-textile-1-fd205-2015.html,https://www.aktuonline.com/papers/bfad-2-sem-textile-1-fd205-2015.pdf,,corpus/aktuonline3/bfad-2-sem-textile-1-fd205-2015.pdf,OK,2026-09-20T15:48:07+00:00
BFAD,2,2018-19,RFD201,textiles 1,https://www.aktuonline.com/papers/bfad-2-sem-textiles-1-rfd201-2019.html,https://www.aktuonline.com/papers/bfad-2-sem-textiles-1-rfd201-2019.pdf,,corpus/aktuonline3/bfad-2-sem-textiles-1-rfd201-2019.pdf,OK,2026-09-20T15:48:10+00:00
BFAD,3,2014-15,BFAD302,fiber to fabric 3,https://www.aktuonline.com/papers/bfad-3-sem-fiber-to-fabric-3-bfad-302-2015.html,https://www.aktuonline.com/papers/bfad-3-sem-fiber-to-fabric-3-bfad-302-2015.pdf,,corpus/aktuonline3/bfad-3-sem-fiber-to-fabric-3-bfad-302-2015.pdf,OK,2026-09-20T15:48:13+00:00
BFAD,3,2014-15,NFD302,historic costumes,https://www.aktuonline.com/papers/bfad-3-sem-historic-costumes-nfd-302-2015.html,https://www.aktuonline.com/papers/bfad-3-sem-historic-costumes-nfd-302-2015.pdf,,corpus/aktuonline3/bfad-3-sem-historic-costumes-nfd-302-2015.pdf,OK,2026-09-20T15:48:16+00:00
BFAD,3,2016-17,AUC001,human values and professional ethics,https://www.aktuonline.com/papers/bfad-3-sem-human-values-and-professional-ethics-auc-001-2017.html,https://www.aktuonline.com/papers/bfad-3-sem-human-values-and-professional-ethics-auc-001-2017.pdf,,corpus/aktuonline3/bfad-3-sem-human-values-and-professional-ethics-auc-001-2017.pdf,OK,2026-09-20T15:48:20+00:00
BFAD,3,2014-15,NFD301,textiles 2,https://www.aktuonline.com/papers/bfad-3-sem-textiles-2-nfd-301-2015.html,https://www.aktuonline.com/papers/bfad-3-sem-textiles-2-nfd-301-2015.pdf,,corpus/aktuonline3/bfad-3-sem-textiles-2-nfd-301-2015.pdf,OK,2026-09-20T15:48:23+00:00
BFAD,3,2014-15,NFD301,textiles 2 v2,https://www.aktuonline.com/papers/bfad-3-sem-textiles-2-nfd301-v2-2015.html,https://www.aktuonline.com/papers/bfad-3-sem-textiles-2-nfd301-v2-2015.pdf,,corpus/aktuonline3/bfad-3-sem-textiles-2-nfd301-v2-2015.pdf,OK,2026-09-20T15:48:26+00:00
BFAD,3,2014-15,NFD303,traditional indian textiles v2,https://www.aktuonline.com/papers/bfad-3-sem-traditional-indian-textiles-nfd-303-v2-2015.html,https://www.aktuonline.com/papers/bfad-3-sem-traditional-indian-textiles-nfd-303-v2-2015.pdf,,corpus/aktuonline3/bfad-3-sem-traditional-indian-textiles-nfd-303-v2-2015.pdf,OK,2026-09-20T15:48:30+00:00
BFAD,4,2014-15,FD403,contemporary fashion studies,https://www.aktuonline.com/papers/bfad-4-sem-contemporary-fashion-studies-fd403-2015.html,https://www.aktuonline.com/papers/bfad-4-sem-contemporary-fashion-studies-fd403-2015.pdf,,corpus/aktuonline3/bfad-4-sem-contemporary-fashion-studies-fd403-2015.pdf,OK,2026-09-20T15:48:33+00:00
BFAD,4,2018-19,NFD403,contemporary fashion studies,https://www.aktuonline.com/papers/bfad-4-sem-contemporary-fashion-studies-nfd403-2019.html,https://www.aktuonline.com/papers/bfad-4-sem-contemporary-fashion-studies-nfd403-2019.pdf,,corpus/aktuonline3/bfad-4-sem-contemporary-fashion-studies-nfd403-2019.pdf,OK,2026-09-20T15:48:36+00:00
BFAD,4,2014-15,BFAD402,fashion marketing and merch and ising,https://www.aktuonline.com/papers/bfad-4-sem-fashion-marketing-and-merch-and-ising-bfad402-2015.html,https://www.aktuonline.com/papers/bfad-4-sem-fashion-marketing-and-merch-and-ising-bfad402-2015.pdf,,corpus/aktuonline3/bfad-4-sem-fashion-marketing-and-merch-and-ising-bfad402-2015.pdf,OK,2026-09-20T15:48:39+00:00
BFAD,4,2018-19,NFD401,textiles 3,https://www.aktuonline.com/papers/bfad-4-sem-textiles-3-nfd-401-2019.html,https://www.aktuonline.com/papers/bfad-4-sem-textiles-3-nfd-401-2019.pdf,,corpus/aktuonline3/bfad-4-sem-textiles-3-nfd-401-2019.pdf,OK,2026-09-20T15:48:43+00:00
BFAD,4,2017-18,RFD401,textiles 3,https://www.aktuonline.com/papers/bfad-4-sem-textiles-3-rfd-401-2018.html,https://www.aktuonline.com/papers/bfad-4-sem-textiles-3-rfd-401-2018.pdf,,corpus/aktuonline3/bfad-4-sem-textiles-3-rfd-401-2018.pdf,OK,2026-09-20T15:48:46+00:00
BFAD,5,2014-15,BFAD502,cad 2,https://www.aktuonline.com/papers/bfad-5-sem-cad-2-bfad-502-2015.html,https://www.aktuonline.com/papers/bfad-5-sem-cad-2-bfad-502-2015.pdf,,corpus/aktuonline3/bfad-5-sem-cad-2-bfad-502-2015.pdf,OK,2026-09-20T15:48:49+00:00
BFAD,5,2014-15,BFAD501,fiber to fabrics 4,https://www.aktuonline.com/papers/bfad-5-sem-fiber-to-fabrics-4-bfad-501-2015.html,https://www.aktuonline.com/papers/bfad-5-sem-fiber-to-fabrics-4-bfad-501-2015.pdf,,corpus/aktuonline3/bfad-5-sem-fiber-to-fabrics-4-bfad-501-2015.pdf,OK,2026-09-20T15:48:52+00:00
BFAD,5,2014-15,NFD502,production techniques v2,https://www.aktuonline.com/papers/bfad-5-sem-production-techniques-nfd-502-v2-2015.html,https://www.aktuonline.com/papers/bfad-5-sem-production-techniques-nfd-502-v2-2015.pdf,,corpus/aktuonline3/bfad-5-sem-production-techniques-nfd-502-v2-2015.pdf,OK,2026-09-20T15:48:55+00:00
BFAD,5,2014-15,NFD501,quality control in garments v2,https://www.aktuonline.com/papers/bfad-5-sem-quality-control-in-garments-nfd-501-v2-2015.html,https://www.aktuonline.com/papers/bfad-5-sem-quality-control-in-garments-nfd-501-v2-2015.pdf,,corpus/aktuonline3/bfad-5-sem-quality-control-in-garments-nfd-501-v2-2015.pdf,OK,2026-09-20T15:48:59+00:00
BFAD,6,2014-15,NFD602,fashion merchandising and management,https://www.aktuonline.com/papers/bfad-6-sem-fashion-merchandising-and-management-nfd602-2015.html,https://www.aktuonline.com/papers/bfad-6-sem-fashion-merchandising-and-management-nfd602-2015.pdf,,corpus/aktuonline3/bfad-6-sem-fashion-merchandising-and-management-nfd602-2015.pdf,OK,2026-09-20T15:49:02+00:00
BFAD,6,2014-15,NFD601,knitting technology,https://www.aktuonline.com/papers/bfad-6-sem-knitting-technology-nfd-601-2015.html,https://www.aktuonline.com/papers/bfad-6-sem-knitting-technology-nfd-601-2015.pdf,,corpus/aktuonline3/bfad-6-sem-knitting-technology-nfd-601-2015.pdf,OK,2026-09-20T15:49:05+00:00
BFAD,6,2018-19,NFD601,knitting technology,https://www.aktuonline.com/papers/bfad-6-sem-knitting-technology-nfd601-2019.html,https://www.aktuonline.com/papers/bfad-6-sem-knitting-technology-nfd601-2019.pdf,,corpus/aktuonline3/bfad-6-sem-knitting-technology-nfd601-2019.pdf,OK,2026-09-20T15:49:09+00:00
BFAD,6,2014-15,BFAD603,surface ornamentation,https://www.aktuonline.com/papers/bfad-6-sem-surface-ornamentation-bfad603-2015.html,https://www.aktuonline.com/papers/bfad-6-sem-surface-ornamentation-bfad603-2015.pdf,,corpus/aktuonline3/bfad-6-sem-surface-ornamentation-bfad603-2015.pdf,OK,2026-09-20T15:49:12+00:00
BFAD,7,2014-15,BFAD701,retailing and visual communication,https://www.aktuonline.com/papers/bfad-7-sem-retailing-and-visual-communication-bfad-701-2015.html,https://www.aktuonline.com/papers/bfad-7-sem-retailing-and-visual-communication-bfad-701-2015.pdf,,corpus/aktuonline3/bfad-7-sem-retailing-and-visual-communication-bfad-701-2015.pdf,OK,2026-09-20T15:49:15+00:00
BFAD,7,2014-15,BFAD702,trade policy,https://www.aktuonline.com/papers/bfad-7-sem-trade-policy-bfad702-2015.html,https://www.aktuonline.com/papers/bfad-7-sem-trade-policy-bfad702-2015.pdf,,corpus/aktuonline3/bfad-7-sem-trade-policy-bfad702-2015.pdf,OK,2026-09-20T15:49:18+00:00
BFAD,7,2020-21,RFD701,world textiles,https://www.aktuonline.com/papers/bfad-7-sem-world-textiles-rfd701-2021.html,https://www.aktuonline.com/papers/bfad-7-sem-world-textiles-rfd701-2021.pdf,,corpus/aktuonline3/bfad-7-sem-world-textiles-rfd701-2021.pdf,OK,2026-09-20T15:49:21+00:00
BFAD,8,2014-15,BFAD801,design process,https://www.aktuonline.com/papers/bfad-8-sem-design-process-bfad801-2015.html,https://www.aktuonline.com/papers/bfad-8-sem-design-process-bfad801-2015.pdf,,corpus/aktuonline3/bfad-8-sem-design-process-bfad801-2015.pdf,OK,2026-09-20T15:49:24+00:00
BFAD,8,2014-15,BFAD802,historic textiles,https://www.aktuonline.com/papers/bfad-8-sem-historic-textiles-bfad802-2015.html,https://www.aktuonline.com/papers/bfad-8-sem-historic-textiles-bfad802-2015.pdf,,corpus/aktuonline3/bfad-8-sem-historic-textiles-bfad802-2015.pdf,OK,2026-09-20T15:49:27+00:00
BHMCT,1,2014-15,HM115,business communication,https://www.aktuonline.com/papers/bhmct-1-sem-business-communication-hm-115-2015.html,https://www.aktuonline.com/papers/bhmct-1-sem-business-communication-hm-115-2015.pdf,,corpus/aktuonline3/bhmct-1-sem-business-communication-hm-115-2015.pdf,OK,2026-09-20T15:49:30+00:00
BHMCT,1,2019-20,HMCT105,business communication,https://www.aktuonline.com/papers/bhmct-1-sem-business-communication-hmct105-2020.html,https://www.aktuonline.com/papers/bhmct-1-sem-business-communication-hmct105-2020.pdf,,corpus/aktuonline3/bhmct-1-sem-business-communication-hmct105-2020.pdf,OK,2026-09-20T15:49:34+00:00
BHMCT,1,2014-15,HM112,food and beverage service 1,https://www.aktuonline.com/papers/bhmct-1-sem-food-and-beverage-service-1-hm-112-2015.html,https://www.aktuonline.com/papers/bhmct-1-sem-food-and-beverage-service-1-hm-112-2015.pdf,,corpus/aktuonline3/bhmct-1-sem-food-and-beverage-service-1-hm-112-2015.pdf,OK,2026-09-20T15:49:37+00:00
BHMCT,1,2014-15,HMCT102,food and beverage service 1 v2,https://www.aktuonline.com/papers/bhmct-1-sem-food-and-beverage-service-1-hmct-102-v2-2015.html,https://www.aktuonline.com/papers/bhmct-1-sem-food-and-beverage-service-1-hmct-102-v2-2015.pdf,,corpus/aktuonline3/bhmct-1-sem-food-and-beverage-service-1-hmct-102-v2-2015.pdf,OK,2026-09-20T15:49:40+00:00
BHMCT,1,2015-16,NMHM102,foundation course in food and beverages service 1,https://www.aktuonline.com/papers/bhmct-1-sem-foundation-course-in-food-and-beverages-service-1-nmhm-102-2016.html,https://www.aktuonline.com/papers/bhmct-1-sem-foundation-course-in-food-and-beverages-service-1-nmhm-102-2016.pdf,,corpus/aktuonline3/bhmct-1-sem-foundation-course-in-food-and-beverages-service-1-nmhm-102-2016.pdf,OK,2026-09-20T15:49:43+00:00
BHMCT,1,2014-15,HMCT101,foundation course in food production 1 v2,https://www.aktuonline.com/papers/bhmct-1-sem-foundation-course-in-food-production-1-hmct-101-v2-2015.html,https://www.aktuonline.com/papers/bhmct-1-sem-foundation-course-in-food-production-1-hmct-101-v2-2015.pdf,,corpus/aktuonline3/bhmct-1-sem-foundation-course-in-food-production-1-hmct-101-v2-2015.pdf,OK,2026-09-20T15:49:46+00:00
BHMCT,1,2014-15,HMCT103,foundation course in front office operations 1,https://www.aktuonline.com/papers/bhmct-1-sem-foundation-course-in-front-office-operations-1-hmct-103-2015.html,https://www.aktuonline.com/papers/bhmct-1-sem-foundation-course-in-front-office-operations-1-hmct-103-2015.pdf,,corpus/aktuonline3/bhmct-1-sem-foundation-course-in-front-office-operations-1-hmct-103-2015.pdf,OK,2026-09-20T15:49:49+00:00
BHMCT,1,2014-15,HMCT104,foundation course in hotel house keeping 1,https://www.aktuonline.com/papers/bhmct-1-sem-foundation-course-in-hotel-house-keeping-1-hmct-104-2015.html,https://www.aktuonline.com/papers/bhmct-1-sem-foundation-course-in-hotel-house-keeping-1-hmct-104-2015.pdf,,corpus/aktuonline3/bhmct-1-sem-foundation-course-in-hotel-house-keeping-1-hmct-104-2015.pdf,OK,2026-09-20T15:49:53+00:00
BHMCT,1,2014-15,HM113,front office operations 1,https://www.aktuonline.com/papers/bhmct-1-sem-front-office-operations-1-hm-113-2015.html,https://www.aktuonline.com/papers/bhmct-1-sem-front-office-operations-1-hm-113-2015.pdf,,corpus/aktuonline3/bhmct-1-sem-front-office-operations-1-hm-113-2015.pdf,OK,2026-09-20T15:49:56+00:00
BHMCT,1,2014-15,HMCT106,introduction to hospitality management concepts,https://www.aktuonline.com/papers/bhmct-1-sem-introduction-to-hospitality-management-concepts-hmct-106-2015.html,https://www.aktuonline.com/papers/bhmct-1-sem-introduction-to-hospitality-management-concepts-hmct-106-2015.pdf,,corpus/aktuonline3/bhmct-1-sem-introduction-to-hospitality-management-concepts-hmct-106-2015.pdf,OK,2026-09-20T15:49:59+00:00
BHMCT,2,2014-15,HM204,accommodation operations 2,https://www.aktuonline.com/papers/bhmct-2-sem-accommodation-operations-2-hm204-2015.html,https://www.aktuonline.com/papers/bhmct-2-sem-accommodation-operations-2-hm204-2015.pdf,,corpus/aktuonline3/bhmct-2-sem-accommodation-operations-2-hm204-2015.pdf,OK,2026-09-20T15:50:02+00:00
BHMCT,2,2014-15,HM205,computer applications,https://www.aktuonline.com/papers/bhmct-2-sem-computer-applications-hm205-2015.html,https://www.aktuonline.com/papers/bhmct-2-sem-computer-applications-hm205-2015.pdf,,corpus/aktuonline3/bhmct-2-sem-computer-applications-hm205-2015.pdf,OK,2026-09-20T15:50:05+00:00
BHMCT,2,2006-07,BHM202,food and beverage service 2,https://www.aktuonline.com/papers/bhmct-2-sem-food-and-beverage-service-2-bhm-202-2007.html,https://www.aktuonline.com/papers/bhmct-2-sem-food-and-beverage-service-2-bhm-202-2007.pdf,,corpus/aktuonline3/bhmct-2-sem-food-and-beverage-service-2-bhm-202-2007.pdf,OK,2026-09-20T15:50:08+00:00
BHMCT,2,2014-15,HMCT202,food and beverage services 2,https://www.aktuonline.com/papers/bhmct-2-sem-food-and-beverage-services-2-hmct-202-2015.html,https://www.aktuonline.com/papers/bhmct-2-sem-food-and-beverage-services-2-hmct-202-2015.pdf,,corpus/aktuonline3/bhmct-2-sem-food-and-beverage-services-2-hmct-202-2015.pdf,OK,2026-09-20T15:50:11+00:00
BHMCT,2,2014-15,NBHM202,food and beverages service 2,https://www.aktuonline.com/papers/bhmct-2-sem-food-and-beverages-service-2-nbhm202-2015.html,https://www.aktuonline.com/papers/bhmct-2-sem-food-and-beverages-service-2-nbhm202-2015.pdf,,corpus/aktuonline3/bhmct-2-sem-food-and-beverages-service-2-nbhm202-2015.pdf,OK,2026-09-20T15:50:14+00:00
BHMCT,2,2017-18,RHM201,food production 2,https://www.aktuonline.com/papers/bhmct-2-sem-food-production-2-rhm201-2018.html,https://www.aktuonline.com/papers/bhmct-2-sem-food-production-2-rhm201-2018.pdf,,corpus/aktuonline3/bhmct-2-sem-food-production-2-rhm201-2018.pdf,OK,2026-09-20T15:50:18+00:00
BHMCT,2,2006-07,,food production and patisserie 2 bhmct 201,https://www.aktuonline.com/papers/bhmct-2-sem-food-production-and-patisserie-2-bhmct-201-2007.html,https://www.aktuonline.com/papers/bhmct-2-sem-food-production-and-patisserie-2-bhmct-201-2007.pdf,,corpus/aktuonline3/bhmct-2-sem-food-production-and-patisserie-2-bhmct-201-2007.pdf,OK,2026-09-20T15:50:21+00:00
BHMCT,2,2018-19,HM201,food production and patisserie 2,https://www.aktuonline.com/papers/bhmct-2-sem-food-production-and-patisserie-2-hm201-2019.html,https://www.aktuonline.com/papers/bhmct-2-sem-food-production-and-patisserie-2-hm201-2019.pdf,,corpus/aktuonline3/bhmct-2-sem-food-production-and-patisserie-2-hm201-2019.pdf,OK,2026-09-20T15:50:24+00:00
BHMCT,2,2014-15,HMCT201,food production and patisserie 2,https://www.aktuonline.com/papers/bhmct-2-sem-food-production-and-patisserie-2-hmct201-2015.html,https://www.aktuonline.com/papers/bhmct-2-sem-food-production-and-patisserie-2-hmct201-2015.pdf,,corpus/aktuonline3/bhmct-2-sem-food-production-and-patisserie-2-hmct201-2015.pdf,OK,2026-09-20T15:50:27+00:00
BHMCT,2,2018-19,NBHM201,food production and patisserie 2,https://www.aktuonline.com/papers/bhmct-2-sem-food-production-and-patisserie-2-nbhm-201-2019.html,https://www.aktuonline.com/papers/bhmct-2-sem-food-production-and-patisserie-2-nbhm-201-2019.pdf,,corpus/aktuonline3/bhmct-2-sem-food-production-and-patisserie-2-nbhm-201-2019.pdf,OK,2026-09-20T15:50:31+00:00
BHMCT,2,2017-18,RHM203,front office 2,https://www.aktuonline.com/papers/bhmct-2-sem-front-office-2-rhm203-2018.html,https://www.aktuonline.com/papers/bhmct-2-sem-front-office-2-rhm203-2018.pdf,,corpus/aktuonline3/bhmct-2-sem-front-office-2-rhm203-2018.pdf,OK,2026-09-20T15:50:34+00:00
BHMCT,2,2017-18,HMCT203,front office operation 2,https://www.aktuonline.com/papers/bhmct-2-sem-front-office-operation-2-hmct203-2018.html,https://www.aktuonline.com/papers/bhmct-2-sem-front-office-operation-2-hmct203-2018.pdf,,corpus/aktuonline3/bhmct-2-sem-front-office-operation-2-hmct203-2018.pdf,OK,2026-09-20T15:50:37+00:00
BHMCT,2,2014-15,HM203,front office operations 2,https://www.aktuonline.com/papers/bhmct-2-sem-front-office-operations-2-hm203-2015.html,https://www.aktuonline.com/papers/bhmct-2-sem-front-office-operations-2-hm203-2015.pdf,,corpus/aktuonline3/bhmct-2-sem-front-office-operations-2-hm203-2015.pdf,OK,2026-09-20T15:50:40+00:00
BHMCT,2,2018-19,HMCT203,front office operations 2,https://www.aktuonline.com/papers/bhmct-2-sem-front-office-operations-2-hmct203-2019.html,https://www.aktuonline.com/papers/bhmct-2-sem-front-office-operations-2-hmct203-2019.pdf,,corpus/aktuonline3/bhmct-2-sem-front-office-operations-2-hmct203-2019.pdf,OK,2026-09-20T15:50:43+00:00
BHMCT,2,2018-19,NBHM203,front office operations 2,https://www.aktuonline.com/papers/bhmct-2-sem-front-office-operations-2-nbhm203-2019.html,https://www.aktuonline.com/papers/bhmct-2-sem-front-office-operations-2-nbhm203-2019.pdf,,corpus/aktuonline3/bhmct-2-sem-front-office-operations-2-nbhm203-2019.pdf,OK,2026-09-20T15:50:47+00:00
BHMCT,2,2014-15,HMCT204,hotel house keeping 2,https://www.aktuonline.com/papers/bhmct-2-sem-hotel-house-keeping-2-hmct204-2015.html,https://www.aktuonline.com/papers/bhmct-2-sem-hotel-house-keeping-2-hmct204-2015.pdf,,corpus/aktuonline3/bhmct-2-sem-hotel-house-keeping-2-hmct204-2015.pdf,OK,2026-09-20T15:50:51+00:00
BHMCT,2,2017-18,RHM204,house keeping 2,https://www.aktuonline.com/papers/bhmct-2-sem-house-keeping-2-rhm204-2018.html,https://www.aktuonline.com/papers/bhmct-2-sem-house-keeping-2-rhm204-2018.pdf,,corpus/aktuonline3/bhmct-2-sem-house-keeping-2-rhm204-2018.pdf,OK,2026-09-20T15:50:54+00:00
BHMCT,2,2006-07,,nutrition bhmct 206,https://www.aktuonline.com/papers/bhmct-2-sem-nutrition-bhmct-206-2007.html,https://www.aktuonline.com/papers/bhmct-2-sem-nutrition-bhmct-206-2007.pdf,,corpus/aktuonline3/bhmct-2-sem-nutrition-bhmct-206-2007.pdf,OK,2026-09-20T15:50:57+00:00
BHMCT,2,2014-15,HMCT206,nutrition,https://www.aktuonline.com/papers/bhmct-2-sem-nutrition-hmct206-2015.html,https://www.aktuonline.com/papers/bhmct-2-sem-nutrition-hmct206-2015.pdf,,corpus/aktuonline3/bhmct-2-sem-nutrition-hmct206-2015.pdf,OK,2026-09-20T15:51:00+00:00
BHMCT,2,2014-15,NBHM206,nutrition,https://www.aktuonline.com/papers/bhmct-2-sem-nutrition-nbhm206-2015.html,https://www.aktuonline.com/papers/bhmct-2-sem-nutrition-nbhm206-2015.pdf,,corpus/aktuonline3/bhmct-2-sem-nutrition-nbhm206-2015.pdf,OK,2026-09-20T15:51:02+00:00
BHMCT,2,2018-19,RHM205,nutrition,https://www.aktuonline.com/papers/bhmct-2-sem-nutrition-rhm205-2019.html,https://www.aktuonline.com/papers/bhmct-2-sem-nutrition-rhm205-2019.pdf,,corpus/aktuonline3/bhmct-2-sem-nutrition-rhm205-2019.pdf,OK,2026-09-20T15:51:06+00:00
BHMCT,3,2014-15,HM306,applied accountancy,https://www.aktuonline.com/papers/bhmct-3-sem-applied-accountancy-hm306-2015.html,https://www.aktuonline.com/papers/bhmct-3-sem-applied-accountancy-hm306-2015.pdf,,corpus/aktuonline3/bhmct-3-sem-applied-accountancy-hm306-2015.pdf,OK,2026-09-20T15:51:09+00:00
BHMCT,3,2014-15,,basic accountancy bhmct 306,https://www.aktuonline.com/papers/bhmct-3-sem-basic-accountancy-bhmct-306-2015.html,https://www.aktuonline.com/papers/bhmct-3-sem-basic-accountancy-bhmct-306-2015.pdf,,corpus/aktuonline3/bhmct-3-sem-basic-accountancy-bhmct-306-2015.pdf,OK,2026-09-20T15:51:12+00:00
BHMCT,3,2014-15,HMCT302,food and beverage service 3 v2,https://www.aktuonline.com/papers/bhmct-3-sem-food-and-beverage-service-3-hmct-302-v2-2015.html,https://www.aktuonline.com/papers/bhmct-3-sem-food-and-beverage-service-3-hmct-302-v2-2015.pdf,,corpus/aktuonline3/bhmct-3-sem-food-and-beverage-service-3-hmct-302-v2-2015.pdf,OK,2026-09-20T15:51:15+00:00
BHMCT,3,2019-20,HMCT301,food production 3,https://www.aktuonline.com/papers/bhmct-3-sem-food-production-3-hmct301-2020.html,https://www.aktuonline.com/papers/bhmct-3-sem-food-production-3-hmct301-2020.pdf,,corpus/aktuonline3/bhmct-3-sem-food-production-3-hmct301-2020.pdf,OK,2026-09-20T15:51:18+00:00
BHMCT,3,2019-20,HMCT305,food science,https://www.aktuonline.com/papers/bhmct-3-sem-food-science-hmct305-2020.html,https://www.aktuonline.com/papers/bhmct-3-sem-food-science-hmct305-2020.pdf,,corpus/aktuonline3/bhmct-3-sem-food-science-hmct305-2020.pdf,OK,2026-09-20T15:51:22+00:00
BHMCT,3,2014-15,HMCT303,front office operation 3,https://www.aktuonline.com/papers/bhmct-3-sem-front-office-operation-3-hmct-303-2015.html,https://www.aktuonline.com/papers/bhmct-3-sem-front-office-operation-3-hmct-303-2015.pdf,,corpus/aktuonline3/bhmct-3-sem-front-office-operation-3-hmct-303-2015.pdf,OK,2026-09-20T15:51:25+00:00
BHMCT,3,2014-15,HMCT304,hotel housekeeping 3,https://www.aktuonline.com/papers/bhmct-3-sem-hotel-housekeeping-3-hmct304-2015.html,https://www.aktuonline.com/papers/bhmct-3-sem-hotel-housekeeping-3-hmct304-2015.pdf,,corpus/aktuonline3/bhmct-3-sem-hotel-housekeeping-3-hmct304-2015.pdf,OK,2026-09-20T15:51:28+00:00
BHMCT,4,2014-15,HMCT401,bakery and confectionary,https://www.aktuonline.com/papers/bhmct-4-sem-bakery-and-confectionary-hmct-401-2015.html,https://www.aktuonline.com/papers/bhmct-4-sem-bakery-and-confectionary-hmct-401-2015.pdf,,corpus/aktuonline3/bhmct-4-sem-bakery-and-confectionary-hmct-401-2015.pdf,OK,2026-09-20T15:51:31+00:00
BHMCT,4,2014-15,NBHM401,bakery and confectionery,https://www.aktuonline.com/papers/bhmct-4-sem-bakery-and-confectionery-nbhm401-2015.html,https://www.aktuonline.com/papers/bhmct-4-sem-bakery-and-confectionery-nbhm401-2015.pdf,,corpus/aktuonline3/bhmct-4-sem-bakery-and-confectionery-nbhm401-2015.pdf,OK,2026-09-20T15:51:34+00:00
BHMCT,4,2014-15,HMCT402,food and beverage service 4,https://www.aktuonline.com/papers/bhmct-4-sem-food-and-beverage-service-4-hmct-402-2015.html,https://www.aktuonline.com/papers/bhmct-4-sem-food-and-beverage-service-4-hmct-402-2015.pdf,,corpus/aktuonline3/bhmct-4-sem-food-and-beverage-service-4-hmct-402-2015.pdf,OK,2026-09-20T15:51:38+00:00
BHMCT,4,2017-18,NBHM401,food production 3,https://www.aktuonline.com/papers/bhmct-4-sem-food-production-3-nbhm401-2018.html,https://www.aktuonline.com/papers/bhmct-4-sem-food-production-3-nbhm401-2018.pdf,,corpus/aktuonline3/bhmct-4-sem-food-production-3-nbhm401-2018.pdf,OK,2026-09-20T15:51:41+00:00
BHMCT,4,2016-17,NBHM403,front office,https://www.aktuonline.com/papers/bhmct-4-sem-front-office-nbhm403-2017.html,https://www.aktuonline.com/papers/bhmct-4-sem-front-office-nbhm403-2017.pdf,,corpus/aktuonline3/bhmct-4-sem-front-office-nbhm403-2017.pdf,OK,2026-09-20T15:51:44+00:00
BHMCT,4,2006-07,,front office operations 4 bhmct 403,https://www.aktuonline.com/papers/bhmct-4-sem-front-office-operations-4-bhmct-403-2007.html,https://www.aktuonline.com/papers/bhmct-4-sem-front-office-operations-4-bhmct-403-2007.pdf,,corpus/aktuonline3/bhmct-4-sem-front-office-operations-4-bhmct-403-2007.pdf,OK,2026-09-20T15:51:48+00:00
BHMCT,4,2014-15,NBHM403,front office operations 4,https://www.aktuonline.com/papers/bhmct-4-sem-front-office-operations-4-nbhm403-2015.html,https://www.aktuonline.com/papers/bhmct-4-sem-front-office-operations-4-nbhm403-2015.pdf,,corpus/aktuonline3/bhmct-4-sem-front-office-operations-4-nbhm403-2015.pdf,OK,2026-09-20T15:51:50+00:00
BHMCT,4,2017-18,HMCT405,hotel engineering,https://www.aktuonline.com/papers/bhmct-4-sem-hotel-engineering-hmct405-2018.html,https://www.aktuonline.com/papers/bhmct-4-sem-hotel-engineering-hmct405-2018.pdf,,corpus/aktuonline3/bhmct-4-sem-hotel-engineering-hmct405-2018.pdf,OK,2026-09-20T15:51:54+00:00
BHMCT,4,2006-07,BHM404,hotel house keeping 4,https://www.aktuonline.com/papers/bhmct-4-sem-hotel-house-keeping-4-bhm-404-2007.html,https://www.aktuonline.com/papers/bhmct-4-sem-hotel-house-keeping-4-bhm-404-2007.pdf,,corpus/aktuonline3/bhmct-4-sem-hotel-house-keeping-4-bhm-404-2007.pdf,OK,2026-09-20T15:51:57+00:00
BHMCT,4,2017-18,HMCT404,hotel house keeping 4,https://www.aktuonline.com/papers/bhmct-4-sem-hotel-house-keeping-4-hmct-404-2018.html,https://www.aktuonline.com/papers/bhmct-4-sem-hotel-house-keeping-4-hmct-404-2018.pdf,,corpus/aktuonline3/bhmct-4-sem-hotel-house-keeping-4-hmct-404-2018.pdf,OK,2026-09-20T15:52:00+00:00
BHMCT,4,2014-15,HMCT406,hotel law,https://www.aktuonline.com/papers/bhmct-4-sem-hotel-law-hmct-406-2015.html,https://www.aktuonline.com/papers/bhmct-4-sem-hotel-law-hmct-406-2015.pdf,,corpus/aktuonline3/bhmct-4-sem-hotel-law-hmct-406-2015.pdf,OK,2026-09-20T15:52:03+00:00
BHMCT,4,2014-15,HMCT406,hotel laws,https://www.aktuonline.com/papers/bhmct-4-sem-hotel-laws-hmct406-2015.html,https://www.aktuonline.com/papers/bhmct-4-sem-hotel-laws-hmct406-2015.pdf,,corpus/aktuonline3/bhmct-4-sem-hotel-laws-hmct406-2015.pdf,OK,2026-09-20T15:52:06+00:00
BHMCT,4,2017-18,NBHM406,hotel laws,https://www.aktuonline.com/papers/bhmct-4-sem-hotel-laws-nbhm406-2018.html,https://www.aktuonline.com/papers/bhmct-4-sem-hotel-laws-nbhm406-2018.pdf,,corpus/aktuonline3/bhmct-4-sem-hotel-laws-nbhm406-2018.pdf,OK,2026-09-20T15:52:10+00:00
BHMCT,5,2019-20,HMCT505,f and b management,https://www.aktuonline.com/papers/bhmct-5-sem-f-and-b-management-hmct505-2020.html,https://www.aktuonline.com/papers/bhmct-5-sem-f-and-b-management-hmct505-2020.pdf,,corpus/aktuonline3/bhmct-5-sem-f-and-b-management-hmct505-2020.pdf,OK,2026-09-20T15:52:13+00:00
BHMCT,5,2020-21,HMCT502,food and beverage service 5,https://www.aktuonline.com/papers/bhmct-5-sem-food-and-beverage-service-5-hmct502-2021.html,https://www.aktuonline.com/papers/bhmct-5-sem-food-and-beverage-service-5-hmct502-2021.pdf,,corpus/aktuonline3/bhmct-5-sem-food-and-beverage-service-5-hmct502-2021.pdf,OK,2026-09-20T15:52:17+00:00
BHMCT,5,2014-15,NBHM501,food production and patisserie 5,https://www.aktuonline.com/papers/bhmct-5-sem-food-production-and-patisserie-5-nbhm-501-2015.html,https://www.aktuonline.com/papers/bhmct-5-sem-food-production-and-patisserie-5-nbhm-501-2015.pdf,,corpus/aktuonline3/bhmct-5-sem-food-production-and-patisserie-5-nbhm-501-2015.pdf,OK,2026-09-20T15:52:20+00:00
BHMCT,5,2020-21,HMCT503,front office operation 5,https://www.aktuonline.com/papers/bhmct-5-sem-front-office-operation-5-hmct503-2021.html,https://www.aktuonline.com/papers/bhmct-5-sem-front-office-operation-5-hmct503-2021.pdf,,corpus/aktuonline3/bhmct-5-sem-front-office-operation-5-hmct503-2021.pdf,OK,2026-09-20T15:52:23+00:00
BHMCT,5,2014-15,NBHM503,front office operations 5,https://www.aktuonline.com/papers/bhmct-5-sem-front-office-operations-5-nbhm-503-2015.html,https://www.aktuonline.com/papers/bhmct-5-sem-front-office-operations-5-nbhm-503-2015.pdf,,corpus/aktuonline3/bhmct-5-sem-front-office-operations-5-nbhm-503-2015.pdf,OK,2026-09-20T15:52:27+00:00
BHMCT,5,2014-15,NBHM506,hotel facility planning,https://www.aktuonline.com/papers/bhmct-5-sem-hotel-facility-planning-nbhm-506-2015.html,https://www.aktuonline.com/papers/bhmct-5-sem-hotel-facility-planning-nbhm-506-2015.pdf,,corpus/aktuonline3/bhmct-5-sem-hotel-facility-planning-nbhm-506-2015.pdf,OK,2026-09-20T15:52:30+00:00
BHMCT,5,2014-15,,hotel house keeping management 4 bhmct 504,https://www.aktuonline.com/papers/bhmct-5-sem-hotel-house-keeping-management-4-bhmct-504-2015.html,https://www.aktuonline.com/papers/bhmct-5-sem-hotel-house-keeping-management-4-bhmct-504-2015.pdf,,corpus/aktuonline3/bhmct-5-sem-hotel-house-keeping-management-4-bhmct-504-2015.pdf,OK,2026-09-20T15:52:33+00:00
BHMCT,6,2018-19,NBHM605,environment management,https://www.aktuonline.com/papers/bhmct-6-sem-environment-management-nbhm605-2019.html,https://www.aktuonline.com/papers/bhmct-6-sem-environment-management-nbhm605-2019.pdf,,corpus/aktuonline3/bhmct-6-sem-environment-management-nbhm605-2019.pdf,OK,2026-09-20T15:52:36+00:00
BHMCT,6,2018-19,RHM604,facility planning,https://www.aktuonline.com/papers/bhmct-6-sem-facility-planning-rhm-604-2019.html,https://www.aktuonline.com/papers/bhmct-6-sem-facility-planning-rhm-604-2019.pdf,,corpus/aktuonline3/bhmct-6-sem-facility-planning-rhm-604-2019.pdf,OK,2026-09-20T15:52:40+00:00
BHMCT,6,2014-15,NBHM604,financial management,https://www.aktuonline.com/papers/bhmct-6-sem-financial-management-nbhm-604-2015.html,https://www.aktuonline.com/papers/bhmct-6-sem-financial-management-nbhm-604-2015.pdf,,corpus/aktuonline3/bhmct-6-sem-financial-management-nbhm-604-2015.pdf,OK,2026-09-20T15:52:43+00:00
BHMCT,6,2006-07,,food and beverage service 5 bhmct 602,https://www.aktuonline.com/papers/bhmct-6-sem-food-and-beverage-service-5-bhmct-602-2007.html,https://www.aktuonline.com/papers/bhmct-6-sem-food-and-beverage-service-5-bhmct-602-2007.pdf,,corpus/aktuonline3/bhmct-6-sem-food-and-beverage-service-5-bhmct-602-2007.pdf,OK,2026-09-20T15:52:46+00:00
BHMCT,6,2006-07,BHM603,front office operations 5,https://www.aktuonline.com/papers/bhmct-6-sem-front-office-operations-5-bhm-603-2007.html,https://www.aktuonline.com/papers/bhmct-6-sem-front-office-operations-5-bhm-603-2007.pdf,,corpus/aktuonline3/bhmct-6-sem-front-office-operations-5-bhm-603-2007.pdf,OK,2026-09-20T15:52:49+00:00
BHMCT,6,2006-07,,hotel house keeping 5 bhmct 604,https://www.aktuonline.com/papers/bhmct-6-sem-hotel-house-keeping-5-bhmct-604-2007.html,https://www.aktuonline.com/papers/bhmct-6-sem-hotel-house-keeping-5-bhmct-604-2007.pdf,,corpus/aktuonline3/bhmct-6-sem-hotel-house-keeping-5-bhmct-604-2007.pdf,OK,2026-09-20T15:52:52+00:00
BHMCT,6,2018-19,NBHM606,human resource management,https://www.aktuonline.com/papers/bhmct-6-sem-human-resource-management-nbhm606-2019.html,https://www.aktuonline.com/papers/bhmct-6-sem-human-resource-management-nbhm606-2019.pdf,,corpus/aktuonline3/bhmct-6-sem-human-resource-management-nbhm606-2019.pdf,OK,2026-09-20T15:52:55+00:00
BHMCT,6,2014-15,NBHM601,indian heritage,https://www.aktuonline.com/papers/bhmct-6-sem-indian-heritage-nbhm601-2015.html,https://www.aktuonline.com/papers/bhmct-6-sem-indian-heritage-nbhm601-2015.pdf,,corpus/aktuonline3/bhmct-6-sem-indian-heritage-nbhm601-2015.pdf,OK,2026-09-20T15:52:58+00:00
BHMCT,6,2006-07,BHM606,marketing research,https://www.aktuonline.com/papers/bhmct-6-sem-marketing-research-bhm-606-2007.html,https://www.aktuonline.com/papers/bhmct-6-sem-marketing-research-bhm-606-2007.pdf,,corpus/aktuonline3/bhmct-6-sem-marketing-research-bhm-606-2007.pdf,OK,2026-09-20T15:53:02+00:00
BHMCT,6,2017-18,NBHM603,research methodology,https://www.aktuonline.com/papers/bhmct-6-sem-research-methodology-nbhm-603-2018.html,https://www.aktuonline.com/papers/bhmct-6-sem-research-methodology-nbhm-603-2018.pdf,,corpus/aktuonline3/bhmct-6-sem-research-methodology-nbhm-603-2018.pdf,OK,2026-09-20T15:53:05+00:00
BHMCT,6,2017-18,NBHM602,tourism and hotel economics,https://www.aktuonline.com/papers/bhmct-6-sem-tourism-and-hotel-economics-nbhm602-2018.html,https://www.aktuonline.com/papers/bhmct-6-sem-tourism-and-hotel-economics-nbhm602-2018.pdf,,corpus/aktuonline3/bhmct-6-sem-tourism-and-hotel-economics-nbhm602-2018.pdf,OK,2026-09-20T15:53:08+00:00
BHMCT,7,2014-15,NBHM704,advanced hotel housekeeping,https://www.aktuonline.com/papers/bhmct-7-sem-advanced-hotel-housekeeping-nbhm-704-2015.html,https://www.aktuonline.com/papers/bhmct-7-sem-advanced-hotel-housekeeping-nbhm-704-2015.pdf,,corpus/aktuonline3/bhmct-7-sem-advanced-hotel-housekeeping-nbhm-704-2015.pdf,OK,2026-09-20T15:53:11+00:00
BHMCT,7,2014-15,NBHM701,food production and patisserie 5,https://www.aktuonline.com/papers/bhmct-7-sem-food-production-and-patisserie-5-nbhm-701-2015.html,https://www.aktuonline.com/papers/bhmct-7-sem-food-production-and-patisserie-5-nbhm-701-2015.pdf,,corpus/aktuonline3/bhmct-7-sem-food-production-and-patisserie-5-nbhm-701-2015.pdf,OK,2026-09-20T15:53:14+00:00
BHMCT,7,2012-13,NBHM705,hospitality marketing management,https://www.aktuonline.com/papers/bhmct-7-sem-hospitality-marketing-management-nbhm705-2013.html,https://www.aktuonline.com/papers/bhmct-7-sem-hospitality-marketing-management-nbhm705-2013.pdf,,corpus/aktuonline3/bhmct-7-sem-hospitality-marketing-management-nbhm705-2013.pdf,OK,2026-09-20T15:53:17+00:00
BHMCT,7,2014-15,NBHM703,managementinformation system,https://www.aktuonline.com/papers/bhmct-7-sem-managementinformation-system-nbhm-703-2015.html,https://www.aktuonline.com/papers/bhmct-7-sem-managementinformation-system-nbhm-703-2015.pdf,,corpus/aktuonline3/bhmct-7-sem-managementinformation-system-nbhm-703-2015.pdf,OK,2026-09-20T15:53:20+00:00
BHMCT,8,2018-19,HMCT804,advanced hotel housekeeping,https://www.aktuonline.com/papers/bhmct-8-sem-advanced-hotel-housekeeping-hmct804-2019.html,https://www.aktuonline.com/papers/bhmct-8-sem-advanced-hotel-housekeeping-hmct804-2019.pdf,,corpus/aktuonline3/bhmct-8-sem-advanced-hotel-housekeeping-hmct804-2019.pdf,OK,2026-09-20T15:53:23+00:00
BHMCT,8,2018-19,,front office operations nbhmct803,https://www.aktuonline.com/papers/bhmct-8-sem-front-office-operations-nbhmct803-2019.html,https://www.aktuonline.com/papers/bhmct-8-sem-front-office-operations-nbhmct803-2019.pdf,,corpus/aktuonline3/bhmct-8-sem-front-office-operations-nbhmct803-2019.pdf,OK,2026-09-20T15:53:27+00:00
BHMCT,8,2017-18,,hotel law nbhmct 806,https://www.aktuonline.com/papers/bhmct-8-sem-hotel-law-nbhmct-806-2018.html,https://www.aktuonline.com/papers/bhmct-8-sem-hotel-law-nbhmct-806-2018.pdf,,corpus/aktuonline3/bhmct-8-sem-hotel-law-nbhmct-806-2018.pdf,OK,2026-09-20T15:53:30+00:00
BHMCT,8,2018-19,HMCT803,management information system,https://www.aktuonline.com/papers/bhmct-8-sem-management-information-system-hmct803-2019.html,https://www.aktuonline.com/papers/bhmct-8-sem-management-information-system-hmct803-2019.pdf,,corpus/aktuonline3/bhmct-8-sem-management-information-system-hmct803-2019.pdf,OK,2026-09-20T15:53:33+00:00
BPHARM,1,2019-20,BOP113,anatomy physiology and pathophysiology 1,https://www.aktuonline.com/papers/bpharm-1-sem-anatomy-physiology-and-pathophysiology-1-bop113-2020.html,https://www.aktuonline.com/papers/bpharm-1-sem-anatomy-physiology-and-pathophysiology-1-bop113-2020.pdf,,corpus/aktuonline3/bpharm-1-sem-anatomy-physiology-and-pathophysiology-1-bop113-2020.pdf,OK,2026-09-20T15:53:37+00:00
BPHARM,1,2022-23,RPH103,anatomy physiology and pathophysiology 1,https://www.aktuonline.com/papers/bpharm-1-sem-anatomy-physiology-and-pathophysiology-1-rph-103-mar-2023.html,https://www.aktuonline.com/papers/bpharm-1-sem-anatomy-physiology-and-pathophysiology-1-rph-103-mar-2023.pdf,,corpus/aktuonline3/bpharm-1-sem-anatomy-physiology-and-pathophysiology-1-rph-103-mar-2023.pdf,OK,2026-09-20T15:53:41+00:00
BPHARM,1,2019-20,RPH103,anatomy physiology and pathophysiology 1,https://www.aktuonline.com/papers/bpharm-1-sem-anatomy-physiology-and-pathophysiology-1-rph103-2020.html,https://www.aktuonline.com/papers/bpharm-1-sem-anatomy-physiology-and-pathophysiology-1-rph103-2020.pdf,,corpus/aktuonline3/bpharm-1-sem-anatomy-physiology-and-pathophysiology-1-rph103-2020.pdf,OK,2026-09-20T15:53:44+00:00
BPHARM,1,2019-20,MPL104T,cellular and molecular pharmacology,https://www.aktuonline.com/papers/bpharm-1-sem-cellular-and-molecular-pharmacology-mpl104t-2020.html,https://www.aktuonline.com/papers/bpharm-1-sem-cellular-and-molecular-pharmacology-mpl104t-2020.pdf,,corpus/aktuonline3/bpharm-1-sem-cellular-and-molecular-pharmacology-mpl104t-2020.pdf,OK,2026-09-20T15:53:48+00:00
BPHARM,1,2019-20,BOP115,computer fundamentals,https://www.aktuonline.com/papers/bpharm-1-sem-computer-fundamentals-bop115-2020.html,https://www.aktuonline.com/papers/bpharm-1-sem-computer-fundamentals-bop115-2020.pdf,,corpus/aktuonline3/bpharm-1-sem-computer-fundamentals-bop115-2020.pdf,OK,2026-09-20T15:53:51+00:00
BPHARM,1,2021-22,RPH105,computer fundamentals,https://www.aktuonline.com/papers/bpharm-1-sem-computer-fundamentals-rph105-2022.html,https://www.aktuonline.com/papers/bpharm-1-sem-computer-fundamentals-rph105-2022.pdf,,corpus/aktuonline3/bpharm-1-sem-computer-fundamentals-rph105-2022.pdf,OK,2026-09-20T15:53:55+00:00
BPHARM,1,2018-19,BP101,human anatomy and physiology t,https://www.aktuonline.com/papers/bpharm-1-sem-human-anatomy-and-physiology-bp101-t-2019.html,https://www.aktuonline.com/papers/bpharm-1-sem-human-anatomy-and-physiology-bp101-t-2019.pdf,,corpus/aktuonline3/bpharm-1-sem-human-anatomy-and-physiology-bp101-t-2019.pdf,OK,2026-09-20T15:53:58+00:00
BPHARM,1,2020-21,BP101T,human anatomy and physiology,https://www.aktuonline.com/papers/bpharm-1-sem-human-anatomy-and-physiology-bp101t-2021.html,https://www.aktuonline.com/papers/bpharm-1-sem-human-anatomy-and-physiology-bp101t-2021.pdf,,corpus/aktuonline3/bpharm-1-sem-human-anatomy-and-physiology-bp101t-2021.pdf,OK,2026-09-20T15:54:01+00:00
BPHARM,1,2024-25,BP101T,human anatomy and physiology,https://www.aktuonline.com/papers/bpharm-1-sem-human-anatomy-and-physiology-bp101t-mar-2025.html,https://www.aktuonline.com/papers/bpharm-1-sem-human-anatomy-and-physiology-bp101t-mar-2025.pdf,,corpus/aktuonline3/bpharm-1-sem-human-anatomy-and-physiology-bp101t-mar-2025.pdf,OK,2026-09-20T15:54:05+00:00
BPHARM,1,2025-26,BP101T,human anatomy and physiology,https://www.aktuonline.com/papers/bpharm-1-sem-human-anatomy-and-physiology-bp101t-may-2026.html,https://www.aktuonline.com/papers/bpharm-1-sem-human-anatomy-and-physiology-bp101t-may-2026.pdf,,corpus/aktuonline3/bpharm-1-sem-human-anatomy-and-physiology-bp101t-may-2026.pdf,OK,2026-09-20T15:54:08+00:00
BPHARM,1,2021-22,BP101T,human anatomy and physiology theory,https://www.aktuonline.com/papers/bpharm-1-sem-human-anatomy-and-physiology-theory-bp101t-2022.html,https://www.aktuonline.com/papers/bpharm-1-sem-human-anatomy-and-physiology-theory-bp101t-2022.pdf,,corpus/aktuonline3/bpharm-1-sem-human-anatomy-and-physiology-theory-bp101t-2022.pdf,OK,2026-09-20T15:54:12+00:00
BPHARM,1,2025-26,BP102T,pharmaceutial analysis 1,https://www.aktuonline.com/papers/bpharm-1-sem-pharmaceutial-analysis-1-bp102t-may-2026.html,https://www.aktuonline.com/papers/bpharm-1-sem-pharmaceutial-analysis-1-bp102t-may-2026.pdf,,corpus/aktuonline3/bpharm-1-sem-pharmaceutial-analysis-1-bp102t-may-2026.pdf,OK,2026-09-20T15:54:15+00:00
BPHARM,1,2018-19,BOP114,pharmaceutical analysis 1,https://www.aktuonline.com/papers/bpharm-1-sem-pharmaceutical-analysis-1-bop114-2019.html,https://www.aktuonline.com/papers/bpharm-1-sem-pharmaceutical-analysis-1-bop114-2019.pdf,,corpus/aktuonline3/bpharm-1-sem-pharmaceutical-analysis-1-bop114-2019.pdf,OK,2026-09-20T15:54:19+00:00
BPHARM,1,2022-23,BP102T,pharmaceutical analysis 1,https://www.aktuonline.com/papers/bpharm-1-sem-pharmaceutical-analysis-1-bp-102t-2023.html,https://www.aktuonline.com/papers/bpharm-1-sem-pharmaceutical-analysis-1-bp-102t-2023.pdf,,corpus/aktuonline3/bpharm-1-sem-pharmaceutical-analysis-1-bp-102t-2023.pdf,OK,2026-09-20T15:54:22+00:00
BPHARM,1,2018-19,BP102T,pharmaceutical analysis 1,https://www.aktuonline.com/papers/bpharm-1-sem-pharmaceutical-analysis-1-bp102t-2019.html,https://www.aktuonline.com/papers/bpharm-1-sem-pharmaceutical-analysis-1-bp102t-2019.pdf,,corpus/aktuonline3/bpharm-1-sem-pharmaceutical-analysis-1-bp102t-2019.pdf,OK,2026-09-20T15:54:25+00:00
BPHARM,1,2020-21,BP102T,pharmaceutical analysis 1,https://www.aktuonline.com/papers/bpharm-1-sem-pharmaceutical-analysis-1-bp102t-2021.html,https://www.aktuonline.com/papers/bpharm-1-sem-pharmaceutical-analysis-1-bp102t-2021.pdf,,corpus/aktuonline3/bpharm-1-sem-pharmaceutical-analysis-1-bp102t-2021.pdf,OK,2026-09-20T15:54:29+00:00
BPHARM,1,2019-20,,pharmaceutical analysis 1 pharm112,https://www.aktuonline.com/papers/bpharm-1-sem-pharmaceutical-analysis-1-pharm112-2020.html,https://www.aktuonline.com/papers/bpharm-1-sem-pharmaceutical-analysis-1-pharm112-2020.pdf,,corpus/aktuonline3/bpharm-1-sem-pharmaceutical-analysis-1-pharm112-2020.pdf,OK,2026-09-20T15:54:33+00:00
BPHARM,1,2021-22,BP102T,pharmaceutical analysis 1 theory,https://www.aktuonline.com/papers/bpharm-1-sem-pharmaceutical-analysis-1-theory-bp102t-2022.html,https://www.aktuonline.com/papers/bpharm-1-sem-pharmaceutical-analysis-1-theory-bp102t-2022.pdf,,corpus/aktuonline3/bpharm-1-sem-pharmaceutical-analysis-1-theory-bp102t-2022.pdf,OK,2026-09-20T15:54:36+00:00
BPHARM,1,2024-25,BP102T,pharmaceutical analysisi,https://www.aktuonline.com/papers/bpharm-1-sem-pharmaceutical-analysisi-bp102t-mar-2025.html,https://www.aktuonline.com/papers/bpharm-1-sem-pharmaceutical-analysisi-bp102t-mar-2025.pdf,,corpus/aktuonline3/bpharm-1-sem-pharmaceutical-analysisi-bp102t-mar-2025.pdf,OK,2026-09-20T15:54:39+00:00
BPHARM,1,2017-18,BOP111,pharmaceutical chemistry 1,https://www.aktuonline.com/papers/bpharm-1-sem-pharmaceutical-chemistry-1-bop111-2018.html,https://www.aktuonline.com/papers/bpharm-1-sem-pharmaceutical-chemistry-1-bop111-2018.pdf,,corpus/aktuonline3/bpharm-1-sem-pharmaceutical-chemistry-1-bop111-2018.pdf,OK,2026-09-20T15:54:43+00:00
BPHARM,1,2018-19,RPH101,pharmaceutical chemistry 1 pharmaceutical inorganic chemistry,https://www.aktuonline.com/papers/bpharm-1-sem-pharmaceutical-chemistry-1-pharmaceutical-inorganic-chemistry-rph-101-2019.html,https://www.aktuonline.com/papers/bpharm-1-sem-pharmaceutical-chemistry-1-pharmaceutical-inorganic-chemistry-rph-101-2019.pdf,,corpus/aktuonline3/bpharm-1-sem-pharmaceutical-chemistry-1-pharmaceutical-inorganic-chemistry-rph-101-2019.pdf,OK,2026-09-20T15:54:46+00:00
BPHARM,1,2017-18,RPH101,pharmaceutical chemistry 1,https://www.aktuonline.com/papers/bpharm-1-sem-pharmaceutical-chemistry-1-rph101-2018.html,https://www.aktuonline.com/papers/bpharm-1-sem-pharmaceutical-chemistry-1-rph101-2018.pdf,,corpus/aktuonline3/bpharm-1-sem-pharmaceutical-chemistry-1-rph101-2018.pdf,OK,2026-09-20T15:54:49+00:00
BPHARM,1,2022-23,BP104,pharmaceutical inorganic chemistry t,https://www.aktuonline.com/papers/bpharm-1-sem-pharmaceutical-inorganic-chemistry-bp104-t-2023.html,https://www.aktuonline.com/papers/bpharm-1-sem-pharmaceutical-inorganic-chemistry-bp104-t-2023.pdf,,corpus/aktuonline3/bpharm-1-sem-pharmaceutical-inorganic-chemistry-bp104-t-2023.pdf,OK,2026-09-20T15:54:52+00:00
BPHARM,1,2018-19,BP104T,pharmaceutical inorganic chemistry,https://www.aktuonline.com/papers/bpharm-1-sem-pharmaceutical-inorganic-chemistry-bp104t-2019.html,https://www.aktuonline.com/papers/bpharm-1-sem-pharmaceutical-inorganic-chemistry-bp104t-2019.pdf,,corpus/aktuonline3/bpharm-1-sem-pharmaceutical-inorganic-chemistry-bp104t-2019.pdf,OK,2026-09-20T15:54:56+00:00
BPHARM,1,2020-21,BP104T,pharmaceutical inorganic chemistry,https://www.aktuonline.com/papers/bpharm-1-sem-pharmaceutical-inorganic-chemistry-bp104t-2021.html,https://www.aktuonline.com/papers/bpharm-1-sem-pharmaceutical-inorganic-chemistry-bp104t-2021.pdf,,corpus/aktuonline3/bpharm-1-sem-pharmaceutical-inorganic-chemistry-bp104t-2021.pdf,OK,2026-09-20T15:54:59+00:00
BPHARM,1,2023-24,BP104T,pharmaceutical inorganic chemistry,https://www.aktuonline.com/papers/bpharm-1-sem-pharmaceutical-inorganic-chemistry-bp104t-mar-2024.html,https://www.aktuonline.com/papers/bpharm-1-sem-pharmaceutical-inorganic-chemistry-bp104t-mar-2024.pdf,,corpus/aktuonline3/bpharm-1-sem-pharmaceutical-inorganic-chemistry-bp104t-mar-2024.pdf,OK,2026-09-20T15:55:02+00:00
BPHARM,1,2024-25,BP104T,pharmaceutical inorganic chemistry,https://www.aktuonline.com/papers/bpharm-1-sem-pharmaceutical-inorganic-chemistry-bp104t-may-2025.html,https://www.aktuonline.com/papers/bpharm-1-sem-pharmaceutical-inorganic-chemistry-bp104t-may-2025.pdf,,corpus/aktuonline3/bpharm-1-sem-pharmaceutical-inorganic-chemistry-bp104t-may-2025.pdf,OK,2026-09-20T15:55:06+00:00
BPHARM,1,2018-19,BOP111,pharmaceutical inorganic chemistry theory,https://www.aktuonline.com/papers/bpharm-1-sem-pharmaceutical-inorganic-chemistry-theory-bop111-2019.html,https://www.aktuonline.com/papers/bpharm-1-sem-pharmaceutical-inorganic-chemistry-theory-bop111-2019.pdf,,corpus/aktuonline3/bpharm-1-sem-pharmaceutical-inorganic-chemistry-theory-bop111-2019.pdf,OK,2026-09-20T15:55:09+00:00
BPHARM,1,2021-22,RPH110,pharmaceutical mathematics and biostatistics,https://www.aktuonline.com/papers/bpharm-1-sem-pharmaceutical-mathematics-and-biostatistics-rph110-2022.html,https://www.aktuonline.com/papers/bpharm-1-sem-pharmaceutical-mathematics-and-biostatistics-rph110-2022.pdf,,corpus/aktuonline3/bpharm-1-sem-pharmaceutical-mathematics-and-biostatistics-rph110-2022.pdf,OK,2026-09-20T15:55:13+00:00
BPHARM,1,2017-18,BOP112,pharmaceutics 1,https://www.aktuonline.com/papers/bpharm-1-sem-pharmaceutics-1-bop-112-2018.html,https://www.aktuonline.com/papers/bpharm-1-sem-pharmaceutics-1-bop-112-2018.pdf,,corpus/aktuonline3/bpharm-1-sem-pharmaceutics-1-bop-112-2018.pdf,OK,2026-09-20T15:55:16+00:00
BPHARM,1,2017-18,BP103T,pharmaceutics 1,https://www.aktuonline.com/papers/bpharm-1-sem-pharmaceutics-1-bp103t-2018.html,https://www.aktuonline.com/papers/bpharm-1-sem-pharmaceutics-1-bp103t-2018.pdf,,corpus/aktuonline3/bpharm-1-sem-pharmaceutics-1-bp103t-2018.pdf,OK,2026-09-20T15:55:19+00:00
BPHARM,1,2019-20,BP103T,pharmaceutics 1,https://www.aktuonline.com/papers/bpharm-1-sem-pharmaceutics-1-bp103t-2020.html,https://www.aktuonline.com/papers/bpharm-1-sem-pharmaceutics-1-bp103t-2020.pdf,,corpus/aktuonline3/bpharm-1-sem-pharmaceutics-1-bp103t-2020.pdf,OK,2026-09-20T15:55:22+00:00
BPHARM,1,2023-24,BP103T,pharmaceutics 1,https://www.aktuonline.com/papers/bpharm-1-sem-pharmaceutics-1-bp103t-mar-2024.html,https://www.aktuonline.com/papers/bpharm-1-sem-pharmaceutics-1-bp103t-mar-2024.pdf,,corpus/aktuonline3/bpharm-1-sem-pharmaceutics-1-bp103t-mar-2024.pdf,OK,2026-09-20T15:55:26+00:00
BPHARM,1,2024-25,BP103T,pharmaceutics 1,https://www.aktuonline.com/papers/bpharm-1-sem-pharmaceutics-1-bp103t-may-2025.html,https://www.aktuonline.com/papers/bpharm-1-sem-pharmaceutics-1-bp103t-may-2025.pdf,,corpus/aktuonline3/bpharm-1-sem-pharmaceutics-1-bp103t-may-2025.pdf,OK,2026-09-20T15:55:29+00:00
BPHARM,1,2019-20,BOP112,pharmaceutics 1 general pharmacy,https://www.aktuonline.com/papers/bpharm-1-sem-pharmaceutics-1-general-pharmacy-bop112-2020.html,https://www.aktuonline.com/papers/bpharm-1-sem-pharmaceutics-1-general-pharmacy-bop112-2020.pdf,,corpus/aktuonline3/bpharm-1-sem-pharmaceutics-1-general-pharmacy-bop112-2020.pdf,OK,2026-09-20T15:55:33+00:00
BPHARM,1,2017-18,BP103T,pharmaceutics 1 theory,https://www.aktuonline.com/papers/bpharm-1-sem-pharmaceutics-1-theory-bp-103t-2018.html,https://www.aktuonline.com/papers/bpharm-1-sem-pharmaceutics-1-theory-bp-103t-2018.pdf,,corpus/aktuonline3/bpharm-1-sem-pharmaceutics-1-theory-bp-103t-2018.pdf,OK,2026-09-20T15:55:36+00:00
BPHARM,1,2017-18,RPH109,pharmacognosy 1,https://www.aktuonline.com/papers/bpharm-1-sem-pharmacognosy-1-rph109-2018.html,https://www.aktuonline.com/papers/bpharm-1-sem-pharmacognosy-1-rph109-2018.pdf,,corpus/aktuonline3/bpharm-1-sem-pharmacognosy-1-rph109-2018.pdf,OK,2026-09-20T15:55:39+00:00
BPHARM,1,2019-20,RPH109,pharmacognosy 1,https://www.aktuonline.com/papers/bpharm-1-sem-pharmacognosy-1-rph109-2020.html,https://www.aktuonline.com/papers/bpharm-1-sem-pharmacognosy-1-rph109-2020.pdf,,corpus/aktuonline3/bpharm-1-sem-pharmacognosy-1-rph109-2020.pdf,OK,2026-09-20T15:55:42+00:00
BPHARM,2,2006-07,PHAR125,advance mathematics,https://www.aktuonline.com/papers/bpharm-2-sem-advance-mathematics-phar-125-2007.html,https://www.aktuonline.com/papers/bpharm-2-sem-advance-mathematics-phar-125-2007.pdf,,corpus/aktuonline3/bpharm-2-sem-advance-mathematics-phar-125-2007.pdf,OK,2026-09-20T15:55:46+00:00
BPHARM,2,2017-18,MPL201T,advanced pharmacology 2,https://www.aktuonline.com/papers/bpharm-2-sem-advanced-pharmacology-2-mpl-201t-2018.html,https://www.aktuonline.com/papers/bpharm-2-sem-advanced-pharmacology-2-mpl-201t-2018.pdf,,corpus/aktuonline3/bpharm-2-sem-advanced-pharmacology-2-mpl-201t-2018.pdf,OK,2026-09-20T15:55:49+00:00
BPHARM,2,2014-15,BOP123,anatomy physiology and pathophysiology 2,https://www.aktuonline.com/papers/bpharm-2-sem-anatomy-physiology-and-pathophysiology-2-bop-123-2015.html,https://www.aktuonline.com/papers/bpharm-2-sem-anatomy-physiology-and-pathophysiology-2-bop-123-2015.pdf,,corpus/aktuonline3/bpharm-2-sem-anatomy-physiology-and-pathophysiology-2-bop-123-2015.pdf,OK,2026-09-20T15:55:52+00:00
BPHARM,2,2016-17,BOP103,anatomy physiology and pathophysiology 2,https://www.aktuonline.com/papers/bpharm-2-sem-anatomy-physiology-and-pathophysiology-2-bop103-2017.html,https://www.aktuonline.com/papers/bpharm-2-sem-anatomy-physiology-and-pathophysiology-2-bop103-2017.pdf,,corpus/aktuonline3/bpharm-2-sem-anatomy-physiology-and-pathophysiology-2-bop103-2017.pdf,OK,2026-09-20T15:55:55+00:00
BPHARM,2,2018-19,BOP123,anatomy physiology and pathophysiology 2,https://www.aktuonline.com/papers/bpharm-2-sem-anatomy-physiology-and-pathophysiology-2-bop123-2019.html,https://www.aktuonline.com/papers/bpharm-2-sem-anatomy-physiology-and-pathophysiology-2-bop123-2019.pdf,,corpus/aktuonline3/bpharm-2-sem-anatomy-physiology-and-pathophysiology-2-bop123-2019.pdf,OK,2026-09-20T15:55:59+00:00
BPHARM,2,2018-19,PH123,anatomy physiology and pathophysiology 2,https://www.aktuonline.com/papers/bpharm-2-sem-anatomy-physiology-and-pathophysiology-2-ph123-2019.html,https://www.aktuonline.com/papers/bpharm-2-sem-anatomy-physiology-and-pathophysiology-2-ph123-2019.pdf,,corpus/aktuonline3/bpharm-2-sem-anatomy-physiology-and-pathophysiology-2-ph123-2019.pdf,OK,2026-09-20T15:56:02+00:00
BPHARM,2,2017-18,,anatomy physiology and pathophysiology 2 pharm123,https://www.aktuonline.com/papers/bpharm-2-sem-anatomy-physiology-and-pathophysiology-2-pharm123-2018.html,https://www.aktuonline.com/papers/bpharm-2-sem-anatomy-physiology-and-pathophysiology-2-pharm123-2018.pdf,,corpus/aktuonline3/bpharm-2-sem-anatomy-physiology-and-pathophysiology-2-pharm123-2018.pdf,OK,2026-09-20T15:56:06+00:00
BPHARM,2,2017-18,RPH208,anatomy physiology and pathophysiology 2,https://www.aktuonline.com/papers/bpharm-2-sem-anatomy-physiology-and-pathophysiology-2-rph208-2018.html,https://www.aktuonline.com/papers/bpharm-2-sem-anatomy-physiology-and-pathophysiology-2-rph208-2018.pdf,,corpus/aktuonline3/bpharm-2-sem-anatomy-physiology-and-pathophysiology-2-rph208-2018.pdf,OK,2026-09-20T15:56:09+00:00
BPHARM,2,2017-18,RPH404,anatomy physiology and pathophysiology 3,https://www.aktuonline.com/papers/bpharm-2-sem-anatomy-physiology-and-pathophysiology-3-rph404-2018.html,https://www.aktuonline.com/papers/bpharm-2-sem-anatomy-physiology-and-pathophysiology-3-rph404-2018.pdf,,corpus/aktuonline3/bpharm-2-sem-anatomy-physiology-and-pathophysiology-3-rph404-2018.pdf,OK,2026-09-20T15:56:12+00:00
BPHARM,2,2022-23,BP203T,biochemistry,https://www.aktuonline.com/papers/bpharm-2-sem-biochemistry-bp-203t-apr-2023.html,https://www.aktuonline.com/papers/bpharm-2-sem-biochemistry-bp-203t-apr-2023.pdf,,corpus/aktuonline3/bpharm-2-sem-biochemistry-bp-203t-apr-2023.pdf,OK,2026-09-20T15:56:15+00:00
BPHARM,2,2018-19,BP203T,biochemistry,https://www.aktuonline.com/papers/bpharm-2-sem-biochemistry-bp203t-2019.html,https://www.aktuonline.com/papers/bpharm-2-sem-biochemistry-bp203t-2019.pdf,,corpus/aktuonline3/bpharm-2-sem-biochemistry-bp203t-2019.pdf,OK,2026-09-20T15:56:19+00:00
BPHARM,2,2021-22,BP203T,biochemistry,https://www.aktuonline.com/papers/bpharm-2-sem-biochemistry-bp203t-2022.html,https://www.aktuonline.com/papers/bpharm-2-sem-biochemistry-bp203t-2022.pdf,,corpus/aktuonline3/bpharm-2-sem-biochemistry-bp203t-2022.pdf,OK,2026-09-20T15:56:21+00:00
BPHARM,2,2024-25,BP203T,biochemistry,https://www.aktuonline.com/papers/bpharm-2-sem-biochemistry-bp203t-aug-2024.html,https://www.aktuonline.com/papers/bpharm-2-sem-biochemistry-bp203t-aug-2024.pdf,,corpus/aktuonline3/bpharm-2-sem-biochemistry-bp203t-aug-2024.pdf,OK,2026-09-20T15:56:25+00:00
BPHARM,2,2025-26,BP203T,biochemistry,https://www.aktuonline.com/papers/bpharm-2-sem-biochemistry-bp203t-may-2026.html,https://www.aktuonline.com/papers/bpharm-2-sem-biochemistry-bp203t-may-2026.pdf,,corpus/aktuonline3/bpharm-2-sem-biochemistry-bp203t-may-2026.pdf,OK,2026-09-20T15:56:28+00:00
BPHARM,2,2018-19,PH124,computer fundamentals and programming,https://www.aktuonline.com/papers/bpharm-2-sem-computer-fundamentals-and-programming-ph124-2019.html,https://www.aktuonline.com/papers/bpharm-2-sem-computer-fundamentals-and-programming-ph124-2019.pdf,,corpus/aktuonline3/bpharm-2-sem-computer-fundamentals-and-programming-ph124-2019.pdf,OK,2026-09-20T15:56:31+00:00
BPHARM,2,2006-07,PHAR124,computer fundamentals and programming,https://www.aktuonline.com/papers/bpharm-2-sem-computer-fundamentals-and-programming-phar-124-2007.html,https://www.aktuonline.com/papers/bpharm-2-sem-computer-fundamentals-and-programming-phar-124-2007.pdf,,corpus/aktuonline3/bpharm-2-sem-computer-fundamentals-and-programming-phar-124-2007.pdf,OK,2026-09-20T15:56:35+00:00
BPHARM,2,2006-07,PHAR124,computer fundamentals and programming v2,https://www.aktuonline.com/papers/bpharm-2-sem-computer-fundamentals-and-programming-phar-124-v2-2007.html,https://www.aktuonline.com/papers/bpharm-2-sem-computer-fundamentals-and-programming-phar-124-v2-2007.pdf,,corpus/aktuonline3/bpharm-2-sem-computer-fundamentals-and-programming-phar-124-v2-2007.pdf,OK,2026-09-20T15:56:38+00:00
BPHARM,2,2018-19,,computer fundamentals and programming pharm124,https://www.aktuonline.com/papers/bpharm-2-sem-computer-fundamentals-and-programming-pharm124-2019.html,https://www.aktuonline.com/papers/bpharm-2-sem-computer-fundamentals-and-programming-pharm124-2019.pdf,,corpus/aktuonline3/bpharm-2-sem-computer-fundamentals-and-programming-pharm124-2019.pdf,OK,2026-09-20T15:56:41+00:00
BPHARM,2,2017-18,RPH202,general pharmacy,https://www.aktuonline.com/papers/bpharm-2-sem-general-pharmacy-rph202-2018.html,https://www.aktuonline.com/papers/bpharm-2-sem-general-pharmacy-rph202-2018.pdf,,corpus/aktuonline3/bpharm-2-sem-general-pharmacy-rph202-2018.pdf,OK,2026-09-20T15:56:44+00:00
BPHARM,2,2023-24,,human anatomy and physiology 2,https://www.aktuonline.com/papers/bpharm-2-sem-human-anatomy-and-physiology-2-aug-2023.html,https://www.aktuonline.com/papers/bpharm-2-sem-human-anatomy-and-physiology-2-aug-2023.pdf,,corpus/aktuonline3/bpharm-2-sem-human-anatomy-and-physiology-2-aug-2023.pdf,OK,2026-09-20T15:56:48+00:00
BPHARM,2,2017-18,BP201T,human anatomy and physiology 2,https://www.aktuonline.com/papers/bpharm-2-sem-human-anatomy-and-physiology-2-bp201t-2018.html,https://www.aktuonline.com/papers/bpharm-2-sem-human-anatomy-and-physiology-2-bp201t-2018.pdf,,corpus/aktuonline3/bpharm-2-sem-human-anatomy-and-physiology-2-bp201t-2018.pdf,OK,2026-09-20T15:56:51+00:00
BPHARM,2,2021-22,BP201T,human anatomy and physiology 2,https://www.aktuonline.com/papers/bpharm-2-sem-human-anatomy-and-physiology-2-bp201t-2022.html,https://www.aktuonline.com/papers/bpharm-2-sem-human-anatomy-and-physiology-2-bp201t-2022.pdf,,corpus/aktuonline3/bpharm-2-sem-human-anatomy-and-physiology-2-bp201t-2022.pdf,OK,2026-09-20T15:56:54+00:00
BPHARM,2,2023-24,BP201T,human anatomy and physiology 2,https://www.aktuonline.com/papers/bpharm-2-sem-human-anatomy-and-physiology-2-bp201t-2024.html,https://www.aktuonline.com/papers/bpharm-2-sem-human-anatomy-and-physiology-2-bp201t-2024.pdf,,corpus/aktuonline3/bpharm-2-sem-human-anatomy-and-physiology-2-bp201t-2024.pdf,OK,2026-09-20T15:56:57+00:00
BPHARM,2,2023-24,BP201T,human anatomy and physiology 2,https://www.aktuonline.com/papers/bpharm-2-sem-human-anatomy-and-physiology-2-bp201t-mar-2024.html,https://www.aktuonline.com/papers/bpharm-2-sem-human-anatomy-and-physiology-2-bp201t-mar-2024.pdf,,corpus/aktuonline3/bpharm-2-sem-human-anatomy-and-physiology-2-bp201t-mar-2024.pdf,OK,2026-09-20T15:57:00+00:00
BPHARM,2,2006-07,,human anatomy physiology and health education 2,https://www.aktuonline.com/papers/bpharm-2-sem-human-anatomy-physiology-and-health-education-2-2007.html,https://www.aktuonline.com/papers/bpharm-2-sem-human-anatomy-physiology-and-health-education-2-2007.pdf,,corpus/aktuonline3/bpharm-2-sem-human-anatomy-physiology-and-health-education-2-2007.pdf,OK,2026-09-20T15:57:04+00:00
BPHARM,2,2006-07,PH123,human anatomy physiology and health education o,https://www.aktuonline.com/papers/bpharm-2-sem-human-anatomy-physiology-and-health-education-ph-123-o-2007.html,https://www.aktuonline.com/papers/bpharm-2-sem-human-anatomy-physiology-and-health-education-ph-123-o-2007.pdf,,corpus/aktuonline3/bpharm-2-sem-human-anatomy-physiology-and-health-education-ph-123-o-2007.pdf,OK,2026-09-20T15:57:07+00:00
BPHARM,2,2017-18,BP204T,pathophysiology,https://www.aktuonline.com/papers/bpharm-2-sem-pathophysiology-bp204t-2018.html,https://www.aktuonline.com/papers/bpharm-2-sem-pathophysiology-bp204t-2018.pdf,,corpus/aktuonline3/bpharm-2-sem-pathophysiology-bp204t-2018.pdf,OK,2026-09-20T15:57:10+00:00
BPHARM,2,2019-20,BP204T,pathophysiology,https://www.aktuonline.com/papers/bpharm-2-sem-pathophysiology-bp204t-2020.html,https://www.aktuonline.com/papers/bpharm-2-sem-pathophysiology-bp204t-2020.pdf,,corpus/aktuonline3/bpharm-2-sem-pathophysiology-bp204t-2020.pdf,OK,2026-09-20T15:57:13+00:00
BPHARM,2,2022-23,BP204T,pathophysiology,https://www.aktuonline.com/papers/bpharm-2-sem-pathophysiology-bp204t-2023.html,https://www.aktuonline.com/papers/bpharm-2-sem-pathophysiology-bp204t-2023.pdf,,corpus/aktuonline3/bpharm-2-sem-pathophysiology-bp204t-2023.pdf,OK,2026-09-20T15:57:16+00:00
BPHARM,2,2023-24,BP204T,pathophysiology,https://www.aktuonline.com/papers/bpharm-2-sem-pathophysiology-bp204t-mar-2024.html,https://www.aktuonline.com/papers/bpharm-2-sem-pathophysiology-bp204t-mar-2024.pdf,,corpus/aktuonline3/bpharm-2-sem-pathophysiology-bp204t-mar-2024.pdf,OK,2026-09-20T15:57:20+00:00
BPHARM,2,2025-26,BP204T,pathophysiology,https://www.aktuonline.com/papers/bpharm-2-sem-pathophysiology-bp204t-may-2026.html,https://www.aktuonline.com/papers/bpharm-2-sem-pathophysiology-bp204t-may-2026.pdf,,corpus/aktuonline3/bpharm-2-sem-pathophysiology-bp204t-may-2026.pdf,OK,2026-09-20T15:57:24+00:00
BPHARM,2,2017-18,RPH204,pharmaceutical analysis 1,https://www.aktuonline.com/papers/bpharm-2-sem-pharmaceutical-analysis-1-rph-204-2018.html,https://www.aktuonline.com/papers/bpharm-2-sem-pharmaceutical-analysis-1-rph-204-2018.pdf,,corpus/aktuonline3/bpharm-2-sem-pharmaceutical-analysis-1-rph-204-2018.pdf,OK,2026-09-20T15:57:27+00:00
BPHARM,2,2014-15,BOP244,pharmaceutical analysis 2,https://www.aktuonline.com/papers/bpharm-2-sem-pharmaceutical-analysis-2-bop244-2015.html,https://www.aktuonline.com/papers/bpharm-2-sem-pharmaceutical-analysis-2-bop244-2015.pdf,,corpus/aktuonline3/bpharm-2-sem-pharmaceutical-analysis-2-bop244-2015.pdf,OK,2026-09-20T15:57:30+00:00
BPHARM,2,2014-15,,pharmaceutical biostatisctics pharm125,https://www.aktuonline.com/papers/bpharm-2-sem-pharmaceutical-biostatisctics-pharm125-2015.html,https://www.aktuonline.com/papers/bpharm-2-sem-pharmaceutical-biostatisctics-pharm125-2015.pdf,,corpus/aktuonline3/bpharm-2-sem-pharmaceutical-biostatisctics-pharm125-2015.pdf,OK,2026-09-20T15:57:33+00:00
BPHARM,2,2015-16,,pharmaceutical biostatistics pharm 125,https://www.aktuonline.com/papers/bpharm-2-sem-pharmaceutical-biostatistics-pharm-125-2016.html,https://www.aktuonline.com/papers/bpharm-2-sem-pharmaceutical-biostatistics-pharm-125-2016.pdf,,corpus/aktuonline3/bpharm-2-sem-pharmaceutical-biostatistics-pharm-125-2016.pdf,OK,2026-09-20T15:57:36+00:00
BPHARM,2,2018-19,,pharmaceutical biostatistics pharm 125,https://www.aktuonline.com/papers/bpharm-2-sem-pharmaceutical-biostatistics-pharm-125-2019.html,https://www.aktuonline.com/papers/bpharm-2-sem-pharmaceutical-biostatistics-pharm-125-2019.pdf,,corpus/aktuonline3/bpharm-2-sem-pharmaceutical-biostatistics-pharm-125-2019.pdf,OK,2026-09-20T15:57:39+00:00
BPHARM,2,2014-15,BOP121,pharmaceutical chemistry 2,https://www.aktuonline.com/papers/bpharm-2-sem-pharmaceutical-chemistry-2-bop121-2015.html,https://www.aktuonline.com/papers/bpharm-2-sem-pharmaceutical-chemistry-2-bop121-2015.pdf,,corpus/aktuonline3/bpharm-2-sem-pharmaceutical-chemistry-2-bop121-2015.pdf,OK,2026-09-20T15:57:42+00:00
BPHARM,2,2006-07,PH122,pharmaceutical chemistry 2 o,https://www.aktuonline.com/papers/bpharm-2-sem-pharmaceutical-chemistry-2-ph-122-o-2007.html,https://www.aktuonline.com/papers/bpharm-2-sem-pharmaceutical-chemistry-2-ph-122-o-2007.pdf,,corpus/aktuonline3/bpharm-2-sem-pharmaceutical-chemistry-2-ph-122-o-2007.pdf,OK,2026-09-20T15:57:45+00:00
BPHARM,2,2006-07,PHAR122,pharmaceutical chemistry 2,https://www.aktuonline.com/papers/bpharm-2-sem-pharmaceutical-chemistry-2-phar-122-2007.html,https://www.aktuonline.com/papers/bpharm-2-sem-pharmaceutical-chemistry-2-phar-122-2007.pdf,,corpus/aktuonline3/bpharm-2-sem-pharmaceutical-chemistry-2-phar-122-2007.pdf,OK,2026-09-20T15:57:48+00:00
BPHARM,2,2016-17,,pharmaceutical chemistry 2 pharm122,https://www.aktuonline.com/papers/bpharm-2-sem-pharmaceutical-chemistry-2-pharm122-2017.html,https://www.aktuonline.com/papers/bpharm-2-sem-pharmaceutical-chemistry-2-pharm122-2017.pdf,,corpus/aktuonline3/bpharm-2-sem-pharmaceutical-chemistry-2-pharm122-2017.pdf,OK,2026-09-20T15:57:52+00:00
BPHARM,2,2017-18,RPH206,pharmaceutical chemistry 2 pharmaceutical organic chemistry,https://www.aktuonline.com/papers/bpharm-2-sem-pharmaceutical-chemistry-2-pharmaceutical-organic-chemistry-rph206-2018.html,https://www.aktuonline.com/papers/bpharm-2-sem-pharmaceutical-chemistry-2-pharmaceutical-organic-chemistry-rph206-2018.pdf,,corpus/aktuonline3/bpharm-2-sem-pharmaceutical-chemistry-2-pharmaceutical-organic-chemistry-rph206-2018.pdf,OK,2026-09-20T15:57:55+00:00
BPHARM,2,2015-16,BOP122,pharmaceutical chemistry 3,https://www.aktuonline.com/papers/bpharm-2-sem-pharmaceutical-chemistry-3-bop-122-2016.html,https://www.aktuonline.com/papers/bpharm-2-sem-pharmaceutical-chemistry-3-bop-122-2016.pdf,,corpus/aktuonline3/bpharm-2-sem-pharmaceutical-chemistry-3-bop-122-2016.pdf,OK,2026-09-20T15:57:58+00:00
BPHARM,2,2018-19,BOP122,pharmaceutical chemistry 3,https://www.aktuonline.com/papers/bpharm-2-sem-pharmaceutical-chemistry-3-bop122-2019.html,https://www.aktuonline.com/papers/bpharm-2-sem-pharmaceutical-chemistry-3-bop122-2019.pdf,,corpus/aktuonline3/bpharm-2-sem-pharmaceutical-chemistry-3-bop122-2019.pdf,OK,2026-09-20T15:58:01+00:00
BPHARM,2,2018-19,RPH207,pharmaceutical chemistry 3 pharmaceutical physical chemistry,https://www.aktuonline.com/papers/bpharm-2-sem-pharmaceutical-chemistry-3-pharmaceutical-physical-chemistry-rph-207-2019.html,https://www.aktuonline.com/papers/bpharm-2-sem-pharmaceutical-chemistry-3-pharmaceutical-physical-chemistry-rph-207-2019.pdf,,corpus/aktuonline3/bpharm-2-sem-pharmaceutical-chemistry-3-pharmaceutical-physical-chemistry-rph-207-2019.pdf,OK,2026-09-20T15:58:05+00:00
BPHARM,2,2016-17,RPH207,pharmaceutical chemistry 3,https://www.aktuonline.com/papers/bpharm-2-sem-pharmaceutical-chemistry-3-rph207-2017.html,https://www.aktuonline.com/papers/bpharm-2-sem-pharmaceutical-chemistry-3-rph207-2017.pdf,,corpus/aktuonline3/bpharm-2-sem-pharmaceutical-chemistry-3-rph207-2017.pdf,OK,2026-09-20T15:58:08+00:00
BPHARM,2,2017-18,BOP125,pharmaceutical mathematics and biostatistics,https://www.aktuonline.com/papers/bpharm-2-sem-pharmaceutical-mathematics-and-biostatistics-bop-125-2018.html,https://www.aktuonline.com/papers/bpharm-2-sem-pharmaceutical-mathematics-and-biostatistics-bop-125-2018.pdf,,corpus/aktuonline3/bpharm-2-sem-pharmaceutical-mathematics-and-biostatistics-bop-125-2018.pdf,OK,2026-09-20T15:58:11+00:00
BPHARM,2,2014-15,BOP125,pharmaceutical mathematics and biostatistics,https://www.aktuonline.com/papers/bpharm-2-sem-pharmaceutical-mathematics-and-biostatistics-bop125-2015.html,https://www.aktuonline.com/papers/bpharm-2-sem-pharmaceutical-mathematics-and-biostatistics-bop125-2015.pdf,,corpus/aktuonline3/bpharm-2-sem-pharmaceutical-mathematics-and-biostatistics-bop125-2015.pdf,OK,2026-09-20T15:58:14+00:00
BPHARM,2,2018-19,RPH210,pharmaceutical mathematics and biostatistics,https://www.aktuonline.com/papers/bpharm-2-sem-pharmaceutical-mathematics-and-biostatistics-rph-210-2019.html,https://www.aktuonline.com/papers/bpharm-2-sem-pharmaceutical-mathematics-and-biostatistics-rph-210-2019.pdf,,corpus/aktuonline3/bpharm-2-sem-pharmaceutical-mathematics-and-biostatistics-rph-210-2019.pdf,OK,2026-09-20T15:58:18+00:00
BPHARM,2,2017-18,RPH210,pharmaceutical mathematics and biostatistics,https://www.aktuonline.com/papers/bpharm-2-sem-pharmaceutical-mathematics-and-biostatistics-rph210-2018.html,https://www.aktuonline.com/papers/bpharm-2-sem-pharmaceutical-mathematics-and-biostatistics-rph210-2018.pdf,,corpus/aktuonline3/bpharm-2-sem-pharmaceutical-mathematics-and-biostatistics-rph210-2018.pdf,OK,2026-09-20T15:58:21+00:00
BPHARM,2,2022-23,BP202T,pharmaceutical organic chemistry 1,https://www.aktuonline.com/papers/bpharm-2-sem-pharmaceutical-organic-chemistry-1-bp-202t-apr-2023.html,https://www.aktuonline.com/papers/bpharm-2-sem-pharmaceutical-organic-chemistry-1-bp-202t-apr-2023.pdf,,corpus/aktuonline3/bpharm-2-sem-pharmaceutical-organic-chemistry-1-bp-202t-apr-2023.pdf,OK,2026-09-20T15:58:24+00:00
BPHARM,2,2018-19,BP202T,pharmaceutical organic chemistry 1,https://www.aktuonline.com/papers/bpharm-2-sem-pharmaceutical-organic-chemistry-1-bp202t-2019.html,https://www.aktuonline.com/papers/bpharm-2-sem-pharmaceutical-organic-chemistry-1-bp202t-2019.pdf,,corpus/aktuonline3/bpharm-2-sem-pharmaceutical-organic-chemistry-1-bp202t-2019.pdf,OK,2026-09-20T15:58:28+00:00
BPHARM,2,2022-23,BP202T,pharmaceutical organic chemistry 1,https://www.aktuonline.com/papers/bpharm-2-sem-pharmaceutical-organic-chemistry-1-bp202t-2023.html,https://www.aktuonline.com/papers/bpharm-2-sem-pharmaceutical-organic-chemistry-1-bp202t-2023.pdf,,corpus/aktuonline3/bpharm-2-sem-pharmaceutical-organic-chemistry-1-bp202t-2023.pdf,OK,2026-09-20T15:58:31+00:00
BPHARM,2,2024-25,BP202T,pharmaceutical organic chemistry 1,https://www.aktuonline.com/papers/bpharm-2-sem-pharmaceutical-organic-chemistry-1-bp202t-mar-2025.html,https://www.aktuonline.com/papers/bpharm-2-sem-pharmaceutical-organic-chemistry-1-bp202t-mar-2025.pdf,,corpus/aktuonline3/bpharm-2-sem-pharmaceutical-organic-chemistry-1-bp202t-mar-2025.pdf,OK,2026-09-20T15:58:34+00:00
BPHARM,2,2016-17,BOP121,pharmaceutical organic chemistry,https://www.aktuonline.com/papers/bpharm-2-sem-pharmaceutical-organic-chemistry-bop121-2017.html,https://www.aktuonline.com/papers/bpharm-2-sem-pharmaceutical-organic-chemistry-bop121-2017.pdf,,corpus/aktuonline3/bpharm-2-sem-pharmaceutical-organic-chemistry-bop121-2017.pdf,OK,2026-09-20T15:58:38+00:00
BPHARM,2,2016-17,RPH206,pharmaceutical organic chemistry,https://www.aktuonline.com/papers/bpharm-2-sem-pharmaceutical-organic-chemistry-rph206-2017.html,https://www.aktuonline.com/papers/bpharm-2-sem-pharmaceutical-organic-chemistry-rph206-2017.pdf,,corpus/aktuonline3/bpharm-2-sem-pharmaceutical-organic-chemistry-rph206-2017.pdf,OK,2026-09-20T15:58:41+00:00
BPHARM,2,2014-15,BOP124,pharmacognosy 1,https://www.aktuonline.com/papers/bpharm-2-sem-pharmacognosy-1-bop-124-2015.html,https://www.aktuonline.com/papers/bpharm-2-sem-pharmacognosy-1-bop-124-2015.pdf,,corpus/aktuonline3/bpharm-2-sem-pharmacognosy-1-bop-124-2015.pdf,OK,2026-09-20T15:58:44+00:00
BPHARM,2,2016-17,BOP124,pharmacognosy 1,https://www.aktuonline.com/papers/bpharm-2-sem-pharmacognosy-1-bop124-2017.html,https://www.aktuonline.com/papers/bpharm-2-sem-pharmacognosy-1-bop124-2017.pdf,,corpus/aktuonline3/bpharm-2-sem-pharmacognosy-1-bop124-2017.pdf,OK,2026-09-20T15:58:48+00:00
BPHARM,2,2014-15,PH125,pharmacognosy 1,https://www.aktuonline.com/papers/bpharm-2-sem-pharmacognosy-1-ph125-2015.html,https://www.aktuonline.com/papers/bpharm-2-sem-pharmacognosy-1-ph125-2015.pdf,,corpus/aktuonline3/bpharm-2-sem-pharmacognosy-1-ph125-2015.pdf,OK,2026-09-20T15:58:51+00:00
BPHARM,2,2017-18,RPH209,pharmacognosy 1,https://www.aktuonline.com/papers/bpharm-2-sem-pharmacognosy-1-rph209-2018.html,https://www.aktuonline.com/papers/bpharm-2-sem-pharmacognosy-1-rph209-2018.pdf,,corpus/aktuonline3/bpharm-2-sem-pharmacognosy-1-rph209-2018.pdf,OK,2026-09-20T15:58:54+00:00
BPHARM,2,2017-18,BOP124,pharmacognosy,https://www.aktuonline.com/papers/bpharm-2-sem-pharmacognosy-bop124-2018.html,https://www.aktuonline.com/papers/bpharm-2-sem-pharmacognosy-bop124-2018.pdf,,corpus/aktuonline3/bpharm-2-sem-pharmacognosy-bop124-2018.pdf,OK,2026-09-20T15:58:57+00:00
BPHARM,2,2006-07,PHAR121,physical chemistry,https://www.aktuonline.com/papers/bpharm-2-sem-physical-chemistry-phar-121-2007.html,https://www.aktuonline.com/papers/bpharm-2-sem-physical-chemistry-phar-121-2007.pdf,,corpus/aktuonline3/bpharm-2-sem-physical-chemistry-phar-121-2007.pdf,OK,2026-09-20T15:59:00+00:00
BPHARM,2,2016-17,,physical chemistry pharm121,https://www.aktuonline.com/papers/bpharm-2-sem-physical-chemistry-pharm121-2017.html,https://www.aktuonline.com/papers/bpharm-2-sem-physical-chemistry-pharm121-2017.pdf,,corpus/aktuonline3/bpharm-2-sem-physical-chemistry-pharm121-2017.pdf,OK,2026-09-20T15:59:03+00:00
BPHARM,2,2018-19,,physical chemistry pharm121,https://www.aktuonline.com/papers/bpharm-2-sem-physical-chemistry-pharm121-2019.html,https://www.aktuonline.com/papers/bpharm-2-sem-physical-chemistry-pharm121-2019.pdf,,corpus/aktuonline3/bpharm-2-sem-physical-chemistry-pharm121-2019.pdf,OK,2026-09-20T15:59:07+00:00
BPHARM,2,2018-19,PH121,physical pharmacy 1,https://www.aktuonline.com/papers/bpharm-2-sem-physical-pharmacy-1-ph121-2019.html,https://www.aktuonline.com/papers/bpharm-2-sem-physical-pharmacy-1-ph121-2019.pdf,,corpus/aktuonline3/bpharm-2-sem-physical-pharmacy-1-ph121-2019.pdf,OK,2026-09-20T15:59:10+00:00
BPHARM,3,2019-20,BOP234,anatomy physiology and pathophysiology 3,https://www.aktuonline.com/papers/bpharm-3-sem-anatomy-physiology-and-pathophysiology-3-bop234-2020.html,https://www.aktuonline.com/papers/bpharm-3-sem-anatomy-physiology-and-pathophysiology-3-bop234-2020.pdf,,corpus/aktuonline3/bpharm-3-sem-anatomy-physiology-and-pathophysiology-3-bop234-2020.pdf,OK,2026-09-20T15:59:14+00:00
BPHARM,3,2019-20,RPH304,anatomy physiology and pathophysiology 3,https://www.aktuonline.com/papers/bpharm-3-sem-anatomy-physiology-and-pathophysiology-3-rph304-2020.html,https://www.aktuonline.com/papers/bpharm-3-sem-anatomy-physiology-and-pathophysiology-3-rph304-2020.pdf,,corpus/aktuonline3/bpharm-3-sem-anatomy-physiology-and-pathophysiology-3-rph304-2020.pdf,OK,2026-09-20T15:59:17+00:00
BPHARM,3,2014-15,BOP233,hospital and community pharmacy,https://www.aktuonline.com/papers/bpharm-3-sem-hospital-and-community-pharmacy-bop-233-2015.html,https://www.aktuonline.com/papers/bpharm-3-sem-hospital-and-community-pharmacy-bop-233-2015.pdf,,corpus/aktuonline3/bpharm-3-sem-hospital-and-community-pharmacy-bop-233-2015.pdf,OK,2026-09-20T15:59:20+00:00
BPHARM,3,2014-15,BOP231,pharmaceutical chemistry 3,https://www.aktuonline.com/papers/bpharm-3-sem-pharmaceutical-chemistry-3-bop-231-2015.html,https://www.aktuonline.com/papers/bpharm-3-sem-pharmaceutical-chemistry-3-bop-231-2015.pdf,,corpus/aktuonline3/bpharm-3-sem-pharmaceutical-chemistry-3-bop-231-2015.pdf,OK,2026-09-20T15:59:24+00:00
BPHARM,3,2018-19,BOP231,pharmaceutical chemistry 3 heterocyclic and bio organic chemistry,https://www.aktuonline.com/papers/bpharm-3-sem-pharmaceutical-chemistry-3-heterocyclic-and-bio-organic-chemistry-bop231-2019.html,https://www.aktuonline.com/papers/bpharm-3-sem-pharmaceutical-chemistry-3-heterocyclic-and-bio-organic-chemistry-bop231-2019.pdf,,corpus/aktuonline3/bpharm-3-sem-pharmaceutical-chemistry-3-heterocyclic-and-bio-organic-chemistry-bop231-2019.pdf,OK,2026-09-20T15:59:27+00:00
BPHARM,3,2018-19,PH233,pharmaceutical chemistry 3 organic chemistry 2,https://www.aktuonline.com/papers/bpharm-3-sem-pharmaceutical-chemistry-3-organic-chemistry-2-ph-233-2019.html,https://www.aktuonline.com/papers/bpharm-3-sem-pharmaceutical-chemistry-3-organic-chemistry-2-ph-233-2019.pdf,,corpus/aktuonline3/bpharm-3-sem-pharmaceutical-chemistry-3-organic-chemistry-2-ph-233-2019.pdf,OK,2026-09-20T15:59:30+00:00
BPHARM,3,2019-20,PH233,pharmaceutical chemistry 3,https://www.aktuonline.com/papers/bpharm-3-sem-pharmaceutical-chemistry-3-ph233-2020.html,https://www.aktuonline.com/papers/bpharm-3-sem-pharmaceutical-chemistry-3-ph233-2020.pdf,,corpus/aktuonline3/bpharm-3-sem-pharmaceutical-chemistry-3-ph233-2020.pdf,OK,2026-09-20T15:59:34+00:00
BPHARM,3,2018-19,RPH301,pharmaceutical chemistry 4 heterocyclic and bioorganic chemistry,https://www.aktuonline.com/papers/bpharm-3-sem-pharmaceutical-chemistry-4-heterocyclic-and-bioorganic-chemistry-rph-301-2019.html,https://www.aktuonline.com/papers/bpharm-3-sem-pharmaceutical-chemistry-4-heterocyclic-and-bioorganic-chemistry-rph-301-2019.pdf,,corpus/aktuonline3/bpharm-3-sem-pharmaceutical-chemistry-4-heterocyclic-and-bioorganic-chemistry-rph-301-2019.pdf,OK,2026-09-20T15:59:37+00:00
BPHARM,3,2019-20,RPH301,pharmaceutical chemistry 4,https://www.aktuonline.com/papers/bpharm-3-sem-pharmaceutical-chemistry-4-rph301-2020.html,https://www.aktuonline.com/papers/bpharm-3-sem-pharmaceutical-chemistry-4-rph301-2020.pdf,,corpus/aktuonline3/bpharm-3-sem-pharmaceutical-chemistry-4-rph301-2020.pdf,OK,2026-09-20T15:59:40+00:00
BPHARM,3,2014-15,BOP231,pharmaceutical chemistry,https://www.aktuonline.com/papers/bpharm-3-sem-pharmaceutical-chemistry-bop-231-2015.html,https://www.aktuonline.com/papers/bpharm-3-sem-pharmaceutical-chemistry-bop-231-2015.pdf,,corpus/aktuonline3/bpharm-3-sem-pharmaceutical-chemistry-bop-231-2015.pdf,OK,2026-09-20T15:59:43+00:00
BPHARM,3,2018-19,BP304T,pharmaceutical engineering,https://www.aktuonline.com/papers/bpharm-3-sem-pharmaceutical-engineering-bp304t-2019.html,https://www.aktuonline.com/papers/bpharm-3-sem-pharmaceutical-engineering-bp304t-2019.pdf,,corpus/aktuonline3/bpharm-3-sem-pharmaceutical-engineering-bp304t-2019.pdf,OK,2026-09-20T15:59:47+00:00
BPHARM,3,2020-21,BP304T,pharmaceutical engineering,https://www.aktuonline.com/papers/bpharm-3-sem-pharmaceutical-engineering-bp304t-2021.html,https://www.aktuonline.com/papers/bpharm-3-sem-pharmaceutical-engineering-bp304t-2021.pdf,,corpus/aktuonline3/bpharm-3-sem-pharmaceutical-engineering-bp304t-2021.pdf,OK,2026-09-20T15:59:51+00:00
BPHARM,3,2023-24,BP304T,pharmaceutical engineering,https://www.aktuonline.com/papers/bpharm-3-sem-pharmaceutical-engineering-bp304t-2024.html,https://www.aktuonline.com/papers/bpharm-3-sem-pharmaceutical-engineering-bp304t-2024.pdf,,corpus/aktuonline3/bpharm-3-sem-pharmaceutical-engineering-bp304t-2024.pdf,OK,2026-09-20T15:59:54+00:00
BPHARM,3,2023-24,BP304T,pharmaceutical engineering,https://www.aktuonline.com/papers/bpharm-3-sem-pharmaceutical-engineering-bp304t-jan-2024.html,https://www.aktuonline.com/papers/bpharm-3-sem-pharmaceutical-engineering-bp304t-jan-2024.pdf,,corpus/aktuonline3/bpharm-3-sem-pharmaceutical-engineering-bp304t-jan-2024.pdf,OK,2026-09-20T15:59:57+00:00
BPHARM,3,2023-24,BP304T,pharmaceutical engineering,https://www.aktuonline.com/papers/bpharm-3-sem-pharmaceutical-engineering-bp304t-mar-2024.html,https://www.aktuonline.com/papers/bpharm-3-sem-pharmaceutical-engineering-bp304t-mar-2024.pdf,,corpus/aktuonline3/bpharm-3-sem-pharmaceutical-engineering-bp304t-mar-2024.pdf,OK,2026-09-20T16:00:00+00:00
BPHARM,3,2019-20,,pharmaceutical jurisprudence and ethics pharm232,https://www.aktuonline.com/papers/bpharm-3-sem-pharmaceutical-jurisprudence-and-ethics-pharm232-2020.html,https://www.aktuonline.com/papers/bpharm-3-sem-pharmaceutical-jurisprudence-and-ethics-pharm232-2020.pdf,,corpus/aktuonline3/bpharm-3-sem-pharmaceutical-jurisprudence-and-ethics-pharm232-2020.pdf,OK,2026-09-20T16:00:04+00:00
BPHARM,3,2022-23,BP303T,pharmaceutical microbiology,https://www.aktuonline.com/papers/bpharm-3-sem-pharmaceutical-microbiology-bp-303t-mar-2023.html,https://www.aktuonline.com/papers/bpharm-3-sem-pharmaceutical-microbiology-bp-303t-mar-2023.pdf,,corpus/aktuonline3/bpharm-3-sem-pharmaceutical-microbiology-bp-303t-mar-2023.pdf,OK,2026-09-20T16:00:07+00:00
BPHARM,3,2019-20,BP303T,pharmaceutical microbiology,https://www.aktuonline.com/papers/bpharm-3-sem-pharmaceutical-microbiology-bp303t-2020.html,https://www.aktuonline.com/papers/bpharm-3-sem-pharmaceutical-microbiology-bp303t-2020.pdf,,corpus/aktuonline3/bpharm-3-sem-pharmaceutical-microbiology-bp303t-2020.pdf,OK,2026-09-20T16:00:11+00:00
BPHARM,3,2021-22,BP303T,pharmaceutical microbiology,https://www.aktuonline.com/papers/bpharm-3-sem-pharmaceutical-microbiology-bp303t-2022.html,https://www.aktuonline.com/papers/bpharm-3-sem-pharmaceutical-microbiology-bp303t-2022.pdf,,corpus/aktuonline3/bpharm-3-sem-pharmaceutical-microbiology-bp303t-2022.pdf,OK,2026-09-20T16:00:14+00:00
BPHARM,3,2025-26,BP303T,pharmaceutical microbiology,https://www.aktuonline.com/papers/bpharm-3-sem-pharmaceutical-microbiology-bp303t-jan-2026.html,https://www.aktuonline.com/papers/bpharm-3-sem-pharmaceutical-microbiology-bp303t-jan-2026.pdf,,corpus/aktuonline3/bpharm-3-sem-pharmaceutical-microbiology-bp303t-jan-2026.pdf,OK,2026-09-20T16:00:18+00:00
BPHARM,3,2025-26,BP303T,pharmaceutical microbiology,https://www.aktuonline.com/papers/bpharm-3-sem-pharmaceutical-microbiology-bp303t-may-2026.html,https://www.aktuonline.com/papers/bpharm-3-sem-pharmaceutical-microbiology-bp303t-may-2026.pdf,,corpus/aktuonline3/bpharm-3-sem-pharmaceutical-microbiology-bp303t-may-2026.pdf,OK,2026-09-20T16:00:21+00:00
BPHARM,3,2022-23,BP301T,pharmaceutical organic chemistry 2,https://www.aktuonline.com/papers/bpharm-3-sem-pharmaceutical-organic-chemistry-2-bp-301t-mar-2023.html,https://www.aktuonline.com/papers/bpharm-3-sem-pharmaceutical-organic-chemistry-2-bp-301t-mar-2023.pdf,,corpus/aktuonline3/bpharm-3-sem-pharmaceutical-organic-chemistry-2-bp-301t-mar-2023.pdf,OK,2026-09-20T16:00:24+00:00
BPHARM,3,2018-19,BP301T,pharmaceutical organic chemistry 2,https://www.aktuonline.com/papers/bpharm-3-sem-pharmaceutical-organic-chemistry-2-bp301t-2019.html,https://www.aktuonline.com/papers/bpharm-3-sem-pharmaceutical-organic-chemistry-2-bp301t-2019.pdf,,corpus/aktuonline3/bpharm-3-sem-pharmaceutical-organic-chemistry-2-bp301t-2019.pdf,OK,2026-09-20T16:00:28+00:00
BPHARM,3,2021-22,BP301T,pharmaceutical organic chemistry 2,https://www.aktuonline.com/papers/bpharm-3-sem-pharmaceutical-organic-chemistry-2-bp301t-2022.html,https://www.aktuonline.com/papers/bpharm-3-sem-pharmaceutical-organic-chemistry-2-bp301t-2022.pdf,,corpus/aktuonline3/bpharm-3-sem-pharmaceutical-organic-chemistry-2-bp301t-2022.pdf,OK,2026-09-20T16:00:31+00:00
BPHARM,3,2023-24,BP301T,pharmaceutical organic chemistry 2,https://www.aktuonline.com/papers/bpharm-3-sem-pharmaceutical-organic-chemistry-2-bp301t-mar-2024.html,https://www.aktuonline.com/papers/bpharm-3-sem-pharmaceutical-organic-chemistry-2-bp301t-mar-2024.pdf,,corpus/aktuonline3/bpharm-3-sem-pharmaceutical-organic-chemistry-2-bp301t-mar-2024.pdf,OK,2026-09-20T16:00:34+00:00
BPHARM,3,2025-26,BP301T,pharmaceutical organic chemistry 2,https://www.aktuonline.com/papers/bpharm-3-sem-pharmaceutical-organic-chemistry-2-bp301t-may-2026.html,https://www.aktuonline.com/papers/bpharm-3-sem-pharmaceutical-organic-chemistry-2-bp301t-may-2026.pdf,,corpus/aktuonline3/bpharm-3-sem-pharmaceutical-organic-chemistry-2-bp301t-may-2026.pdf,OK,2026-09-20T16:00:38+00:00
BPHARM,3,2014-15,BOP232,pharmaceutics 2,https://www.aktuonline.com/papers/bpharm-3-sem-pharmaceutics-2-bop-232-2015.html,https://www.aktuonline.com/papers/bpharm-3-sem-pharmaceutics-2-bop-232-2015.pdf,,corpus/aktuonline3/bpharm-3-sem-pharmaceutics-2-bop-232-2015.pdf,OK,2026-09-20T16:00:42+00:00
BPHARM,3,2018-19,BOP232,pharmaceutics 2 unit operations,https://www.aktuonline.com/papers/bpharm-3-sem-pharmaceutics-2-unit-operations-bop-232-2019.html,https://www.aktuonline.com/papers/bpharm-3-sem-pharmaceutics-2-unit-operations-bop-232-2019.pdf,,corpus/aktuonline3/bpharm-3-sem-pharmaceutics-2-unit-operations-bop-232-2019.pdf,OK,2026-09-20T16:00:45+00:00
BPHARM,3,2018-19,RPH302,pharmaceutics 2 unit operations,https://www.aktuonline.com/papers/bpharm-3-sem-pharmaceutics-2-unit-operations-rph302-2019.html,https://www.aktuonline.com/papers/bpharm-3-sem-pharmaceutics-2-unit-operations-rph302-2019.pdf,,corpus/aktuonline3/bpharm-3-sem-pharmaceutics-2-unit-operations-rph302-2019.pdf,OK,2026-09-20T16:00:49+00:00
BPHARM,3,2019-20,PH234,pharmaceutics 3 community pharmacy,https://www.aktuonline.com/papers/bpharm-3-sem-pharmaceutics-3-community-pharmacy-ph234-2020.html,https://www.aktuonline.com/papers/bpharm-3-sem-pharmaceutics-3-community-pharmacy-ph234-2020.pdf,,corpus/aktuonline3/bpharm-3-sem-pharmaceutics-3-community-pharmacy-ph234-2020.pdf,OK,2026-09-20T16:00:52+00:00
BPHARM,3,2019-20,BOP233,pharmaceutics 3 hospital and community pharmacy,https://www.aktuonline.com/papers/bpharm-3-sem-pharmaceutics-3-hospital-and-community-pharmacy-bop233-2020.html,https://www.aktuonline.com/papers/bpharm-3-sem-pharmaceutics-3-hospital-and-community-pharmacy-bop233-2020.pdf,,corpus/aktuonline3/bpharm-3-sem-pharmaceutics-3-hospital-and-community-pharmacy-bop233-2020.pdf,OK,2026-09-20T16:00:55+00:00
BPHARM,3,2019-20,BOP235,pharmacognosy 2,https://www.aktuonline.com/papers/bpharm-3-sem-pharmacognosy-2-bop235-2020.html,https://www.aktuonline.com/papers/bpharm-3-sem-pharmacognosy-2-bop235-2020.pdf,,corpus/aktuonline3/bpharm-3-sem-pharmacognosy-2-bop235-2020.pdf,OK,2026-09-20T16:00:59+00:00
BPHARM,3,2018-19,RPH305,pharmacognosy 2,https://www.aktuonline.com/papers/bpharm-3-sem-pharmacognosy-2-rph-305-2019.html,https://www.aktuonline.com/papers/bpharm-3-sem-pharmacognosy-2-rph-305-2019.pdf,,corpus/aktuonline3/bpharm-3-sem-pharmacognosy-2-rph-305-2019.pdf,OK,2026-09-20T16:01:02+00:00
BPHARM,3,2021-22,RPH305,pharmacognosy 2,https://www.aktuonline.com/papers/bpharm-3-sem-pharmacognosy-2-rph305-2022.html,https://www.aktuonline.com/papers/bpharm-3-sem-pharmacognosy-2-rph305-2022.pdf,,corpus/aktuonline3/bpharm-3-sem-pharmacognosy-2-rph305-2022.pdf,OK,2026-09-20T16:01:05+00:00
BPHARM,3,2018-19,BP302T,physical pharmaceutics 1,https://www.aktuonline.com/papers/bpharm-3-sem-physical-pharmaceutics-1-bp302t-2019.html,https://www.aktuonline.com/papers/bpharm-3-sem-physical-pharmaceutics-1-bp302t-2019.pdf,,corpus/aktuonline3/bpharm-3-sem-physical-pharmaceutics-1-bp302t-2019.pdf,OK,2026-09-20T16:01:09+00:00
BPHARM,3,2020-21,BP302T,physical pharmaceutics 1,https://www.aktuonline.com/papers/bpharm-3-sem-physical-pharmaceutics-1-bp302t-2021.html,https://www.aktuonline.com/papers/bpharm-3-sem-physical-pharmaceutics-1-bp302t-2021.pdf,,corpus/aktuonline3/bpharm-3-sem-physical-pharmaceutics-1-bp302t-2021.pdf,OK,2026-09-20T16:01:12+00:00
BPHARM,3,2023-24,BP302T,physical pharmaceutics 1,https://www.aktuonline.com/papers/bpharm-3-sem-physical-pharmaceutics-1-bp302t-2024.html,https://www.aktuonline.com/papers/bpharm-3-sem-physical-pharmaceutics-1-bp302t-2024.pdf,,corpus/aktuonline3/bpharm-3-sem-physical-pharmaceutics-1-bp302t-2024.pdf,OK,2026-09-20T16:01:15+00:00
BPHARM,3,2023-24,BP302T,physical pharmaceutics 1,https://www.aktuonline.com/papers/bpharm-3-sem-physical-pharmaceutics-1-bp302t-mar-2024.html,https://www.aktuonline.com/papers/bpharm-3-sem-physical-pharmaceutics-1-bp302t-mar-2024.pdf,,corpus/aktuonline3/bpharm-3-sem-physical-pharmaceutics-1-bp302t-mar-2024.pdf,OK,2026-09-20T16:01:19+00:00
BPHARM,3,2025-26,BP302T,physical pharmaceutics 1,https://www.aktuonline.com/papers/bpharm-3-sem-physical-pharmaceutics-1-bp302t-may-2026.html,https://www.aktuonline.com/papers/bpharm-3-sem-physical-pharmaceutics-1-bp302t-may-2026.pdf,,corpus/aktuonline3/bpharm-3-sem-physical-pharmaceutics-1-bp302t-may-2026.pdf,OK,2026-09-20T16:01:22+00:00
BPHARM,4,2014-15,PH245,anatomy physiology and pathophysiology 2,https://www.aktuonline.com/papers/bpharm-4-sem-anatomy-physiology-and-pathophysiology-2-ph245-2015.html,https://www.aktuonline.com/papers/bpharm-4-sem-anatomy-physiology-and-pathophysiology-2-ph245-2015.pdf,,corpus/aktuonline3/bpharm-4-sem-anatomy-physiology-and-pathophysiology-2-ph245-2015.pdf,OK,2026-09-20T16:01:25+00:00
BPHARM,4,2006-07,PHAR245,anatomy physiology and pathophysiology 4,https://www.aktuonline.com/papers/bpharm-4-sem-anatomy-physiology-and-pathophysiology-4-phar245-2007.html,https://www.aktuonline.com/papers/bpharm-4-sem-anatomy-physiology-and-pathophysiology-4-phar245-2007.pdf,,corpus/aktuonline3/bpharm-4-sem-anatomy-physiology-and-pathophysiology-4-phar245-2007.pdf,OK,2026-09-20T16:01:28+00:00
BPHARM,4,2015-16,PHAR245,anatomy physiology and pathophysiology 4,https://www.aktuonline.com/papers/bpharm-4-sem-anatomy-physiology-and-pathophysiology-4-phar245-2016.html,https://www.aktuonline.com/papers/bpharm-4-sem-anatomy-physiology-and-pathophysiology-4-phar245-2016.pdf,,corpus/aktuonline3/bpharm-4-sem-anatomy-physiology-and-pathophysiology-4-phar245-2016.pdf,OK,2026-09-20T16:01:31+00:00
BPHARM,4,2017-18,,anatomy physiology and pathophysiology 4 pharm245,https://www.aktuonline.com/papers/bpharm-4-sem-anatomy-physiology-and-pathophysiology-4-pharm245-2018.html,https://www.aktuonline.com/papers/bpharm-4-sem-anatomy-physiology-and-pathophysiology-4-pharm245-2018.pdf,,corpus/aktuonline3/bpharm-4-sem-anatomy-physiology-and-pathophysiology-4-pharm245-2018.pdf,OK,2026-09-20T16:01:34+00:00
BPHARM,4,2017-18,RPH408,cosmetic technology,https://www.aktuonline.com/papers/bpharm-4-sem-cosmetic-technology-rph408-2018.html,https://www.aktuonline.com/papers/bpharm-4-sem-cosmetic-technology-rph408-2018.pdf,,corpus/aktuonline3/bpharm-4-sem-cosmetic-technology-rph408-2018.pdf,OK,2026-09-20T16:01:37+00:00
BPHARM,4,2019-20,BP402T,medicinal chemistry 1,https://www.aktuonline.com/papers/bpharm-4-sem-medicinal-chemistry-1-bp402t-2020.html,https://www.aktuonline.com/papers/bpharm-4-sem-medicinal-chemistry-1-bp402t-2020.pdf,,corpus/aktuonline3/bpharm-4-sem-medicinal-chemistry-1-bp402t-2020.pdf,OK,2026-09-20T16:01:41+00:00
BPHARM,4,2022-23,BP402T,medicinal chemistry 1,https://www.aktuonline.com/papers/bpharm-4-sem-medicinal-chemistry-1-bp402t-2023.html,https://www.aktuonline.com/papers/bpharm-4-sem-medicinal-chemistry-1-bp402t-2023.pdf,,corpus/aktuonline3/bpharm-4-sem-medicinal-chemistry-1-bp402t-2023.pdf,OK,2026-09-20T16:01:44+00:00
BPHARM,4,2023-24,BP402T,medicinal chemistry 1,https://www.aktuonline.com/papers/bpharm-4-sem-medicinal-chemistry-1-bp402t-mar-2024.html,https://www.aktuonline.com/papers/bpharm-4-sem-medicinal-chemistry-1-bp402t-mar-2024.pdf,,corpus/aktuonline3/bpharm-4-sem-medicinal-chemistry-1-bp402t-mar-2024.pdf,OK,2026-09-20T16:01:47+00:00
BPHARM,4,2024-25,,medicinal chemistry 1,https://www.aktuonline.com/papers/bpharm-4-sem-medicinal-chemistry-1-jul-2025.html,https://www.aktuonline.com/papers/bpharm-4-sem-medicinal-chemistry-1-jul-2025.pdf,,corpus/aktuonline3/bpharm-4-sem-medicinal-chemistry-1-jul-2025.pdf,OK,2026-09-20T16:01:51+00:00
BPHARM,4,2006-07,,pathophysiology of common diseases,https://www.aktuonline.com/papers/bpharm-4-sem-pathophysiology-of-common-diseases-2007.html,https://www.aktuonline.com/papers/bpharm-4-sem-pathophysiology-of-common-diseases-2007.pdf,,corpus/aktuonline3/bpharm-4-sem-pathophysiology-of-common-diseases-2007.pdf,OK,2026-09-20T16:01:54+00:00
BPHARM,4,2014-15,BOP244,pharmaceutical analysis 2 v2,https://www.aktuonline.com/papers/bpharm-4-sem-pharmaceutical-analysis-2-bop-244-v2-2015.html,https://www.aktuonline.com/papers/bpharm-4-sem-pharmaceutical-analysis-2-bop-244-v2-2015.pdf,,corpus/aktuonline3/bpharm-4-sem-pharmaceutical-analysis-2-bop-244-v2-2015.pdf,OK,2026-09-20T16:01:58+00:00
BPHARM,4,2015-16,BOP244,pharmaceutical analysis 2,https://www.aktuonline.com/papers/bpharm-4-sem-pharmaceutical-analysis-2-bop244-2016.html,https://www.aktuonline.com/papers/bpharm-4-sem-pharmaceutical-analysis-2-bop244-2016.pdf,,corpus/aktuonline3/bpharm-4-sem-pharmaceutical-analysis-2-bop244-2016.pdf,OK,2026-09-20T16:02:00+00:00
BPHARM,4,2017-18,BOP244,pharmaceutical analysis 2,https://www.aktuonline.com/papers/bpharm-4-sem-pharmaceutical-analysis-2-bop244-2018.html,https://www.aktuonline.com/papers/bpharm-4-sem-pharmaceutical-analysis-2-bop244-2018.pdf,,corpus/aktuonline3/bpharm-4-sem-pharmaceutical-analysis-2-bop244-2018.pdf,OK,2026-09-20T16:02:03+00:00
BPHARM,4,2014-15,PH244,pharmaceutical analysis 2,https://www.aktuonline.com/papers/bpharm-4-sem-pharmaceutical-analysis-2-ph244-2015.html,https://www.aktuonline.com/papers/bpharm-4-sem-pharmaceutical-analysis-2-ph244-2015.pdf,,corpus/aktuonline3/bpharm-4-sem-pharmaceutical-analysis-2-ph244-2015.pdf,OK,2026-09-20T16:02:06+00:00
BPHARM,4,2006-07,PHAR244,pharmaceutical analysis 2,https://www.aktuonline.com/papers/bpharm-4-sem-pharmaceutical-analysis-2-phar244-2007.html,https://www.aktuonline.com/papers/bpharm-4-sem-pharmaceutical-analysis-2-phar244-2007.pdf,,corpus/aktuonline3/bpharm-4-sem-pharmaceutical-analysis-2-phar244-2007.pdf,OK,2026-09-20T16:02:10+00:00
BPHARM,4,2018-19,,pharmaceutical analysis 2 pharm244,https://www.aktuonline.com/papers/bpharm-4-sem-pharmaceutical-analysis-2-pharm244-2019.html,https://www.aktuonline.com/papers/bpharm-4-sem-pharmaceutical-analysis-2-pharm244-2019.pdf,,corpus/aktuonline3/bpharm-4-sem-pharmaceutical-analysis-2-pharm244-2019.pdf,OK,2026-09-20T16:02:13+00:00
BPHARM,4,2018-19,RPH410,pharmaceutical analysis 2,https://www.aktuonline.com/papers/bpharm-4-sem-pharmaceutical-analysis-2-rph410-2019.html,https://www.aktuonline.com/papers/bpharm-4-sem-pharmaceutical-analysis-2-rph410-2019.pdf,,corpus/aktuonline3/bpharm-4-sem-pharmaceutical-analysis-2-rph410-2019.pdf,OK,2026-09-20T16:02:17+00:00
BPHARM,4,2014-15,PH243,pharmaceutical biostatistics,https://www.aktuonline.com/papers/bpharm-4-sem-pharmaceutical-biostatistics-ph243-2015.html,https://www.aktuonline.com/papers/bpharm-4-sem-pharmaceutical-biostatistics-ph243-2015.pdf,,corpus/aktuonline3/bpharm-4-sem-pharmaceutical-biostatistics-ph243-2015.pdf,OK,2026-09-20T16:02:20+00:00
BPHARM,4,2016-17,BOP241,pharmaceutical chemistry 4,https://www.aktuonline.com/papers/bpharm-4-sem-pharmaceutical-chemistry-4-bop241-2017.html,https://www.aktuonline.com/papers/bpharm-4-sem-pharmaceutical-chemistry-4-bop241-2017.pdf,,corpus/aktuonline3/bpharm-4-sem-pharmaceutical-chemistry-4-bop241-2017.pdf,OK,2026-09-20T16:02:23+00:00
BPHARM,4,2014-15,PH246,pharmaceutical jurisprudence and ethics,https://www.aktuonline.com/papers/bpharm-4-sem-pharmaceutical-jurisprudence-and-ethics-ph246-2015.html,https://www.aktuonline.com/papers/bpharm-4-sem-pharmaceutical-jurisprudence-and-ethics-ph246-2015.pdf,,corpus/aktuonline3/bpharm-4-sem-pharmaceutical-jurisprudence-and-ethics-ph246-2015.pdf,OK,2026-09-20T16:02:26+00:00
BPHARM,4,2014-15,BOP245,pharmaceutical jurisprudence and ipr,https://www.aktuonline.com/papers/bpharm-4-sem-pharmaceutical-jurisprudence-and-ipr-bop-245-2015.html,https://www.aktuonline.com/papers/bpharm-4-sem-pharmaceutical-jurisprudence-and-ipr-bop-245-2015.pdf,,corpus/aktuonline3/bpharm-4-sem-pharmaceutical-jurisprudence-and-ipr-bop-245-2015.pdf,OK,2026-09-20T16:02:29+00:00
BPHARM,4,2017-18,BOP245,pharmaceutical jurisprudence,https://www.aktuonline.com/papers/bpharm-4-sem-pharmaceutical-jurisprudence-bop245-2018.html,https://www.aktuonline.com/papers/bpharm-4-sem-pharmaceutical-jurisprudence-bop245-2018.pdf,,corpus/aktuonline3/bpharm-4-sem-pharmaceutical-jurisprudence-bop245-2018.pdf,OK,2026-09-20T16:02:32+00:00
BPHARM,4,2017-18,PH246,pharmaceutical jurisprudence ethics,https://www.aktuonline.com/papers/bpharm-4-sem-pharmaceutical-jurisprudence-ethics-ph246-2018.html,https://www.aktuonline.com/papers/bpharm-4-sem-pharmaceutical-jurisprudence-ethics-ph246-2018.pdf,,corpus/aktuonline3/bpharm-4-sem-pharmaceutical-jurisprudence-ethics-ph246-2018.pdf,OK,2026-09-20T16:02:36+00:00
BPHARM,4,2006-07,,pharmaceutical microbiology,https://www.aktuonline.com/papers/bpharm-4-sem-pharmaceutical-microbiology-2007.html,https://www.aktuonline.com/papers/bpharm-4-sem-pharmaceutical-microbiology-2007.pdf,,corpus/aktuonline3/bpharm-4-sem-pharmaceutical-microbiology-2007.pdf,OK,2026-09-20T16:02:39+00:00
BPHARM,4,2014-15,PH242,pharmaceutical microbiology,https://www.aktuonline.com/papers/bpharm-4-sem-pharmaceutical-microbiology-ph-242-2015.html,https://www.aktuonline.com/papers/bpharm-4-sem-pharmaceutical-microbiology-ph-242-2015.pdf,,corpus/aktuonline3/bpharm-4-sem-pharmaceutical-microbiology-ph-242-2015.pdf,OK,2026-09-20T16:02:42+00:00
BPHARM,4,2018-19,BP401T,pharmaceutical organic chemistry 3,https://www.aktuonline.com/papers/bpharm-4-sem-pharmaceutical-organic-chemistry-3-bp401t-2019.html,https://www.aktuonline.com/papers/bpharm-4-sem-pharmaceutical-organic-chemistry-3-bp401t-2019.pdf,,corpus/aktuonline3/bpharm-4-sem-pharmaceutical-organic-chemistry-3-bp401t-2019.pdf,OK,2026-09-20T16:02:46+00:00
BPHARM,4,2021-22,BP401T,pharmaceutical organic chemistry 3,https://www.aktuonline.com/papers/bpharm-4-sem-pharmaceutical-organic-chemistry-3-bp401t-2022.html,https://www.aktuonline.com/papers/bpharm-4-sem-pharmaceutical-organic-chemistry-3-bp401t-2022.pdf,,corpus/aktuonline3/bpharm-4-sem-pharmaceutical-organic-chemistry-3-bp401t-2022.pdf,OK,2026-09-20T16:02:49+00:00
BPHARM,4,2024-25,BP401T,pharmaceutical organic chemistry 3,https://www.aktuonline.com/papers/bpharm-4-sem-pharmaceutical-organic-chemistry-3-bp401t-mar-2025.html,https://www.aktuonline.com/papers/bpharm-4-sem-pharmaceutical-organic-chemistry-3-bp401t-mar-2025.pdf,,corpus/aktuonline3/bpharm-4-sem-pharmaceutical-organic-chemistry-3-bp401t-mar-2025.pdf,OK,2026-09-20T16:02:52+00:00
BPHARM,4,2022-23,BP401T,pharmaceutical organic chmeistry 3,https://www.aktuonline.com/papers/bpharm-4-sem-pharmaceutical-organic-chmeistry-3-bp401t-2023.html,https://www.aktuonline.com/papers/bpharm-4-sem-pharmaceutical-organic-chmeistry-3-bp401t-2023.pdf,,corpus/aktuonline3/bpharm-4-sem-pharmaceutical-organic-chmeistry-3-bp401t-2023.pdf,OK,2026-09-20T16:02:56+00:00
BPHARM,4,2015-16,BOP242,pharmaceutics 4,https://www.aktuonline.com/papers/bpharm-4-sem-pharmaceutics-4-bop-242-2016.html,https://www.aktuonline.com/papers/bpharm-4-sem-pharmaceutics-4-bop-242-2016.pdf,,corpus/aktuonline3/bpharm-4-sem-pharmaceutics-4-bop-242-2016.pdf,OK,2026-09-20T16:02:59+00:00
BPHARM,4,2014-15,BOP242,pharmaceutics 4,https://www.aktuonline.com/papers/bpharm-4-sem-pharmaceutics-4-bop242-2015.html,https://www.aktuonline.com/papers/bpharm-4-sem-pharmaceutics-4-bop242-2015.pdf,,corpus/aktuonline3/bpharm-4-sem-pharmaceutics-4-bop242-2015.pdf,OK,2026-09-20T16:03:02+00:00
BPHARM,4,2006-07,PH241,pharmaceutics 4,https://www.aktuonline.com/papers/bpharm-4-sem-pharmaceutics-4-ph-241-2007.html,https://www.aktuonline.com/papers/bpharm-4-sem-pharmaceutics-4-ph-241-2007.pdf,,corpus/aktuonline3/bpharm-4-sem-pharmaceutics-4-ph-241-2007.pdf,OK,2026-09-20T16:03:05+00:00
BPHARM,4,2018-19,BOP242,pharmaceutics 4 physical pharmacy,https://www.aktuonline.com/papers/bpharm-4-sem-pharmaceutics-4-physical-pharmacy-bop242-2019.html,https://www.aktuonline.com/papers/bpharm-4-sem-pharmaceutics-4-physical-pharmacy-bop242-2019.pdf,,corpus/aktuonline3/bpharm-4-sem-pharmaceutics-4-physical-pharmacy-bop242-2019.pdf,OK,2026-09-20T16:03:09+00:00
BPHARM,4,2006-07,,pharmaceutics 5,https://www.aktuonline.com/papers/bpharm-4-sem-pharmaceutics-5-2007.html,https://www.aktuonline.com/papers/bpharm-4-sem-pharmaceutics-5-2007.pdf,,corpus/aktuonline3/bpharm-4-sem-pharmaceutics-5-2007.pdf,OK,2026-09-20T16:03:12+00:00
BPHARM,4,2015-16,BOP243,pharmaceutics 5,https://www.aktuonline.com/papers/bpharm-4-sem-pharmaceutics-5-bop243-2016.html,https://www.aktuonline.com/papers/bpharm-4-sem-pharmaceutics-5-bop243-2016.pdf,,corpus/aktuonline3/bpharm-4-sem-pharmaceutics-5-bop243-2016.pdf,OK,2026-09-20T16:03:15+00:00
BPHARM,4,2018-19,BOP243,pharmaceutics 5,https://www.aktuonline.com/papers/bpharm-4-sem-pharmaceutics-5-bop243-2019.html,https://www.aktuonline.com/papers/bpharm-4-sem-pharmaceutics-5-bop243-2019.pdf,,corpus/aktuonline3/bpharm-4-sem-pharmaceutics-5-bop243-2019.pdf,OK,2026-09-20T16:03:19+00:00
BPHARM,4,2006-07,PH244,pharmaceutics 5,https://www.aktuonline.com/papers/bpharm-4-sem-pharmaceutics-5-ph-244-2007.html,https://www.aktuonline.com/papers/bpharm-4-sem-pharmaceutics-5-ph-244-2007.pdf,,corpus/aktuonline3/bpharm-4-sem-pharmaceutics-5-ph-244-2007.pdf,OK,2026-09-20T16:03:22+00:00
BPHARM,4,2018-19,BP405T,pharmacognosy 1,https://www.aktuonline.com/papers/bpharm-4-sem-pharmacognosy-1-bp405t-2019.html,https://www.aktuonline.com/papers/bpharm-4-sem-pharmacognosy-1-bp405t-2019.pdf,,corpus/aktuonline3/bpharm-4-sem-pharmacognosy-1-bp405t-2019.pdf,OK,2026-09-20T16:03:25+00:00
BPHARM,4,2023-24,BP405T,pharmacognosy 1,https://www.aktuonline.com/papers/bpharm-4-sem-pharmacognosy-1-bp405t-2024.html,https://www.aktuonline.com/papers/bpharm-4-sem-pharmacognosy-1-bp405t-2024.pdf,,corpus/aktuonline3/bpharm-4-sem-pharmacognosy-1-bp405t-2024.pdf,OK,2026-09-20T16:03:28+00:00
BPHARM,4,2021-22,BP405T,pharmacognosy 1 v2,https://www.aktuonline.com/papers/bpharm-4-sem-pharmacognosy-1-bp405t-v2-2022.html,https://www.aktuonline.com/papers/bpharm-4-sem-pharmacognosy-1-bp405t-v2-2022.pdf,,corpus/aktuonline3/bpharm-4-sem-pharmacognosy-1-bp405t-v2-2022.pdf,OK,2026-09-20T16:03:32+00:00
BPHARM,4,2022-23,BP405T,pharmacognosy 1 theory,https://www.aktuonline.com/papers/bpharm-4-sem-pharmacognosy-1-theory-bp405t-2023.html,https://www.aktuonline.com/papers/bpharm-4-sem-pharmacognosy-1-theory-bp405t-2023.pdf,,corpus/aktuonline3/bpharm-4-sem-pharmacognosy-1-theory-bp405t-2023.pdf,OK,2026-09-20T16:03:35+00:00
BPHARM,4,2006-07,PH243,pharmacognosy 2,https://www.aktuonline.com/papers/bpharm-4-sem-pharmacognosy-2-ph-243-2007.html,https://www.aktuonline.com/papers/bpharm-4-sem-pharmacognosy-2-ph-243-2007.pdf,,corpus/aktuonline3/bpharm-4-sem-pharmacognosy-2-ph-243-2007.pdf,OK,2026-09-20T16:03:38+00:00
BPHARM,4,2015-16,PHAR243,pharmacognosy 2,https://www.aktuonline.com/papers/bpharm-4-sem-pharmacognosy-2-phar-243-2016.html,https://www.aktuonline.com/papers/bpharm-4-sem-pharmacognosy-2-phar-243-2016.pdf,,corpus/aktuonline3/bpharm-4-sem-pharmacognosy-2-phar-243-2016.pdf,OK,2026-09-20T16:03:41+00:00
BPHARM,4,2018-19,BP404T,pharmacology 1,https://www.aktuonline.com/papers/bpharm-4-sem-pharmacology-1-bp404t-2019.html,https://www.aktuonline.com/papers/bpharm-4-sem-pharmacology-1-bp404t-2019.pdf,,corpus/aktuonline3/bpharm-4-sem-pharmacology-1-bp404t-2019.pdf,OK,2026-09-20T16:03:44+00:00
BPHARM,4,2021-22,BP404T,pharmacology 1,https://www.aktuonline.com/papers/bpharm-4-sem-pharmacology-1-bp404t-2022.html,https://www.aktuonline.com/papers/bpharm-4-sem-pharmacology-1-bp404t-2022.pdf,,corpus/aktuonline3/bpharm-4-sem-pharmacology-1-bp404t-2022.pdf,OK,2026-09-20T16:03:48+00:00
BPHARM,4,2025-26,BP404T,pharmacology 1,https://www.aktuonline.com/papers/bpharm-4-sem-pharmacology-1-bp404t-dec-2025.html,https://www.aktuonline.com/papers/bpharm-4-sem-pharmacology-1-bp404t-dec-2025.pdf,,corpus/aktuonline3/bpharm-4-sem-pharmacology-1-bp404t-dec-2025.pdf,OK,2026-09-20T16:03:51+00:00
BPHARM,4,2024-25,BP404T,pharmacology 1,https://www.aktuonline.com/papers/bpharm-4-sem-pharmacology-1-bp404t-mar-2025.html,https://www.aktuonline.com/papers/bpharm-4-sem-pharmacology-1-bp404t-mar-2025.pdf,,corpus/aktuonline3/bpharm-4-sem-pharmacology-1-bp404t-mar-2025.pdf,OK,2026-09-20T16:03:54+00:00
BPHARM,4,2022-23,BP404T,pharmacology 1 theory,https://www.aktuonline.com/papers/bpharm-4-sem-pharmacology-1-theory-bp404t-2023.html,https://www.aktuonline.com/papers/bpharm-4-sem-pharmacology-1-theory-bp404t-2023.pdf,,corpus/aktuonline3/bpharm-4-sem-pharmacology-1-theory-bp404t-2023.pdf,OK,2026-09-20T16:03:57+00:00
BPHARM,4,2017-18,,phharmaceutical analysis 2 pharm244,https://www.aktuonline.com/papers/bpharm-4-sem-phharmaceutical-analysis-2-pharm244-2018.html,https://www.aktuonline.com/papers/bpharm-4-sem-phharmaceutical-analysis-2-pharm244-2018.pdf,,corpus/aktuonline3/bpharm-4-sem-phharmaceutical-analysis-2-pharm244-2018.pdf,OK,2026-09-20T16:04:00+00:00
BPHARM,4,2022-23,BP403T,physical pharmaceutics 2,https://www.aktuonline.com/papers/bpharm-4-sem-physical-pharmaceutics-2-bp-403t-mar-2023.html,https://www.aktuonline.com/papers/bpharm-4-sem-physical-pharmaceutics-2-bp-403t-mar-2023.pdf,,corpus/aktuonline3/bpharm-4-sem-physical-pharmaceutics-2-bp-403t-mar-2023.pdf,OK,2026-09-20T16:04:04+00:00
BPHARM,4,2019-20,BP403T,physical pharmaceutics 2,https://www.aktuonline.com/papers/bpharm-4-sem-physical-pharmaceutics-2-bp403t-2020.html,https://www.aktuonline.com/papers/bpharm-4-sem-physical-pharmaceutics-2-bp403t-2020.pdf,,corpus/aktuonline3/bpharm-4-sem-physical-pharmaceutics-2-bp403t-2020.pdf,OK,2026-09-20T16:04:07+00:00
BPHARM,4,2022-23,BP403T,physical pharmaceutics 2,https://www.aktuonline.com/papers/bpharm-4-sem-physical-pharmaceutics-2-bp403t-2023.html,https://www.aktuonline.com/papers/bpharm-4-sem-physical-pharmaceutics-2-bp403t-2023.pdf,,corpus/aktuonline3/bpharm-4-sem-physical-pharmaceutics-2-bp403t-2023.pdf,OK,2026-09-20T16:04:10+00:00
BPHARM,4,2024-25,BP403T,physical pharmaceutics 2,https://www.aktuonline.com/papers/bpharm-4-sem-physical-pharmaceutics-2-bp403t-mar-2025.html,https://www.aktuonline.com/papers/bpharm-4-sem-physical-pharmaceutics-2-bp403t-mar-2025.pdf,,corpus/aktuonline3/bpharm-4-sem-physical-pharmaceutics-2-bp403t-mar-2025.pdf,OK,2026-09-20T16:04:14+00:00
BPHARM,4,2025-26,BP403T,physical pharmaceutics 2 theory,https://www.aktuonline.com/papers/bpharm-4-sem-physical-pharmaceutics-2-theory-bp403t-may-2026.html,https://www.aktuonline.com/papers/bpharm-4-sem-physical-pharmaceutics-2-theory-bp403t-may-2026.pdf,,corpus/aktuonline3/bpharm-4-sem-physical-pharmaceutics-2-theory-bp403t-may-2026.pdf,OK,2026-09-20T16:04:17+00:00
BPHARM,4,2017-18,BOP242,physical pharmacy,https://www.aktuonline.com/papers/bpharm-4-sem-physical-pharmacy-bop-242-2018.html,https://www.aktuonline.com/papers/bpharm-4-sem-physical-pharmacy-bop-242-2018.pdf,,corpus/aktuonline3/bpharm-4-sem-physical-pharmacy-bop-242-2018.pdf,OK,2026-09-20T16:04:20+00:00
BPHARM,4,2018-19,,unit operation 2 pharm 241,https://www.aktuonline.com/papers/bpharm-4-sem-unit-operation-2-pharm-241-2019.html,https://www.aktuonline.com/papers/bpharm-4-sem-unit-operation-2-pharm-241-2019.pdf,,corpus/aktuonline3/bpharm-4-sem-unit-operation-2-pharm-241-2019.pdf,OK,2026-09-20T16:04:24+00:00
BPHARM,5,2019-20,BOP355,environment and ecology,https://www.aktuonline.com/papers/bpharm-5-sem-environment-and-ecology-bop355-2020.html,https://www.aktuonline.com/papers/bpharm-5-sem-environment-and-ecology-bop355-2020.pdf,,corpus/aktuonline3/bpharm-5-sem-environment-and-ecology-bop355-2020.pdf,OK,2026-09-20T16:04:27+00:00
BPHARM,5,2019-20,RPH525,environment and ecology,https://www.aktuonline.com/papers/bpharm-5-sem-environment-and-ecology-rph525-2020.html,https://www.aktuonline.com/papers/bpharm-5-sem-environment-and-ecology-rph525-2020.pdf,,corpus/aktuonline3/bpharm-5-sem-environment-and-ecology-rph525-2020.pdf,OK,2026-09-20T16:04:30+00:00
BPHARM,5,2022-23,BP502T,industrial pharmacy 1,https://www.aktuonline.com/papers/bpharm-5-sem-industrial-pharmacy-1-bp-502t-jan-2023.html,https://www.aktuonline.com/papers/bpharm-5-sem-industrial-pharmacy-1-bp-502t-jan-2023.pdf,,corpus/aktuonline3/bpharm-5-sem-industrial-pharmacy-1-bp-502t-jan-2023.pdf,OK,2026-09-20T16:04:33+00:00
BPHARM,5,2020-21,BP502T,industrial pharmacy 1,https://www.aktuonline.com/papers/bpharm-5-sem-industrial-pharmacy-1-bp502t-2021.html,https://www.aktuonline.com/papers/bpharm-5-sem-industrial-pharmacy-1-bp502t-2021.pdf,,corpus/aktuonline3/bpharm-5-sem-industrial-pharmacy-1-bp502t-2021.pdf,OK,2026-09-20T16:04:36+00:00
BPHARM,5,2022-23,BP502T,industrial pharmacy 1,https://www.aktuonline.com/papers/bpharm-5-sem-industrial-pharmacy-1-bp502t-2023.html,https://www.aktuonline.com/papers/bpharm-5-sem-industrial-pharmacy-1-bp502t-2023.pdf,,corpus/aktuonline3/bpharm-5-sem-industrial-pharmacy-1-bp502t-2023.pdf,OK,2026-09-20T16:04:39+00:00
BPHARM,5,2023-24,BP502T,industrial pharmacy 1,https://www.aktuonline.com/papers/bpharm-5-sem-industrial-pharmacy-1-bp502t-jan-2024.html,https://www.aktuonline.com/papers/bpharm-5-sem-industrial-pharmacy-1-bp502t-jan-2024.pdf,,corpus/aktuonline3/bpharm-5-sem-industrial-pharmacy-1-bp502t-jan-2024.pdf,OK,2026-09-20T16:04:43+00:00
BPHARM,5,2023-24,BP502T,industrial pharmacy 1,https://www.aktuonline.com/papers/bpharm-5-sem-industrial-pharmacy-1-bp502t-jun-2024.html,https://www.aktuonline.com/papers/bpharm-5-sem-industrial-pharmacy-1-bp502t-jun-2024.pdf,,corpus/aktuonline3/bpharm-5-sem-industrial-pharmacy-1-bp502t-jun-2024.pdf,OK,2026-09-20T16:04:46+00:00
BPHARM,5,2025-26,BP502T,industrial pharmacy 1 theory,https://www.aktuonline.com/papers/bpharm-5-sem-industrial-pharmacy-1-theory-bp502t-may-2026.html,https://www.aktuonline.com/papers/bpharm-5-sem-industrial-pharmacy-1-theory-bp502t-may-2026.pdf,,corpus/aktuonline3/bpharm-5-sem-industrial-pharmacy-1-theory-bp502t-may-2026.pdf,OK,2026-09-20T16:04:49+00:00
BPHARM,5,2021-22,RPH521,medicinal chemistry 1,https://www.aktuonline.com/papers/bpharm-5-sem-medicinal-chemistry-1-rph521-2022.html,https://www.aktuonline.com/papers/bpharm-5-sem-medicinal-chemistry-1-rph521-2022.pdf,,corpus/aktuonline3/bpharm-5-sem-medicinal-chemistry-1-rph521-2022.pdf,OK,2026-09-20T16:04:53+00:00
BPHARM,5,2022-23,BP501T,medicinal chemistry 2,https://www.aktuonline.com/papers/bpharm-5-sem-medicinal-chemistry-2-bp-501t-jan-2023.html,https://www.aktuonline.com/papers/bpharm-5-sem-medicinal-chemistry-2-bp-501t-jan-2023.pdf,,corpus/aktuonline3/bpharm-5-sem-medicinal-chemistry-2-bp-501t-jan-2023.pdf,OK,2026-09-20T16:04:56+00:00
BPHARM,5,2021-22,BP501T,medicinal chemistry 2,https://www.aktuonline.com/papers/bpharm-5-sem-medicinal-chemistry-2-bp501t-2022.html,https://www.aktuonline.com/papers/bpharm-5-sem-medicinal-chemistry-2-bp501t-2022.pdf,,corpus/aktuonline3/bpharm-5-sem-medicinal-chemistry-2-bp501t-2022.pdf,OK,2026-09-20T16:04:59+00:00
BPHARM,5,2024-25,BP501T,medicinal chemistry 2,https://www.aktuonline.com/papers/bpharm-5-sem-medicinal-chemistry-2-bp501t-jan-2025.html,https://www.aktuonline.com/papers/bpharm-5-sem-medicinal-chemistry-2-bp501t-jan-2025.pdf,,corpus/aktuonline3/bpharm-5-sem-medicinal-chemistry-2-bp501t-jan-2025.pdf,OK,2026-09-20T16:05:03+00:00
BPHARM,5,2024-25,BP501T,medicinal chemistry 2,https://www.aktuonline.com/papers/bpharm-5-sem-medicinal-chemistry-2-bp501t-jun-2025.html,https://www.aktuonline.com/papers/bpharm-5-sem-medicinal-chemistry-2-bp501t-jun-2025.pdf,,corpus/aktuonline3/bpharm-5-sem-medicinal-chemistry-2-bp501t-jun-2025.pdf,OK,2026-09-20T16:05:06+00:00
BPHARM,5,2019-20,BT501T,medicinal chemistry 2,https://www.aktuonline.com/papers/bpharm-5-sem-medicinal-chemistry-2-bt501t-2020.html,https://www.aktuonline.com/papers/bpharm-5-sem-medicinal-chemistry-2-bt501t-2020.pdf,,corpus/aktuonline3/bpharm-5-sem-medicinal-chemistry-2-bt501t-2020.pdf,OK,2026-09-20T16:05:10+00:00
