paper_url,course,semester,academic_year,paper_code,paper_name,final_status,struct_on_disk,flat_on_disk,action
https://ryzenstudy.com/papers/aktu-btech-sem-1-artificial-intelligence-for-engineers-2021-22,BTech,1,2021-22,KMC-101,Artificial Intelligence For Engineers,OK,yes,yes,none
https://ryzenstudy.com/papers/aktu-btech-sem-1-basic-of-electrical-engineering-2021-22,BTech,1,2021-22,KEE-101T,Basic Of Electrical Engineering,OK,yes,yes,none
https://ryzenstudy.com/papers/aktu-btech-sem-1-emerging-domain-in-electronics-engineering-2021-22,BTech,1,2021-22,KEC-101T,Emerging Domain In Electronics Engineering,OK,yes,yes,none
https://ryzenstudy.com/papers/aktu-btech-sem-1-emerging-technology-for-engineering-2021-22,BTech,1,2021-22,KMC-102,Emerging Technology For Engineering,OK,yes,yes,none
https://ryzenstudy.com/papers/aktu-btech-sem-1-engineering-chemistry-2021-22,BTech,1,2021-22,KAS-102T,Engineering Chemistry,OK,yes,yes,none
https://ryzenstudy.com/papers/aktu-btech-sem-1-engineering-chemistry-2022-23,BTech,1,2022-23,BAS-102,Engineering Chemistry,OK,yes,yes,none
https://ryzenstudy.com/papers/aktu-btech-sem-1-engineering-chemistry-2023-24,BTech,1,2023-24,BAS102,Engineering Chemistry,OK,yes,yes,none
https://ryzenstudy.com/papers/aktu-btech-sem-1-engineering-chemistry-2024-25,BTech,1,2024-25,BAS102,Engineering Chemistry,OK,yes,yes,none
https://ryzenstudy.com/papers/aktu-btech-sem-1-engineering-chemistry-2025-26,BTech,1,2025-26,BAS102,Engineering Chemistry,OK,yes,yes,none
https://ryzenstudy.com/papers/aktu-btech-sem-1-engineering-mathematics-i-2021-22,BTech,1,2021-22,KAS-103T,Engineering Mathematics I,OK,yes,yes,none
https://ryzenstudy.com/papers/aktu-btech-sem-1-engineering-mathematics-i-2022-23,BTech,1,2022-23,BAS-103,Engineering Mathematics I,OK,yes,yes,none
https://ryzenstudy.com/papers/aktu-btech-sem-1-engineering-mathematics-i-2023-24,BTech,1,2023-24,BAS103,Engineering Mathematics I,OK,yes,yes,none
https://ryzenstudy.com/papers/aktu-btech-sem-1-engineering-mathematics-i-2024-25,BTech,1,2024-25,BAS103,Engineering Mathematics I,OK,yes,yes,none
https://ryzenstudy.com/papers/aktu-btech-sem-1-engineering-mathematics-i-2025-26,BTech,1,2025-26,BAS103,Engineering Mathematics I,OK,yes,yes,none
https://ryzenstudy.com/papers/aktu-btech-sem-1-engineering-physics-2021-22,BTech,1,2021-22,KAS-101T,Engineering Physics,OK,yes,yes,none
https://ryzenstudy.com/papers/aktu-btech-sem-1-engineering-physics-2022-23,BTech,1,2022-23,BAS-101,Engineering Physics,OK,yes,yes,none
https://ryzenstudy.com/papers/aktu-btech-sem-1-engineering-physics-2023-24,BTech,1,2023-24,BAS101,Engineering Physics,OK,yes,yes,none
https://ryzenstudy.com/papers/aktu-btech-sem-1-engineering-physics-2024-25,BTech,1,2024-25,BAS101,Engineering Physics,OK,yes,yes,none
https://ryzenstudy.com/papers/aktu-btech-sem-1-engineering-physics-2025-26,BTech,1,2025-26,BAS101,Engineering Physics,OK,yes,yes,none
https://ryzenstudy.com/papers/aktu-btech-sem-1-environment-and-ecology-2022-23,BTech,1,2022-23,BAS-104,Environment And Ecology,OK,yes,yes,none
https://ryzenstudy.com/papers/aktu-btech-sem-1-environment-and-ecology-2023-24,BTech,1,2023-24,BAS104,Environment And Ecology,OK,yes,yes,none
https://ryzenstudy.com/papers/aktu-btech-sem-1-environment-and-ecology-2024-25,BTech,1,2024-25,BAS104,Environment And Ecology,OK,yes,yes,none
https://ryzenstudy.com/papers/aktu-btech-sem-1-environment-and-ecology-2025-26,BTech,1,2025-26,BAS104,Environment And Ecology,OK,yes,yes,none
https://ryzenstudy.com/papers/aktu-btech-sem-1-fundamentals-of-electrical-engineering-2022-23,BTech,1,2022-23,BEE-101,Fundamentals Of Electrical Engineering,OK,yes,yes,none
https://ryzenstudy.com/papers/aktu-btech-sem-1-fundamentals-of-electrical-engineering-2023-24,BTech,1,2023-24,BEE101,Fundamentals Of Electrical Engineering,OK,yes,yes,none
https://ryzenstudy.com/papers/aktu-btech-sem-1-fundamentals-of-electrical-engineering-2024-25,BTech,1,2024-25,BEE101,Fundamentals Of Electrical Engineering,OK,yes,yes,none
https://ryzenstudy.com/papers/aktu-btech-sem-1-fundamentals-of-electrical-engineering-2025-26,BTech,1,2025-26,BEE101,Fundamentals Of Electrical Engineering,OK,yes,yes,none
https://ryzenstudy.com/papers/aktu-btech-sem-1-fundamentals-of-electronics-engineering-2022-23,BTech,1,2022-23,BEC-101,Fundamentals Of Electronics Engineering,OK,yes,yes,none
https://ryzenstudy.com/papers/aktu-btech-sem-1-fundamentals-of-electronics-engineering-2023-24,BTech,1,2023-24,BEC101,Fundamentals Of Electronics Engineering,OK,yes,yes,none
https://ryzenstudy.com/papers/aktu-btech-sem-1-fundamentals-of-electronics-engineering-2024-25,BTech,1,2024-25,BEC101,Fundamentals Of Electronics Engineering,OK,yes,yes,none
https://ryzenstudy.com/papers/aktu-btech-sem-1-fundamentals-of-electronics-engineering-2025-26,BTech,1,2025-26,BEC101,Fundamentals Of Electronics Engineering,OK,yes,yes,none
https://ryzenstudy.com/papers/aktu-btech-sem-1-fundamentals-of-mechanical-engineering-2022-23,BTech,1,2022-23,BME-101,Fundamentals Of Mechanical Engineering,OK,yes,yes,none
https://ryzenstudy.com/papers/aktu-btech-sem-1-fundamentals-of-mechanical-engineering-2023-24,BTech,1,2023-24,BME101,Fundamentals Of Mechanical Engineering,OK,yes,yes,none
https://ryzenstudy.com/papers/aktu-btech-sem-1-fundamentals-of-mechanical-engineering-2024-25,BTech,1,2024-25,BME101,Fundamentals Of Mechanical Engineering,OK,yes,yes,none
https://ryzenstudy.com/papers/aktu-btech-sem-1-fundamentals-of-mechanical-engineering-2025-26,BTech,1,2025-26,BME101,Fundamentals Of Mechanical Engineering,OK,yes,yes,none
https://ryzenstudy.com/papers/aktu-btech-sem-1-fundamentals-of-mechanical-engineering-mechatronics-2021-22,BTech,1,2021-22,KME-101T,Fundamentals Of Mechanical Engineering Mechatronics,OK,yes,yes,none
https://ryzenstudy.com/papers/aktu-btech-sem-1-programming-for-problem-solving-2021-22,BTech,1,2021-22,KCS-101T,Programming For Problem Solving,OK,yes,yes,none
https://ryzenstudy.com/papers/aktu-btech-sem-1-programming-for-problem-solving-2022-23,BTech,1,2022-23,BCS-101,Programming For Problem Solving,OK,yes,yes,none
https://ryzenstudy.com/papers/aktu-btech-sem-1-programming-for-problem-solving-2023-24,BTech,1,2023-24,BCS101,Programming For Problem Solving,OK,yes,yes,none
https://ryzenstudy.com/papers/aktu-btech-sem-1-programming-for-problem-solving-2024-25,BTech,1,2024-25,BCS101,Programming For Problem Solving,OK,yes,yes,none
https://ryzenstudy.com/papers/aktu-btech-sem-1-programming-for-problem-solving-2025-26,BTech,1,2025-26,BCS101,Programming For Problem Solving,OK,yes,yes,none
https://ryzenstudy.com/papers/aktu-btech-sem-1-soft-skills-2022-23,BTech,1,2022-23,BAS-105,Soft Skills,OK,yes,yes,none
https://ryzenstudy.com/papers/aktu-btech-sem-1-soft-skills-2023-24,BTech,1,2023-24,BAS105,Soft Skills,OK,yes,yes,none
https://ryzenstudy.com/papers/aktu-btech-sem-1-soft-skills-2024-25,BTech,1,2024-25,BAS105,Soft Skills,OK,yes,yes,none
https://ryzenstudy.com/papers/aktu-btech-sem-1-soft-skills-2025-26,BTech,1,2025-26,BAS105,Soft Skills,OK,yes,yes,none
https://ryzenstudy.com/papers/aktu-btech-sem-1-soft-skills-i-2021-22,BTech,1,2021-22,KNC-101,Soft Skills I,OK,yes,yes,none
https://ryzenstudy.com/papers/aktu-btech-sem-2-ai-for-engineering-2021-22,BTech,2,2021-22,KMC201,Ai For Engineering,OK,yes,yes,none
https://ryzenstudy.com/papers/aktu-btech-sem-2-basic-electrical-engineering-2021-22,BTech,2,2021-22,KEE201T,Basic Electrical Engineering,OK,yes,yes,none
https://ryzenstudy.com/papers/aktu-btech-sem-2-emerging-domain-in-electronics-engineering-2021-22,BTech,2,2021-22,KEC201T,Emerging Domain In Electronics Engineering,OK,yes,yes,none
https://ryzenstudy.com/papers/aktu-btech-sem-2-emerging-technology-for-engineering-2021-22,BTech,2,2021-22,KMC202,Emerging Technology For Engineering,OK,yes,yes,none
https://ryzenstudy.com/papers/aktu-btech-sem-2-engineering-chemistry-2021-22,BTech,2,2021-22,KAS202T,Engineering Chemistry,OK,yes,yes,none
https://ryzenstudy.com/papers/aktu-btech-sem-2-engineering-chemistry-2022-23,BTech,2,2022-23,BAS202,Engineering Chemistry,OK,yes,yes,none
https://ryzenstudy.com/papers/aktu-btech-sem-2-engineering-chemistry-2023-24,BTech,2,2023-24,BAS202,Engineering Chemistry,OK,yes,yes,none
https://ryzenstudy.com/papers/aktu-btech-sem-2-engineering-chemistry-2024-25,BTech,2,2024-25,BAS202,Engineering Chemistry,OK,yes,yes,none
https://ryzenstudy.com/papers/aktu-btech-sem-2-engineering-mathematics-ii-2021-22,BTech,2,2021-22,KAS203T,Engineering Mathematics Ii,OK,yes,yes,none
https://ryzenstudy.com/papers/aktu-btech-sem-2-engineering-mathematics-ii-2022-23,BTech,2,2022-23,BAS203,Engineering Mathematics Ii,OK,yes,yes,none
https://ryzenstudy.com/papers/aktu-btech-sem-2-engineering-mathematics-ii-2023-24,BTech,2,2023-24,BAS203,Engineering Mathematics Ii,OK,yes,yes,none
https://ryzenstudy.com/papers/aktu-btech-sem-2-engineering-mathematics-ii-2024-25,BTech,2,2024-25,BAS203,Engineering Mathematics Ii,OK,yes,yes,none
https://ryzenstudy.com/papers/aktu-btech-sem-2-engineering-physics-2021-22,BTech,2,2021-22,KAS201T,Engineering Physics,OK,yes,yes,none
https://ryzenstudy.com/papers/aktu-btech-sem-2-engineering-physics-2022-23,BTech,2,2022-23,BAS201,Engineering Physics,OK,yes,yes,none
https://ryzenstudy.com/papers/aktu-btech-sem-2-engineering-physics-2023-24,BTech,2,2023-24,BAS201,Engineering Physics,OK,yes,yes,none
https://ryzenstudy.com/papers/aktu-btech-sem-2-engineering-physics-2024-25,BTech,2,2024-25,BAS201,Engineering Physics,OK,yes,yes,none
https://ryzenstudy.com/papers/aktu-btech-sem-2-environment-and-ecology-2022-23,BTech,2,2022-23,BAS204,Environment And Ecology,OK,yes,yes,none
https://ryzenstudy.com/papers/aktu-btech-sem-2-environment-and-ecology-2023-24,BTech,2,2023-24,BAS204,Environment And Ecology,OK,yes,yes,none
https://ryzenstudy.com/papers/aktu-btech-sem-2-environment-and-ecology-2024-25,BTech,2,2024-25,BAS204,Environment And Ecology,OK,yes,yes,none
https://ryzenstudy.com/papers/aktu-btech-sem-2-fundamentals-mechanical-engineering-2023-24,BTech,2,2023-24,BME201,Fundamentals Mechanical Engineering,OK,yes,yes,none
https://ryzenstudy.com/papers/aktu-btech-sem-2-fundamentals-of-electrical-engineering-2022-23,BTech,2,2022-23,BEE201,Fundamentals Of Electrical Engineering,OK,yes,yes,none
https://ryzenstudy.com/papers/aktu-btech-sem-2-fundamentals-of-electrical-engineering-2023-24,BTech,2,2023-24,BEE201,Fundamentals Of Electrical Engineering,OK,yes,yes,none
https://ryzenstudy.com/papers/aktu-btech-sem-2-fundamentals-of-electrical-engineering-2024-25,BTech,2,2024-25,BEE201,Fundamentals Of Electrical Engineering,OK,yes,yes,none
https://ryzenstudy.com/papers/aktu-btech-sem-2-fundamentals-of-electronics-engineering-2022-23,BTech,2,2022-23,BEC201,Fundamentals Of Electronics Engineering,OK,yes,yes,none
https://ryzenstudy.com/papers/aktu-btech-sem-2-fundamentals-of-electronics-engineering-2023-24,BTech,2,2023-24,BEC201,Fundamentals Of Electronics Engineering,OK,yes,yes,none
https://ryzenstudy.com/papers/aktu-btech-sem-2-fundamentals-of-electronics-engineering-2024-25,BTech,2,2024-25,BEC201,Fundamentals Of Electronics Engineering,OK,yes,yes,none
https://ryzenstudy.com/papers/aktu-btech-sem-2-fundamentals-of-mechanical-engineering-2022-23,BTech,2,2022-23,BME201,Fundamentals Of Mechanical Engineering,OK,yes,yes,none
https://ryzenstudy.com/papers/aktu-btech-sem-2-fundamentals-of-mechanical-engineering-2024-25,BTech,2,2024-25,BME201,Fundamentals Of Mechanical Engineering,OK,yes,yes,none
https://ryzenstudy.com/papers/aktu-btech-sem-2-fundamentals-of-mechanical-engineering-mechatronics-2021-22,BTech,2,2021-22,KME201T,Fundamentals Of Mechanical Engineering Mechatronics,OK,yes,yes,none
https://ryzenstudy.com/papers/aktu-btech-sem-2-human-values-professional-ethics-2022-23,BTech,2,2022-23,AUC001,Human Values Professional Ethics,OK,yes,yes,none
https://ryzenstudy.com/papers/aktu-btech-sem-2-programming-for-problem-solving-2021-22,BTech,2,2021-22,KCS201T,Programming For Problem Solving,OK,yes,yes,none
https://ryzenstudy.com/papers/aktu-btech-sem-2-programming-for-problem-solving-2022-23,BTech,2,2022-23,BCS201,Programming For Problem Solving,OK,yes,yes,none
https://ryzenstudy.com/papers/aktu-btech-sem-2-programming-for-problem-solving-2023-24,BTech,2,2023-24,BCS201,Programming For Problem Solving,OK,yes,yes,none
https://ryzenstudy.com/papers/aktu-btech-sem-2-programming-for-problem-solving-2024-25,BTech,2,2024-25,BCS201,Programming For Problem Solving,OK,yes,yes,none
https://ryzenstudy.com/papers/aktu-btech-sem-2-soft-skill-ii-2021-22,BTech,2,2021-22,KNC201,Soft Skill Ii,OK,yes,yes,none
https://ryzenstudy.com/papers/aktu-btech-sem-2-soft-skills-2022-23,BTech,2,2022-23,BAS205,Soft Skills,OK,yes,yes,none
https://ryzenstudy.com/papers/aktu-btech-sem-2-soft-skills-2023-24,BTech,2,2023-24,BAS205,Soft Skills,OK,yes,yes,none
https://ryzenstudy.com/papers/aktu-btech-sem-2-soft-skills-2024-25,BTech,2,2024-25,BAS205,Soft Skills,OK,yes,yes,none
https://ryzenstudy.com/papers/aktu-btech-sem-3-analog-electronics-2021-22,BTech,3,2021-22,KOE-037,Analog Electronics,OK,yes,yes,none
https://ryzenstudy.com/papers/aktu-btech-sem-3-analog-electronics-2022-23,BTech,3,2022-23,KOE-037,Analog Electronics,OK,yes,yes,none
https://ryzenstudy.com/papers/aktu-btech-sem-3-analog-electronics-circuits-2023-24,BTech,3,2023-24,BOE308,Analog Electronics Circuits,OK,yes,yes,none
https://ryzenstudy.com/papers/aktu-btech-sem-3-automation-and-robotics-2023-24,BTech,3,2023-24,BOE302,Automation And Robotics,OK,yes,yes,none
https://ryzenstudy.com/papers/aktu-btech-sem-3-automation-and-robotics-2024-25,BTech,3,2024-25,BOE302,Automation And Robotics,OK,yes,yes,none
https://ryzenstudy.com/papers/aktu-btech-sem-3-basic-data-structure-algorithms-2022-23,BTech,3,2022-23,KOE-035,Basic Data Structure Algorithms,OK,yes,yes,none
https://ryzenstudy.com/papers/aktu-btech-sem-3-basic-data-structure-and-algorithms-2021-22,BTech,3,2021-22,KOE-035,Basic Data Structure And Algorithms,OK,yes,yes,none
https://ryzenstudy.com/papers/aktu-btech-sem-3-basic-signals-systems-2022-23,BTech,3,2022-23,KEE-303,Basic Signals Systems,OK,yes,yes,none
https://ryzenstudy.com/papers/aktu-btech-sem-3-basic-signals-systems-2023-24,BTech,3,2023-24,BEE303,Basic Signals Systems,OK,yes,yes,none
https://ryzenstudy.com/papers/aktu-btech-sem-3-basic-signals-systems-2025-26,BTech,3,2025-26,BEE303,Basic Signals Systems,OK,yes,yes,none
https://ryzenstudy.com/papers/aktu-btech-sem-3-basics-data-structure-algorithms-2023-24,BTech,3,2023-24,BOE306,Basics Data Structure Algorithms,OK,yes,yes,none
https://ryzenstudy.com/papers/aktu-btech-sem-3-basics-data-structure-algorithms-2024-25,BTech,3,2024-25,BOE306,Basics Data Structure Algorithms,OK,yes,yes,none
https://ryzenstudy.com/papers/aktu-btech-sem-3-basics-of-database-management-systems-2023-24,BTech,3,2023-24,BOE307,Basics Of Database Management Systems,OK,yes,yes,none
https://ryzenstudy.com/papers/aktu-btech-sem-3-basics-of-database-management-systems-2024-25,BTech,3,2024-25,BOE307,Basics Of Database Management Systems,OK,yes,yes,none
https://ryzenstudy.com/papers/aktu-btech-sem-3-building-science-and-engineering-2024-25,BTech,3,2024-25,BOE314,Building Science And Engineering,OK,yes,yes,none
https://ryzenstudy.com/papers/aktu-btech-sem-3-computer-organization-and-architecture-2021-22,BTech,3,2021-22,KCS-302,Computer Organization And Architecture,OK,yes,yes,none
https://ryzenstudy.com/papers/aktu-btech-sem-3-computer-organization-and-architecture-2022-23,BTech,3,2022-23,KCS-302,Computer Organization And Architecture,OK,yes,yes,none
https://ryzenstudy.com/papers/aktu-btech-sem-3-computer-organization-and-architecture-2023-24,BTech,3,2023-24,BCS302,Computer Organization And Architecture,OK,yes,yes,none
https://ryzenstudy.com/papers/aktu-btech-sem-3-computer-organization-and-architecture-2024-25,BTech,3,2024-25,BCS302,Computer Organization And Architecture,OK,yes,yes,none
https://ryzenstudy.com/papers/aktu-btech-sem-3-computer-organization-and-architecture-2025-26,BTech,3,2025-26,BCS302,Computer Organization And Architecture,OK,yes,yes,none
https://ryzenstudy.com/papers/aktu-btech-sem-3-computer-system-security-2021-22,BTech,3,2021-22,KNC-301,Computer System Security,OK,yes,yes,none
https://ryzenstudy.com/papers/aktu-btech-sem-3-computer-system-security-2022-23,BTech,3,2022-23,KNC-301,Computer System Security,OK,yes,yes,none
https://ryzenstudy.com/papers/aktu-btech-sem-3-cyber-security-2023-24,BTech,3,2023-24,BCC301,Cyber Security,OK,yes,yes,none
https://ryzenstudy.com/papers/aktu-btech-sem-3-cyber-security-2024-25,BTech,3,2024-25,BCC301,Cyber Security,OK,yes,yes,none
https://ryzenstudy.com/papers/aktu-btech-sem-3-cyber-security-2025-26,BTech,3,2025-26,BCC301,Cyber Security,OK,yes,yes,none
https://ryzenstudy.com/papers/aktu-btech-sem-3-data-structure-2021-22,BTech,3,2021-22,KCS-301,Data Structure,OK,yes,yes,none
https://ryzenstudy.com/papers/aktu-btech-sem-3-data-structure-2022-23,BTech,3,2022-23,KCS-301,Data Structure,OK,yes,yes,none
https://ryzenstudy.com/papers/aktu-btech-sem-3-data-structure-2023-24,BTech,3,2023-24,BCS301,Data Structure,OK,yes,yes,none
https://ryzenstudy.com/papers/aktu-btech-sem-3-data-structure-2024-25,BTech,3,2024-25,BCS301,Data Structure,OK,yes,yes,none
https://ryzenstudy.com/papers/aktu-btech-sem-3-data-structure-2025-26,BTech,3,2025-26,BCS301,Data Structure,OK,yes,yes,none
https://ryzenstudy.com/papers/aktu-btech-sem-3-digital-electronics-2021-22,BTech,3,2021-22,KOE-039,Digital Electronics,OK,yes,yes,none
https://ryzenstudy.com/papers/aktu-btech-sem-3-digital-electronics-2022-23,BTech,3,2022-23,KOE-039,Digital Electronics,OK,yes,yes,none
https://ryzenstudy.com/papers/aktu-btech-sem-3-digital-electronics-2024-25,BTech,3,2024-25,BOE310,Digital Electronics,OK,yes,yes,none
https://ryzenstudy.com/papers/aktu-btech-sem-3-digital-electronics-2025-26,BTech,3,2025-26,BOE310,Digital Electronics,OK,yes,yes,none
https://ryzenstudy.com/papers/aktu-btech-sem-3-digital-system-design-2021-22,BTech,3,2021-22,KEC-302,Digital System Design,OK,yes,yes,none
https://ryzenstudy.com/papers/aktu-btech-sem-3-digital-system-design-2022-23,BTech,3,2022-23,KEC-302,Digital System Design,OK,yes,yes,none
https://ryzenstudy.com/papers/aktu-btech-sem-3-digital-system-design-2023-24,BTech,3,2023-24,BEC302,Digital System Design,OK,yes,yes,none
https://ryzenstudy.com/papers/aktu-btech-sem-3-digital-system-design-2025-26,BTech,3,2025-26,BEC302,Digital System Design,OK,yes,yes,none
https://ryzenstudy.com/papers/aktu-btech-sem-3-discrete-structures-theory-of-logic-2021-22,BTech,3,2021-22,KCS-303,Discrete Structures Theory Of Logic,OK,yes,yes,none
https://ryzenstudy.com/papers/aktu-btech-sem-3-discrete-structures-theory-of-logic-2022-23,BTech,3,2022-23,KCS-303,Discrete Structures Theory Of Logic,OK,yes,yes,none
https://ryzenstudy.com/papers/aktu-btech-sem-3-discrete-structures-theory-of-logic-2023-24,BTech,3,2023-24,BCS303,Discrete Structures Theory Of Logic,OK,yes,yes,none
https://ryzenstudy.com/papers/aktu-btech-sem-3-discrete-structures-theory-of-logic-2024-25,BTech,3,2024-25,BCS303,Discrete Structures Theory Of Logic,OK,yes,yes,none
https://ryzenstudy.com/papers/aktu-btech-sem-3-discrete-structures-theory-of-logic-2025-26,BTech,3,2025-26,BCS303,Discrete Structures Theory Of Logic,OK,yes,yes,none
https://ryzenstudy.com/papers/aktu-btech-sem-3-electric-and-hybrid-vehicles-2023-24,BTech,3,2023-24,BOE301,Electric And Hybrid Vehicles,OK,yes,yes,none
https://ryzenstudy.com/papers/aktu-btech-sem-3-electric-and-hybrid-vehicles-2024-25,BTech,3,2024-25,BOE301,Electric And Hybrid Vehicles,OK,yes,yes,none
https://ryzenstudy.com/papers/aktu-btech-sem-3-electrical-measurements-instrumentation-2022-23,BTech,3,2022-23,KEE-302,Electrical Measurements Instrumentation,OK,yes,yes,none
https://ryzenstudy.com/papers/aktu-btech-sem-3-electrical-measurements-instrumentation-2023-24,BTech,3,2023-24,BEE302,Electrical Measurements Instrumentation,OK,yes,yes,none
https://ryzenstudy.com/papers/aktu-btech-sem-3-electrical-measurements-instrumentation-2024-25,BTech,3,2024-25,BEE302,Electrical Measurements Instrumentation,OK,yes,yes,none
https://ryzenstudy.com/papers/aktu-btech-sem-3-electromagnetic-field-theory-2021-22,BTech,3,2021-22,KEE301,Electromagnetic Field Theory,OK,yes,yes,none
https://ryzenstudy.com/papers/aktu-btech-sem-3-electromagnetic-field-theory-2022-23,BTech,3,2022-23,KEE-301,Electromagnetic Field Theory,OK,yes,yes,none
https://ryzenstudy.com/papers/aktu-btech-sem-3-electromagnetic-field-theory-2023-24,BTech,3,2023-24,BEE301,Electromagnetic Field Theory,OK,yes,yes,none
https://ryzenstudy.com/papers/aktu-btech-sem-3-electromagnetic-field-theory-2024-25,BTech,3,2024-25,KEE301,Electromagnetic Field Theory,OK,yes,yes,none
https://ryzenstudy.com/papers/aktu-btech-sem-3-electronic-devices-2021-22,BTech,3,2021-22,KEC-301,Electronic Devices,OK,yes,yes,none
https://ryzenstudy.com/papers/aktu-btech-sem-3-electronic-devices-2022-23,BTech,3,2022-23,KEC-301,Electronic Devices,OK,yes,yes,none
https://ryzenstudy.com/papers/aktu-btech-sem-3-electronic-devices-2023-24,BTech,3,2023-24,BEC301,Electronic Devices,OK,yes,yes,none
https://ryzenstudy.com/papers/aktu-btech-sem-3-electronic-devices-2025-26,BTech,3,2025-26,BEC301,Electronic Devices,OK,yes,yes,none
https://ryzenstudy.com/papers/aktu-btech-sem-3-electronics-engineering-2021-22,BTech,3,2021-22,KOE-038,Electronics Engineering,OK,yes,yes,none
https://ryzenstudy.com/papers/aktu-btech-sem-3-electronics-engineering-2022-23,BTech,3,2022-23,KOE-038,Electronics Engineering,OK,yes,yes,none
https://ryzenstudy.com/papers/aktu-btech-sem-3-electronics-engineering-2023-24,BTech,3,2023-24,BOE309,Electronics Engineering,OK,yes,yes,none
https://ryzenstudy.com/papers/aktu-btech-sem-3-energy-science-and-engineering-2021-22,BTech,3,2021-22,KOE-033,Energy Science And Engineering,OK,yes,yes,none
https://ryzenstudy.com/papers/aktu-btech-sem-3-energy-science-and-engineering-2022-23,BTech,3,2022-23,KOE-033,Energy Science And Engineering,OK,yes,yes,none
https://ryzenstudy.com/papers/aktu-btech-sem-3-energy-science-engineering-2023-24,BTech,3,2023-24,BOE304,Energy Science Engineering,OK,yes,yes,none
https://ryzenstudy.com/papers/aktu-btech-sem-3-energy-science-engineering-2024-25,BTech,3,2024-25,BOE304,Energy Science Engineering,OK,yes,yes,none
https://ryzenstudy.com/papers/aktu-btech-sem-3-energy-science-engineering-2025-26,BTech,3,2025-26,BOE304,Energy Science Engineering,OK,yes,yes,none
https://ryzenstudy.com/papers/aktu-btech-sem-3-engineering-mechanics-2021-22,BTech,3,2021-22,KOE-031,Engineering Mechanics,OK,yes,yes,none
https://ryzenstudy.com/papers/aktu-btech-sem-3-engineering-mechanics-2022-23,BTech,3,2022-23,KCE-301,Engineering Mechanics,OK,yes,yes,none
https://ryzenstudy.com/papers/aktu-btech-sem-3-engineering-mechanics-2023-24,BTech,3,2023-24,BCE301,Engineering Mechanics,OK,yes,yes,none
https://ryzenstudy.com/papers/aktu-btech-sem-3-fluid-mechanics-2021-22,BTech,3,2021-22,KCE303,Fluid Mechanics,OK,yes,yes,none
https://ryzenstudy.com/papers/aktu-btech-sem-3-fluid-mechanics-2022-23,BTech,3,2022-23,KCE-303,Fluid Mechanics,OK,yes,yes,none
https://ryzenstudy.com/papers/aktu-btech-sem-3-fluid-mechanics-2023-24,BTech,3,2023-24,BCE303,Fluid Mechanics,OK,yes,yes,none
https://ryzenstudy.com/papers/aktu-btech-sem-3-fluid-mechanics-and-fluid-machines-2022-23,BTech,3,2022-23,KME-302,Fluid Mechanics And Fluid Machines,OK,yes,yes,none
https://ryzenstudy.com/papers/aktu-btech-sem-3-fluid-mechanics-fluid-machines-2021-22,BTech,3,2021-22,KME-302,Fluid Mechanics Fluid Machines,OK,yes,yes,none
https://ryzenstudy.com/papers/aktu-btech-sem-3-fluid-mechanics-fluid-machines-2023-24,BTech,3,2023-24,BME302,Fluid Mechanics Fluid Machines,OK,yes,yes,none
https://ryzenstudy.com/papers/aktu-btech-sem-3-fluid-mechanics-fluid-machines-2025-26,BTech,3,2025-26,BME302,Fluid Mechanics Fluid Machines,OK,yes,yes,none
https://ryzenstudy.com/papers/aktu-btech-sem-3-food-science-and-nutrition-2024-25,BTech,3,2024-25,BOE313,Food Science And Nutrition,OK,yes,yes,none
https://ryzenstudy.com/papers/aktu-btech-sem-3-human-values-professional-ethics-2021-22,BTech,3,2021-22,AUC-001,Human Values Professional Ethics,OK,yes,yes,none
https://ryzenstudy.com/papers/aktu-btech-sem-3-introduction-to-soft-computing-2021-22,BTech,3,2021-22,KOE-036,Introduction To Soft Computing,OK,yes,yes,none
https://ryzenstudy.com/papers/aktu-btech-sem-3-introduction-to-soft-computing-2022-23,BTech,3,2022-23,KOE-036,Introduction To Soft Computing,OK,yes,yes,none
https://ryzenstudy.com/papers/aktu-btech-sem-3-kce301-engineering-mechanics-2021-22,BTech,3,2021-22,KCE301,Engineering Mechanics,OK,yes,yes,none
https://ryzenstudy.com/papers/aktu-btech-sem-3-koe-031-engineering-mechanics-2022-23,BTech,3,2022-23,KOE-031,Engineering Mechanics,OK,yes,yes,none
https://ryzenstudy.com/papers/aktu-btech-sem-3-laser-system-and-applications-2024-25,BTech,3,2024-25,BOE312H,Laser System And Applications,OK,yes,yes,none
https://ryzenstudy.com/papers/aktu-btech-sem-3-material-science-2021-22,BTech,3,2021-22,KOE-032,Material Science,OK,yes,yes,none
https://ryzenstudy.com/papers/aktu-btech-sem-3-material-science-2022-23,BTech,3,2022-23,KOE-032,Material Science,OK,yes,yes,none
https://ryzenstudy.com/papers/aktu-btech-sem-3-material-science-2023-24,BTech,3,2023-24,BOE303,Material Science,OK,yes,yes,none
https://ryzenstudy.com/papers/aktu-btech-sem-3-material-science-2024-25,BTech,3,2024-25,BOE303,Material Science,OK,yes,yes,none
https://ryzenstudy.com/papers/aktu-btech-sem-3-materials-engineering-2021-22,BTech,3,2021-22,KME-303,Materials Engineering,OK,yes,yes,none
https://ryzenstudy.com/papers/aktu-btech-sem-3-materials-engineering-2022-23,BTech,3,2022-23,KME-303,Materials Engineering,OK,yes,yes,none
https://ryzenstudy.com/papers/aktu-btech-sem-3-materials-engineering-2023-24,BTech,3,2023-24,BME303,Materials Engineering,OK,yes,yes,none
https://ryzenstudy.com/papers/aktu-btech-sem-3-materials-engineering-2025-26,BTech,3,2025-26,BME303,Materials Engineering,OK,yes,yes,none
https://ryzenstudy.com/papers/aktu-btech-sem-3-mathematics-iii-2021-22,BTech,3,2021-22,KAS-303,Mathematics Iii,OK,yes,yes,none
https://ryzenstudy.com/papers/aktu-btech-sem-3-mathematics-iii-2022-23,BTech,3,2022-23,KAS-303,Mathematics Iii,OK,yes,yes,none
https://ryzenstudy.com/papers/aktu-btech-sem-3-mathematics-iii-2023-24,BTech,3,2023-24,BAS302,Mathematics Iii,OK,yes,yes,none
https://ryzenstudy.com/papers/aktu-btech-sem-3-mathematics-iv-2022-23,BTech,3,2022-23,KAS-302,Mathematics Iv,OK,yes,yes,none
https://ryzenstudy.com/papers/aktu-btech-sem-3-mathematics-iv-2023-24,BTech,3,2023-24,BAS303,Mathematics Iv,OK,yes,yes,none
https://ryzenstudy.com/papers/aktu-btech-sem-3-mathematics-iv-2024-25,BTech,3,2024-25,,,"ERROR: ReadTimeout: HTTPSConnectionPool(host='ryzenstudy.com', port=443): Read timed out. (read timeout=30)",n/a,n/a,auto-retry-on-rerun
https://ryzenstudy.com/papers/aktu-btech-sem-3-mathematics-iv-2025-26,BTech,3,2025-26,,,"ERROR: ConnectionError: HTTPSConnectionPool(host='ryzenstudy.com', port=443): Max retries exceeded with url: /papers/aktu-btech-sem-3-mathematics-iv-2025-26 (Caused by NameResolutionError(""HTTPSConnection(host='ryzenstudy.com', port=443): Failed to resolve 'ryzenstudy.com' ([Errno 11001] getaddrinfo failed)""))",n/a,n/a,auto-retry-on-rerun
https://ryzenstudy.com/papers/aktu-btech-sem-3-mathematics-v-2022-23,BTech,3,2022-23,,,"ERROR: ConnectionError: HTTPSConnectionPool(host='ryzenstudy.com', port=443): Max retries exceeded with url: /papers/aktu-btech-sem-3-mathematics-v-2022-23 (Caused by NameResolutionError(""HTTPSConnection(host='ryzenstudy.com', port=443): Failed to resolve 'ryzenstudy.com' ([Errno 11001] getaddrinfo failed)""))",n/a,n/a,auto-retry-on-rerun
https://ryzenstudy.com/papers/aktu-btech-sem-3-mathematics-v-2025-26,BTech,3,2025-26,,,"ERROR: ConnectionError: HTTPSConnectionPool(host='ryzenstudy.com', port=443): Max retries exceeded with url: /papers/aktu-btech-sem-3-mathematics-v-2025-26 (Caused by NameResolutionError(""HTTPSConnection(host='ryzenstudy.com', port=443): Failed to resolve 'ryzenstudy.com' ([Errno 11001] getaddrinfo failed)""))",n/a,n/a,auto-retry-on-rerun
https://ryzenstudy.com/papers/aktu-btech-sem-3-mathemativs-iv-2021-22,BTech,3,2021-22,,,"ERROR: ConnectionError: HTTPSConnectionPool(host='ryzenstudy.com', port=443): Max retries exceeded with url: /papers/aktu-btech-sem-3-mathemativs-iv-2021-22 (Caused by NameResolutionError(""HTTPSConnection(host='ryzenstudy.com', port=443): Failed to resolve 'ryzenstudy.com' ([Errno 11001] getaddrinfo failed)""))",n/a,n/a,auto-retry-on-rerun
https://ryzenstudy.com/papers/aktu-btech-sem-3-mathemativs-v-2021-22,BTech,3,2021-22,,,"ERROR: ConnectionError: HTTPSConnectionPool(host='ryzenstudy.com', port=443): Max retries exceeded with url: /papers/aktu-btech-sem-3-mathemativs-v-2021-22 (Caused by NameResolutionError(""HTTPSConnection(host='ryzenstudy.com', port=443): Failed to resolve 'ryzenstudy.com' ([Errno 11001] getaddrinfo failed)""))",n/a,n/a,auto-retry-on-rerun
https://ryzenstudy.com/papers/aktu-btech-sem-3-network-analysis-and-synthesis-2023-24,BTech,3,2023-24,,,"ERROR: ConnectionError: HTTPSConnectionPool(host='ryzenstudy.com', port=443): Max retries exceeded with url: /papers/aktu-btech-sem-3-network-analysis-and-synthesis-2023-24 (Caused by NameResolutionError(""HTTPSConnection(host='ryzenstudy.com', port=443): Failed to resolve 'ryzenstudy.com' ([Errno 11001] getaddrinfo failed)""))",n/a,n/a,auto-retry-on-rerun
https://ryzenstudy.com/papers/aktu-btech-sem-3-network-analysis-and-synthesis-2025-26,BTech,3,2025-26,,,"ERROR: ConnectionError: HTTPSConnectionPool(host='ryzenstudy.com', port=443): Max retries exceeded with url: /papers/aktu-btech-sem-3-network-analysis-and-synthesis-2025-26 (Caused by NameResolutionError(""HTTPSConnection(host='ryzenstudy.com', port=443): Failed to resolve 'ryzenstudy.com' ([Errno 11001] getaddrinfo failed)""))",n/a,n/a,auto-retry-on-rerun
https://ryzenstudy.com/papers/aktu-btech-sem-3-network-analysis-synthesis-2022-23,BTech,3,2022-23,,,"ERROR: ConnectionError: HTTPSConnectionPool(host='ryzenstudy.com', port=443): Max retries exceeded with url: /papers/aktu-btech-sem-3-network-analysis-synthesis-2022-23 (Caused by NameResolutionError(""HTTPSConnection(host='ryzenstudy.com', port=443): Failed to resolve 'ryzenstudy.com' ([Errno 11001] getaddrinfo failed)""))",n/a,n/a,auto-retry-on-rerun
https://ryzenstudy.com/papers/aktu-btech-sem-3-python-programming-2021-22,BTech,3,2021-22,,,"ERROR: ConnectionError: HTTPSConnectionPool(host='ryzenstudy.com', port=443): Max retries exceeded with url: /papers/aktu-btech-sem-3-python-programming-2021-22 (Caused by NameResolutionError(""HTTPSConnection(host='ryzenstudy.com', port=443): Failed to resolve 'ryzenstudy.com' ([Errno 11001] getaddrinfo failed)""))",n/a,n/a,auto-retry-on-rerun
https://ryzenstudy.com/papers/aktu-btech-sem-3-python-programming-2022-23,BTech,3,2022-23,,,"ERROR: ConnectionError: HTTPSConnectionPool(host='ryzenstudy.com', port=443): Max retries exceeded with url: /papers/aktu-btech-sem-3-python-programming-2022-23 (Caused by NameResolutionError(""HTTPSConnection(host='ryzenstudy.com', port=443): Failed to resolve 'ryzenstudy.com' ([Errno 11001] getaddrinfo failed)""))",n/a,n/a,auto-retry-on-rerun
https://ryzenstudy.com/papers/aktu-btech-sem-3-python-programming-2023-24,BTech,3,2023-24,,,"ERROR: ConnectionError: HTTPSConnectionPool(host='ryzenstudy.com', port=443): Max retries exceeded with url: /papers/aktu-btech-sem-3-python-programming-2023-24 (Caused by NameResolutionError(""HTTPSConnection(host='ryzenstudy.com', port=443): Failed to resolve 'ryzenstudy.com' ([Errno 11001] getaddrinfo failed)""))",n/a,n/a,auto-retry-on-rerun
https://ryzenstudy.com/papers/aktu-btech-sem-3-python-programming-2024-25,BTech,3,2024-25,,,"ERROR: ConnectionError: HTTPSConnectionPool(host='ryzenstudy.com', port=443): Max retries exceeded with url: /papers/aktu-btech-sem-3-python-programming-2024-25 (Caused by NameResolutionError(""HTTPSConnection(host='ryzenstudy.com', port=443): Failed to resolve 'ryzenstudy.com' ([Errno 11001] getaddrinfo failed)""))",n/a,n/a,auto-retry-on-rerun
https://ryzenstudy.com/papers/aktu-btech-sem-3-python-programming-2025-26,BTech,3,2025-26,,,"ERROR: ConnectionError: HTTPSConnectionPool(host='ryzenstudy.com', port=443): Max retries exceeded with url: /papers/aktu-btech-sem-3-python-programming-2025-26 (Caused by NameResolutionError(""HTTPSConnection(host='ryzenstudy.com', port=443): Failed to resolve 'ryzenstudy.com' ([Errno 11001] getaddrinfo failed)""))",n/a,n/a,auto-retry-on-rerun
https://ryzenstudy.com/papers/aktu-btech-sem-3-sensor-and-instrumentation-2021-22,BTech,3,2021-22,,,"ERROR: ConnectionError: HTTPSConnectionPool(host='ryzenstudy.com', port=443): Max retries exceeded with url: /papers/aktu-btech-sem-3-sensor-and-instrumentation-2021-22 (Caused by NameResolutionError(""HTTPSConnection(host='ryzenstudy.com', port=443): Failed to resolve 'ryzenstudy.com' ([Errno 11001] getaddrinfo failed)""))",n/a,n/a,auto-retry-on-rerun
https://ryzenstudy.com/papers/aktu-btech-sem-3-sensor-and-instrumentation-2022-23,BTech,3,2022-23,,,"ERROR: ConnectionError: HTTPSConnectionPool(host='ryzenstudy.com', port=443): Max retries exceeded with url: /papers/aktu-btech-sem-3-sensor-and-instrumentation-2022-23 (Caused by NameResolutionError(""HTTPSConnection(host='ryzenstudy.com', port=443): Failed to resolve 'ryzenstudy.com' ([Errno 11001] getaddrinfo failed)""))",n/a,n/a,auto-retry-on-rerun
https://ryzenstudy.com/papers/aktu-btech-sem-3-sensor-instrumentation-2023-24,BTech,3,2023-24,,,"ERROR: ConnectionError: HTTPSConnectionPool(host='ryzenstudy.com', port=443): Max retries exceeded with url: /papers/aktu-btech-sem-3-sensor-instrumentation-2023-24 (Caused by NameResolutionError(""HTTPSConnection(host='ryzenstudy.com', port=443): Failed to resolve 'ryzenstudy.com' ([Errno 11001] getaddrinfo failed)""))",n/a,n/a,auto-retry-on-rerun
https://ryzenstudy.com/papers/aktu-btech-sem-3-sensor-instrumentation-2024-25,BTech,3,2024-25,,,"ERROR: ConnectionError: HTTPSConnectionPool(host='ryzenstudy.com', port=443): Max retries exceeded with url: /papers/aktu-btech-sem-3-sensor-instrumentation-2024-25 (Caused by NameResolutionError(""HTTPSConnection(host='ryzenstudy.com', port=443): Failed to resolve 'ryzenstudy.com' ([Errno 11001] getaddrinfo failed)""))",n/a,n/a,auto-retry-on-rerun
https://ryzenstudy.com/papers/aktu-btech-sem-3-sensor-instrumentation-2025-26,BTech,3,2025-26,,,"ERROR: ConnectionError: HTTPSConnectionPool(host='ryzenstudy.com', port=443): Max retries exceeded with url: /papers/aktu-btech-sem-3-sensor-instrumentation-2025-26 (Caused by NameResolutionError(""HTTPSConnection(host='ryzenstudy.com', port=443): Failed to resolve 'ryzenstudy.com' ([Errno 11001] getaddrinfo failed)""))",n/a,n/a,auto-retry-on-rerun
https://ryzenstudy.com/papers/aktu-btech-sem-3-surveying-and-geomatics-2021-22,BTech,3,2021-22,,,"ERROR: ConnectionError: HTTPSConnectionPool(host='ryzenstudy.com', port=443): Max retries exceeded with url: /papers/aktu-btech-sem-3-surveying-and-geomatics-2021-22 (Caused by NameResolutionError(""HTTPSConnection(host='ryzenstudy.com', port=443): Failed to resolve 'ryzenstudy.com' ([Errno 11001] getaddrinfo failed)""))",n/a,n/a,auto-retry-on-rerun
https://ryzenstudy.com/papers/aktu-btech-sem-3-surveying-and-geomatics-2023-24,BTech,3,2023-24,,,"ERROR: ConnectionError: HTTPSConnectionPool(host='ryzenstudy.com', port=443): Max retries exceeded with url: /papers/aktu-btech-sem-3-surveying-and-geomatics-2023-24 (Caused by NameResolutionError(""HTTPSConnection(host='ryzenstudy.com', port=443): Failed to resolve 'ryzenstudy.com' ([Errno 11001] getaddrinfo failed)""))",n/a,n/a,auto-retry-on-rerun
https://ryzenstudy.com/papers/aktu-btech-sem-3-surveying-and-geometics-2022-23,BTech,3,2022-23,,,"ERROR: ConnectionError: HTTPSConnectionPool(host='ryzenstudy.com', port=443): Max retries exceeded with url: /papers/aktu-btech-sem-3-surveying-and-geometics-2022-23 (Caused by NameResolutionError(""HTTPSConnection(host='ryzenstudy.com', port=443): Failed to resolve 'ryzenstudy.com' ([Errno 11001] getaddrinfo failed)""))",n/a,n/a,auto-retry-on-rerun
https://ryzenstudy.com/papers/aktu-btech-sem-3-technical-communication-2021-22,BTech,3,2021-22,,,"ERROR: ConnectionError: HTTPSConnectionPool(host='ryzenstudy.com', port=443): Max retries exceeded with url: /papers/aktu-btech-sem-3-technical-communication-2021-22 (Caused by NameResolutionError(""HTTPSConnection(host='ryzenstudy.com', port=443): Failed to resolve 'ryzenstudy.com' ([Errno 11001] getaddrinfo failed)""))",n/a,n/a,auto-retry-on-rerun
https://ryzenstudy.com/papers/aktu-btech-sem-3-technical-communication-2022-23,BTech,3,2022-23,,,"ERROR: ConnectionError: HTTPSConnectionPool(host='ryzenstudy.com', port=443): Max retries exceeded with url: /papers/aktu-btech-sem-3-technical-communication-2022-23 (Caused by NameResolutionError(""HTTPSConnection(host='ryzenstudy.com', port=443): Failed to resolve 'ryzenstudy.com' ([Errno 11001] getaddrinfo failed)""))",n/a,n/a,auto-retry-on-rerun
https://ryzenstudy.com/papers/aktu-btech-sem-3-technical-communication-2023-24,BTech,3,2023-24,,,"ERROR: ConnectionError: HTTPSConnectionPool(host='ryzenstudy.com', port=443): Max retries exceeded with url: /papers/aktu-btech-sem-3-technical-communication-2023-24 (Caused by NameResolutionError(""HTTPSConnection(host='ryzenstudy.com', port=443): Failed to resolve 'ryzenstudy.com' ([Errno 11001] getaddrinfo failed)""))",n/a,n/a,auto-retry-on-rerun
https://ryzenstudy.com/papers/aktu-btech-sem-3-technical-communication-2024-25,BTech,3,2024-25,,,"ERROR: ConnectionError: HTTPSConnectionPool(host='ryzenstudy.com', port=443): Max retries exceeded with url: /papers/aktu-btech-sem-3-technical-communication-2024-25 (Caused by NameResolutionError(""HTTPSConnection(host='ryzenstudy.com', port=443): Failed to resolve 'ryzenstudy.com' ([Errno 11001] getaddrinfo failed)""))",n/a,n/a,auto-retry-on-rerun
https://ryzenstudy.com/papers/aktu-btech-sem-3-technical-communication-2025-26,BTech,3,2025-26,,,"ERROR: ConnectionError: HTTPSConnectionPool(host='ryzenstudy.com', port=443): Max retries exceeded with url: /papers/aktu-btech-sem-3-technical-communication-2025-26 (Caused by NameResolutionError(""HTTPSConnection(host='ryzenstudy.com', port=443): Failed to resolve 'ryzenstudy.com' ([Errno 11001] getaddrinfo failed)""))",n/a,n/a,auto-retry-on-rerun
https://ryzenstudy.com/papers/aktu-btech-sem-3-thermodynamics-2021-22,BTech,3,2021-22,,,"ERROR: ConnectionError: HTTPSConnectionPool(host='ryzenstudy.com', port=443): Max retries exceeded with url: /papers/aktu-btech-sem-3-thermodynamics-2021-22 (Caused by NameResolutionError(""HTTPSConnection(host='ryzenstudy.com', port=443): Failed to resolve 'ryzenstudy.com' ([Errno 11001] getaddrinfo failed)""))",n/a,n/a,auto-retry-on-rerun
https://ryzenstudy.com/papers/aktu-btech-sem-3-thermodynamics-2022-23,BTech,3,2022-23,,,"ERROR: ConnectionError: HTTPSConnectionPool(host='ryzenstudy.com', port=443): Max retries exceeded with url: /papers/aktu-btech-sem-3-thermodynamics-2022-23 (Caused by NameResolutionError(""HTTPSConnection(host='ryzenstudy.com', port=443): Failed to resolve 'ryzenstudy.com' ([Errno 11001] getaddrinfo failed)""))",n/a,n/a,auto-retry-on-rerun
https://ryzenstudy.com/papers/aktu-btech-sem-3-thermodynamics-2023-24,BTech,3,2023-24,,,"ERROR: ConnectionError: HTTPSConnectionPool(host='ryzenstudy.com', port=443): Max retries exceeded with url: /papers/aktu-btech-sem-3-thermodynamics-2023-24 (Caused by NameResolutionError(""HTTPSConnection(host='ryzenstudy.com', port=443): Failed to resolve 'ryzenstudy.com' ([Errno 11001] getaddrinfo failed)""))",n/a,n/a,auto-retry-on-rerun
https://ryzenstudy.com/papers/aktu-btech-sem-3-thermodynamics-2025-26,BTech,3,2025-26,,,"ERROR: ConnectionError: HTTPSConnectionPool(host='ryzenstudy.com', port=443): Max retries exceeded with url: /papers/aktu-btech-sem-3-thermodynamics-2025-26 (Caused by NameResolutionError(""HTTPSConnection(host='ryzenstudy.com', port=443): Failed to resolve 'ryzenstudy.com' ([Errno 11001] getaddrinfo failed)""))",n/a,n/a,auto-retry-on-rerun
https://ryzenstudy.com/papers/aktu-btech-sem-3-universal-human-values-2021-22,BTech,3,2021-22,,,"ERROR: ConnectionError: HTTPSConnectionPool(host='ryzenstudy.com', port=443): Max retries exceeded with url: /papers/aktu-btech-sem-3-universal-human-values-2021-22 (Caused by NameResolutionError(""HTTPSConnection(host='ryzenstudy.com', port=443): Failed to resolve 'ryzenstudy.com' ([Errno 11001] getaddrinfo failed)""))",n/a,n/a,auto-retry-on-rerun
https://ryzenstudy.com/papers/aktu-btech-sem-3-universal-human-values-2022-23,BTech,3,2022-23,,,"ERROR: ConnectionError: HTTPSConnectionPool(host='ryzenstudy.com', port=443): Max retries exceeded with url: /papers/aktu-btech-sem-3-universal-human-values-2022-23 (Caused by NameResolutionError(""HTTPSConnection(host='ryzenstudy.com', port=443): Failed to resolve 'ryzenstudy.com' ([Errno 11001] getaddrinfo failed)""))",n/a,n/a,auto-retry-on-rerun
https://ryzenstudy.com/papers/aktu-btech-sem-3-universal-human-values-and-professional-ethics-2023-24,BTech,3,2023-24,,,"ERROR: ConnectionError: HTTPSConnectionPool(host='ryzenstudy.com', port=443): Max retries exceeded with url: /papers/aktu-btech-sem-3-universal-human-values-and-professional-ethics-2023-24 (Caused by NameResolutionError(""HTTPSConnection(host='ryzenstudy.com', port=443): Failed to resolve 'ryzenstudy.com' ([Errno 11001] getaddrinfo failed)""))",n/a,n/a,auto-retry-on-rerun
https://ryzenstudy.com/papers/aktu-btech-sem-3-universal-human-values-and-professional-ethics-2024-25,BTech,3,2024-25,,,"ERROR: ConnectionError: HTTPSConnectionPool(host='ryzenstudy.com', port=443): Max retries exceeded with url: /papers/aktu-btech-sem-3-universal-human-values-and-professional-ethics-2024-25 (Caused by NameResolutionError(""HTTPSConnection(host='ryzenstudy.com', port=443): Failed to resolve 'ryzenstudy.com' ([Errno 11001] getaddrinfo failed)""))",n/a,n/a,auto-retry-on-rerun
https://ryzenstudy.com/papers/aktu-btech-sem-3-universal-human-values-and-professional-ethics-2025-26,BTech,3,2025-26,,,"ERROR: ConnectionError: HTTPSConnectionPool(host='ryzenstudy.com', port=443): Max retries exceeded with url: /papers/aktu-btech-sem-3-universal-human-values-and-professional-ethics-2025-26 (Caused by NameResolutionError(""HTTPSConnection(host='ryzenstudy.com', port=443): Failed to resolve 'ryzenstudy.com' ([Errno 11001] getaddrinfo failed)""))",n/a,n/a,auto-retry-on-rerun
https://ryzenstudy.com/papers/aktu-btech-sem-4-analog-circuits-2021-22,BTech,4,2021-22,,,"ERROR: ConnectionError: HTTPSConnectionPool(host='ryzenstudy.com', port=443): Max retries exceeded with url: /papers/aktu-btech-sem-4-analog-circuits-2021-22 (Caused by NameResolutionError(""HTTPSConnection(host='ryzenstudy.com', port=443): Failed to resolve 'ryzenstudy.com' ([Errno 11001] getaddrinfo failed)""))",n/a,n/a,auto-retry-on-rerun
https://ryzenstudy.com/papers/aktu-btech-sem-4-analog-circuits-2022-23,BTech,4,2022-23,,,"ERROR: ConnectionError: HTTPSConnectionPool(host='ryzenstudy.com', port=443): Max retries exceeded with url: /papers/aktu-btech-sem-4-analog-circuits-2022-23 (Caused by NameResolutionError(""HTTPSConnection(host='ryzenstudy.com', port=443): Failed to resolve 'ryzenstudy.com' ([Errno 11001] getaddrinfo failed)""))",n/a,n/a,auto-retry-on-rerun
https://ryzenstudy.com/papers/aktu-btech-sem-4-analog-circuits-2023-24,BTech,4,2023-24,,,"ERROR: ConnectionError: HTTPSConnectionPool(host='ryzenstudy.com', port=443): Max retries exceeded with url: /papers/aktu-btech-sem-4-analog-circuits-2023-24 (Caused by NameResolutionError(""HTTPSConnection(host='ryzenstudy.com', port=443): Failed to resolve 'ryzenstudy.com' ([Errno 11001] getaddrinfo failed)""))",n/a,n/a,auto-retry-on-rerun
https://ryzenstudy.com/papers/aktu-btech-sem-4-analog-circuits-2024-25,BTech,4,2024-25,,,"ERROR: ConnectionError: HTTPSConnectionPool(host='ryzenstudy.com', port=443): Max retries exceeded with url: /papers/aktu-btech-sem-4-analog-circuits-2024-25 (Caused by NameResolutionError(""HTTPSConnection(host='ryzenstudy.com', port=443): Failed to resolve 'ryzenstudy.com' ([Errno 11001] getaddrinfo failed)""))",n/a,n/a,auto-retry-on-rerun
https://ryzenstudy.com/papers/aktu-btech-sem-4-analog-circuits-2025-26,BTech,4,2025-26,,,"ERROR: ConnectionError: HTTPSConnectionPool(host='ryzenstudy.com', port=443): Max retries exceeded with url: /papers/aktu-btech-sem-4-analog-circuits-2025-26 (Caused by NameResolutionError(""HTTPSConnection(host='ryzenstudy.com', port=443): Failed to resolve 'ryzenstudy.com' ([Errno 11001] getaddrinfo failed)""))",n/a,n/a,auto-retry-on-rerun
https://ryzenstudy.com/papers/aktu-btech-sem-4-analog-electronics-2021-22,BTech,4,2021-22,,,"ERROR: ConnectionError: HTTPSConnectionPool(host='ryzenstudy.com', port=443): Max retries exceeded with url: /papers/aktu-btech-sem-4-analog-electronics-2021-22 (Caused by NameResolutionError(""HTTPSConnection(host='ryzenstudy.com', port=443): Failed to resolve 'ryzenstudy.com' ([Errno 11001] getaddrinfo failed)""))",n/a,n/a,auto-retry-on-rerun
https://ryzenstudy.com/papers/aktu-btech-sem-4-analog-electronics-2022-23,BTech,4,2022-23,,,"ERROR: ConnectionError: HTTPSConnectionPool(host='ryzenstudy.com', port=443): Max retries exceeded with url: /papers/aktu-btech-sem-4-analog-electronics-2022-23 (Caused by NameResolutionError(""HTTPSConnection(host='ryzenstudy.com', port=443): Failed to resolve 'ryzenstudy.com' ([Errno 11001] getaddrinfo failed)""))",n/a,n/a,auto-retry-on-rerun
https://ryzenstudy.com/papers/aktu-btech-sem-4-analog-electronics-circuits-2023-24,BTech,4,2023-24,,,"ERROR: ConnectionError: HTTPSConnectionPool(host='ryzenstudy.com', port=443): Max retries exceeded with url: /papers/aktu-btech-sem-4-analog-electronics-circuits-2023-24 (Caused by NameResolutionError(""HTTPSConnection(host='ryzenstudy.com', port=443): Failed to resolve 'ryzenstudy.com' ([Errno 11001] getaddrinfo failed)""))",n/a,n/a,auto-retry-on-rerun
https://ryzenstudy.com/papers/aktu-btech-sem-4-analog-electronics-circuits-2024-25,BTech,4,2024-25,,,"ERROR: ConnectionError: HTTPSConnectionPool(host='ryzenstudy.com', port=443): Max retries exceeded with url: /papers/aktu-btech-sem-4-analog-electronics-circuits-2024-25 (Caused by NameResolutionError(""HTTPSConnection(host='ryzenstudy.com', port=443): Failed to resolve 'ryzenstudy.com' ([Errno 11001] getaddrinfo failed)""))",n/a,n/a,auto-retry-on-rerun
https://ryzenstudy.com/papers/aktu-btech-sem-4-analog-electronics-circuits-2025-26,BTech,4,2025-26,,,"ERROR: ConnectionError: HTTPSConnectionPool(host='ryzenstudy.com', port=443): Max retries exceeded with url: /papers/aktu-btech-sem-4-analog-electronics-circuits-2025-26 (Caused by NameResolutionError(""HTTPSConnection(host='ryzenstudy.com', port=443): Failed to resolve 'ryzenstudy.com' ([Errno 11001] getaddrinfo failed)""))",n/a,n/a,auto-retry-on-rerun
https://ryzenstudy.com/papers/aktu-btech-sem-4-applied-thermodynamics-2021-22,BTech,4,2021-22,,,"ERROR: ConnectionError: HTTPSConnectionPool(host='ryzenstudy.com', port=443): Max retries exceeded with url: /papers/aktu-btech-sem-4-applied-thermodynamics-2021-22 (Caused by NameResolutionError(""HTTPSConnection(host='ryzenstudy.com', port=443): Failed to resolve 'ryzenstudy.com' ([Errno 11001] getaddrinfo failed)""))",n/a,n/a,auto-retry-on-rerun
https://ryzenstudy.com/papers/aktu-btech-sem-4-applied-thermodynamics-2022-23,BTech,4,2022-23,,,"ERROR: ConnectionError: HTTPSConnectionPool(host='ryzenstudy.com', port=443): Max retries exceeded with url: /papers/aktu-btech-sem-4-applied-thermodynamics-2022-23 (Caused by NameResolutionError(""HTTPSConnection(host='ryzenstudy.com', port=443): Failed to resolve 'ryzenstudy.com' ([Errno 11001] getaddrinfo failed)""))",n/a,n/a,auto-retry-on-rerun
https://ryzenstudy.com/papers/aktu-btech-sem-4-applied-thermodynamics-2023-24,BTech,4,2023-24,,,"ERROR: ConnectionError: HTTPSConnectionPool(host='ryzenstudy.com', port=443): Max retries exceeded with url: /papers/aktu-btech-sem-4-applied-thermodynamics-2023-24 (Caused by NameResolutionError(""HTTPSConnection(host='ryzenstudy.com', port=443): Failed to resolve 'ryzenstudy.com' ([Errno 11001] getaddrinfo failed)""))",n/a,n/a,auto-retry-on-rerun
https://ryzenstudy.com/papers/aktu-btech-sem-4-applied-thermodynamics-2024-25,BTech,4,2024-25,,,"ERROR: ConnectionError: HTTPSConnectionPool(host='ryzenstudy.com', port=443): Max retries exceeded with url: /papers/aktu-btech-sem-4-applied-thermodynamics-2024-25 (Caused by NameResolutionError(""HTTPSConnection(host='ryzenstudy.com', port=443): Failed to resolve 'ryzenstudy.com' ([Errno 11001] getaddrinfo failed)""))",n/a,n/a,auto-retry-on-rerun
https://ryzenstudy.com/papers/aktu-btech-sem-4-applied-thermodynamics-2025-26,BTech,4,2025-26,,,"ERROR: ConnectionError: HTTPSConnectionPool(host='ryzenstudy.com', port=443): Max retries exceeded with url: /papers/aktu-btech-sem-4-applied-thermodynamics-2025-26 (Caused by NameResolutionError(""HTTPSConnection(host='ryzenstudy.com', port=443): Failed to resolve 'ryzenstudy.com' ([Errno 11001] getaddrinfo failed)""))",n/a,n/a,auto-retry-on-rerun
https://ryzenstudy.com/papers/aktu-btech-sem-4-automation-and-robotics-2023-24,BTech,4,2023-24,,,"ERROR: ConnectionError: HTTPSConnectionPool(host='ryzenstudy.com', port=443): Max retries exceeded with url: /papers/aktu-btech-sem-4-automation-and-robotics-2023-24 (Caused by NameResolutionError(""HTTPSConnection(host='ryzenstudy.com', port=443): Failed to resolve 'ryzenstudy.com' ([Errno 11001] getaddrinfo failed)""))",n/a,n/a,auto-retry-on-rerun
https://ryzenstudy.com/papers/aktu-btech-sem-4-automation-and-robotics-2024-25,BTech,4,2024-25,,,"ERROR: ConnectionError: HTTPSConnectionPool(host='ryzenstudy.com', port=443): Max retries exceeded with url: /papers/aktu-btech-sem-4-automation-and-robotics-2024-25 (Caused by NameResolutionError(""HTTPSConnection(host='ryzenstudy.com', port=443): Failed to resolve 'ryzenstudy.com' ([Errno 11001] getaddrinfo failed)""))",n/a,n/a,auto-retry-on-rerun
https://ryzenstudy.com/papers/aktu-btech-sem-4-automation-and-robotics-2025-26,BTech,4,2025-26,,,"ERROR: ConnectionError: HTTPSConnectionPool(host='ryzenstudy.com', port=443): Max retries exceeded with url: /papers/aktu-btech-sem-4-automation-and-robotics-2025-26 (Caused by NameResolutionError(""HTTPSConnection(host='ryzenstudy.com', port=443): Failed to resolve 'ryzenstudy.com' ([Errno 11001] getaddrinfo failed)""))",n/a,n/a,auto-retry-on-rerun
https://ryzenstudy.com/papers/aktu-btech-sem-4-basic-data-structure-algorithms-2022-23,BTech,4,2022-23,,,"ERROR: ConnectionError: HTTPSConnectionPool(host='ryzenstudy.com', port=443): Max retries exceeded with url: /papers/aktu-btech-sem-4-basic-data-structure-algorithms-2022-23 (Caused by NameResolutionError(""HTTPSConnection(host='ryzenstudy.com', port=443): Failed to resolve 'ryzenstudy.com' ([Errno 11001] getaddrinfo failed)""))",n/a,n/a,auto-retry-on-rerun
https://ryzenstudy.com/papers/aktu-btech-sem-4-basic-data-structure-and-algorithms-2021-22,BTech,4,2021-22,,,"ERROR: ConnectionError: HTTPSConnectionPool(host='ryzenstudy.com', port=443): Max retries exceeded with url: /papers/aktu-btech-sem-4-basic-data-structure-and-algorithms-2021-22 (Caused by NameResolutionError(""HTTPSConnection(host='ryzenstudy.com', port=443): Failed to resolve 'ryzenstudy.com' ([Errno 11001] getaddrinfo failed)""))",n/a,n/a,auto-retry-on-rerun
https://ryzenstudy.com/papers/aktu-btech-sem-4-basics-data-structure-algorithms-2023-24,BTech,4,2023-24,,,"ERROR: ConnectionError: HTTPSConnectionPool(host='ryzenstudy.com', port=443): Max retries exceeded with url: /papers/aktu-btech-sem-4-basics-data-structure-algorithms-2023-24 (Caused by NameResolutionError(""HTTPSConnection(host='ryzenstudy.com', port=443): Failed to resolve 'ryzenstudy.com' ([Errno 11001] getaddrinfo failed)""))",n/a,n/a,auto-retry-on-rerun
https://ryzenstudy.com/papers/aktu-btech-sem-4-basics-data-structure-algorithms-2024-25,BTech,4,2024-25,,,"ERROR: ConnectionError: HTTPSConnectionPool(host='ryzenstudy.com', port=443): Max retries exceeded with url: /papers/aktu-btech-sem-4-basics-data-structure-algorithms-2024-25 (Caused by NameResolutionError(""HTTPSConnection(host='ryzenstudy.com', port=443): Failed to resolve 'ryzenstudy.com' ([Errno 11001] getaddrinfo failed)""))",n/a,n/a,auto-retry-on-rerun
https://ryzenstudy.com/papers/aktu-btech-sem-4-basics-data-structure-algorithms-2025-26,BTech,4,2025-26,,,"ERROR: ConnectionError: HTTPSConnectionPool(host='ryzenstudy.com', port=443): Max retries exceeded with url: /papers/aktu-btech-sem-4-basics-data-structure-algorithms-2025-26 (Caused by NameResolutionError(""HTTPSConnection(host='ryzenstudy.com', port=443): Failed to resolve 'ryzenstudy.com' ([Errno 11001] getaddrinfo failed)""))",n/a,n/a,auto-retry-on-rerun
https://ryzenstudy.com/papers/aktu-btech-sem-4-basics-of-database-management-systems-2023-24,BTech,4,2023-24,,,"ERROR: ConnectionError: HTTPSConnectionPool(host='ryzenstudy.com', port=443): Max retries exceeded with url: /papers/aktu-btech-sem-4-basics-of-database-management-systems-2023-24 (Caused by NameResolutionError(""HTTPSConnection(host='ryzenstudy.com', port=443): Failed to resolve 'ryzenstudy.com' ([Errno 11001] getaddrinfo failed)""))",n/a,n/a,auto-retry-on-rerun
https://ryzenstudy.com/papers/aktu-btech-sem-4-basics-of-database-management-systems-2024-25,BTech,4,2024-25,,,"ERROR: ConnectionError: HTTPSConnectionPool(host='ryzenstudy.com', port=443): Max retries exceeded with url: /papers/aktu-btech-sem-4-basics-of-database-management-systems-2024-25 (Caused by NameResolutionError(""HTTPSConnection(host='ryzenstudy.com', port=443): Failed to resolve 'ryzenstudy.com' ([Errno 11001] getaddrinfo failed)""))",n/a,n/a,auto-retry-on-rerun
https://ryzenstudy.com/papers/aktu-btech-sem-4-basics-of-database-management-systems-2025-26,BTech,4,2025-26,,,"ERROR: ConnectionError: HTTPSConnectionPool(host='ryzenstudy.com', port=443): Max retries exceeded with url: /papers/aktu-btech-sem-4-basics-of-database-management-systems-2025-26 (Caused by NameResolutionError(""HTTPSConnection(host='ryzenstudy.com', port=443): Failed to resolve 'ryzenstudy.com' ([Errno 11001] getaddrinfo failed)""))",n/a,n/a,auto-retry-on-rerun
https://ryzenstudy.com/papers/aktu-btech-sem-4-boe410-digital-electronics-2024-25,BTech,4,2024-25,,,"ERROR: ConnectionError: HTTPSConnectionPool(host='ryzenstudy.com', port=443): Max retries exceeded with url: /papers/aktu-btech-sem-4-boe410-digital-electronics-2024-25 (Caused by NameResolutionError(""HTTPSConnection(host='ryzenstudy.com', port=443): Failed to resolve 'ryzenstudy.com' ([Errno 11001] getaddrinfo failed)""))",n/a,n/a,auto-retry-on-rerun
https://ryzenstudy.com/papers/aktu-btech-sem-4-boe410-digital-electronics-2025-26,BTech,4,2025-26,,,"ERROR: ConnectionError: HTTPSConnectionPool(host='ryzenstudy.com', port=443): Max retries exceeded with url: /papers/aktu-btech-sem-4-boe410-digital-electronics-2025-26 (Caused by NameResolutionError(""HTTPSConnection(host='ryzenstudy.com', port=443): Failed to resolve 'ryzenstudy.com' ([Errno 11001] getaddrinfo failed)""))",n/a,n/a,auto-retry-on-rerun
https://ryzenstudy.com/papers/aktu-btech-sem-4-building-science-and-engineering-2024-25,BTech,4,2024-25,,,"ERROR: ConnectionError: HTTPSConnectionPool(host='ryzenstudy.com', port=443): Max retries exceeded with url: /papers/aktu-btech-sem-4-building-science-and-engineering-2024-25 (Caused by NameResolutionError(""HTTPSConnection(host='ryzenstudy.com', port=443): Failed to resolve 'ryzenstudy.com' ([Errno 11001] getaddrinfo failed)""))",n/a,n/a,auto-retry-on-rerun
https://ryzenstudy.com/papers/aktu-btech-sem-4-building-science-and-engineering-2025-26,BTech,4,2025-26,,,"ERROR: ConnectionError: HTTPSConnectionPool(host='ryzenstudy.com', port=443): Max retries exceeded with url: /papers/aktu-btech-sem-4-building-science-and-engineering-2025-26 (Caused by NameResolutionError(""HTTPSConnection(host='ryzenstudy.com', port=443): Failed to resolve 'ryzenstudy.com' ([Errno 11001] getaddrinfo failed)""))",n/a,n/a,auto-retry-on-rerun
https://ryzenstudy.com/papers/aktu-btech-sem-4-communication-engineering-2021-22,BTech,4,2021-22,,,"ERROR: ConnectionError: HTTPSConnectionPool(host='ryzenstudy.com', port=443): Max retries exceeded with url: /papers/aktu-btech-sem-4-communication-engineering-2021-22 (Caused by NameResolutionError(""HTTPSConnection(host='ryzenstudy.com', port=443): Failed to resolve 'ryzenstudy.com' ([Errno 11001] getaddrinfo failed)""))",n/a,n/a,auto-retry-on-rerun
https://ryzenstudy.com/papers/aktu-btech-sem-4-communication-engineering-2022-23,BTech,4,2022-23,,,"ERROR: ConnectionError: HTTPSConnectionPool(host='ryzenstudy.com', port=443): Max retries exceeded with url: /papers/aktu-btech-sem-4-communication-engineering-2022-23 (Caused by NameResolutionError(""HTTPSConnection(host='ryzenstudy.com', port=443): Failed to resolve 'ryzenstudy.com' ([Errno 11001] getaddrinfo failed)""))",n/a,n/a,auto-retry-on-rerun
https://ryzenstudy.com/papers/aktu-btech-sem-4-communication-engineering-2023-24,BTech,4,2023-24,,,"ERROR: ConnectionError: HTTPSConnectionPool(host='ryzenstudy.com', port=443): Max retries exceeded with url: /papers/aktu-btech-sem-4-communication-engineering-2023-24 (Caused by NameResolutionError(""HTTPSConnection(host='ryzenstudy.com', port=443): Failed to resolve 'ryzenstudy.com' ([Errno 11001] getaddrinfo failed)""))",n/a,n/a,auto-retry-on-rerun
https://ryzenstudy.com/papers/aktu-btech-sem-4-communication-engineering-2024-25,BTech,4,2024-25,,,"ERROR: ConnectionError: HTTPSConnectionPool(host='ryzenstudy.com', port=443): Max retries exceeded with url: /papers/aktu-btech-sem-4-communication-engineering-2024-25 (Caused by NameResolutionError(""HTTPSConnection(host='ryzenstudy.com', port=443): Failed to resolve 'ryzenstudy.com' ([Errno 11001] getaddrinfo failed)""))",n/a,n/a,auto-retry-on-rerun
https://ryzenstudy.com/papers/aktu-btech-sem-4-communication-engineering-2025-26,BTech,4,2025-26,,,"ERROR: ConnectionError: HTTPSConnectionPool(host='ryzenstudy.com', port=443): Max retries exceeded with url: /papers/aktu-btech-sem-4-communication-engineering-2025-26 (Caused by NameResolutionError(""HTTPSConnection(host='ryzenstudy.com', port=443): Failed to resolve 'ryzenstudy.com' ([Errno 11001] getaddrinfo failed)""))",n/a,n/a,auto-retry-on-rerun
https://ryzenstudy.com/papers/aktu-btech-sem-4-computer-system-security-2021-22,BTech,4,2021-22,,,"ERROR: ConnectionError: HTTPSConnectionPool(host='ryzenstudy.com', port=443): Max retries exceeded with url: /papers/aktu-btech-sem-4-computer-system-security-2021-22 (Caused by NameResolutionError(""HTTPSConnection(host='ryzenstudy.com', port=443): Failed to resolve 'ryzenstudy.com' ([Errno 11001] getaddrinfo failed)""))",n/a,n/a,auto-retry-on-rerun
https://ryzenstudy.com/papers/aktu-btech-sem-4-computer-system-security-2022-23,BTech,4,2022-23,,,"ERROR: ConnectionError: HTTPSConnectionPool(host='ryzenstudy.com', port=443): Max retries exceeded with url: /papers/aktu-btech-sem-4-computer-system-security-2022-23 (Caused by NameResolutionError(""HTTPSConnection(host='ryzenstudy.com', port=443): Failed to resolve 'ryzenstudy.com' ([Errno 11001] getaddrinfo failed)""))",n/a,n/a,auto-retry-on-rerun
https://ryzenstudy.com/papers/aktu-btech-sem-4-cyber-security-2023-24,BTech,4,2023-24,,,"ERROR: ConnectionError: HTTPSConnectionPool(host='ryzenstudy.com', port=443): Max retries exceeded with url: /papers/aktu-btech-sem-4-cyber-security-2023-24 (Caused by NameResolutionError(""HTTPSConnection(host='ryzenstudy.com', port=443): Failed to resolve 'ryzenstudy.com' ([Errno 11001] getaddrinfo failed)""))",n/a,n/a,auto-retry-on-rerun
https://ryzenstudy.com/papers/aktu-btech-sem-4-cyber-security-2024-25,BTech,4,2024-25,,,"ERROR: ConnectionError: HTTPSConnectionPool(host='ryzenstudy.com', port=443): Max retries exceeded with url: /papers/aktu-btech-sem-4-cyber-security-2024-25 (Caused by NameResolutionError(""HTTPSConnection(host='ryzenstudy.com', port=443): Failed to resolve 'ryzenstudy.com' ([Errno 11001] getaddrinfo failed)""))",n/a,n/a,auto-retry-on-rerun
https://ryzenstudy.com/papers/aktu-btech-sem-4-cyber-security-2025-26,BTech,4,2025-26,,,"ERROR: ConnectionError: HTTPSConnectionPool(host='ryzenstudy.com', port=443): Max retries exceeded with url: /papers/aktu-btech-sem-4-cyber-security-2025-26 (Caused by NameResolutionError(""HTTPSConnection(host='ryzenstudy.com', port=443): Failed to resolve 'ryzenstudy.com' ([Errno 11001] getaddrinfo failed)""))",n/a,n/a,auto-retry-on-rerun
https://ryzenstudy.com/papers/aktu-btech-sem-4-design-and-analysis-of-algorithm-2023-24,BTech,4,2023-24,,,"ERROR: ConnectionError: HTTPSConnectionPool(host='ryzenstudy.com', port=443): Max retries exceeded with url: /papers/aktu-btech-sem-4-design-and-analysis-of-algorithm-2023-24 (Caused by NameResolutionError(""HTTPSConnection(host='ryzenstudy.com', port=443): Failed to resolve 'ryzenstudy.com' ([Errno 11001] getaddrinfo failed)""))",n/a,n/a,auto-retry-on-rerun
https://ryzenstudy.com/papers/aktu-btech-sem-4-design-and-analysis-of-algorithm-2025-26,BTech,4,2025-26,,,"ERROR: ConnectionError: HTTPSConnectionPool(host='ryzenstudy.com', port=443): Max retries exceeded with url: /papers/aktu-btech-sem-4-design-and-analysis-of-algorithm-2025-26 (Caused by NameResolutionError(""HTTPSConnection(host='ryzenstudy.com', port=443): Failed to resolve 'ryzenstudy.com' ([Errno 11001] getaddrinfo failed)""))",n/a,n/a,auto-retry-on-rerun
https://ryzenstudy.com/papers/aktu-btech-sem-4-digital-electronics-2021-22,BTech,4,2021-22,,,"ERROR: ConnectionError: HTTPSConnectionPool(host='ryzenstudy.com', port=443): Max retries exceeded with url: /papers/aktu-btech-sem-4-digital-electronics-2021-22 (Caused by NameResolutionError(""HTTPSConnection(host='ryzenstudy.com', port=443): Failed to resolve 'ryzenstudy.com' ([Errno 11001] getaddrinfo failed)""))",n/a,n/a,auto-retry-on-rerun
https://ryzenstudy.com/papers/aktu-btech-sem-4-digital-electronics-2022-23,BTech,4,2022-23,,,"ERROR: ConnectionError: HTTPSConnectionPool(host='ryzenstudy.com', port=443): Max retries exceeded with url: /papers/aktu-btech-sem-4-digital-electronics-2022-23 (Caused by NameResolutionError(""HTTPSConnection(host='ryzenstudy.com', port=443): Failed to resolve 'ryzenstudy.com' ([Errno 11001] getaddrinfo failed)""))",n/a,n/a,auto-retry-on-rerun
https://ryzenstudy.com/papers/aktu-btech-sem-4-digital-electronics-2023-24,BTech,4,2023-24,,,"ERROR: ConnectionError: HTTPSConnectionPool(host='ryzenstudy.com', port=443): Max retries exceeded with url: /papers/aktu-btech-sem-4-digital-electronics-2023-24 (Caused by NameResolutionError(""HTTPSConnection(host='ryzenstudy.com', port=443): Failed to resolve 'ryzenstudy.com' ([Errno 11001] getaddrinfo failed)""))",n/a,n/a,auto-retry-on-rerun
https://ryzenstudy.com/papers/aktu-btech-sem-4-digital-electronics-2024-25,BTech,4,2024-25,,,"ERROR: ConnectionError: HTTPSConnectionPool(host='ryzenstudy.com', port=443): Max retries exceeded with url: /papers/aktu-btech-sem-4-digital-electronics-2024-25 (Caused by NameResolutionError(""HTTPSConnection(host='ryzenstudy.com', port=443): Failed to resolve 'ryzenstudy.com' ([Errno 11001] getaddrinfo failed)""))",n/a,n/a,auto-retry-on-rerun
https://ryzenstudy.com/papers/aktu-btech-sem-4-digital-electronics-2025-26,BTech,4,2025-26,,,"ERROR: ConnectionError: HTTPSConnectionPool(host='ryzenstudy.com', port=443): Max retries exceeded with url: /papers/aktu-btech-sem-4-digital-electronics-2025-26 (Caused by NameResolutionError(""HTTPSConnection(host='ryzenstudy.com', port=443): Failed to resolve 'ryzenstudy.com' ([Errno 11001] getaddrinfo failed)""))",n/a,n/a,auto-retry-on-rerun
https://ryzenstudy.com/papers/aktu-btech-sem-4-electric-and-hybrid-vehicles-2023-24,BTech,4,2023-24,,,"ERROR: ConnectionError: HTTPSConnectionPool(host='ryzenstudy.com', port=443): Max retries exceeded with url: /papers/aktu-btech-sem-4-electric-and-hybrid-vehicles-2023-24 (Caused by NameResolutionError(""HTTPSConnection(host='ryzenstudy.com', port=443): Failed to resolve 'ryzenstudy.com' ([Errno 11001] getaddrinfo failed)""))",n/a,n/a,auto-retry-on-rerun
https://ryzenstudy.com/papers/aktu-btech-sem-4-electric-and-hybrid-vehicles-2024-25,BTech,4,2024-25,,,"ERROR: ConnectionError: HTTPSConnectionPool(host='ryzenstudy.com', port=443): Max retries exceeded with url: /papers/aktu-btech-sem-4-electric-and-hybrid-vehicles-2024-25 (Caused by NameResolutionError(""HTTPSConnection(host='ryzenstudy.com', port=443): Failed to resolve 'ryzenstudy.com' ([Errno 11001] getaddrinfo failed)""))",n/a,n/a,auto-retry-on-rerun
https://ryzenstudy.com/papers/aktu-btech-sem-4-electric-and-hybrid-vehicles-2025-26,BTech,4,2025-26,,,"ERROR: ConnectionError: HTTPSConnectionPool(host='ryzenstudy.com', port=443): Max retries exceeded with url: /papers/aktu-btech-sem-4-electric-and-hybrid-vehicles-2025-26 (Caused by NameResolutionError(""HTTPSConnection(host='ryzenstudy.com', port=443): Failed to resolve 'ryzenstudy.com' ([Errno 11001] getaddrinfo failed)""))",n/a,n/a,auto-retry-on-rerun
https://ryzenstudy.com/papers/aktu-btech-sem-4-electrical-machines-i-2021-22,BTech,4,2021-22,,,"ERROR: ConnectionError: HTTPSConnectionPool(host='ryzenstudy.com', port=443): Max retries exceeded with url: /papers/aktu-btech-sem-4-electrical-machines-i-2021-22 (Caused by NameResolutionError(""HTTPSConnection(host='ryzenstudy.com', port=443): Failed to resolve 'ryzenstudy.com' ([Errno 11001] getaddrinfo failed)""))",n/a,n/a,auto-retry-on-rerun
https://ryzenstudy.com/papers/aktu-btech-sem-4-electrical-machines-i-2022-23,BTech,4,2022-23,,,"ERROR: ConnectionError: HTTPSConnectionPool(host='ryzenstudy.com', port=443): Max retries exceeded with url: /papers/aktu-btech-sem-4-electrical-machines-i-2022-23 (Caused by NameResolutionError(""HTTPSConnection(host='ryzenstudy.com', port=443): Failed to resolve 'ryzenstudy.com' ([Errno 11001] getaddrinfo failed)""))",n/a,n/a,auto-retry-on-rerun
https://ryzenstudy.com/papers/aktu-btech-sem-4-electrical-machines-i-2023-24,BTech,4,2023-24,,,"ERROR: ConnectionError: HTTPSConnectionPool(host='ryzenstudy.com', port=443): Max retries exceeded with url: /papers/aktu-btech-sem-4-electrical-machines-i-2023-24 (Caused by NameResolutionError(""HTTPSConnection(host='ryzenstudy.com', port=443): Failed to resolve 'ryzenstudy.com' ([Errno 11001] getaddrinfo failed)""))",n/a,n/a,auto-retry-on-rerun
https://ryzenstudy.com/papers/aktu-btech-sem-4-electrical-machines-i-2024-25,BTech,4,2024-25,,,"ERROR: ConnectionError: HTTPSConnectionPool(host='ryzenstudy.com', port=443): Max retries exceeded with url: /papers/aktu-btech-sem-4-electrical-machines-i-2024-25 (Caused by NameResolutionError(""HTTPSConnection(host='ryzenstudy.com', port=443): Failed to resolve 'ryzenstudy.com' ([Errno 11001] getaddrinfo failed)""))",n/a,n/a,auto-retry-on-rerun
https://ryzenstudy.com/papers/aktu-btech-sem-4-electrical-machines-i-2025-26,BTech,4,2025-26,,,"ERROR: ConnectionError: HTTPSConnectionPool(host='ryzenstudy.com', port=443): Max retries exceeded with url: /papers/aktu-btech-sem-4-electrical-machines-i-2025-26 (Caused by NameResolutionError(""HTTPSConnection(host='ryzenstudy.com', port=443): Failed to resolve 'ryzenstudy.com' ([Errno 11001] getaddrinfo failed)""))",n/a,n/a,auto-retry-on-rerun
https://ryzenstudy.com/papers/aktu-btech-sem-4-electrical-measurements-instrumentation-2021-22,BTech,4,2021-22,,,"ERROR: ConnectionError: HTTPSConnectionPool(host='ryzenstudy.com', port=443): Max retries exceeded with url: /papers/aktu-btech-sem-4-electrical-measurements-instrumentation-2021-22 (Caused by NameResolutionError(""HTTPSConnection(host='ryzenstudy.com', port=443): Failed to resolve 'ryzenstudy.com' ([Errno 11001] getaddrinfo failed)""))",n/a,n/a,auto-retry-on-rerun
https://ryzenstudy.com/papers/aktu-btech-sem-4-electrical-measurements-instrumentation-2024-25,BTech,4,2024-25,,,"ERROR: ConnectionError: HTTPSConnectionPool(host='ryzenstudy.com', port=443): Max retries exceeded with url: /papers/aktu-btech-sem-4-electrical-measurements-instrumentation-2024-25 (Caused by NameResolutionError(""HTTPSConnection(host='ryzenstudy.com', port=443): Failed to resolve 'ryzenstudy.com' ([Errno 11001] getaddrinfo failed)""))",n/a,n/a,auto-retry-on-rerun
https://ryzenstudy.com/papers/aktu-btech-sem-4-electronics-engineering-2021-22,BTech,4,2021-22,,,"ERROR: ConnectionError: HTTPSConnectionPool(host='ryzenstudy.com', port=443): Max retries exceeded with url: /papers/aktu-btech-sem-4-electronics-engineering-2021-22 (Caused by NameResolutionError(""HTTPSConnection(host='ryzenstudy.com', port=443): Failed to resolve 'ryzenstudy.com' ([Errno 11001] getaddrinfo failed)""))",n/a,n/a,auto-retry-on-rerun
https://ryzenstudy.com/papers/aktu-btech-sem-4-electronics-engineering-2022-23,BTech,4,2022-23,,,"ERROR: ConnectionError: HTTPSConnectionPool(host='ryzenstudy.com', port=443): Max retries exceeded with url: /papers/aktu-btech-sem-4-electronics-engineering-2022-23 (Caused by NameResolutionError(""HTTPSConnection(host='ryzenstudy.com', port=443): Failed to resolve 'ryzenstudy.com' ([Errno 11001] getaddrinfo failed)""))",n/a,n/a,auto-retry-on-rerun
https://ryzenstudy.com/papers/aktu-btech-sem-4-electronics-engineering-2023-24,BTech,4,2023-24,,,"ERROR: ConnectionError: HTTPSConnectionPool(host='ryzenstudy.com', port=443): Max retries exceeded with url: /papers/aktu-btech-sem-4-electronics-engineering-2023-24 (Caused by NameResolutionError(""HTTPSConnection(host='ryzenstudy.com', port=443): Failed to resolve 'ryzenstudy.com' ([Errno 11001] getaddrinfo failed)""))",n/a,n/a,auto-retry-on-rerun
https://ryzenstudy.com/papers/aktu-btech-sem-4-electronics-engineering-2024-25,BTech,4,2024-25,,,"ERROR: ConnectionError: HTTPSConnectionPool(host='ryzenstudy.com', port=443): Max retries exceeded with url: /papers/aktu-btech-sem-4-electronics-engineering-2024-25 (Caused by NameResolutionError(""HTTPSConnection(host='ryzenstudy.com', port=443): Failed to resolve 'ryzenstudy.com' ([Errno 11001] getaddrinfo failed)""))",n/a,n/a,auto-retry-on-rerun
https://ryzenstudy.com/papers/aktu-btech-sem-4-electronics-engineering-2025-26,BTech,4,2025-26,,,"ERROR: ConnectionError: HTTPSConnectionPool(host='ryzenstudy.com', port=443): Max retries exceeded with url: /papers/aktu-btech-sem-4-electronics-engineering-2025-26 (Caused by NameResolutionError(""HTTPSConnection(host='ryzenstudy.com', port=443): Failed to resolve 'ryzenstudy.com' ([Errno 11001] getaddrinfo failed)""))",n/a,n/a,auto-retry-on-rerun
https://ryzenstudy.com/papers/aktu-btech-sem-4-energy-science-and-engineering-2021-22,BTech,4,2021-22,,,"ERROR: ConnectionError: HTTPSConnectionPool(host='ryzenstudy.com', port=443): Max retries exceeded with url: /papers/aktu-btech-sem-4-energy-science-and-engineering-2021-22 (Caused by NameResolutionError(""HTTPSConnection(host='ryzenstudy.com', port=443): Failed to resolve 'ryzenstudy.com' ([Errno 11001] getaddrinfo failed)""))",n/a,n/a,auto-retry-on-rerun
https://ryzenstudy.com/papers/aktu-btech-sem-4-energy-science-and-engineering-2022-23,BTech,4,2022-23,,,"ERROR: ConnectionError: HTTPSConnectionPool(host='ryzenstudy.com', port=443): Max retries exceeded with url: /papers/aktu-btech-sem-4-energy-science-and-engineering-2022-23 (Caused by NameResolutionError(""HTTPSConnection(host='ryzenstudy.com', port=443): Failed to resolve 'ryzenstudy.com' ([Errno 11001] getaddrinfo failed)""))",n/a,n/a,auto-retry-on-rerun
https://ryzenstudy.com/papers/aktu-btech-sem-4-energy-science-engineering-2023-24,BTech,4,2023-24,,,"ERROR: ConnectionError: HTTPSConnectionPool(host='ryzenstudy.com', port=443): Max retries exceeded with url: /papers/aktu-btech-sem-4-energy-science-engineering-2023-24 (Caused by NameResolutionError(""HTTPSConnection(host='ryzenstudy.com', port=443): Failed to resolve 'ryzenstudy.com' ([Errno 11001] getaddrinfo failed)""))",n/a,n/a,auto-retry-on-rerun
https://ryzenstudy.com/papers/aktu-btech-sem-4-energy-science-engineering-2024-25,BTech,4,2024-25,,,"ERROR: ConnectionError: HTTPSConnectionPool(host='ryzenstudy.com', port=443): Max retries exceeded with url: /papers/aktu-btech-sem-4-energy-science-engineering-2024-25 (Caused by NameResolutionError(""HTTPSConnection(host='ryzenstudy.com', port=443): Failed to resolve 'ryzenstudy.com' ([Errno 11001] getaddrinfo failed)""))",n/a,n/a,auto-retry-on-rerun
https://ryzenstudy.com/papers/aktu-btech-sem-4-energy-science-engineering-2025-26,BTech,4,2025-26,,,"ERROR: ConnectionError: HTTPSConnectionPool(host='ryzenstudy.com', port=443): Max retries exceeded with url: /papers/aktu-btech-sem-4-energy-science-engineering-2025-26 (Caused by NameResolutionError(""HTTPSConnection(host='ryzenstudy.com', port=443): Failed to resolve 'ryzenstudy.com' ([Errno 11001] getaddrinfo failed)""))",n/a,n/a,auto-retry-on-rerun
https://ryzenstudy.com/papers/aktu-btech-sem-4-engineering-mathematics-iv-2022-23,BTech,4,2022-23,,,"ERROR: ConnectionError: HTTPSConnectionPool(host='ryzenstudy.com', port=443): Max retries exceeded with url: /papers/aktu-btech-sem-4-engineering-mathematics-iv-2022-23 (Caused by NameResolutionError(""HTTPSConnection(host='ryzenstudy.com', port=443): Failed to resolve 'ryzenstudy.com' ([Errno 11001] getaddrinfo failed)""))",n/a,n/a,auto-retry-on-rerun
https://ryzenstudy.com/papers/aktu-btech-sem-4-engineering-mechanics-2021-22,BTech,4,2021-22,,,"ERROR: ConnectionError: HTTPSConnectionPool(host='ryzenstudy.com', port=443): Max retries exceeded with url: /papers/aktu-btech-sem-4-engineering-mechanics-2021-22 (Caused by NameResolutionError(""HTTPSConnection(host='ryzenstudy.com', port=443): Failed to resolve 'ryzenstudy.com' ([Errno 11001] getaddrinfo failed)""))",n/a,n/a,auto-retry-on-rerun
https://ryzenstudy.com/papers/aktu-btech-sem-4-engineering-mechanics-2022-23,BTech,4,2022-23,,,"ERROR: ConnectionError: HTTPSConnectionPool(host='ryzenstudy.com', port=443): Max retries exceeded with url: /papers/aktu-btech-sem-4-engineering-mechanics-2022-23 (Caused by NameResolutionError(""HTTPSConnection(host='ryzenstudy.com', port=443): Failed to resolve 'ryzenstudy.com' ([Errno 11001] getaddrinfo failed)""))",n/a,n/a,auto-retry-on-rerun
https://ryzenstudy.com/papers/aktu-btech-sem-4-engineering-mechanics-strength-material-2023-24,BTech,4,2023-24,,,"ERROR: ConnectionError: HTTPSConnectionPool(host='ryzenstudy.com', port=443): Max retries exceeded with url: /papers/aktu-btech-sem-4-engineering-mechanics-strength-material-2023-24 (Caused by NameResolutionError(""HTTPSConnection(host='ryzenstudy.com', port=443): Failed to resolve 'ryzenstudy.com' ([Errno 11001] getaddrinfo failed)""))",n/a,n/a,auto-retry-on-rerun
https://ryzenstudy.com/papers/aktu-btech-sem-4-engineering-mechanics-strength-material-2024-25,BTech,4,2024-25,,,"ERROR: ConnectionError: HTTPSConnectionPool(host='ryzenstudy.com', port=443): Max retries exceeded with url: /papers/aktu-btech-sem-4-engineering-mechanics-strength-material-2024-25 (Caused by NameResolutionError(""HTTPSConnection(host='ryzenstudy.com', port=443): Failed to resolve 'ryzenstudy.com' ([Errno 11001] getaddrinfo failed)""))",n/a,n/a,auto-retry-on-rerun
https://ryzenstudy.com/papers/aktu-btech-sem-4-engineering-mechanics-strength-material-2025-26,BTech,4,2025-26,,,"ERROR: ConnectionError: HTTPSConnectionPool(host='ryzenstudy.com', port=443): Max retries exceeded with url: /papers/aktu-btech-sem-4-engineering-mechanics-strength-material-2025-26 (Caused by NameResolutionError(""HTTPSConnection(host='ryzenstudy.com', port=443): Failed to resolve 'ryzenstudy.com' ([Errno 11001] getaddrinfo failed)""))",n/a,n/a,auto-retry-on-rerun
https://ryzenstudy.com/papers/aktu-btech-sem-4-food-science-and-nutrition-2024-25,BTech,4,2024-25,,,"ERROR: ConnectionError: HTTPSConnectionPool(host='ryzenstudy.com', port=443): Max retries exceeded with url: /papers/aktu-btech-sem-4-food-science-and-nutrition-2024-25 (Caused by NameResolutionError(""HTTPSConnection(host='ryzenstudy.com', port=443): Failed to resolve 'ryzenstudy.com' ([Errno 11001] getaddrinfo failed)""))",n/a,n/a,auto-retry-on-rerun
https://ryzenstudy.com/papers/aktu-btech-sem-4-food-science-and-nutrition-2025-26,BTech,4,2025-26,,,"ERROR: ConnectionError: HTTPSConnectionPool(host='ryzenstudy.com', port=443): Max retries exceeded with url: /papers/aktu-btech-sem-4-food-science-and-nutrition-2025-26 (Caused by NameResolutionError(""HTTPSConnection(host='ryzenstudy.com', port=443): Failed to resolve 'ryzenstudy.com' ([Errno 11001] getaddrinfo failed)""))",n/a,n/a,auto-retry-on-rerun
https://ryzenstudy.com/papers/aktu-btech-sem-4-hydraulic-engineering-and-machines-2021-22,BTech,4,2021-22,,,"ERROR: ConnectionError: HTTPSConnectionPool(host='ryzenstudy.com', port=443): Max retries exceeded with url: /papers/aktu-btech-sem-4-hydraulic-engineering-and-machines-2021-22 (Caused by NameResolutionError(""HTTPSConnection(host='ryzenstudy.com', port=443): Failed to resolve 'ryzenstudy.com' ([Errno 11001] getaddrinfo failed)""))",n/a,n/a,auto-retry-on-rerun
https://ryzenstudy.com/papers/aktu-btech-sem-4-hydraulic-engineering-and-machines-2023-24,BTech,4,2023-24,,,"ERROR: ConnectionError: HTTPSConnectionPool(host='ryzenstudy.com', port=443): Max retries exceeded with url: /papers/aktu-btech-sem-4-hydraulic-engineering-and-machines-2023-24 (Caused by NameResolutionError(""HTTPSConnection(host='ryzenstudy.com', port=443): Failed to resolve 'ryzenstudy.com' ([Errno 11001] getaddrinfo failed)""))",n/a,n/a,auto-retry-on-rerun
https://ryzenstudy.com/papers/aktu-btech-sem-4-hydraulic-engineering-and-machines-2024-25,BTech,4,2024-25,,,"ERROR: ConnectionError: HTTPSConnectionPool(host='ryzenstudy.com', port=443): Max retries exceeded with url: /papers/aktu-btech-sem-4-hydraulic-engineering-and-machines-2024-25 (Caused by NameResolutionError(""HTTPSConnection(host='ryzenstudy.com', port=443): Failed to resolve 'ryzenstudy.com' ([Errno 11001] getaddrinfo failed)""))",n/a,n/a,auto-retry-on-rerun
https://ryzenstudy.com/papers/aktu-btech-sem-4-hydraulic-engineering-machines-2022-23,BTech,4,2022-23,,,"ERROR: ConnectionError: HTTPSConnectionPool(host='ryzenstudy.com', port=443): Max retries exceeded with url: /papers/aktu-btech-sem-4-hydraulic-engineering-machines-2022-23 (Caused by NameResolutionError(""HTTPSConnection(host='ryzenstudy.com', port=443): Failed to resolve 'ryzenstudy.com' ([Errno 11001] getaddrinfo failed)""))",n/a,n/a,auto-retry-on-rerun
https://ryzenstudy.com/papers/aktu-btech-sem-4-introduction-to-soft-computing-2021-22,BTech,4,2021-22,,,"ERROR: ConnectionError: HTTPSConnectionPool(host='ryzenstudy.com', port=443): Max retries exceeded with url: /papers/aktu-btech-sem-4-introduction-to-soft-computing-2021-22 (Caused by NameResolutionError(""HTTPSConnection(host='ryzenstudy.com', port=443): Failed to resolve 'ryzenstudy.com' ([Errno 11001] getaddrinfo failed)""))",n/a,n/a,auto-retry-on-rerun
https://ryzenstudy.com/papers/aktu-btech-sem-4-introduction-to-soft-computing-2022-23,BTech,4,2022-23,,,"ERROR: ConnectionError: HTTPSConnectionPool(host='ryzenstudy.com', port=443): Max retries exceeded with url: /papers/aktu-btech-sem-4-introduction-to-soft-computing-2022-23 (Caused by NameResolutionError(""HTTPSConnection(host='ryzenstudy.com', port=443): Failed to resolve 'ryzenstudy.com' ([Errno 11001] getaddrinfo failed)""))",n/a,n/a,auto-retry-on-rerun
https://ryzenstudy.com/papers/aktu-btech-sem-4-introduction-to-solid-mechanics-2021-22,BTech,4,2021-22,,,"ERROR: ConnectionError: HTTPSConnectionPool(host='ryzenstudy.com', port=443): Max retries exceeded with url: /papers/aktu-btech-sem-4-introduction-to-solid-mechanics-2021-22 (Caused by NameResolutionError(""HTTPSConnection(host='ryzenstudy.com', port=443): Failed to resolve 'ryzenstudy.com' ([Errno 11001] getaddrinfo failed)""))",n/a,n/a,auto-retry-on-rerun
https://ryzenstudy.com/papers/aktu-btech-sem-4-introduction-to-solid-mechanics-2022-23,BTech,4,2022-23,,,"ERROR: ConnectionError: HTTPSConnectionPool(host='ryzenstudy.com', port=443): Max retries exceeded with url: /papers/aktu-btech-sem-4-introduction-to-solid-mechanics-2022-23 (Caused by NameResolutionError(""HTTPSConnection(host='ryzenstudy.com', port=443): Failed to resolve 'ryzenstudy.com' ([Errno 11001] getaddrinfo failed)""))",n/a,n/a,auto-retry-on-rerun
https://ryzenstudy.com/papers/aktu-btech-sem-4-introduction-to-solid-mechanics-2023-24,BTech,4,2023-24,,,"ERROR: ConnectionError: HTTPSConnectionPool(host='ryzenstudy.com', port=443): Max retries exceeded with url: /papers/aktu-btech-sem-4-introduction-to-solid-mechanics-2023-24 (Caused by NameResolutionError(""HTTPSConnection(host='ryzenstudy.com', port=443): Failed to resolve 'ryzenstudy.com' ([Errno 11001] getaddrinfo failed)""))",n/a,n/a,auto-retry-on-rerun
https://ryzenstudy.com/papers/aktu-btech-sem-4-introduction-to-solid-mechanics-2024-25,BTech,4,2024-25,,,"ERROR: ConnectionError: HTTPSConnectionPool(host='ryzenstudy.com', port=443): Max retries exceeded with url: /papers/aktu-btech-sem-4-introduction-to-solid-mechanics-2024-25 (Caused by NameResolutionError(""HTTPSConnection(host='ryzenstudy.com', port=443): Failed to resolve 'ryzenstudy.com' ([Errno 11001] getaddrinfo failed)""))",n/a,n/a,auto-retry-on-rerun
https://ryzenstudy.com/papers/aktu-btech-sem-4-kme-402-engineering-mechanics-2022-23,BTech,4,2022-23,,,"ERROR: ConnectionError: HTTPSConnectionPool(host='ryzenstudy.com', port=443): Max retries exceeded with url: /papers/aktu-btech-sem-4-kme-402-engineering-mechanics-2022-23 (Caused by NameResolutionError(""HTTPSConnection(host='ryzenstudy.com', port=443): Failed to resolve 'ryzenstudy.com' ([Errno 11001] getaddrinfo failed)""))",n/a,n/a,auto-retry-on-rerun
https://ryzenstudy.com/papers/aktu-btech-sem-4-kme402-engineering-mechanics-2021-22,BTech,4,2021-22,,,"ERROR: ConnectionError: HTTPSConnectionPool(host='ryzenstudy.com', port=443): Max retries exceeded with url: /papers/aktu-btech-sem-4-kme402-engineering-mechanics-2021-22 (Caused by NameResolutionError(""HTTPSConnection(host='ryzenstudy.com', port=443): Failed to resolve 'ryzenstudy.com' ([Errno 11001] getaddrinfo failed)""))",n/a,n/a,auto-retry-on-rerun
https://ryzenstudy.com/papers/aktu-btech-sem-4-koe-049-digital-electronics-2022-23,BTech,4,2022-23,,,"ERROR: ConnectionError: HTTPSConnectionPool(host='ryzenstudy.com', port=443): Max retries exceeded with url: /papers/aktu-btech-sem-4-koe-049-digital-electronics-2022-23 (Caused by NameResolutionError(""HTTPSConnection(host='ryzenstudy.com', port=443): Failed to resolve 'ryzenstudy.com' ([Errno 11001] getaddrinfo failed)""))",n/a,n/a,auto-retry-on-rerun
https://ryzenstudy.com/papers/aktu-btech-sem-4-koe049-digital-electronics-2021-22,BTech,4,2021-22,,,"ERROR: ConnectionError: HTTPSConnectionPool(host='ryzenstudy.com', port=443): Max retries exceeded with url: /papers/aktu-btech-sem-4-koe049-digital-electronics-2021-22 (Caused by NameResolutionError(""HTTPSConnection(host='ryzenstudy.com', port=443): Failed to resolve 'ryzenstudy.com' ([Errno 11001] getaddrinfo failed)""))",n/a,n/a,auto-retry-on-rerun
https://ryzenstudy.com/papers/aktu-btech-sem-4-laser-system-and-applications-2024-25,BTech,4,2024-25,,,"ERROR: ConnectionError: HTTPSConnectionPool(host='ryzenstudy.com', port=443): Max retries exceeded with url: /papers/aktu-btech-sem-4-laser-system-and-applications-2024-25 (Caused by NameResolutionError(""HTTPSConnection(host='ryzenstudy.com', port=443): Failed to resolve 'ryzenstudy.com' ([Errno 11001] getaddrinfo failed)""))",n/a,n/a,auto-retry-on-rerun
https://ryzenstudy.com/papers/aktu-btech-sem-4-laser-system-and-applications-2025-26,BTech,4,2025-26,,,"ERROR: ConnectionError: HTTPSConnectionPool(host='ryzenstudy.com', port=443): Max retries exceeded with url: /papers/aktu-btech-sem-4-laser-system-and-applications-2025-26 (Caused by NameResolutionError(""HTTPSConnection(host='ryzenstudy.com', port=443): Failed to resolve 'ryzenstudy.com' ([Errno 11001] getaddrinfo failed)""))",n/a,n/a,auto-retry-on-rerun
https://ryzenstudy.com/papers/aktu-btech-sem-4-manufacturing-processes-2021-22,BTech,4,2021-22,,,"ERROR: ConnectionError: HTTPSConnectionPool(host='ryzenstudy.com', port=443): Max retries exceeded with url: /papers/aktu-btech-sem-4-manufacturing-processes-2021-22 (Caused by NameResolutionError(""HTTPSConnection(host='ryzenstudy.com', port=443): Failed to resolve 'ryzenstudy.com' ([Errno 11001] getaddrinfo failed)""))",n/a,n/a,auto-retry-on-rerun
https://ryzenstudy.com/papers/aktu-btech-sem-4-manufacturing-processes-2022-23,BTech,4,2022-23,,,"ERROR: ConnectionError: HTTPSConnectionPool(host='ryzenstudy.com', port=443): Max retries exceeded with url: /papers/aktu-btech-sem-4-manufacturing-processes-2022-23 (Caused by NameResolutionError(""HTTPSConnection(host='ryzenstudy.com', port=443): Failed to resolve 'ryzenstudy.com' ([Errno 11001] getaddrinfo failed)""))",n/a,n/a,auto-retry-on-rerun
https://ryzenstudy.com/papers/aktu-btech-sem-4-manufacturing-processes-2023-24,BTech,4,2023-24,,,"ERROR: ConnectionError: HTTPSConnectionPool(host='ryzenstudy.com', port=443): Max retries exceeded with url: /papers/aktu-btech-sem-4-manufacturing-processes-2023-24 (Caused by NameResolutionError(""HTTPSConnection(host='ryzenstudy.com', port=443): Failed to resolve 'ryzenstudy.com' ([Errno 11001] getaddrinfo failed)""))",n/a,n/a,auto-retry-on-rerun
https://ryzenstudy.com/papers/aktu-btech-sem-4-manufacturing-processes-2024-25,BTech,4,2024-25,,,"ERROR: ConnectionError: HTTPSConnectionPool(host='ryzenstudy.com', port=443): Max retries exceeded with url: /papers/aktu-btech-sem-4-manufacturing-processes-2024-25 (Caused by NameResolutionError(""HTTPSConnection(host='ryzenstudy.com', port=443): Failed to resolve 'ryzenstudy.com' ([Errno 11001] getaddrinfo failed)""))",n/a,n/a,auto-retry-on-rerun
https://ryzenstudy.com/papers/aktu-btech-sem-4-manufacturing-processes-2025-26,BTech,4,2025-26,,,"ERROR: ConnectionError: HTTPSConnectionPool(host='ryzenstudy.com', port=443): Max retries exceeded with url: /papers/aktu-btech-sem-4-manufacturing-processes-2025-26 (Caused by NameResolutionError(""HTTPSConnection(host='ryzenstudy.com', port=443): Failed to resolve 'ryzenstudy.com' ([Errno 11001] getaddrinfo failed)""))",n/a,n/a,auto-retry-on-rerun
https://ryzenstudy.com/papers/aktu-btech-sem-4-material-science-2021-22,BTech,4,2021-22,,,"ERROR: ConnectionError: HTTPSConnectionPool(host='ryzenstudy.com', port=443): Max retries exceeded with url: /papers/aktu-btech-sem-4-material-science-2021-22 (Caused by NameResolutionError(""HTTPSConnection(host='ryzenstudy.com', port=443): Failed to resolve 'ryzenstudy.com' ([Errno 11001] getaddrinfo failed)""))",n/a,n/a,auto-retry-on-rerun
https://ryzenstudy.com/papers/aktu-btech-sem-4-material-science-2022-23,BTech,4,2022-23,,,"ERROR: ConnectionError: HTTPSConnectionPool(host='ryzenstudy.com', port=443): Max retries exceeded with url: /papers/aktu-btech-sem-4-material-science-2022-23 (Caused by NameResolutionError(""HTTPSConnection(host='ryzenstudy.com', port=443): Failed to resolve 'ryzenstudy.com' ([Errno 11001] getaddrinfo failed)""))",n/a,n/a,auto-retry-on-rerun
https://ryzenstudy.com/papers/aktu-btech-sem-4-material-science-2023-24,BTech,4,2023-24,,,"ERROR: ConnectionError: HTTPSConnectionPool(host='ryzenstudy.com', port=443): Max retries exceeded with url: /papers/aktu-btech-sem-4-material-science-2023-24 (Caused by NameResolutionError(""HTTPSConnection(host='ryzenstudy.com', port=443): Failed to resolve 'ryzenstudy.com' ([Errno 11001] getaddrinfo failed)""))",n/a,n/a,auto-retry-on-rerun
https://ryzenstudy.com/papers/aktu-btech-sem-4-material-science-2024-25,BTech,4,2024-25,,,"ERROR: ConnectionError: HTTPSConnectionPool(host='ryzenstudy.com', port=443): Max retries exceeded with url: /papers/aktu-btech-sem-4-material-science-2024-25 (Caused by NameResolutionError(""HTTPSConnection(host='ryzenstudy.com', port=443): Failed to resolve 'ryzenstudy.com' ([Errno 11001] getaddrinfo failed)""))",n/a,n/a,auto-retry-on-rerun
https://ryzenstudy.com/papers/aktu-btech-sem-4-material-science-2025-26,BTech,4,2025-26,,,"ERROR: ConnectionError: HTTPSConnectionPool(host='ryzenstudy.com', port=443): Max retries exceeded with url: /papers/aktu-btech-sem-4-material-science-2025-26 (Caused by NameResolutionError(""HTTPSConnection(host='ryzenstudy.com', port=443): Failed to resolve 'ryzenstudy.com' ([Errno 11001] getaddrinfo failed)""))",n/a,n/a,auto-retry-on-rerun
https://ryzenstudy.com/papers/aktu-btech-sem-4-material-testing-and-construction-practices-2022-23,BTech,4,2022-23,,,"ERROR: ConnectionError: HTTPSConnectionPool(host='ryzenstudy.com', port=443): Max retries exceeded with url: /papers/aktu-btech-sem-4-material-testing-and-construction-practices-2022-23 (Caused by NameResolutionError(""HTTPSConnection(host='ryzenstudy.com', port=443): Failed to resolve 'ryzenstudy.com' ([Errno 11001] getaddrinfo failed)""))",n/a,n/a,auto-retry-on-rerun
https://ryzenstudy.com/papers/aktu-btech-sem-4-materials-testing-construction-practices-2021-22,BTech,4,2021-22,,,"ERROR: ConnectionError: HTTPSConnectionPool(host='ryzenstudy.com', port=443): Max retries exceeded with url: /papers/aktu-btech-sem-4-materials-testing-construction-practices-2021-22 (Caused by NameResolutionError(""HTTPSConnection(host='ryzenstudy.com', port=443): Failed to resolve 'ryzenstudy.com' ([Errno 11001] getaddrinfo failed)""))",n/a,n/a,auto-retry-on-rerun
https://ryzenstudy.com/papers/aktu-btech-sem-4-materials-testing-construction-practices-2023-24,BTech,4,2023-24,,,"ERROR: ConnectionError: HTTPSConnectionPool(host='ryzenstudy.com', port=443): Max retries exceeded with url: /papers/aktu-btech-sem-4-materials-testing-construction-practices-2023-24 (Caused by NameResolutionError(""HTTPSConnection(host='ryzenstudy.com', port=443): Failed to resolve 'ryzenstudy.com' ([Errno 11001] getaddrinfo failed)""))",n/a,n/a,auto-retry-on-rerun
https://ryzenstudy.com/papers/aktu-btech-sem-4-materials-testing-construction-practices-2024-25,BTech,4,2024-25,,,"ERROR: ConnectionError: HTTPSConnectionPool(host='ryzenstudy.com', port=443): Max retries exceeded with url: /papers/aktu-btech-sem-4-materials-testing-construction-practices-2024-25 (Caused by NameResolutionError(""HTTPSConnection(host='ryzenstudy.com', port=443): Failed to resolve 'ryzenstudy.com' ([Errno 11001] getaddrinfo failed)""))",n/a,n/a,auto-retry-on-rerun
https://ryzenstudy.com/papers/aktu-btech-sem-4-mathematics-iii-2022-23,BTech,4,2022-23,,,"ERROR: ConnectionError: HTTPSConnectionPool(host='ryzenstudy.com', port=443): Max retries exceeded with url: /papers/aktu-btech-sem-4-mathematics-iii-2022-23 (Caused by NameResolutionError(""HTTPSConnection(host='ryzenstudy.com', port=443): Failed to resolve 'ryzenstudy.com' ([Errno 11001] getaddrinfo failed)""))",n/a,n/a,auto-retry-on-rerun
https://ryzenstudy.com/papers/aktu-btech-sem-4-mathematics-iii-2023-24,BTech,4,2023-24,,,"ERROR: ConnectionError: HTTPSConnectionPool(host='ryzenstudy.com', port=443): Max retries exceeded with url: /papers/aktu-btech-sem-4-mathematics-iii-2023-24 (Caused by NameResolutionError(""HTTPSConnection(host='ryzenstudy.com', port=443): Failed to resolve 'ryzenstudy.com' ([Errno 11001] getaddrinfo failed)""))",n/a,n/a,auto-retry-on-rerun
https://ryzenstudy.com/papers/aktu-btech-sem-4-mathematics-iii-2025-26,BTech,4,2025-26,,,"ERROR: ConnectionError: HTTPSConnectionPool(host='ryzenstudy.com', port=443): Max retries exceeded with url: /papers/aktu-btech-sem-4-mathematics-iii-2025-26 (Caused by NameResolutionError(""HTTPSConnection(host='ryzenstudy.com', port=443): Failed to resolve 'ryzenstudy.com' ([Errno 11001] getaddrinfo failed)""))",n/a,n/a,auto-retry-on-rerun
https://ryzenstudy.com/papers/aktu-btech-sem-4-mathematics-iv-2023-24,BTech,4,2023-24,,,"ERROR: ConnectionError: HTTPSConnectionPool(host='ryzenstudy.com', port=443): Max retries exceeded with url: /papers/aktu-btech-sem-4-mathematics-iv-2023-24 (Caused by NameResolutionError(""HTTPSConnection(host='ryzenstudy.com', port=443): Failed to resolve 'ryzenstudy.com' ([Errno 11001] getaddrinfo failed)""))",n/a,n/a,auto-retry-on-rerun
https://ryzenstudy.com/papers/aktu-btech-sem-4-mathematics-iv-2024-25,BTech,4,2024-25,,,"ERROR: ConnectionError: HTTPSConnectionPool(host='ryzenstudy.com', port=443): Max retries exceeded with url: /papers/aktu-btech-sem-4-mathematics-iv-2024-25 (Caused by NameResolutionError(""HTTPSConnection(host='ryzenstudy.com', port=443): Failed to resolve 'ryzenstudy.com' ([Errno 11001] getaddrinfo failed)""))",n/a,n/a,auto-retry-on-rerun
https://ryzenstudy.com/papers/aktu-btech-sem-4-mathematics-iv-2025-26,BTech,4,2025-26,,,"ERROR: ConnectionError: HTTPSConnectionPool(host='ryzenstudy.com', port=443): Max retries exceeded with url: /papers/aktu-btech-sem-4-mathematics-iv-2025-26 (Caused by NameResolutionError(""HTTPSConnection(host='ryzenstudy.com', port=443): Failed to resolve 'ryzenstudy.com' ([Errno 11001] getaddrinfo failed)""))",n/a,n/a,auto-retry-on-rerun
https://ryzenstudy.com/papers/aktu-btech-sem-4-mathematics-v-2022-23,BTech,4,2022-23,,,"ERROR: ConnectionError: HTTPSConnectionPool(host='ryzenstudy.com', port=443): Max retries exceeded with url: /papers/aktu-btech-sem-4-mathematics-v-2022-23 (Caused by NameResolutionError(""HTTPSConnection(host='ryzenstudy.com', port=443): Failed to resolve 'ryzenstudy.com' ([Errno 11001] getaddrinfo failed)""))",n/a,n/a,auto-retry-on-rerun
https://ryzenstudy.com/papers/aktu-btech-sem-4-mathematics-v-2023-24,BTech,4,2023-24,,,"ERROR: ConnectionError: HTTPSConnectionPool(host='ryzenstudy.com', port=443): Max retries exceeded with url: /papers/aktu-btech-sem-4-mathematics-v-2023-24 (Caused by NameResolutionError(""HTTPSConnection(host='ryzenstudy.com', port=443): Failed to resolve 'ryzenstudy.com' ([Errno 11001] getaddrinfo failed)""))",n/a,n/a,auto-retry-on-rerun
https://ryzenstudy.com/papers/aktu-btech-sem-4-mathematics-v-2025-26,BTech,4,2025-26,,,"ERROR: ConnectionError: HTTPSConnectionPool(host='ryzenstudy.com', port=443): Max retries exceeded with url: /papers/aktu-btech-sem-4-mathematics-v-2025-26 (Caused by NameResolutionError(""HTTPSConnection(host='ryzenstudy.com', port=443): Failed to resolve 'ryzenstudy.com' ([Errno 11001] getaddrinfo failed)""))",n/a,n/a,auto-retry-on-rerun
https://ryzenstudy.com/papers/aktu-btech-sem-4-maths-iii-2021-22,BTech,4,2021-22,,,"ERROR: ConnectionError: HTTPSConnectionPool(host='ryzenstudy.com', port=443): Max retries exceeded with url: /papers/aktu-btech-sem-4-maths-iii-2021-22 (Caused by NameResolutionError(""HTTPSConnection(host='ryzenstudy.com', port=443): Failed to resolve 'ryzenstudy.com' ([Errno 11001] getaddrinfo failed)""))",n/a,n/a,auto-retry-on-rerun
https://ryzenstudy.com/papers/aktu-btech-sem-4-maths-iv-2021-22,BTech,4,2021-22,,,"ERROR: ConnectionError: HTTPSConnectionPool(host='ryzenstudy.com', port=443): Max retries exceeded with url: /papers/aktu-btech-sem-4-maths-iv-2021-22 (Caused by NameResolutionError(""HTTPSConnection(host='ryzenstudy.com', port=443): Failed to resolve 'ryzenstudy.com' ([Errno 11001] getaddrinfo failed)""))",n/a,n/a,auto-retry-on-rerun
https://ryzenstudy.com/papers/aktu-btech-sem-4-microprocessor-2021-22,BTech,4,2021-22,,,"ERROR: ConnectionError: HTTPSConnectionPool(host='ryzenstudy.com', port=443): Max retries exceeded with url: /papers/aktu-btech-sem-4-microprocessor-2021-22 (Caused by NameResolutionError(""HTTPSConnection(host='ryzenstudy.com', port=443): Failed to resolve 'ryzenstudy.com' ([Errno 11001] getaddrinfo failed)""))",n/a,n/a,auto-retry-on-rerun
https://ryzenstudy.com/papers/aktu-btech-sem-4-microprocessor-2022-23,BTech,4,2022-23,,,"ERROR: ConnectionError: HTTPSConnectionPool(host='ryzenstudy.com', port=443): Max retries exceeded with url: /papers/aktu-btech-sem-4-microprocessor-2022-23 (Caused by NameResolutionError(""HTTPSConnection(host='ryzenstudy.com', port=443): Failed to resolve 'ryzenstudy.com' ([Errno 11001] getaddrinfo failed)""))",n/a,n/a,auto-retry-on-rerun
https://ryzenstudy.com/papers/aktu-btech-sem-4-networks-analysis-synthesis-2021-22,BTech,4,2021-22,,,"ERROR: ConnectionError: HTTPSConnectionPool(host='ryzenstudy.com', port=443): Max retries exceeded with url: /papers/aktu-btech-sem-4-networks-analysis-synthesis-2021-22 (Caused by NameResolutionError(""HTTPSConnection(host='ryzenstudy.com', port=443): Failed to resolve 'ryzenstudy.com' ([Errno 11001] getaddrinfo failed)""))",n/a,n/a,auto-retry-on-rerun
https://ryzenstudy.com/papers/aktu-btech-sem-4-networks-analysis-synthesis-2022-23,BTech,4,2022-23,,,"ERROR: ConnectionError: HTTPSConnectionPool(host='ryzenstudy.com', port=443): Max retries exceeded with url: /papers/aktu-btech-sem-4-networks-analysis-synthesis-2022-23 (Caused by NameResolutionError(""HTTPSConnection(host='ryzenstudy.com', port=443): Failed to resolve 'ryzenstudy.com' ([Errno 11001] getaddrinfo failed)""))",n/a,n/a,auto-retry-on-rerun
https://ryzenstudy.com/papers/aktu-btech-sem-4-networks-analysis-synthesis-2023-24,BTech,4,2023-24,,,"ERROR: ConnectionError: HTTPSConnectionPool(host='ryzenstudy.com', port=443): Max retries exceeded with url: /papers/aktu-btech-sem-4-networks-analysis-synthesis-2023-24 (Caused by NameResolutionError(""HTTPSConnection(host='ryzenstudy.com', port=443): Failed to resolve 'ryzenstudy.com' ([Errno 11001] getaddrinfo failed)""))",n/a,n/a,auto-retry-on-rerun
https://ryzenstudy.com/papers/aktu-btech-sem-4-networks-analysis-synthesis-2024-25,BTech,4,2024-25,,,"ERROR: ConnectionError: HTTPSConnectionPool(host='ryzenstudy.com', port=443): Max retries exceeded with url: /papers/aktu-btech-sem-4-networks-analysis-synthesis-2024-25 (Caused by NameResolutionError(""HTTPSConnection(host='ryzenstudy.com', port=443): Failed to resolve 'ryzenstudy.com' ([Errno 11001] getaddrinfo failed)""))",n/a,n/a,auto-retry-on-rerun
https://ryzenstudy.com/papers/aktu-btech-sem-4-networks-analysis-synthesis-2025-26,BTech,4,2025-26,,,"ERROR: ConnectionError: HTTPSConnectionPool(host='ryzenstudy.com', port=443): Max retries exceeded with url: /papers/aktu-btech-sem-4-networks-analysis-synthesis-2025-26 (Caused by NameResolutionError(""HTTPSConnection(host='ryzenstudy.com', port=443): Failed to resolve 'ryzenstudy.com' ([Errno 11001] getaddrinfo failed)""))",n/a,n/a,auto-retry-on-rerun
https://ryzenstudy.com/papers/aktu-btech-sem-4-object-oriented-programming-with-java-2023-24,BTech,4,2023-24,,,"ERROR: ConnectionError: HTTPSConnectionPool(host='ryzenstudy.com', port=443): Max retries exceeded with url: /papers/aktu-btech-sem-4-object-oriented-programming-with-java-2023-24 (Caused by NameResolutionError(""HTTPSConnection(host='ryzenstudy.com', port=443): Failed to resolve 'ryzenstudy.com' ([Errno 11001] getaddrinfo failed)""))",n/a,n/a,auto-retry-on-rerun
https://ryzenstudy.com/papers/aktu-btech-sem-4-object-oriented-programming-with-java-2024-25,BTech,4,2024-25,,,"ERROR: ConnectionError: HTTPSConnectionPool(host='ryzenstudy.com', port=443): Max retries exceeded with url: /papers/aktu-btech-sem-4-object-oriented-programming-with-java-2024-25 (Caused by NameResolutionError(""HTTPSConnection(host='ryzenstudy.com', port=443): Failed to resolve 'ryzenstudy.com' ([Errno 11001] getaddrinfo failed)""))",n/a,n/a,auto-retry-on-rerun
https://ryzenstudy.com/papers/aktu-btech-sem-4-object-oriented-programming-with-java-2025-26,BTech,4,2025-26,,,"ERROR: ConnectionError: HTTPSConnectionPool(host='ryzenstudy.com', port=443): Max retries exceeded with url: /papers/aktu-btech-sem-4-object-oriented-programming-with-java-2025-26 (Caused by NameResolutionError(""HTTPSConnection(host='ryzenstudy.com', port=443): Failed to resolve 'ryzenstudy.com' ([Errno 11001] getaddrinfo failed)""))",n/a,n/a,auto-retry-on-rerun
https://ryzenstudy.com/papers/aktu-btech-sem-4-operating-system-2023-24,BTech,4,2023-24,,,"ERROR: ConnectionError: HTTPSConnectionPool(host='ryzenstudy.com', port=443): Max retries exceeded with url: /papers/aktu-btech-sem-4-operating-system-2023-24 (Caused by NameResolutionError(""HTTPSConnection(host='ryzenstudy.com', port=443): Failed to resolve 'ryzenstudy.com' ([Errno 11001] getaddrinfo failed)""))",n/a,n/a,auto-retry-on-rerun
https://ryzenstudy.com/papers/aktu-btech-sem-4-operating-system-2024-25,BTech,4,2024-25,,,"ERROR: ConnectionError: HTTPSConnectionPool(host='ryzenstudy.com', port=443): Max retries exceeded with url: /papers/aktu-btech-sem-4-operating-system-2024-25 (Caused by NameResolutionError(""HTTPSConnection(host='ryzenstudy.com', port=443): Failed to resolve 'ryzenstudy.com' ([Errno 11001] getaddrinfo failed)""))",n/a,n/a,auto-retry-on-rerun
https://ryzenstudy.com/papers/aktu-btech-sem-4-operating-system-2025-26,BTech,4,2025-26,,,"ERROR: ConnectionError: HTTPSConnectionPool(host='ryzenstudy.com', port=443): Max retries exceeded with url: /papers/aktu-btech-sem-4-operating-system-2025-26 (Caused by NameResolutionError(""HTTPSConnection(host='ryzenstudy.com', port=443): Failed to resolve 'ryzenstudy.com' ([Errno 11001] getaddrinfo failed)""))",n/a,n/a,auto-retry-on-rerun
https://ryzenstudy.com/papers/aktu-btech-sem-4-operating-systems-2021-22,BTech,4,2021-22,,,"ERROR: ConnectionError: HTTPSConnectionPool(host='ryzenstudy.com', port=443): Max retries exceeded with url: /papers/aktu-btech-sem-4-operating-systems-2021-22 (Caused by NameResolutionError(""HTTPSConnection(host='ryzenstudy.com', port=443): Failed to resolve 'ryzenstudy.com' ([Errno 11001] getaddrinfo failed)""))",n/a,n/a,auto-retry-on-rerun
https://ryzenstudy.com/papers/aktu-btech-sem-4-operating-systems-2022-23,BTech,4,2022-23,,,"ERROR: ConnectionError: HTTPSConnectionPool(host='ryzenstudy.com', port=443): Max retries exceeded with url: /papers/aktu-btech-sem-4-operating-systems-2022-23 (Caused by NameResolutionError(""HTTPSConnection(host='ryzenstudy.com', port=443): Failed to resolve 'ryzenstudy.com' ([Errno 11001] getaddrinfo failed)""))",n/a,n/a,auto-retry-on-rerun
https://ryzenstudy.com/papers/aktu-btech-sem-4-polymer-science-and-technology-2024-25,BTech,4,2024-25,,,"ERROR: ConnectionError: HTTPSConnectionPool(host='ryzenstudy.com', port=443): Max retries exceeded with url: /papers/aktu-btech-sem-4-polymer-science-and-technology-2024-25 (Caused by NameResolutionError(""HTTPSConnection(host='ryzenstudy.com', port=443): Failed to resolve 'ryzenstudy.com' ([Errno 11001] getaddrinfo failed)""))",n/a,n/a,auto-retry-on-rerun
https://ryzenstudy.com/papers/aktu-btech-sem-4-polymer-science-and-technology-2025-26,BTech,4,2025-26,,,"ERROR: ConnectionError: HTTPSConnectionPool(host='ryzenstudy.com', port=443): Max retries exceeded with url: /papers/aktu-btech-sem-4-polymer-science-and-technology-2025-26 (Caused by NameResolutionError(""HTTPSConnection(host='ryzenstudy.com', port=443): Failed to resolve 'ryzenstudy.com' ([Errno 11001] getaddrinfo failed)""))",n/a,n/a,auto-retry-on-rerun
https://ryzenstudy.com/papers/aktu-btech-sem-4-python-programming-2021-22,BTech,4,2021-22,,,"ERROR: ConnectionError: HTTPSConnectionPool(host='ryzenstudy.com', port=443): Max retries exceeded with url: /papers/aktu-btech-sem-4-python-programming-2021-22 (Caused by NameResolutionError(""HTTPSConnection(host='ryzenstudy.com', port=443): Failed to resolve 'ryzenstudy.com' ([Errno 11001] getaddrinfo failed)""))",n/a,n/a,auto-retry-on-rerun
https://ryzenstudy.com/papers/aktu-btech-sem-4-python-programming-2022-23,BTech,4,2022-23,,,"ERROR: ConnectionError: HTTPSConnectionPool(host='ryzenstudy.com', port=443): Max retries exceeded with url: /papers/aktu-btech-sem-4-python-programming-2022-23 (Caused by NameResolutionError(""HTTPSConnection(host='ryzenstudy.com', port=443): Failed to resolve 'ryzenstudy.com' ([Errno 11001] getaddrinfo failed)""))",n/a,n/a,auto-retry-on-rerun
https://ryzenstudy.com/papers/aktu-btech-sem-4-python-programming-2024-25,BTech,4,2024-25,,,"ERROR: ConnectionError: HTTPSConnectionPool(host='ryzenstudy.com', port=443): Max retries exceeded with url: /papers/aktu-btech-sem-4-python-programming-2024-25 (Caused by NameResolutionError(""HTTPSConnection(host='ryzenstudy.com', port=443): Failed to resolve 'ryzenstudy.com' ([Errno 11001] getaddrinfo failed)""))",n/a,n/a,auto-retry-on-rerun
https://ryzenstudy.com/papers/aktu-btech-sem-4-python-programming-2025-26,BTech,4,2025-26,,,"ERROR: ConnectionError: HTTPSConnectionPool(host='ryzenstudy.com', port=443): Max retries exceeded with url: /papers/aktu-btech-sem-4-python-programming-2025-26 (Caused by NameResolutionError(""HTTPSConnection(host='ryzenstudy.com', port=443): Failed to resolve 'ryzenstudy.com' ([Errno 11001] getaddrinfo failed)""))",n/a,n/a,auto-retry-on-rerun
https://ryzenstudy.com/papers/aktu-btech-sem-4-sensor-and-instrumentation-2021-22,BTech,4,2021-22,,,"ERROR: ConnectionError: HTTPSConnectionPool(host='ryzenstudy.com', port=443): Max retries exceeded with url: /papers/aktu-btech-sem-4-sensor-and-instrumentation-2021-22 (Caused by NameResolutionError(""HTTPSConnection(host='ryzenstudy.com', port=443): Failed to resolve 'ryzenstudy.com' ([Errno 11001] getaddrinfo failed)""))",n/a,n/a,auto-retry-on-rerun
https://ryzenstudy.com/papers/aktu-btech-sem-4-sensor-instrumentation-2023-24,BTech,4,2023-24,,,"ERROR: ConnectionError: HTTPSConnectionPool(host='ryzenstudy.com', port=443): Max retries exceeded with url: /papers/aktu-btech-sem-4-sensor-instrumentation-2023-24 (Caused by NameResolutionError(""HTTPSConnection(host='ryzenstudy.com', port=443): Failed to resolve 'ryzenstudy.com' ([Errno 11001] getaddrinfo failed)""))",n/a,n/a,auto-retry-on-rerun
https://ryzenstudy.com/papers/aktu-btech-sem-4-sensor-instrumentation-2024-25,BTech,4,2024-25,,,"ERROR: ConnectionError: HTTPSConnectionPool(host='ryzenstudy.com', port=443): Max retries exceeded with url: /papers/aktu-btech-sem-4-sensor-instrumentation-2024-25 (Caused by NameResolutionError(""HTTPSConnection(host='ryzenstudy.com', port=443): Failed to resolve 'ryzenstudy.com' ([Errno 11001] getaddrinfo failed)""))",n/a,n/a,auto-retry-on-rerun
https://ryzenstudy.com/papers/aktu-btech-sem-4-sensor-instrumentation-2025-26,BTech,4,2025-26,,,"ERROR: ConnectionError: HTTPSConnectionPool(host='ryzenstudy.com', port=443): Max retries exceeded with url: /papers/aktu-btech-sem-4-sensor-instrumentation-2025-26 (Caused by NameResolutionError(""HTTPSConnection(host='ryzenstudy.com', port=443): Failed to resolve 'ryzenstudy.com' ([Errno 11001] getaddrinfo failed)""))",n/a,n/a,auto-retry-on-rerun
https://ryzenstudy.com/papers/aktu-btech-sem-4-sensors-instrumentation-2022-23,BTech,4,2022-23,,,"ERROR: ConnectionError: HTTPSConnectionPool(host='ryzenstudy.com', port=443): Max retries exceeded with url: /papers/aktu-btech-sem-4-sensors-instrumentation-2022-23 (Caused by NameResolutionError(""HTTPSConnection(host='ryzenstudy.com', port=443): Failed to resolve 'ryzenstudy.com' ([Errno 11001] getaddrinfo failed)""))",n/a,n/a,auto-retry-on-rerun
https://ryzenstudy.com/papers/aktu-btech-sem-4-signal-system-2021-22,BTech,4,2021-22,,,"ERROR: ConnectionError: HTTPSConnectionPool(host='ryzenstudy.com', port=443): Max retries exceeded with url: /papers/aktu-btech-sem-4-signal-system-2021-22 (Caused by NameResolutionError(""HTTPSConnection(host='ryzenstudy.com', port=443): Failed to resolve 'ryzenstudy.com' ([Errno 11001] getaddrinfo failed)""))",n/a,n/a,auto-retry-on-rerun
https://ryzenstudy.com/papers/aktu-btech-sem-4-signal-system-2022-23,BTech,4,2022-23,,,"ERROR: ConnectionError: HTTPSConnectionPool(host='ryzenstudy.com', port=443): Max retries exceeded with url: /papers/aktu-btech-sem-4-signal-system-2022-23 (Caused by NameResolutionError(""HTTPSConnection(host='ryzenstudy.com', port=443): Failed to resolve 'ryzenstudy.com' ([Errno 11001] getaddrinfo failed)""))",n/a,n/a,auto-retry-on-rerun
https://ryzenstudy.com/papers/aktu-btech-sem-4-signal-system-2023-24,BTech,4,2023-24,,,"ERROR: ConnectionError: HTTPSConnectionPool(host='ryzenstudy.com', port=443): Max retries exceeded with url: /papers/aktu-btech-sem-4-signal-system-2023-24 (Caused by NameResolutionError(""HTTPSConnection(host='ryzenstudy.com', port=443): Failed to resolve 'ryzenstudy.com' ([Errno 11001] getaddrinfo failed)""))",n/a,n/a,auto-retry-on-rerun
https://ryzenstudy.com/papers/aktu-btech-sem-4-signal-system-2024-25,BTech,4,2024-25,,,"ERROR: ConnectionError: HTTPSConnectionPool(host='ryzenstudy.com', port=443): Max retries exceeded with url: /papers/aktu-btech-sem-4-signal-system-2024-25 (Caused by NameResolutionError(""HTTPSConnection(host='ryzenstudy.com', port=443): Failed to resolve 'ryzenstudy.com' ([Errno 11001] getaddrinfo failed)""))",n/a,n/a,auto-retry-on-rerun
https://ryzenstudy.com/papers/aktu-btech-sem-4-signal-system-2025-26,BTech,4,2025-26,,,"ERROR: ConnectionError: HTTPSConnectionPool(host='ryzenstudy.com', port=443): Max retries exceeded with url: /papers/aktu-btech-sem-4-signal-system-2025-26 (Caused by NameResolutionError(""HTTPSConnection(host='ryzenstudy.com', port=443): Failed to resolve 'ryzenstudy.com' ([Errno 11001] getaddrinfo failed)""))",n/a,n/a,auto-retry-on-rerun
https://ryzenstudy.com/papers/aktu-btech-sem-4-technical-communication-2021-22,BTech,4,2021-22,,,"ERROR: ConnectionError: HTTPSConnectionPool(host='ryzenstudy.com', port=443): Max retries exceeded with url: /papers/aktu-btech-sem-4-technical-communication-2021-22 (Caused by NameResolutionError(""HTTPSConnection(host='ryzenstudy.com', port=443): Failed to resolve 'ryzenstudy.com' ([Errno 11001] getaddrinfo failed)""))",n/a,n/a,auto-retry-on-rerun
https://ryzenstudy.com/papers/aktu-btech-sem-4-technical-communication-2022-23,BTech,4,2022-23,,,"ERROR: ConnectionError: HTTPSConnectionPool(host='ryzenstudy.com', port=443): Max retries exceeded with url: /papers/aktu-btech-sem-4-technical-communication-2022-23 (Caused by NameResolutionError(""HTTPSConnection(host='ryzenstudy.com', port=443): Failed to resolve 'ryzenstudy.com' ([Errno 11001] getaddrinfo failed)""))",n/a,n/a,auto-retry-on-rerun
https://ryzenstudy.com/papers/aktu-btech-sem-4-technical-communication-2023-24,BTech,4,2023-24,,,"ERROR: ConnectionError: HTTPSConnectionPool(host='ryzenstudy.com', port=443): Max retries exceeded with url: /papers/aktu-btech-sem-4-technical-communication-2023-24 (Caused by NameResolutionError(""HTTPSConnection(host='ryzenstudy.com', port=443): Failed to resolve 'ryzenstudy.com' ([Errno 11001] getaddrinfo failed)""))",n/a,n/a,auto-retry-on-rerun
https://ryzenstudy.com/papers/aktu-btech-sem-4-technical-communication-2024-25,BTech,4,2024-25,BAS401,Technical Communication,OK,yes,yes,none
https://ryzenstudy.com/papers/aktu-btech-sem-4-technical-communication-2025-26,BTech,4,2025-26,BAS401,Technical Communication,OK,yes,yes,none
https://ryzenstudy.com/papers/aktu-btech-sem-4-theory-of-automata-and-formal-languages-2021-22,BTech,4,2021-22,KCS402,Theory Of Automata And Formal Languages,OK,yes,yes,none
https://ryzenstudy.com/papers/aktu-btech-sem-4-theory-of-automata-and-formal-languages-2022-23,BTech,4,2022-23,KCS-402,Theory Of Automata And Formal Languages,OK,yes,yes,none
https://ryzenstudy.com/papers/aktu-btech-sem-4-theory-of-automata-and-formal-languages-2023-24,BTech,4,2023-24,BCS402,Theory Of Automata And Formal Languages,OK,yes,yes,none
https://ryzenstudy.com/papers/aktu-btech-sem-4-theory-of-automata-and-formal-languages-2024-25,BTech,4,2024-25,BCS402,Theory Of Automata And Formal Languages,OK,yes,yes,none
https://ryzenstudy.com/papers/aktu-btech-sem-4-theory-of-automata-and-formal-languages-2025-26,BTech,4,2025-26,BCS402,Theory Of Automata And Formal Languages,OK,yes,yes,none
https://ryzenstudy.com/papers/aktu-btech-sem-4-universal-human-values-2021-22,BTech,4,2021-22,KVE401,Universal Human Values,OK,yes,yes,none
https://ryzenstudy.com/papers/aktu-btech-sem-4-universal-human-values-2022-23,BTech,4,2022-23,KVE-401,Universal Human Values,OK,yes,yes,none
https://ryzenstudy.com/papers/aktu-btech-sem-4-universal-human-values-professional-ethics-2023-24,BTech,4,2023-24,BVE401,Universal Human Values Professional Ethics,OK,yes,yes,none
https://ryzenstudy.com/papers/aktu-btech-sem-4-universal-human-values-professional-ethics-2024-25,BTech,4,2024-25,BVE401,Universal Human Values Professional Ethics,OK,yes,yes,none
https://ryzenstudy.com/papers/aktu-btech-sem-4-universal-human-values-professional-ethics-2025-26,BTech,4,2025-26,BVE401,Universal Human Values Professional Ethics,OK,yes,yes,none
https://ryzenstudy.com/papers/aktu-btech-sem-4-web-designing-2021-22,BTech,4,2021-22,KIT401,Web Designing,OK,yes,yes,none
https://ryzenstudy.com/papers/aktu-btech-sem-4-web-designing-2022-23,BTech,4,2022-23,KIT-401,Web Designing,OK,yes,yes,none
https://ryzenstudy.com/papers/aktu-btech-sem-5-advance-digital-design-using-verilog-2022-23,BTech,5,2022-23,KEC054,Advance Digital Design Using Verilog,OK,yes,yes,none
https://ryzenstudy.com/papers/aktu-btech-sem-5-advance-digital-design-using-verilog-2023-24,BTech,5,2023-24,KEC054,Advance Digital Design Using Verilog,OK,yes,yes,none
https://ryzenstudy.com/papers/aktu-btech-sem-5-advance-manufacturing-processes-2024-25,BTech,5,2024-25,BME051,Advance Manufacturing Processes,OK,yes,yes,none
https://ryzenstudy.com/papers/aktu-btech-sem-5-advance-semiconductor-device-2022-23,BTech,5,2022-23,KEC056,Advance Semiconductor Device,OK,yes,yes,none
https://ryzenstudy.com/papers/aktu-btech-sem-5-advance-semiconductor-device-2023-24,BTech,5,2023-24,KEC056,Advance Semiconductor Device,OK,yes,yes,none
https://ryzenstudy.com/papers/aktu-btech-sem-5-advance-welding-2021-22,BTech,5,2021-22,KME-055,Advance Welding,OK,yes,yes,none
https://ryzenstudy.com/papers/aktu-btech-sem-5-advance-welding-2022-23,BTech,5,2022-23,KME055,Advance Welding,OK,yes,yes,none
https://ryzenstudy.com/papers/aktu-btech-sem-5-advance-welding-2023-24,BTech,5,2023-24,KME055,Advance Welding,OK,yes,yes,none
https://ryzenstudy.com/papers/aktu-btech-sem-5-air-and-noise-pollution-control-2022-23,BTech,5,2022-23,KCE057,Air And Noise Pollution Control,OK,yes,yes,none
https://ryzenstudy.com/papers/aktu-btech-sem-5-air-and-noise-pollution-control-2023-24,BTech,5,2023-24,KCE057,Air And Noise Pollution Control,OK,yes,yes,none
https://ryzenstudy.com/papers/aktu-btech-sem-5-analog-and-digital-communication-2022-23,BTech,5,2022-23,KEE058,Analog And Digital Communication,OK,yes,yes,none
https://ryzenstudy.com/papers/aktu-btech-sem-5-analog-digital-communication-2024-25,BTech,5,2024-25,BEE058,Analog Digital Communication,OK,yes,yes,none
https://ryzenstudy.com/papers/aktu-btech-sem-5-application-of-soft-computing-2021-22,BTech,5,2021-22,KCS-056,Application Of Soft Computing,OK,yes,yes,none
https://ryzenstudy.com/papers/aktu-btech-sem-5-application-of-soft-computing-2022-23,BTech,5,2022-23,KCS056,Application Of Soft Computing,OK,yes,yes,none
https://ryzenstudy.com/papers/aktu-btech-sem-5-application-of-soft-computing-2023-24,BTech,5,2023-24,KCS056,Application Of Soft Computing,OK,yes,yes,none
https://ryzenstudy.com/papers/aktu-btech-sem-5-application-of-soft-computing-2024-25,BTech,5,2024-25,BCS056,Application Of Soft Computing,OK,yes,yes,none
https://ryzenstudy.com/papers/aktu-btech-sem-5-application-of-soft-computing-2025-26,BTech,5,2025-26,BCS056,Application Of Soft Computing,OK,yes,yes,none
https://ryzenstudy.com/papers/aktu-btech-sem-5-artificial-intelligence-2022-23,BTech,5,2022-23,KAI501,Artificial Intelligence,OK,yes,yes,none
https://ryzenstudy.com/papers/aktu-btech-sem-5-artificial-intelligence-2023-24,BTech,5,2023-24,KAI501,Artificial Intelligence,OK,yes,yes,none
https://ryzenstudy.com/papers/aktu-btech-sem-5-artificial-intelligence-2024-25,BTech,5,2024-25,BCAI501,Artificial Intelligence,OK,yes,yes,none
https://ryzenstudy.com/papers/aktu-btech-sem-5-artificial-intelligence-2025-26,BTech,5,2025-26,BCAI501,Artificial Intelligence,OK,yes,yes,none
https://ryzenstudy.com/papers/aktu-btech-sem-5-augmented-and-virtual-reality-2022-23,BTech,5,2022-23,KCS057,Augmented And Virtual Reality,OK,yes,yes,none
https://ryzenstudy.com/papers/aktu-btech-sem-5-automobile-engines-combustion-2023-24,BTech,5,2023-24,KAU051,Automobile Engines Combustion,OK,yes,yes,none
https://ryzenstudy.com/papers/aktu-btech-sem-5-automotive-chassis-and-suspension-2023-24,BTech,5,2023-24,KAU052,Automotive Chassis And Suspension,OK,yes,yes,none
https://ryzenstudy.com/papers/aktu-btech-sem-5-bcit054-artificial-intelligence-2024-25,BTech,5,2024-25,BCIT054,Artificial Intelligence,OK,yes,yes,none
https://ryzenstudy.com/papers/aktu-btech-sem-5-bee057-digital-signal-processing-2024-25,BTech,5,2024-25,BEE057,Digital Signal Processing,OK,yes,yes,none
https://ryzenstudy.com/papers/aktu-btech-sem-5-bio-medical-sensors-instrumentation-2024-25,BTech,5,2024-25,BEC052,Bio Medical Sensors Instrumentation,OK,yes,yes,none
https://ryzenstudy.com/papers/aktu-btech-sem-5-bio-medical-signal-processing-2024-25,BTech,5,2024-25,BEC056,Bio Medical Signal Processing,OK,yes,yes,none
https://ryzenstudy.com/papers/aktu-btech-sem-5-business-intelligence-and-analytic-2022-23,BTech,5,2022-23,KDS051,Business Intelligence And Analytic,OK,yes,yes,none
https://ryzenstudy.com/papers/aktu-btech-sem-5-business-intelligence-and-analytics-2023-24,BTech,5,2023-24,KDS051,Business Intelligence And Analytics,OK,yes,yes,none
https://ryzenstudy.com/papers/aktu-btech-sem-5-business-intelligence-and-analytics-2024-25,BTech,5,2024-25,BCDS051,Business Intelligence And Analytics,OK,yes,yes,none
https://ryzenstudy.com/papers/aktu-btech-sem-5-cloud-computing-2023-24,BTech,5,2023-24,KML051,Cloud Computing,OK,yes,yes,none
https://ryzenstudy.com/papers/aktu-btech-sem-5-cloud-computing-2024-25,BTech,5,2024-25,BCAM051,Cloud Computing,OK,yes,yes,none
https://ryzenstudy.com/papers/aktu-btech-sem-5-cloud-computing-2025-26,BTech,5,2025-26,BCAM051,Cloud Computing,OK,yes,yes,none
https://ryzenstudy.com/papers/aktu-btech-sem-5-cmos-analog-vlsi-design-2024-25,BTech,5,2024-25,BEC058,Cmos Analog Vlsi Design,OK,yes,yes,none
https://ryzenstudy.com/papers/aktu-btech-sem-5-compiler-design-2021-22,BTech,5,2021-22,KCS-502,Compiler Design,OK,yes,yes,none
https://ryzenstudy.com/papers/aktu-btech-sem-5-compiler-design-2022-23,BTech,5,2022-23,KIT052,Compiler Design,OK,yes,yes,none
https://ryzenstudy.com/papers/aktu-btech-sem-5-compiler-design-2023-24,BTech,5,2023-24,KCS502,Compiler Design,OK,yes,yes,none
https://ryzenstudy.com/papers/aktu-btech-sem-5-computer-architecture-and-organization-2022-23,BTech,5,2022-23,KEC051,Computer Architecture And Organization,OK,yes,yes,none
https://ryzenstudy.com/papers/aktu-btech-sem-5-computer-architecture-and-organization-2023-24,BTech,5,2023-24,KEC051,Computer Architecture And Organization,OK,yes,yes,none
https://ryzenstudy.com/papers/aktu-btech-sem-5-computer-graphics-2021-22,BTech,5,2021-22,KCS-053,Computer Graphics,OK,yes,yes,none
https://ryzenstudy.com/papers/aktu-btech-sem-5-computer-graphics-2022-23,BTech,5,2022-23,KCS053,Computer Graphics,OK,yes,yes,none
https://ryzenstudy.com/papers/aktu-btech-sem-5-computer-graphics-2023-24,BTech,5,2023-24,KCS053,Computer Graphics,OK,yes,yes,none
https://ryzenstudy.com/papers/aktu-btech-sem-5-computer-graphics-2024-25,BTech,5,2024-25,BCS053,Computer Graphics,OK,yes,yes,none
https://ryzenstudy.com/papers/aktu-btech-sem-5-computer-integrated-manufacturing-2022-23,BTech,5,2022-23,KME051,Computer Integrated Manufacturing,OK,yes,yes,none
https://ryzenstudy.com/papers/aktu-btech-sem-5-computer-integrated-manufacturing-2023-24,BTech,5,2023-24,KME051,Computer Integrated Manufacturing,OK,yes,yes,none
https://ryzenstudy.com/papers/aktu-btech-sem-5-computer-vision-2024-25,BTech,5,2024-25,BCIT053,Computer Vision,OK,yes,yes,none
https://ryzenstudy.com/papers/aktu-btech-sem-5-concrete-technology-2022-23,BTech,5,2022-23,KCE051,Concrete Technology,OK,yes,yes,none
https://ryzenstudy.com/papers/aktu-btech-sem-5-concrete-technology-2023-24,BTech,5,2023-24,KCE051,Concrete Technology,OK,yes,yes,none
https://ryzenstudy.com/papers/aktu-btech-sem-5-concrete-technology-2024-25,BTech,5,2024-25,BCE051,Concrete Technology,OK,yes,yes,none
https://ryzenstudy.com/papers/aktu-btech-sem-5-constitution-of-india-2024-25,BTech,5,2024-25,BNC501,Constitution Of India,OK,yes,yes,none
https://ryzenstudy.com/papers/aktu-btech-sem-5-constitution-of-india-2025-26,BTech,5,2025-26,BNC501,Constitution Of India,OK,yes,yes,none
https://ryzenstudy.com/papers/aktu-btech-sem-5-constitution-of-india-law-and-engineering-2021-22,BTech,5,2021-22,KNC-501,Constitution Of India Law And Engineering,OK,yes,yes,none
https://ryzenstudy.com/papers/aktu-btech-sem-5-constitution-of-india-law-and-engineering-2022-23,BTech,5,2022-23,KNC501,Constitution Of India Law And Engineering,OK,yes,yes,none
https://ryzenstudy.com/papers/aktu-btech-sem-5-constitution-of-india-law-and-engineering-2023-24,BTech,5,2023-24,KNC501,Constitution Of India Law And Engineering,OK,yes,yes,none
https://ryzenstudy.com/papers/aktu-btech-sem-5-control-system-2021-22,BTech,5,2021-22,KEE502,Control System,OK,yes,yes,none
https://ryzenstudy.com/papers/aktu-btech-sem-5-control-system-2022-23,BTech,5,2022-23,KEE-502,Control System,OK,yes,yes,none
https://ryzenstudy.com/papers/aktu-btech-sem-5-control-system-2023-24,BTech,5,2023-24,KEE502,Control System,OK,yes,yes,none
https://ryzenstudy.com/papers/aktu-btech-sem-5-control-system-2024-25,BTech,5,2024-25,BEE502,Control System,OK,yes,yes,none
https://ryzenstudy.com/papers/aktu-btech-sem-5-data-analytics-2021-22,BTech,5,2021-22,KCS051,Data Analytics,OK,yes,yes,none
https://ryzenstudy.com/papers/aktu-btech-sem-5-data-analytics-2022-23,BTech,5,2022-23,KCS051,Data Analytics,OK,yes,yes,none
https://ryzenstudy.com/papers/aktu-btech-sem-5-data-analytics-2023-24,BTech,5,2023-24,KCS051,Data Analytics,OK,yes,yes,none
https://ryzenstudy.com/papers/aktu-btech-sem-5-data-analytics-2024-25,BTech,5,2024-25,BCS052,Data Analytics,OK,yes,yes,none
https://ryzenstudy.com/papers/aktu-btech-sem-5-data-analytics-2025-26,BTech,5,2025-26,BCS052,Data Analytics,OK,yes,yes,none
https://ryzenstudy.com/papers/aktu-btech-sem-5-data-base-management-system-2023-24,BTech,5,2023-24,KCS501,Data Base Management System,OK,yes,yes,none
https://ryzenstudy.com/papers/aktu-btech-sem-5-database-management-system-2021-22,BTech,5,2021-22,KCS-501,Database Management System,OK,yes,yes,none
https://ryzenstudy.com/papers/aktu-btech-sem-5-database-management-system-2022-23,BTech,5,2022-23,KCS501,Database Management System,OK,yes,yes,none
https://ryzenstudy.com/papers/aktu-btech-sem-5-database-management-system-2024-25,BTech,5,2024-25,BCS501,Database Management System,OK,yes,yes,none
https://ryzenstudy.com/papers/aktu-btech-sem-5-database-management-system-2025-26,BTech,5,2025-26,BCS501,Database Management System,OK,yes,yes,none
https://ryzenstudy.com/papers/aktu-btech-sem-5-design-analysis-of-algorithm-2022-23,BTech,5,2022-23,KCS503,Design Analysis Of Algorithm,OK,yes,yes,none
https://ryzenstudy.com/papers/aktu-btech-sem-5-design-and-analysis-of-algorithm-2021-22,BTech,5,2021-22,KCS-503,Design And Analysis Of Algorithm,OK,yes,yes,none
https://ryzenstudy.com/papers/aktu-btech-sem-5-design-and-analysis-of-algorithm-2023-24,BTech,5,2023-24,KCS503,Design And Analysis Of Algorithm,OK,yes,yes,none
https://ryzenstudy.com/papers/aktu-btech-sem-5-design-and-analysis-of-algorithm-2024-25,BTech,5,2024-25,BCS503,Design And Analysis Of Algorithm,OK,yes,yes,none
https://ryzenstudy.com/papers/aktu-btech-sem-5-design-and-analysis-of-algorithm-2025-26,BTech,5,2025-26,BCS503,Design And Analysis Of Algorithm,OK,yes,yes,none
https://ryzenstudy.com/papers/aktu-btech-sem-5-digital-signal-processing-2021-22,BTech,5,2021-22,KEC-503,Digital Signal Processing,OK,yes,yes,none
https://ryzenstudy.com/papers/aktu-btech-sem-5-digital-signal-processing-2022-23,BTech,5,2022-23,KEE057,Digital Signal Processing,OK,yes,yes,none
https://ryzenstudy.com/papers/aktu-btech-sem-5-digital-signal-processing-2023-24,BTech,5,2023-24,KEC503,Digital Signal Processing,OK,yes,yes,none
https://ryzenstudy.com/papers/aktu-btech-sem-5-digital-signal-processing-2024-25,BTech,5,2024-25,BEC503,Digital Signal Processing,OK,yes,yes,none
https://ryzenstudy.com/papers/aktu-btech-sem-5-digital-signal-processing-2025-26,BTech,5,2025-26,BEC503,Digital Signal Processing,OK,yes,yes,none
https://ryzenstudy.com/papers/aktu-btech-sem-5-distributed-system-2023-24,BTech,5,2023-24,KDS052,Distributed System,OK,yes,yes,none
https://ryzenstudy.com/papers/aktu-btech-sem-5-electrical-machine-ii-2022-23,BTech,5,2022-23,KEE503,Electrical Machine Ii,OK,yes,yes,none
https://ryzenstudy.com/papers/aktu-btech-sem-5-electrical-machines-ii-2021-22,BTech,5,2021-22,KEE503,Electrical Machines II,OK,yes,yes,none
https://ryzenstudy.com/papers/aktu-btech-sem-5-electrical-machines-ii-2023-24,BTech,5,2023-24,KEE503,Electrical Machines Ii,OK,yes,yes,none
https://ryzenstudy.com/papers/aktu-btech-sem-5-electrical-machines-ii-2024-25,BTech,5,2024-25,BEE503,Electrical Machines Ii,OK,yes,yes,none
https://ryzenstudy.com/papers/aktu-btech-sem-5-electrical-standards-and-engineering-practices-2023-24,BTech,5,2023-24,KEE054,Electrical Standards And Engineering Practices,OK,yes,yes,none
https://ryzenstudy.com/papers/aktu-btech-sem-5-electronic-instrumentation-and-measurements-2023-24,BTech,5,2023-24,KEC057,Electronic Instrumentation And Measurements,OK,yes,yes,none
https://ryzenstudy.com/papers/aktu-btech-sem-5-electronic-instrumentation-measurements-2022-23,BTech,5,2022-23,KEC057,Electronic Instrumentation Measurements,OK,yes,yes,none
https://ryzenstudy.com/papers/aktu-btech-sem-5-electronic-switching-2022-23,BTech,5,2022-23,KEC055,Electronic Switching,OK,yes,yes,none
https://ryzenstudy.com/papers/aktu-btech-sem-5-electronics-switching-2022-23,BTech,5,2022-23,KEC055,Electronics Switching,OK,yes,yes,none
https://ryzenstudy.com/papers/aktu-btech-sem-5-electronics-switching-2023-24,BTech,5,2023-24,KEC055,Electronics Switching,OK,yes,yes,none
https://ryzenstudy.com/papers/aktu-btech-sem-5-electronics-switching-2024-25,BTech,5,2024-25,BEC055,Electronics Switching,OK,yes,yes,none
https://ryzenstudy.com/papers/aktu-btech-sem-5-embedded-systems-and-real-time-operating-system-2023-24,BTech,5,2023-24,KOT055,Embedded Systems And Real Time Operating System,OK,yes,yes,none
https://ryzenstudy.com/papers/aktu-btech-sem-5-engineering-geology-2022-23,BTech,5,2022-23,KCE054,Engineering Geology,OK,yes,yes,none
https://ryzenstudy.com/papers/aktu-btech-sem-5-engineering-geology-2023-24,BTech,5,2023-24,KCE054,Engineering Geology,OK,yes,yes,none
https://ryzenstudy.com/papers/aktu-btech-sem-5-engineering-geology-2024-25,BTech,5,2024-25,BCE054,Engineering Geology,OK,yes,yes,none
https://ryzenstudy.com/papers/aktu-btech-sem-5-engineering-hydrology-2022-23,BTech,5,2022-23,KCE055,Engineering Hydrology,OK,yes,yes,none
https://ryzenstudy.com/papers/aktu-btech-sem-5-engineering-hydrology-2023-24,BTech,5,2023-24,KCE055,Engineering Hydrology,OK,yes,yes,none
https://ryzenstudy.com/papers/aktu-btech-sem-5-essence-of-indian-traditional-knowledge-2024-25,BTech,5,2024-25,BNC502,Essence Of Indian Traditional Knowledge,OK,yes,yes,none
https://ryzenstudy.com/papers/aktu-btech-sem-5-essence-of-indian-traditional-knowledge-2025-26,BTech,5,2025-26,BNC502,Essence Of Indian Traditional Knowledge,OK,yes,yes,none
https://ryzenstudy.com/papers/aktu-btech-sem-5-finite-element-methods-2022-23,BTech,5,2022-23,KME053,Finite Element Methods,OK,yes,yes,none
https://ryzenstudy.com/papers/aktu-btech-sem-5-fuels-and-combustion-2022-23,BTech,5,2022-23,KME058,Fuels And Combustion,OK,yes,yes,none
https://ryzenstudy.com/papers/aktu-btech-sem-5-fuels-and-combustion-2023-24,BTech,5,2023-24,KME058,Fuels And Combustion,OK,yes,yes,none
https://ryzenstudy.com/papers/aktu-btech-sem-5-geotechnical-engineering-2022-23,BTech,5,2022-23,KCE501,Geotechnical Engineering,OK,yes,yes,none
https://ryzenstudy.com/papers/aktu-btech-sem-5-geotechnical-engineering-2023-24,BTech,5,2023-24,KCE501,Geotechnical Engineering,OK,yes,yes,none
https://ryzenstudy.com/papers/aktu-btech-sem-5-geotechnical-engineering-2024-25,BTech,5,2024-25,BCE501,Geotechnical Engineering,OK,yes,yes,none
https://ryzenstudy.com/papers/aktu-btech-sem-5-gis-and-advance-remote-sensing-2022-23,BTech,5,2022-23,KCE058,Gis And Advance Remote Sensing,OK,yes,yes,none
https://ryzenstudy.com/papers/aktu-btech-sem-5-gis-and-advance-remote-sensing-2023-24,BTech,5,2023-24,KCE058,Gis And Advance Remote Sensing,OK,yes,yes,none
https://ryzenstudy.com/papers/aktu-btech-sem-5-heat-and-mass-transfer-2021-22,BTech,5,2021-22,KME-501,Heat And Mass Transfer,OK,yes,yes,none
https://ryzenstudy.com/papers/aktu-btech-sem-5-heat-and-mass-transfer-2022-23,BTech,5,2022-23,KME501,Heat And Mass Transfer,OK,yes,yes,none
https://ryzenstudy.com/papers/aktu-btech-sem-5-heat-and-mass-transfer-2023-24,BTech,5,2023-24,KME501,Heat And Mass Transfer,OK,yes,yes,none
https://ryzenstudy.com/papers/aktu-btech-sem-5-heat-mass-transfer-2024-25,BTech,5,2024-25,BME501,Heat Mass Transfer,OK,yes,yes,none
https://ryzenstudy.com/papers/aktu-btech-sem-5-heat-mass-transfer-2025-26,BTech,5,2025-26,BME501,Heat Mass Transfer,OK,yes,yes,none
https://ryzenstudy.com/papers/aktu-btech-sem-5-human-computer-interface-2022-23,BTech,5,2022-23,KCS058,Human Computer Interface,OK,yes,yes,none
https://ryzenstudy.com/papers/aktu-btech-sem-5-i-c-engine-fuels-lubrication-2023-24,BTech,5,2023-24,KME054,I C Engine Fuels Lubrication,OK,yes,yes,none
https://ryzenstudy.com/papers/aktu-btech-sem-5-i-c-engines-fuels-lubrication-2022-23,BTech,5,2022-23,KME054,I C Engines Fuels Lubrication,OK,yes,yes,none
https://ryzenstudy.com/papers/aktu-btech-sem-5-i-c-engines-fuels-lubrication-2024-25,BTech,5,2024-25,BME052,I C Engines Fuels Lubrication,OK,yes,yes,none
https://ryzenstudy.com/papers/aktu-btech-sem-5-i-c-engines-fuels-lubrication-2025-26,BTech,5,2025-26,BME052,I C Engines Fuels Lubrication,OK,yes,yes,none
https://ryzenstudy.com/papers/aktu-btech-sem-5-ic-engine-fuel-and-lubrication-2021-22,BTech,5,2021-22,KME-054,Ic Engine Fuel And Lubrication,OK,yes,yes,none
https://ryzenstudy.com/papers/aktu-btech-sem-5-image-processing-2024-25,BTech,5,2024-25,BCS057,Image Processing,OK,yes,yes,none
https://ryzenstudy.com/papers/aktu-btech-sem-5-image-processing-2025-26,BTech,5,2025-26,BCS057,Image Processing,OK,yes,yes,none
https://ryzenstudy.com/papers/aktu-btech-sem-5-indian-tradition-culture-and-society-2022-23,BTech,5,2022-23,KNC502,Indian Tradition Culture And Society,OK,yes,yes,none
https://ryzenstudy.com/papers/aktu-btech-sem-5-indian-tradition-culture-and-society-2023-24,BTech,5,2023-24,KNC502,Indian Tradition Culture And Society,OK,yes,yes,none
https://ryzenstudy.com/papers/aktu-btech-sem-5-industrial-automation-and-control-2023-24,BTech,5,2023-24,KEE053,Industrial Automation And Control,OK,yes,yes,none
https://ryzenstudy.com/papers/aktu-btech-sem-5-industrial-automation-and-control-2024-25,BTech,5,2024-25,BEE053,Industrial Automation And Control,OK,yes,yes,none
https://ryzenstudy.com/papers/aktu-btech-sem-5-industrial-electronics-2022-23,BTech,5,2022-23,KEC052,Industrial Electronics,OK,yes,yes,none
https://ryzenstudy.com/papers/aktu-btech-sem-5-industrial-electronics-2023-24,BTech,5,2023-24,KEC052,Industrial Electronics,OK,yes,yes,none
https://ryzenstudy.com/papers/aktu-btech-sem-5-industrial-engineering-2021-22,BTech,5,2021-22,KME-503,Industrial Engineering,OK,yes,yes,none
https://ryzenstudy.com/papers/aktu-btech-sem-5-industrial-engineering-2022-23,BTech,5,2022-23,KME503,Industrial Engineering,OK,yes,yes,none
https://ryzenstudy.com/papers/aktu-btech-sem-5-industrial-engineering-2023-24,BTech,5,2023-24,KME503,Industrial Engineering,OK,yes,yes,none
https://ryzenstudy.com/papers/aktu-btech-sem-5-industrial-engineering-2024-25,BTech,5,2024-25,BME503,Industrial Engineering,OK,yes,yes,none
https://ryzenstudy.com/papers/aktu-btech-sem-5-industrial-engineering-2025-26,BTech,5,2025-26,BME503,Industrial Engineering,OK,yes,yes,none
https://ryzenstudy.com/papers/aktu-btech-sem-5-integrated-circuits-2021-22,BTech,5,2021-22,KEC-501,Integrated Circuits,OK,yes,yes,none
https://ryzenstudy.com/papers/aktu-btech-sem-5-integrated-circuits-2022-23,BTech,5,2022-23,KEC501,Integrated Circuits,OK,yes,yes,none
https://ryzenstudy.com/papers/aktu-btech-sem-5-integrated-circuits-2023-24,BTech,5,2023-24,KEC501,Integrated Circuits,OK,yes,yes,none
https://ryzenstudy.com/papers/aktu-btech-sem-5-integrated-circuits-2024-25,BTech,5,2024-25,BEC501,Integrated Circuits,OK,yes,yes,none
https://ryzenstudy.com/papers/aktu-btech-sem-5-integrated-circuits-2025-26,BTech,5,2025-26,BEC501,Integrated Circuits,OK,yes,yes,none
https://ryzenstudy.com/papers/aktu-btech-sem-5-intelligent-database-system-2023-24,BTech,5,2023-24,KAI053,Intelligent Database System,OK,yes,yes,none
https://ryzenstudy.com/papers/aktu-btech-sem-5-intelligent-systems-and-robotics-2024-25,BTech,5,2024-25,BEC053,Intelligent Systems And Robotics,OK,yes,yes,none
https://ryzenstudy.com/papers/aktu-btech-sem-5-introduction-to-data-analytics-and-visualization-2022-23,BTech,5,2022-23,KDS501,Introduction To Data Analytics And Visualization,OK,yes,yes,none
https://ryzenstudy.com/papers/aktu-btech-sem-5-introduction-to-data-analytics-and-visualization-2023-24,BTech,5,2023-24,KDS501,Introduction To Data Analytics And Visualization,OK,yes,yes,none
https://ryzenstudy.com/papers/aktu-btech-sem-5-introduction-to-data-analytics-and-visualization-2024-25,BTech,5,2024-25,BCDS501,Introduction To Data Analytics And Visualization,OK,yes,yes,none
https://ryzenstudy.com/papers/aktu-btech-sem-5-introduction-to-data-analytics-and-visualization-2025-26,BTech,5,2025-26,BCDS501,Introduction To Data Analytics And Visualization,OK,yes,yes,none
https://ryzenstudy.com/papers/aktu-btech-sem-5-introduction-to-internet-of-things-2022-23,BTech,5,2022-23,KOT501,Introduction To Internet Of Things,OK,yes,yes,none
https://ryzenstudy.com/papers/aktu-btech-sem-5-introduction-to-internet-of-things-2023-24,BTech,5,2023-24,KOT501,Introduction To Internet Of Things,OK,yes,yes,none
https://ryzenstudy.com/papers/aktu-btech-sem-5-iot-architecture-and-protocols-2024-25,BTech,5,2024-25,BCIT052,Iot Architecture And Protocols,OK,yes,yes,none
https://ryzenstudy.com/papers/aktu-btech-sem-5-iot-architecture-communication-technology-its-applications-2024-25,BTech,5,2024-25,BEC051,Iot – Architecture Communication Technology Its Applications,OK,yes,yes,none
https://ryzenstudy.com/papers/aktu-btech-sem-5-kcs502-compiler-design-2022-23,BTech,5,2022-23,KCS502,Compiler Design,OK,yes,yes,none
https://ryzenstudy.com/papers/aktu-btech-sem-5-kec503-digital-signal-processing-2022-23,BTech,5,2022-23,KEC503,Digital Signal Processing,OK,yes,yes,none
https://ryzenstudy.com/papers/aktu-btech-sem-5-kit052-compiler-design-2023-24,BTech,5,2023-24,KIT052,Compiler Design,OK,yes,yes,none
https://ryzenstudy.com/papers/aktu-btech-sem-5-kme053-quantity-estimation-and-construction-management-2023-24,BTech,5,2023-24,KME053,Quantity Estimation And Construction Management,OK,yes,yes,none
https://ryzenstudy.com/papers/aktu-btech-sem-5-machine-design-2024-25,BTech,5,2024-25,BME502,Machine Design,OK,yes,yes,none
https://ryzenstudy.com/papers/aktu-btech-sem-5-machine-design-2025-26,BTech,5,2025-26,BME502,Machine Design,OK,yes,yes,none
https://ryzenstudy.com/papers/aktu-btech-sem-5-machine-learning-techniques-2021-22,BTech,5,2021-22,KCS-055,Machine Learning Techniques,OK,yes,yes,none
https://ryzenstudy.com/papers/aktu-btech-sem-5-machine-learning-techniques-2022-23,BTech,5,2022-23,KCS055,Machine Learning Techniques,OK,yes,yes,none
https://ryzenstudy.com/papers/aktu-btech-sem-5-machine-learning-techniques-2023-24,BTech,5,2023-24,KCS055,Machine Learning Techniques,OK,yes,yes,none
https://ryzenstudy.com/papers/aktu-btech-sem-5-machine-learning-techniques-2024-25,BTech,5,2024-25,BCS055,Machine Learning Techniques,OK,yes,yes,none
https://ryzenstudy.com/papers/aktu-btech-sem-5-machine-learning-techniques-2025-26,BTech,5,2025-26,BCS055,Machine Learning Techniques,OK,yes,yes,none
https://ryzenstudy.com/papers/aktu-btech-sem-5-mathematical-foundation-ai-ml-and-data-science-2023-24,BTech,5,2023-24,KAI051,Mathematical Foundation Ai Ml And Data Science,OK,yes,yes,none
https://ryzenstudy.com/papers/aktu-btech-sem-5-mathematical-foundation-ai-ml-and-data-science-2024-25,BTech,5,2024-25,BCAI051,Mathematical Foundation Ai Ml And Data Science,OK,yes,yes,none
https://ryzenstudy.com/papers/aktu-btech-sem-5-mathematical-foundation-ai-ml-and-data-science-2025-26,BTech,5,2025-26,BCAI051,Mathematical Foundation Ai Ml And Data Science,OK,yes,yes,none
https://ryzenstudy.com/papers/aktu-btech-sem-5-mechanical-vibrations-2022-23,BTech,5,2022-23,KME057,Mechanical Vibrations,OK,yes,yes,none
https://ryzenstudy.com/papers/aktu-btech-sem-5-mechanical-vibrations-2023-24,BTech,5,2023-24,KME057,Mechanical Vibrations,OK,yes,yes,none
https://ryzenstudy.com/papers/aktu-btech-sem-5-mechanical-vibrations-2024-25,BTech,5,2024-25,BME056,Mechanical Vibrations,OK,yes,yes,none
https://ryzenstudy.com/papers/aktu-btech-sem-5-mechatronics-systems-2022-23,BTech,5,2022-23,KME052,Mechatronics Systems,OK,yes,yes,none
https://ryzenstudy.com/papers/aktu-btech-sem-5-mechatronics-systems-2023-24,BTech,5,2023-24,KME052,Mechatronics Systems,OK,yes,yes,none
https://ryzenstudy.com/papers/aktu-btech-sem-5-mechatronics-systems-2024-25,BTech,5,2024-25,BME054,Mechatronics Systems,OK,yes,yes,none
https://ryzenstudy.com/papers/aktu-btech-sem-5-mechatronics-systems-2025-26,BTech,5,2025-26,BME054,Mechatronics Systems,OK,yes,yes,none
https://ryzenstudy.com/papers/aktu-btech-sem-5-microprocessor-microcontroller-2022-23,BTech,5,2022-23,KEC502,Microprocessor Microcontroller,OK,yes,yes,none
https://ryzenstudy.com/papers/aktu-btech-sem-5-microprocessor-microcontroller-2023-24,BTech,5,2023-24,KEC502,Microprocessor Microcontroller,OK,yes,yes,none
https://ryzenstudy.com/papers/aktu-btech-sem-5-microprocessor-microcontroller-2024-25,BTech,5,2024-25,BEC502,Microprocessor Microcontroller,OK,yes,yes,none
https://ryzenstudy.com/papers/aktu-btech-sem-5-microprocessor-microcontroller-2025-26,BTech,5,2025-26,BEC502,Microprocessor Microcontroller,OK,yes,yes,none
https://ryzenstudy.com/papers/aktu-btech-sem-5-microprocessors-and-microcontrollers-2021-22,BTech,5,2021-22,KEC-502,Microprocessors And Microcontrollers,OK,yes,yes,none
https://ryzenstudy.com/papers/aktu-btech-sem-5-modern-construction-materials-2022-23,BTech,5,2022-23,KCE052,Modern Construction Materials,OK,yes,yes,none
https://ryzenstudy.com/papers/aktu-btech-sem-5-modern-construction-materials-2023-24,BTech,5,2023-24,KCE052,Modern Construction Materials,OK,yes,yes,none
https://ryzenstudy.com/papers/aktu-btech-sem-5-modern-construction-materials-2024-25,BTech,5,2024-25,BCE052,Modern Construction Materials,OK,yes,yes,none
https://ryzenstudy.com/papers/aktu-btech-sem-5-natural-language-processing-2022-23,BTech,5,2022-23,KAI052,Natural Language Processing,OK,yes,yes,none
https://ryzenstudy.com/papers/aktu-btech-sem-5-natural-language-processing-2023-24,BTech,5,2023-24,KAI052,Natural Language Processing,OK,yes,yes,none
https://ryzenstudy.com/papers/aktu-btech-sem-5-natural-language-processing-2024-25,BTech,5,2024-25,BCAI052,Natural Language Processing,OK,yes,yes,none
https://ryzenstudy.com/papers/aktu-btech-sem-5-neural-networks-fuzzy-system-2022-23,BTech,5,2022-23,KEE056,Neural Networks Fuzzy System,OK,yes,yes,none
https://ryzenstudy.com/papers/aktu-btech-sem-5-neural-networks-fuzzy-system-2024-25,BTech,5,2024-25,BEE056,Neural Networks Fuzzy System,OK,yes,yes,none
https://ryzenstudy.com/papers/aktu-btech-sem-5-object-oriented-system-design-2021-22,BTech,5,2021-22,KCS-054,Object Oriented System Design,OK,yes,yes,none
https://ryzenstudy.com/papers/aktu-btech-sem-5-object-oriented-system-design-with-c-2022-23,BTech,5,2022-23,KCS054,Object Oriented System Design With C++,OK,yes,yes,none
https://ryzenstudy.com/papers/aktu-btech-sem-5-object-oriented-system-design-with-c-2023-24,BTech,5,2023-24,KCS054,Object Oriented System Design With C++,OK,yes,yes,none
https://ryzenstudy.com/papers/aktu-btech-sem-5-object-oriented-system-design-with-c-2024-25,BTech,5,2024-25,BCS054,Object Oriented System Design With C++,OK,yes,yes,none
https://ryzenstudy.com/papers/aktu-btech-sem-5-object-oriented-system-design-with-c-2025-26,BTech,5,2025-26,BCS054,Object Oriented System Design With C++,OK,yes,yes,none
https://ryzenstudy.com/papers/aktu-btech-sem-5-open-channel-flow-2022-23,BTech,5,2022-23,KCE053,Open Channel Flow,OK,yes,yes,none
https://ryzenstudy.com/papers/aktu-btech-sem-5-open-channel-flow-2023-24,BTech,5,2023-24,KCE053,Open Channel Flow,OK,yes,yes,none
https://ryzenstudy.com/papers/aktu-btech-sem-5-optical-communication-2021-22,BTech,5,2021-22,KEC-058,Optical Communication,OK,yes,yes,none
https://ryzenstudy.com/papers/aktu-btech-sem-5-optical-communication-2022-23,BTech,5,2022-23,KEC058,Optical Communication,OK,yes,yes,none
https://ryzenstudy.com/papers/aktu-btech-sem-5-optical-communication-2023-24,BTech,5,2023-24,KEC058,Optical Communication,OK,yes,yes,none
https://ryzenstudy.com/papers/aktu-btech-sem-5-optical-communication-2024-25,BTech,5,2024-25,BEC057,Optical Communication,OK,yes,yes,none
https://ryzenstudy.com/papers/aktu-btech-sem-5-optical-communication-2025-26,BTech,5,2025-26,BEC057,Optical Communication,OK,yes,yes,none
https://ryzenstudy.com/papers/aktu-btech-sem-5-optimization-technique-2022-23,BTech,5,2022-23,KEE055,Optimization Technique,OK,yes,yes,none
https://ryzenstudy.com/papers/aktu-btech-sem-5-power-system-i-2021-22,BTech,5,2021-22,KEE501,Power System I,OK,yes,yes,none
https://ryzenstudy.com/papers/aktu-btech-sem-5-power-system-i-2022-23,BTech,5,2022-23,KEE501,Power System I,OK,yes,yes,none
https://ryzenstudy.com/papers/aktu-btech-sem-5-power-system-i-2023-24,BTech,5,2023-24,KEE501,Power System I,OK,yes,yes,none
https://ryzenstudy.com/papers/aktu-btech-sem-5-power-system-i-2024-25,BTech,5,2024-25,BEE501,Power System I,OK,yes,yes,none
https://ryzenstudy.com/papers/aktu-btech-sem-5-privacy-and-security-in-iot-2022-23,BTech,5,2022-23,KOT054,Privacy And Security In Iot,OK,yes,yes,none
https://ryzenstudy.com/papers/aktu-btech-sem-5-privacy-and-security-in-iot-2023-24,BTech,5,2023-24,KOT054,Privacy And Security In Iot,OK,yes,yes,none
https://ryzenstudy.com/papers/aktu-btech-sem-5-privacy-and-security-in-iot-2024-25,BTech,5,2024-25,BCIT056,Privacy And Security In Iot,OK,yes,yes,none
https://ryzenstudy.com/papers/aktu-btech-sem-5-programming-and-interfacing-with-microcontrollers-2023-24,BTech,5,2023-24,KOT052,Programming And Interfacing With Microcontrollers,OK,yes,yes,none
https://ryzenstudy.com/papers/aktu-btech-sem-5-programming-and-interfacing-with-microcontrollers-2024-25,BTech,5,2024-25,BCIT055,Programming And Interfacing With Microcontrollers,OK,yes,yes,none
https://ryzenstudy.com/papers/aktu-btech-sem-5-programming-data-structures-and-algorithms-using-python-2022-23,BTech,5,2022-23,KME056,Programming Data Structures And Algorithms Using Python,OK,yes,yes,none
https://ryzenstudy.com/papers/aktu-btech-sem-5-programming-data-structures-and-algorithms-using-python-2023-24,BTech,5,2023-24,KME056,Programming Data Structures And Algorithms Using Python,OK,yes,yes,none
https://ryzenstudy.com/papers/aktu-btech-sem-5-programming-interfacing-with-microcontrollers-2022-23,BTech,5,2022-23,KOT052,Programming Interfacing With Microcontrollers,OK,yes,yes,none
https://ryzenstudy.com/papers/aktu-btech-sem-5-quantity-estimation-and-construction-management-2022-23,BTech,5,2022-23,KCE503,Quantity Estimation And Construction Management,OK,yes,yes,none
https://ryzenstudy.com/papers/aktu-btech-sem-5-quantity-estimation-and-construction-management-2023-24,BTech,5,2023-24,KCE503,Quantity Estimation And Construction Management,OK,yes,yes,none
https://ryzenstudy.com/papers/aktu-btech-sem-5-quantity-estimation-and-construction-management-2024-25,BTech,5,2024-25,BCE503,Quantity Estimation And Construction Management,OK,yes,yes,none
https://ryzenstudy.com/papers/aktu-btech-sem-5-robotics-2023-24,BTech,5,2023-24,KEE051,Robotics,OK,yes,yes,none
https://ryzenstudy.com/papers/aktu-btech-sem-5-robotics-2024-25,BTech,5,2024-25,BEE051,Robotics,OK,yes,yes,none
https://ryzenstudy.com/papers/aktu-btech-sem-5-sensor-and-instrumentation-technologies-for-civil-engineering-2023-24,BTech,5,2023-24,KCE056,Sensor And Instrumentation Technologies For Civil Engineering,OK,yes,yes,none
https://ryzenstudy.com/papers/aktu-btech-sem-5-sensor-and-instrumentation-technologies-for-civil-engineering-applicatiom-2022-23,BTech,5,2022-23,KCE056,Sensor And Instrumentation Technologies For Civil Engineering Applicatiom,OK,yes,yes,none
https://ryzenstudy.com/papers/aktu-btech-sem-5-sensors-actuators-and-signal-processing-2022-23,BTech,5,2022-23,KOT051,Sensors Actuators And Signal Processing,OK,yes,yes,none
https://ryzenstudy.com/papers/aktu-btech-sem-5-sensors-and-transducers-2023-24,BTech,5,2023-24,KEE052,Sensors And Transducers,OK,yes,yes,none
https://ryzenstudy.com/papers/aktu-btech-sem-5-sensors-and-transducers-2024-25,BTech,5,2024-25,BEE052,Sensors And Transducers,OK,yes,yes,none
https://ryzenstudy.com/papers/aktu-btech-sem-5-sensors-and-transducers-de-i-2021-22,BTech,5,2021-22,KEE052,Sensors And Transducers (DE I),OK,yes,yes,none
https://ryzenstudy.com/papers/aktu-btech-sem-5-statistical-computing-2020-21,BTech,5,2020-21,KIT051,Statistical Computing,OK,yes,yes,none
https://ryzenstudy.com/papers/aktu-btech-sem-5-statistical-computing-2023-24,BTech,5,2023-24,KIT051,Statistical Computing,OK,yes,yes,none
https://ryzenstudy.com/papers/aktu-btech-sem-5-stream-processing-and-analytics-2023-24,BTech,5,2023-24,KDS053,Stream Processing And Analytics,OK,yes,yes,none
https://ryzenstudy.com/papers/aktu-btech-sem-5-strength-of-material-2023-24,BTech,5,2023-24,KME502,Strength Of Material,OK,yes,yes,none
https://ryzenstudy.com/papers/aktu-btech-sem-5-strength-of-materials-2021-22,BTech,5,2021-22,KME-502,Strength Of Materials,OK,yes,yes,none
https://ryzenstudy.com/papers/aktu-btech-sem-5-strength-of-materials-2022-23,BTech,5,2022-23,KME502,Strength Of Materials,OK,yes,yes,none
https://ryzenstudy.com/papers/aktu-btech-sem-5-structural-analysis-2022-23,BTech,5,2022-23,KCE502,Structural Analysis,OK,yes,yes,none
https://ryzenstudy.com/papers/aktu-btech-sem-5-structural-analysis-2023-24,BTech,5,2023-24,KCE502,Structural Analysis,OK,yes,yes,none
https://ryzenstudy.com/papers/aktu-btech-sem-5-structural-analysis-2024-25,BTech,5,2024-25,BCE502,Structural Analysis,OK,yes,yes,none
https://ryzenstudy.com/papers/aktu-btech-sem-5-turbo-machines-2024-25,BTech,5,2024-25,BME055,Turbo Machines,OK,yes,yes,none
https://ryzenstudy.com/papers/aktu-btech-sem-5-vlsi-technology-2021-22,BTech,5,2021-22,KEC-053,Vlsi Technology,OK,yes,yes,none
https://ryzenstudy.com/papers/aktu-btech-sem-5-vlsi-technology-2022-23,BTech,5,2022-23,KEC053,Vlsi Technology,OK,yes,yes,none
https://ryzenstudy.com/papers/aktu-btech-sem-5-vlsi-technology-2023-24,BTech,5,2023-24,KEC053,Vlsi Technology,OK,yes,yes,none
https://ryzenstudy.com/papers/aktu-btech-sem-5-vlsi-technology-2024-25,BTech,5,2024-25,BEC054,Vlsi Technology,OK,yes,yes,none
https://ryzenstudy.com/papers/aktu-btech-sem-5-vlsi-technology-2025-26,BTech,5,2025-26,BEC054,Vlsi Technology,OK,yes,yes,none
https://ryzenstudy.com/papers/aktu-btech-sem-5-wearable-computing-mixed-reality-and-internet-of-everything-2023-24,BTech,5,2023-24,KOT053,Wearable Computing Mixed Reality And Internet Of Everything,OK,yes,yes,none
https://ryzenstudy.com/papers/aktu-btech-sem-5-web-designing-2022-23,BTech,5,2022-23,KCS052,Web Designing,OK,yes,yes,none
https://ryzenstudy.com/papers/aktu-btech-sem-5-web-designing-2023-24,BTech,5,2023-24,KCS052,Web Designing,OK,yes,yes,none
https://ryzenstudy.com/papers/aktu-btech-sem-5-web-technology-2021-22,BTech,5,2021-22,KIT-501,Web Technology,OK,yes,yes,none
https://ryzenstudy.com/papers/aktu-btech-sem-5-web-technology-2022-23,BTech,5,2022-23,KIT501,Web Technology,OK,yes,yes,none
https://ryzenstudy.com/papers/aktu-btech-sem-5-web-technology-2024-25,BTech,5,2024-25,BCS502,Web Technology,OK,yes,yes,none
https://ryzenstudy.com/papers/aktu-btech-sem-5-web-technology-2025-26,BTech,5,2025-26,BCS502,Web Technology,OK,yes,yes,none
https://ryzenstudy.com/papers/aktu-btech-sem-6-advance-structural-analysis-2021-22,BTech,6,2021-22,KCE061,Advance Structural Analysis,OK,yes,yes,none
https://ryzenstudy.com/papers/aktu-btech-sem-6-advance-structural-analysis-2022-23,BTech,6,2022-23,KCE-061,Advance Structural Analysis,OK,yes,yes,none
https://ryzenstudy.com/papers/aktu-btech-sem-6-advance-structural-analysis-2023-24,BTech,6,2023-24,KCE061,Advance Structural Analysis,OK,yes,yes,none
https://ryzenstudy.com/papers/aktu-btech-sem-6-advance-structural-analysis-2024-25,BTech,6,2024-25,BCE061,Advance Structural Analysis,OK,yes,yes,none
https://ryzenstudy.com/papers/aktu-btech-sem-6-advanced-machine-learning-2022-23,BTech,6,2022-23,KML-061,Advanced Machine Learning,OK,yes,yes,none
https://ryzenstudy.com/papers/aktu-btech-sem-6-analog-signal-processing-2021-22,BTech,6,2021-22,KEC064,Analog Signal Processing,OK,yes,yes,none
https://ryzenstudy.com/papers/aktu-btech-sem-6-analog-signal-processing-2022-23,BTech,6,2022-23,KEC-064,Analog Signal Processing,OK,yes,yes,none
https://ryzenstudy.com/papers/aktu-btech-sem-6-antenna-and-wave-propagation-2021-22,BTech,6,2021-22,KEC603,Antenna And Wave Propagation,OK,yes,yes,none
https://ryzenstudy.com/papers/aktu-btech-sem-6-antenna-and-wave-propagation-2022-23,BTech,6,2022-23,KEC-603,Antenna And Wave Propagation,OK,yes,yes,none
https://ryzenstudy.com/papers/aktu-btech-sem-6-antenna-and-wave-propagation-2023-24,BTech,6,2023-24,KEC603,Antenna And Wave Propagation,OK,yes,yes,none
https://ryzenstudy.com/papers/aktu-btech-sem-6-antenna-and-wave-propagation-2024-25,BTech,6,2024-25,BEC603,Antenna And Wave Propagation,OK,yes,yes,none
https://ryzenstudy.com/papers/aktu-btech-sem-6-artificial-intelligence-2021-22,BTech,6,2021-22,KME062,Artificial Intelligence,OK,yes,yes,none
https://ryzenstudy.com/papers/aktu-btech-sem-6-artificial-intelligence-2022-23,BTech,6,2022-23,KOT-063,Artificial Intelligence,OK,yes,yes,none
https://ryzenstudy.com/papers/aktu-btech-sem-6-artificial-intelligence-2023-24,BTech,6,2023-24,KME062,Artificial Intelligence,OK,yes,yes,none
https://ryzenstudy.com/papers/aktu-btech-sem-6-augmented-virtual-reality-2024-25,BTech,6,2024-25,BCS062,Augmented Virtual Reality,OK,yes,yes,none
https://ryzenstudy.com/papers/aktu-btech-sem-6-automotive-electrical-and-electronics-2021-22,BTech,6,2021-22,KAU061,Automotive Electrical And Electronics,OK,yes,yes,none
https://ryzenstudy.com/papers/aktu-btech-sem-6-automotive-electrical-electronics-2024-25,BTech,6,2024-25,BAU061,Automotive Electrical Electronics,OK,yes,yes,none
https://ryzenstudy.com/papers/aktu-btech-sem-6-basics-of-data-base-management-system-2021-22,BTech,6,2021-22,KOE067,Basics Of Data Base Management System,OK,yes,yes,none
https://ryzenstudy.com/papers/aktu-btech-sem-6-basics-of-data-base-management-system-2022-23,BTech,6,2022-23,KOE-067,Basics Of Data Base Management System,OK,yes,yes,none
https://ryzenstudy.com/papers/aktu-btech-sem-6-basics-of-data-base-management-system-2023-24,BTech,6,2023-24,KOE067H,Basics Of Data Base Management System,OK,yes,yes,none
https://ryzenstudy.com/papers/aktu-btech-sem-6-basics-of-data-base-management-system-2024-25,BTech,6,2024-25,BOE067,Basics Of Data Base Management System,OK,yes,yes,none
https://ryzenstudy.com/papers/aktu-btech-sem-6-big-data-2021-22,BTech,6,2021-22,KCS061,Big Data,OK,yes,yes,none
https://ryzenstudy.com/papers/aktu-btech-sem-6-big-data-2022-23,BTech,6,2022-23,KCS-061,Big Data,OK,yes,yes,none
https://ryzenstudy.com/papers/aktu-btech-sem-6-big-data-2023-24,BTech,6,2023-24,KCS061,Big Data,OK,yes,yes,none
https://ryzenstudy.com/papers/aktu-btech-sem-6-big-data-2024-25,BTech,6,2024-25,BCS061,Big Data,OK,yes,yes,none
https://ryzenstudy.com/papers/aktu-btech-sem-6-big-data-and-analytics-2022-23,BTech,6,2022-23,KDS-601,Big Data And Analytics,OK,yes,yes,none
https://ryzenstudy.com/papers/aktu-btech-sem-6-big-data-and-analytics-2023-24,BTech,6,2023-24,KDS601,Big Data And Analytics,OK,yes,yes,none
https://ryzenstudy.com/papers/aktu-btech-sem-6-bit601-data-analytics-2024-25,BTech,6,2024-25,BIT601,Data Analytics,OK,yes,yes,none
https://ryzenstudy.com/papers/aktu-btech-sem-6-blockchain-architecture-design-2021-22,BTech,6,2021-22,KIT061,Blockchain Architecture Design,OK,yes,yes,none
https://ryzenstudy.com/papers/aktu-btech-sem-6-blockchain-architecture-design-2022-23,BTech,6,2022-23,KIT-061,Blockchain Architecture Design,OK,yes,yes,none
https://ryzenstudy.com/papers/aktu-btech-sem-6-blockchain-architecture-design-2024-25,BTech,6,2024-25,BCS063,Blockchain Architecture Design,OK,yes,yes,none
https://ryzenstudy.com/papers/aktu-btech-sem-6-cad-cam-2024-25,BTech,6,2024-25,BME602,Cad Cam,OK,yes,yes,none
https://ryzenstudy.com/papers/aktu-btech-sem-6-cmos-digital-design-technique-2024-25,BTech,6,2024-25,BEC063,Cmos Digital Design Technique,OK,yes,yes,none
https://ryzenstudy.com/papers/aktu-btech-sem-6-cmos-digital-design-techniques-2024-25,BTech,6,2024-25,BEC063,CMOS Digital Design Techniques,OK,yes,yes,none
https://ryzenstudy.com/papers/aktu-btech-sem-6-compilar-design-2024-25,BTech,6,2024-25,BCS602,Compilar Design,OK,yes,yes,none
https://ryzenstudy.com/papers/aktu-btech-sem-6-compiler-design-2024-25,BTech,6,2024-25,BCS602,Compiler Design,OK,yes,yes,none
https://ryzenstudy.com/papers/aktu-btech-sem-6-computational-fluid-dynamics-2024-25,BTech,6,2024-25,BME062,Computational Fluid Dynamics,OK,yes,yes,none
https://ryzenstudy.com/papers/aktu-btech-sem-6-computer-based-numerical-techniques-2021-22,BTech,6,2021-22,KOE065,Computer Based Numerical Techniques,OK,yes,yes,none
https://ryzenstudy.com/papers/aktu-btech-sem-6-computer-based-numerical-techniques-2022-23,BTech,6,2022-23,KOE-065,Computer Based Numerical Techniques,OK,yes,yes,none
https://ryzenstudy.com/papers/aktu-btech-sem-6-computer-based-numerical-techniques-2023-24,BTech,6,2023-24,KOE065,Computer Based Numerical Techniques,OK,yes,yes,none
https://ryzenstudy.com/papers/aktu-btech-sem-6-computer-based-numerical-techniques-2024-25,BTech,6,2024-25,BOE065,Computer Based Numerical Techniques,OK,yes,yes,none
https://ryzenstudy.com/papers/aktu-btech-sem-6-computer-networks-2021-22,BTech,6,2021-22,KCS603,Computer Networks,OK,yes,yes,none
https://ryzenstudy.com/papers/aktu-btech-sem-6-computer-networks-2022-23,BTech,6,2022-23,KCS-603,Computer Networks,OK,yes,yes,none
https://ryzenstudy.com/papers/aktu-btech-sem-6-computer-networks-2023-24,BTech,6,2023-24,KCS603,Computer Networks,OK,yes,yes,none
https://ryzenstudy.com/papers/aktu-btech-sem-6-computer-networks-2024-25,BTech,6,2024-25,BCS603,Computer Networks,OK,yes,yes,none
https://ryzenstudy.com/papers/aktu-btech-sem-6-constitution-of-india-2024-25,BTech,6,2024-25,BNC601,Constitution Of India,OK,yes,yes,none
https://ryzenstudy.com/papers/aktu-btech-sem-6-constitution-of-india-law-and-engineering-2023-24,BTech,6,2023-24,KNC601,Constitution Of India Law And Engineering,OK,yes,yes,none
https://ryzenstudy.com/papers/aktu-btech-sem-6-constitution-of-india-law-engineering-2021-22,BTech,6,2021-22,KNC601,Constitution Of India Law Engineering,OK,yes,yes,none
https://ryzenstudy.com/papers/aktu-btech-sem-6-constitution-of-india-law-engineering-2022-23,BTech,6,2022-23,KNC-601,Constitution Of India Law Engineering,OK,yes,yes,none
https://ryzenstudy.com/papers/aktu-btech-sem-6-control-system-2021-22,BTech,6,2021-22,KEC602,Control System,OK,yes,yes,none
https://ryzenstudy.com/papers/aktu-btech-sem-6-control-system-2022-23,BTech,6,2022-23,KEC-602,Control System,OK,yes,yes,none
https://ryzenstudy.com/papers/aktu-btech-sem-6-control-system-2023-24,BTech,6,2023-24,KEC602,Control System,OK,yes,yes,none
https://ryzenstudy.com/papers/aktu-btech-sem-6-control-system-2024-25,BTech,6,2024-25,BEC602,Control System,OK,yes,yes,none
https://ryzenstudy.com/papers/aktu-btech-sem-6-cyber-forensic-analytics-2024-25,BTech,6,2024-25,BCAI061,Cyber Forensic Analytics,OK,yes,yes,none
https://ryzenstudy.com/papers/aktu-btech-sem-6-data-analytics-2021-22,BTech,6,2021-22,KIT601,Data Analytics,OK,yes,yes,none
https://ryzenstudy.com/papers/aktu-btech-sem-6-data-analytics-2022-23,BTech,6,2022-23,KIT-601,Data Analytics,OK,yes,yes,none
https://ryzenstudy.com/papers/aktu-btech-sem-6-data-analytics-2024-25,BTech,6,2024-25,BADS601,Data Analytics,OK,yes,yes,none
https://ryzenstudy.com/papers/aktu-btech-sem-6-data-communication-networks-2021-22,BTech,6,2021-22,KEC063,Data Communication Networks,OK,yes,yes,none
https://ryzenstudy.com/papers/aktu-btech-sem-6-data-communication-networks-2022-23,BTech,6,2022-23,KEC-063,Data Communication Networks,OK,yes,yes,none
https://ryzenstudy.com/papers/aktu-btech-sem-6-data-communication-networks-2024-25,BTech,6,2024-25,BEC062,Data Communication Networks,OK,yes,yes,none
https://ryzenstudy.com/papers/aktu-btech-sem-6-data-compression-2021-22,BTech,6,2021-22,KCS064,Data Compression,OK,yes,yes,none
https://ryzenstudy.com/papers/aktu-btech-sem-6-data-compression-2022-23,BTech,6,2022-23,KCS-064,Data Compression,OK,yes,yes,none
https://ryzenstudy.com/papers/aktu-btech-sem-6-data-compression-2023-24,BTech,6,2023-24,KCS064,Data Compression,OK,yes,yes,none
https://ryzenstudy.com/papers/aktu-btech-sem-6-data-compression-2024-25,BTech,6,2024-25,BCS064,Data Compression,OK,yes,yes,none
https://ryzenstudy.com/papers/aktu-btech-sem-6-data-science-in-iot-2024-25,BTech,6,2024-25,BCIT601,Data Science In Iot,OK,yes,yes,none
https://ryzenstudy.com/papers/aktu-btech-sem-6-design-and-analysis-of-algorithm-2021-22,BTech,6,2021-22,KECZ603,Design And Analysis Of Algorithm,OK,yes,yes,none
https://ryzenstudy.com/papers/aktu-btech-sem-6-design-of-concrete-structures-2021-22,BTech,6,2021-22,KCE601,Design Of Concrete Structures,OK,yes,yes,none
https://ryzenstudy.com/papers/aktu-btech-sem-6-design-of-concrete-structures-2022-23,BTech,6,2022-23,KCE-601,Design Of Concrete Structures,OK,yes,yes,none
https://ryzenstudy.com/papers/aktu-btech-sem-6-design-of-concrete-structures-2024-25,BTech,6,2024-25,BCE601,Design Of Concrete Structures,OK,yes,yes,none
https://ryzenstudy.com/papers/aktu-btech-sem-6-digital-communication-2021-22,BTech,6,2021-22,KEC601,Digital Communication,OK,yes,yes,none
https://ryzenstudy.com/papers/aktu-btech-sem-6-digital-communication-2022-23,BTech,6,2022-23,KEC-601,Digital Communication,OK,yes,yes,none
https://ryzenstudy.com/papers/aktu-btech-sem-6-digital-communication-2023-24,BTech,6,2023-24,KEC601,Digital Communication,OK,yes,yes,none
https://ryzenstudy.com/papers/aktu-btech-sem-6-digital-communication-2024-25,BTech,6,2024-25,BEC601,Digital Communication,OK,yes,yes,none
https://ryzenstudy.com/papers/aktu-btech-sem-6-digital-control-system-2022-23,BTech,6,2022-23,KEE-063,Digital Control System,OK,yes,yes,none
https://ryzenstudy.com/papers/aktu-btech-sem-6-digital-control-system-2024-25,BTech,6,2024-25,BEE063,Digital Control System,OK,yes,yes,none
https://ryzenstudy.com/papers/aktu-btech-sem-6-digital-marketing-2024-25,BTech,6,2024-25,BCD061,Digital Marketing,OK,yes,yes,none
https://ryzenstudy.com/papers/aktu-btech-sem-6-electric-and-hybrid-vehicles-2022-23,BTech,6,2022-23,KEE-064,Electric And Hybrid Vehicles,OK,yes,yes,none
https://ryzenstudy.com/papers/aktu-btech-sem-6-electric-hybrid-vehicles-technology-2024-25,BTech,6,2024-25,BAU602,Electric Hybrid Vehicles Technology,OK,yes,yes,none
https://ryzenstudy.com/papers/aktu-btech-sem-6-electrical-and-hybrid-vehicles-2024-25,BTech,6,2024-25,BEE064,Electrical And Hybrid Vehicles,OK,yes,yes,none
https://ryzenstudy.com/papers/aktu-btech-sem-6-electrical-machine-design-2024-25,BTech,6,2024-25,BEE062,Electrical Machine Design,OK,yes,yes,none
https://ryzenstudy.com/papers/aktu-btech-sem-6-embedded-system-2021-22,BTech,6,2021-22,KOE062,Embedded System,OK,yes,yes,none
https://ryzenstudy.com/papers/aktu-btech-sem-6-embedded-system-2022-23,BTech,6,2022-23,KOE-062,Embedded System,OK,yes,yes,none
https://ryzenstudy.com/papers/aktu-btech-sem-6-embedded-system-2023-24,BTech,6,2023-24,KOE062,Embedded System,OK,yes,yes,none
https://ryzenstudy.com/papers/aktu-btech-sem-6-embedded-system-2024-25,BTech,6,2024-25,BOE062,Embedded System,OK,yes,yes,none
https://ryzenstudy.com/papers/aktu-btech-sem-6-energy-harvesting-technologies-and-power-management-for-iot-devices-2024-25,BTech,6,2024-25,BCIT061,Energy Harvesting Technologies And Power Management For Iot Devices,OK,yes,yes,none
https://ryzenstudy.com/papers/aktu-btech-sem-6-environmental-engineering-2021-22,BTech,6,2021-22,KCE603,Environmental Engineering,OK,yes,yes,none
https://ryzenstudy.com/papers/aktu-btech-sem-6-environmental-engineering-2022-23,BTech,6,2022-23,KCE-603,Environmental Engineering,OK,yes,yes,none
https://ryzenstudy.com/papers/aktu-btech-sem-6-environmental-engineering-2024-25,BTech,6,2024-25,BCE603,Environmental Engineering,OK,yes,yes,none
https://ryzenstudy.com/papers/aktu-btech-sem-6-essence-of-indian-traditional-knowledge-2024-25,BTech,6,2024-25,BNC602,Essence Of Indian Traditional Knowledge,OK,yes,yes,none
https://ryzenstudy.com/papers/aktu-btech-sem-6-foundation-design-2022-23,BTech,6,2022-23,KCE-064,Foundation Design,OK,yes,yes,none
https://ryzenstudy.com/papers/aktu-btech-sem-6-foundation-design-2023-24,BTech,6,2023-24,KCE064,Foundation Design,OK,yes,yes,none
https://ryzenstudy.com/papers/aktu-btech-sem-6-g-data-and-analytics-2024-25,BTech,6,2024-25,BCDS601BI,G Data And Analytics,OK,yes,yes,none
https://ryzenstudy.com/papers/aktu-btech-sem-6-gas-dynamics-and-jet-propulsion-2021-22,BTech,6,2021-22,KME064,Gas Dynamics And Jet Propulsion,OK,yes,yes,none
https://ryzenstudy.com/papers/aktu-btech-sem-6-gas-dynamics-and-jet-propulsion-2023-24,BTech,6,2023-24,KME064,Gas Dynamics And Jet Propulsion,OK,yes,yes,none
https://ryzenstudy.com/papers/aktu-btech-sem-6-gis-remote-sensing-2021-22,BTech,6,2021-22,KOE066,Gis Remote Sensing,OK,yes,yes,none
https://ryzenstudy.com/papers/aktu-btech-sem-6-gis-remote-sensing-2022-23,BTech,6,2022-23,KOE-066,Gis Remote Sensing,OK,yes,yes,none
https://ryzenstudy.com/papers/aktu-btech-sem-6-gis-remote-sensing-2023-24,BTech,6,2023-24,KOE066,Gis Remote Sensing,OK,yes,yes,none
https://ryzenstudy.com/papers/aktu-btech-sem-6-gis-remote-sensing-2024-25,BTech,6,2024-25,BOE066,Gis Remote Sensing,OK,yes,yes,none
https://ryzenstudy.com/papers/aktu-btech-sem-6-idea-to-business-model-2021-22,BTech,6,2021-22,KOE060,Idea To Business Model,OK,yes,yes,none
https://ryzenstudy.com/papers/aktu-btech-sem-6-idea-to-business-model-2023-24,BTech,6,2023-24,KOE060,Idea To Business Model,OK,yes,yes,none
https://ryzenstudy.com/papers/aktu-btech-sem-6-idea-to-business-model-2024-25,BTech,6,2024-25,BOE060,Idea To Business Model,OK,yes,yes,none
https://ryzenstudy.com/papers/aktu-btech-sem-6-image-analytics-2022-23,BTech,6,2022-23,KDS-061,Image Analytics,OK,yes,yes,none
https://ryzenstudy.com/papers/aktu-btech-sem-6-image-analytics-2024-25,BTech,6,2024-25,BCDS061,Image Analytics,OK,yes,yes,none
https://ryzenstudy.com/papers/aktu-btech-sem-6-image-processing-2021-22,BTech,6,2021-22,KCS062,Image Processing,OK,yes,yes,none
https://ryzenstudy.com/papers/aktu-btech-sem-6-image-processing-2022-23,BTech,6,2022-23,KCS-062,Image Processing,OK,yes,yes,none
https://ryzenstudy.com/papers/aktu-btech-sem-6-indian-tradition-culture-and-society-2023-24,BTech,6,2023-24,KNC602,Indian Tradition Culture And Society,OK,yes,yes,none
https://ryzenstudy.com/papers/aktu-btech-sem-6-indian-tradition-culture-society-2021-22,BTech,6,2021-22,KNC602,Indian Tradition Culture Society,OK,yes,yes,none
https://ryzenstudy.com/papers/aktu-btech-sem-6-indian-traditions-culture-and-society-2022-23,BTech,6,2022-23,KNC-602,Indian Traditions Culture And Society,OK,yes,yes,none
https://ryzenstudy.com/papers/aktu-btech-sem-6-industrial-robotics-2024-25,BTech,6,2024-25,BME061,Industrial Robotics,OK,yes,yes,none
https://ryzenstudy.com/papers/aktu-btech-sem-6-introduction-to-mems-2021-22,BTech,6,2021-22,KOE063,Introduction To Mems,OK,yes,yes,none
https://ryzenstudy.com/papers/aktu-btech-sem-6-introduction-to-mems-2022-23,BTech,6,2022-23,KOE-063,Introduction To Mems,OK,yes,yes,none
https://ryzenstudy.com/papers/aktu-btech-sem-6-introduction-to-mems-2023-24,BTech,6,2023-24,KOE063,Introduction To Mems,OK,yes,yes,none
https://ryzenstudy.com/papers/aktu-btech-sem-6-introduction-to-mems-2024-25,BTech,6,2024-25,BOE063,Introduction To Mems,OK,yes,yes,none
https://ryzenstudy.com/papers/aktu-btech-sem-6-iot-architecture-and-protocols-2022-23,BTech,6,2022-23,KOT-601,Iot Architecture And Protocols,OK,yes,yes,none
https://ryzenstudy.com/papers/aktu-btech-sem-6-iot-architecture-and-protocols-2023-24,BTech,6,2023-24,KOT601,Iot Architecture And Protocols,OK,yes,yes,none
https://ryzenstudy.com/papers/aktu-btech-sem-6-kcs-601-software-engineering-2022-23,BTech,6,2022-23,KCS-601,Software Engineering,OK,yes,yes,none
https://ryzenstudy.com/papers/aktu-btech-sem-6-kcs063-real-time-systems-2021-22,BTech,6,2021-22,KCS063,Real Time Systems,OK,yes,yes,none
https://ryzenstudy.com/papers/aktu-btech-sem-6-kecz602-control-system-2021-22,BTech,6,2021-22,KECZ602,Control System,OK,yes,yes,none
https://ryzenstudy.com/papers/aktu-btech-sem-6-machine-design-2021-22,BTech,6,2021-22,KME602,Machine Design,OK,yes,yes,none
https://ryzenstudy.com/papers/aktu-btech-sem-6-machine-design-2022-23,BTech,6,2022-23,KME-602,Machine Design,OK,yes,yes,none
https://ryzenstudy.com/papers/aktu-btech-sem-6-machine-learning-techniques-2022-23,BTech,6,2022-23,KAI-601,Machine Learning Techniques,OK,yes,yes,none
https://ryzenstudy.com/papers/aktu-btech-sem-6-machine-learning-techniques-2023-24,BTech,6,2023-24,KAI601,Machine Learning Techniques,OK,yes,yes,none
https://ryzenstudy.com/papers/aktu-btech-sem-6-machine-learning-techniques-2024-25,BTech,6,2024-25,BCDS062,Machine Learning Techniques,OK,yes,yes,none
https://ryzenstudy.com/papers/aktu-btech-sem-6-microcontroller-embedded-system-design-2021-22,BTech,6,2021-22,KEC061,Microcontroller Embedded System Design,OK,yes,yes,none
https://ryzenstudy.com/papers/aktu-btech-sem-6-microcontroller-for-embedded-system-design-2021-22,BTech,6,2021-22,KECZ062,Microcontroller For Embedded System Design,OK,yes,yes,none
https://ryzenstudy.com/papers/aktu-btech-sem-6-microcontrollers-embedded-system-2022-23,BTech,6,2022-23,KEC-061,Microcontrollers Embedded System,OK,yes,yes,none
https://ryzenstudy.com/papers/aktu-btech-sem-6-microprocessor-2024-25,BTech,6,2024-25,BEE602,Microprocessor,OK,yes,yes,none
https://ryzenstudy.com/papers/aktu-btech-sem-6-microprocessor-and-microcontroller-2023-24,BTech,6,2023-24,KEE602,Microprocessor And Microcontroller,OK,yes,yes,none
https://ryzenstudy.com/papers/aktu-btech-sem-6-microwave-engineering-2024-25,BTech,6,2024-25,BEC064,Microwave Engineering,OK,yes,yes,none
https://ryzenstudy.com/papers/aktu-btech-sem-6-non-destructive-testing-2021-22,BTech,6,2021-22,KME061,Non Destructive Testing,OK,yes,yes,none
https://ryzenstudy.com/papers/aktu-btech-sem-6-nondestructive-testing-2023-24,BTech,6,2023-24,KME061,Nondestructive Testing,OK,yes,yes,none
https://ryzenstudy.com/papers/aktu-btech-sem-6-object-oriented-programming-2021-22,BTech,6,2021-22,KOE064,Object Oriented Programming,OK,yes,yes,none
https://ryzenstudy.com/papers/aktu-btech-sem-6-object-oriented-programming-2022-23,BTech,6,2022-23,KOE-064,Object Oriented Programming,OK,yes,yes,none
https://ryzenstudy.com/papers/aktu-btech-sem-6-object-oriented-programming-2023-24,BTech,6,2023-24,KOE064,Object Oriented Programming,OK,yes,yes,none
https://ryzenstudy.com/papers/aktu-btech-sem-6-object-oriented-programming-2024-25,BTech,6,2024-25,BOE064,Object Oriented Programming,OK,yes,yes,none
https://ryzenstudy.com/papers/aktu-btech-sem-6-power-electronics-2022-23,BTech,6,2022-23,KEE-603,Power Electronics,OK,yes,yes,none
https://ryzenstudy.com/papers/aktu-btech-sem-6-power-electronics-2024-25,BTech,6,2024-25,BEE603,Power Electronics,OK,yes,yes,none
https://ryzenstudy.com/papers/aktu-btech-sem-6-power-system-ii-2022-23,BTech,6,2022-23,KEE-601,Power System Ii,OK,yes,yes,none
https://ryzenstudy.com/papers/aktu-btech-sem-6-power-system-ii-2023-24,BTech,6,2023-24,KEE601,Power System Ii,OK,yes,yes,none
https://ryzenstudy.com/papers/aktu-btech-sem-6-power-system-ii-2024-25,BTech,6,2024-25,BEE601,Power System Ii,OK,yes,yes,none
https://ryzenstudy.com/papers/aktu-btech-sem-6-quality-control-reliability-2024-25,BTech,6,2024-25,BOE061,Quality Control Reliability,OK,yes,yes,none
https://ryzenstudy.com/papers/aktu-btech-sem-6-real-time-system-2022-23,BTech,6,2022-23,KCS-063,Real Time System,OK,yes,yes,none
https://ryzenstudy.com/papers/aktu-btech-sem-6-real-time-systems-2021-22,BTech,6,2021-22,KOE061,Real Time Systems,OK,yes,yes,none
https://ryzenstudy.com/papers/aktu-btech-sem-6-real-time-systems-2022-23,BTech,6,2022-23,KOE-061,Real Time Systems,OK,yes,yes,none
https://ryzenstudy.com/papers/aktu-btech-sem-6-real-time-systems-2023-24,BTech,6,2023-24,KOE061,Real Time Systems,OK,yes,yes,none
https://ryzenstudy.com/papers/aktu-btech-sem-6-refrigeration-and-air-conditioning-2021-22,BTech,6,2021-22,KME601,Refrigeration And Air Conditioning,OK,yes,yes,none
https://ryzenstudy.com/papers/aktu-btech-sem-6-refrigeration-and-air-conditioning-2022-23,BTech,6,2022-23,KME-601,Refrigeration And Air Conditioning,OK,yes,yes,none
https://ryzenstudy.com/papers/aktu-btech-sem-6-refrigeration-and-air-conditioning-2023-24,BTech,6,2023-24,KME601,Refrigeration And Air Conditioning,OK,yes,yes,none
https://ryzenstudy.com/papers/aktu-btech-sem-6-refrigeration-and-air-conditioning-2024-25,BTech,6,2024-25,BME601,Refrigeration And Air Conditioning,OK,yes,yes,none
https://ryzenstudy.com/papers/aktu-btech-sem-6-repair-and-rehabilation-of-structure-2022-23,BTech,6,2022-23,KCE-063,Repair And Rehabilation Of Structure,OK,yes,yes,none
https://ryzenstudy.com/papers/aktu-btech-sem-6-repair-and-rehabilitation-of-structures-2021-22,BTech,6,2021-22,KCE063,Repair And Rehabilitation Of Structures,OK,yes,yes,none
https://ryzenstudy.com/papers/aktu-btech-sem-6-repair-and-rehabilitation-of-structures-2023-24,BTech,6,2023-24,KCE063,Repair And Rehabilitation Of Structures,OK,yes,yes,none
https://ryzenstudy.com/papers/aktu-btech-sem-6-repair-and-rehabilitation-of-structures-2024-25,BTech,6,2024-25,BCE063,Repair And Rehabilitation Of Structures,OK,yes,yes,none
https://ryzenstudy.com/papers/aktu-btech-sem-6-river-engineering-1-2024-25,BTech,6,2024-25,BCE062,River Engineering 1,OK,yes,yes,none
https://ryzenstudy.com/papers/aktu-btech-sem-6-river-engineering-2021-22,BTech,6,2021-22,KCE062,River Engineering,OK,yes,yes,none
https://ryzenstudy.com/papers/aktu-btech-sem-6-river-engineering-2022-23,BTech,6,2022-23,KCE-062,River Engineering,OK,yes,yes,none
https://ryzenstudy.com/papers/aktu-btech-sem-6-river-engineering-2023-24,BTech,6,2023-24,KCE062,River Engineering,OK,yes,yes,none
https://ryzenstudy.com/papers/aktu-btech-sem-6-river-engineering-2024-25,BTech,6,2024-25,BCE062,River Engineering,OK,yes,yes,none
https://ryzenstudy.com/papers/aktu-btech-sem-6-satellite-communication-2021-22,BTech,6,2021-22,KEC062,Satellite Communication,OK,yes,yes,none
https://ryzenstudy.com/papers/aktu-btech-sem-6-satellite-communication-2022-23,BTech,6,2022-23,KEC-062,Satellite Communication,OK,yes,yes,none
https://ryzenstudy.com/papers/aktu-btech-sem-6-satellite-communication-2024-25,BTech,6,2024-25,BEC061,Satellite Communication,OK,yes,yes,none
https://ryzenstudy.com/papers/aktu-btech-sem-6-social-media-analytics-and-data-analysis-2024-25,BTech,6,2024-25,BCAM061,Social Media Analytics And Data Analysis,OK,yes,yes,none
https://ryzenstudy.com/papers/aktu-btech-sem-6-software-engineering-2021-22,BTech,6,2021-22,KCS601,Software Engineering,OK,yes,yes,none
https://ryzenstudy.com/papers/aktu-btech-sem-6-software-engineering-2022-23,BTech,6,2022-23,KDS-063,Software Engineering,OK,yes,yes,none
https://ryzenstudy.com/papers/aktu-btech-sem-6-software-engineering-2023-24,BTech,6,2023-24,KCS601,Software Engineering,OK,yes,yes,none
https://ryzenstudy.com/papers/aktu-btech-sem-6-software-engineering-2024-25,BTech,6,2024-25,BCS601,Software Engineering,OK,yes,yes,none
https://ryzenstudy.com/papers/aktu-btech-sem-6-software-project-management-2021-22,BTech,6,2021-22,KOE068,Software Project Management,OK,yes,yes,none
https://ryzenstudy.com/papers/aktu-btech-sem-6-software-project-management-2022-23,BTech,6,2022-23,KOE-068,Software Project Management,OK,yes,yes,none
https://ryzenstudy.com/papers/aktu-btech-sem-6-software-project-management-2023-24,BTech,6,2023-24,KOE068,Software Project Management,OK,yes,yes,none
https://ryzenstudy.com/papers/aktu-btech-sem-6-software-project-management-2024-25,BTech,6,2024-25,BOE068,Software Project Management,OK,yes,yes,none
https://ryzenstudy.com/papers/aktu-btech-sem-6-special-electrical-machines-2022-23,BTech,6,2022-23,KEE-061,Special Electrical Machines,OK,yes,yes,none
https://ryzenstudy.com/papers/aktu-btech-sem-6-special-electrical-machines-2024-25,BTech,6,2024-25,BEE061,Special Electrical Machines,OK,yes,yes,none
https://ryzenstudy.com/papers/aktu-btech-sem-6-theory-of-machine-2021-22,BTech,6,2021-22,KME603,Theory Of Machine,OK,yes,yes,none
https://ryzenstudy.com/papers/aktu-btech-sem-6-theory-of-machine-2022-23,BTech,6,2022-23,KME-603,Theory Of Machine,OK,yes,yes,none
https://ryzenstudy.com/papers/aktu-btech-sem-6-theory-of-machine-2023-24,BTech,6,2023-24,KME603,Theory Of Machine,OK,yes,yes,none
https://ryzenstudy.com/papers/aktu-btech-sem-6-theory-of-machine-2024-25,BTech,6,2024-25,BME603,Theory Of Machine,OK,yes,yes,none
https://ryzenstudy.com/papers/aktu-btech-sem-6-tool-design-2021-22,BTech,6,2021-22,KME604,Tool Design,OK,yes,yes,none
https://ryzenstudy.com/papers/aktu-btech-sem-6-tool-design-2022-23,BTech,6,2022-23,KME-604,Tool Design,OK,yes,yes,none
https://ryzenstudy.com/papers/aktu-btech-sem-6-tool-design-2023-24,BTech,6,2023-24,KME604,Tool Design,OK,yes,yes,none
https://ryzenstudy.com/papers/aktu-btech-sem-6-transporation-engineering-2022-23,BTech,6,2022-23,KCE-602,Transporation Engineering,OK,yes,yes,none
https://ryzenstudy.com/papers/aktu-btech-sem-6-transportation-engineering-2021-22,BTech,6,2021-22,KCE602,Transportation Engineering,OK,yes,yes,none
https://ryzenstudy.com/papers/aktu-btech-sem-6-transportation-engineering-2023-24,BTech,6,2023-24,KCE602,Transportation Engineering,OK,yes,yes,none
https://ryzenstudy.com/papers/aktu-btech-sem-6-transportation-engineering-2024-25,BTech,6,2024-25,BCE602,Transportation Engineering,OK,yes,yes,none
https://ryzenstudy.com/papers/aktu-btech-sem-6-tribology-2021-22,BTech,6,2021-22,KME063,Tribology,OK,yes,yes,none
https://ryzenstudy.com/papers/aktu-btech-sem-6-tribology-2023-24,BTech,6,2023-24,KME063,Tribology,OK,yes,yes,none
https://ryzenstudy.com/papers/aktu-btech-sem-6-tribology-2024-25,BTech,6,2024-25,BME063,Tribology,OK,yes,yes,none
https://ryzenstudy.com/papers/aktu-btech-sem-6-understanding-the-human-being-comprehensively-human-aspirations-2021-22,BTech,6,2021-22,KOE069,Understanding The Human Being Comprehensively Human Aspirations,OK,yes,yes,none
https://ryzenstudy.com/papers/aktu-btech-sem-6-understanding-the-human-being-comprehensively-human-aspirations-and-its-fulfillment-2023-24,BTech,6,2023-24,KOE069,Understanding The Human Being Comprehensively Human Aspirations And Its Fulfillment,OK,yes,yes,none
https://ryzenstudy.com/papers/aktu-btech-sem-6-understanding-the-human-being-comprehensively-human-aspirations-its-fulfillment-2022-23,BTech,6,2022-23,KOE-069,Understanding The Human Being Comprehensively Human Aspirations Its Fulfillment,OK,yes,yes,none
https://ryzenstudy.com/papers/aktu-btech-sem-6-understanding-the-human-being-comprehensivelyhuman-aspirations-and-its-fulfillment-2024-25,BTech,6,2024-25,BOE069,Understanding The Human Being Comprehensivelyhuman Aspirations And Its Fulfillment,OK,yes,yes,none
https://ryzenstudy.com/papers/aktu-btech-sem-6-vehicle-transport-management-2021-22,BTech,6,2021-22,KAU062,Vehicle Transport Management,OK,yes,yes,none
https://ryzenstudy.com/papers/aktu-btech-sem-6-web-technology-2021-22,BTech,6,2021-22,KCS602,Web Technology,OK,yes,yes,none
https://ryzenstudy.com/papers/aktu-btech-sem-6-web-technology-2022-23,BTech,6,2022-23,KCS-602,Web Technology,OK,yes,yes,none
https://ryzenstudy.com/papers/aktu-btech-sem-7-additive-manufacturing-2022-23,BTech,7,2022-23,KME071,Additive Manufacturing,OK,yes,yes,none
https://ryzenstudy.com/papers/aktu-btech-sem-7-additive-manufacturing-2024-25,BTech,7,2024-25,KME071,Additive Manufacturing,OK,yes,yes,none
https://ryzenstudy.com/papers/aktu-btech-sem-7-advanced-concrete-design-2021-22,BTech,7,2021-22,KCE-073,Advanced Concrete Design,OK,yes,yes,none
https://ryzenstudy.com/papers/aktu-btech-sem-7-advanced-concrete-design-2022-23,BTech,7,2022-23,KCE073,Advanced Concrete Design,OK,yes,yes,none
https://ryzenstudy.com/papers/aktu-btech-sem-7-advanced-micro-processors-micro-controllers-2022-23,BTech,7,2022-23,KEE070,Advanced Micro Processors Micro Controllers,OK,yes,yes,none
https://ryzenstudy.com/papers/aktu-btech-sem-7-advanced-micro-processors-micro-controllers-2024-25,BTech,7,2024-25,KEE070,Advanced Micro Processors Micro Controllers,OK,yes,yes,none
https://ryzenstudy.com/papers/aktu-btech-sem-7-architecting-smart-iot-devices-2023-24,BTech,7,2023-24,KOT078,Architecting Smart Iot Devices,OK,yes,yes,none
https://ryzenstudy.com/papers/aktu-btech-sem-7-artificial-intelligence-2022-23,BTech,7,2022-23,KCS071,Artificial Intelligence,OK,yes,yes,none
https://ryzenstudy.com/papers/aktu-btech-sem-7-artificial-intelligence-2023-24,BTech,7,2023-24,KCS071,Artificial Intelligence,OK,yes,yes,none
https://ryzenstudy.com/papers/aktu-btech-sem-7-artificial-intelligence-2024-25,BTech,7,2024-25,KDS071,Artificial Intelligence,OK,yes,yes,none
https://ryzenstudy.com/papers/aktu-btech-sem-7-artificial-intelligence-2025-26,BTech,7,2025-26,BCS701,Artificial Intelligence,OK,yes,yes,none
https://ryzenstudy.com/papers/aktu-btech-sem-7-bcit701-cryptography-and-network-security-2025-26,BTech,7,2025-26,BCIT701,Cryptography And Network Security,OK,yes,yes,none
https://ryzenstudy.com/papers/aktu-btech-sem-7-bioeconomics-2022-23,BTech,7,2022-23,KOE072,Bioeconomics,OK,yes,yes,none
https://ryzenstudy.com/papers/aktu-btech-sem-7-bioeconomics-2023-24,BTech,7,2023-24,KOE072,Bioeconomics,OK,yes,yes,none
https://ryzenstudy.com/papers/aktu-btech-sem-7-bioeconomics-2024-25,BTech,7,2024-25,KOE072,Bioeconomics,OK,yes,yes,none
https://ryzenstudy.com/papers/aktu-btech-sem-7-blockchain-architecture-design-2022-23,BTech,7,2022-23,KCS714,Blockchain Architecture Design,OK,yes,yes,none
https://ryzenstudy.com/papers/aktu-btech-sem-7-blockchain-architecture-design-2023-24,BTech,7,2023-24,KCS714,Blockchain Architecture Design,OK,yes,yes,none
https://ryzenstudy.com/papers/aktu-btech-sem-7-blockchain-architecture-design-2024-25,BTech,7,2024-25,KCS714,Blockchain Architecture Design,OK,yes,yes,none
https://ryzenstudy.com/papers/aktu-btech-sem-7-cloud-computing-2021-22,BTech,7,2021-22,KCS-713,Cloud Computing,OK,yes,yes,none
https://ryzenstudy.com/papers/aktu-btech-sem-7-cloud-computing-2022-23,BTech,7,2022-23,KCS713,Cloud Computing,OK,yes,yes,none
https://ryzenstudy.com/papers/aktu-btech-sem-7-cloud-computing-2023-24,BTech,7,2023-24,KCS713,Cloud Computing,OK,yes,yes,none
https://ryzenstudy.com/papers/aktu-btech-sem-7-cloud-computing-2024-25,BTech,7,2024-25,KCS713,Cloud Computing,OK,yes,yes,none
https://ryzenstudy.com/papers/aktu-btech-sem-7-cloud-computing-2025-26,BTech,7,2025-26,BCS071,Cloud Computing,OK,yes,yes,none
https://ryzenstudy.com/papers/aktu-btech-sem-7-computer-graphics-and-product-modeling-2023-24,BTech,7,2023-24,KME075,Computer Graphics And Product Modeling,OK,yes,yes,none
https://ryzenstudy.com/papers/aktu-btech-sem-7-cryptography-and-network-security-2023-24,BTech,7,2023-24,KCS074,Cryptography And Network Security,OK,yes,yes,none
https://ryzenstudy.com/papers/aktu-btech-sem-7-cryptography-and-network-security-2024-25,BTech,7,2024-25,KCS074,Cryptography And Network Security,OK,yes,yes,none
https://ryzenstudy.com/papers/aktu-btech-sem-7-cryptography-and-network-security-2025-26,BTech,7,2025-26,BCS072,Cryptography And Network Security,OK,yes,yes,none
https://ryzenstudy.com/papers/aktu-btech-sem-7-cryptography-network-security-2022-23,BTech,7,2022-23,KCS074,Cryptography Network Security,OK,yes,yes,none
https://ryzenstudy.com/papers/aktu-btech-sem-7-cryptograpy-network-security-2021-22,BTech,7,2021-22,KCS-074,Cryptograpy Network Security,OK,yes,yes,none
https://ryzenstudy.com/papers/aktu-btech-sem-7-data-analytics-fot-iot-2023-24,BTech,7,2023-24,KOT077,Data Analytics Fot Iot,OK,yes,yes,none
https://ryzenstudy.com/papers/aktu-btech-sem-7-data-warehousing-and-data-mining-2023-24,BTech,7,2023-24,KAI075,Data Warehousing And Data Mining,OK,yes,yes,none
https://ryzenstudy.com/papers/aktu-btech-sem-7-deep-learning-2022-23,BTech,7,2022-23,KCS078,Deep Learning,OK,yes,yes,none
https://ryzenstudy.com/papers/aktu-btech-sem-7-deep-learning-2024-25,BTech,7,2024-25,KCS078,Deep Learning,OK,yes,yes,none
https://ryzenstudy.com/papers/aktu-btech-sem-7-deep-learning-2025-26,BTech,7,2025-26,BAI701,Deep Learning,OK,yes,yes,none
https://ryzenstudy.com/papers/aktu-btech-sem-7-deregulated-power-system-2024-25,BTech,7,2024-25,KEE078,Deregulated Power System,OK,yes,yes,none
https://ryzenstudy.com/papers/aktu-btech-sem-7-design-development-of-applications-2022-23,BTech,7,2022-23,KCS075,Design Development Of Applications,OK,yes,yes,none
https://ryzenstudy.com/papers/aktu-btech-sem-7-design-development-of-applications-2024-25,BTech,7,2024-25,KCS075,Design Development Of Applications,OK,yes,yes,none
https://ryzenstudy.com/papers/aktu-btech-sem-7-design-of-steel-structures-2022-23,BTech,7,2022-23,KCE075,Design Of Steel Structures,OK,yes,yes,none
https://ryzenstudy.com/papers/aktu-btech-sem-7-design-thinking-2022-23,BTech,7,2022-23,KOE077,Design Thinking,OK,yes,yes,none
https://ryzenstudy.com/papers/aktu-btech-sem-7-design-thinking-2023-24,BTech,7,2023-24,KOE077,Design Thinking,OK,yes,yes,none
https://ryzenstudy.com/papers/aktu-btech-sem-7-design-thinking-2024-25,BTech,7,2024-25,KOE077,Design Thinking,OK,yes,yes,none
https://ryzenstudy.com/papers/aktu-btech-sem-7-design-thinking-2025-26,BTech,7,2025-26,BOE077,Design Thinking,OK,yes,yes,none
https://ryzenstudy.com/papers/aktu-btech-sem-7-digital-image-processing-2022-23,BTech,7,2022-23,KEC071,Digital Image Processing,OK,yes,yes,none
https://ryzenstudy.com/papers/aktu-btech-sem-7-digital-image-processing-2024-25,BTech,7,2024-25,KEC071,Digital Image Processing,OK,yes,yes,none
https://ryzenstudy.com/papers/aktu-btech-sem-7-disaster-preparedness-and-management-2022-23,BTech,7,2022-23,KCE079,Disaster Preparedness And Management,OK,yes,yes,none
https://ryzenstudy.com/papers/aktu-btech-sem-7-disaster-preparedness-and-management-2024-25,BTech,7,2024-25,KCE079,Disaster Preparedness And Management,OK,yes,yes,none
https://ryzenstudy.com/papers/aktu-btech-sem-7-distributed-computing-system-2023-24,BTech,7,2023-24,KAI079,Distributed Computing System,OK,yes,yes,none
https://ryzenstudy.com/papers/aktu-btech-sem-7-distributed-systems-2022-23,BTech,7,2022-23,KCS077,Distributed Systems,OK,yes,yes,none
https://ryzenstudy.com/papers/aktu-btech-sem-7-electric-drives-2022-23,BTech,7,2022-23,KEE075,Electric Drives,OK,yes,yes,none
https://ryzenstudy.com/papers/aktu-btech-sem-7-electric-drives-2024-25,BTech,7,2024-25,KEE075,Electric Drives,OK,yes,yes,none
https://ryzenstudy.com/papers/aktu-btech-sem-7-energy-conservation-and-auditing-2022-23,BTech,7,2022-23,KEE071,Energy Conservation And Auditing,OK,yes,yes,none
https://ryzenstudy.com/papers/aktu-btech-sem-7-energy-conservation-and-auditing-2024-25,BTech,7,2024-25,KEE071,Energy Conservation And Auditing,OK,yes,yes,none
https://ryzenstudy.com/papers/aktu-btech-sem-7-filter-design-2022-23,BTech,7,2022-23,KOE071,Filter Design,OK,yes,yes,none
https://ryzenstudy.com/papers/aktu-btech-sem-7-filter-design-2023-24,BTech,7,2023-24,KOE071,Filter Design,OK,yes,yes,none
https://ryzenstudy.com/papers/aktu-btech-sem-7-filter-design-2024-25,BTech,7,2024-25,KOE071,Filter Design,OK,yes,yes,none
https://ryzenstudy.com/papers/aktu-btech-sem-7-geosynthetics-and-reinforced-soil-structure-2022-23,BTech,7,2022-23,KCE077,Geosynthetics And Reinforced Soil Structure,OK,yes,yes,none
https://ryzenstudy.com/papers/aktu-btech-sem-7-high-performance-computing-2022-23,BTech,7,2022-23,KCS073,High Performance Computing,OK,yes,yes,none
https://ryzenstudy.com/papers/aktu-btech-sem-7-high-performance-computing-2023-24,BTech,7,2023-24,KCS073,High Performance Computing,OK,yes,yes,none
https://ryzenstudy.com/papers/aktu-btech-sem-7-high-performance-computing-2024-25,BTech,7,2024-25,KCS073,High Performance Computing,OK,yes,yes,none
https://ryzenstudy.com/papers/aktu-btech-sem-7-high-voltage-engineering-2022-23,BTech,7,2022-23,KEE073,High Voltage Engineering,OK,yes,yes,none
https://ryzenstudy.com/papers/aktu-btech-sem-7-high-voltage-engineering-2024-25,BTech,7,2024-25,KEE073,High Voltage Engineering,OK,yes,yes,none
https://ryzenstudy.com/papers/aktu-btech-sem-7-hvac-systems-2022-23,BTech,7,2022-23,KME072,Hvac Systems,OK,yes,yes,none
https://ryzenstudy.com/papers/aktu-btech-sem-7-hvac-systems-2024-25,BTech,7,2024-25,KME072,Hvac Systems,OK,yes,yes,none
https://ryzenstudy.com/papers/aktu-btech-sem-7-hvdc-ac-transmission-2022-23,BTech,7,2022-23,KEE072,Hvdc Ac Transmission,OK,yes,yes,none
https://ryzenstudy.com/papers/aktu-btech-sem-7-hvdc-ac-transmission-2024-25,BTech,7,2024-25,KEE072,Hvdc Ac Transmission,OK,yes,yes,none
https://ryzenstudy.com/papers/aktu-btech-sem-7-hybrid-vehicle-propulsion-2021-22,BTech,7,2021-22,KAU-072,Hybrid Vehicle Propulsion,NOT_A_PDF,n/a,n/a,browser-check-likely-source-gap
https://ryzenstudy.com/papers/aktu-btech-sem-7-information-theory-coding-2022-23,BTech,7,2022-23,KEC075,Information Theory Coding,OK,yes,yes,none
https://ryzenstudy.com/papers/aktu-btech-sem-7-information-theory-coding-2024-25,BTech,7,2024-25,KEC075,Information Theory Coding,OK,yes,yes,none
https://ryzenstudy.com/papers/aktu-btech-sem-7-internet-of-things-2022-23,BTech,7,2022-23,KCS712,Internet Of Things,OK,yes,yes,none
https://ryzenstudy.com/papers/aktu-btech-sem-7-internet-of-things-2023-24,BTech,7,2023-24,KCS712,Internet Of Things,OK,yes,yes,none
https://ryzenstudy.com/papers/aktu-btech-sem-7-internet-of-things-2024-25,BTech,7,2024-25,KCS712,Internet Of Things,OK,yes,yes,none
https://ryzenstudy.com/papers/aktu-btech-sem-7-internet-of-things-2025-26,BTech,7,2025-26,BCS070,Internet Of Things,OK,yes,yes,none
https://ryzenstudy.com/papers/aktu-btech-sem-7-introduction-to-womens-and-gender-studies-2022-23,BTech,7,2022-23,KOE079,Introduction To Womens And Gender Studies,OK,yes,yes,none
https://ryzenstudy.com/papers/aktu-btech-sem-7-introduction-to-womens-gender-studies-2023-24,BTech,7,2023-24,KOE079,Introduction To Womens Gender Studies,OK,yes,yes,none
https://ryzenstudy.com/papers/aktu-btech-sem-7-introduction-to-womens-gender-studies-2024-25,BTech,7,2024-25,KOE079,Introduction To Womens Gender Studies,OK,yes,yes,none
https://ryzenstudy.com/papers/aktu-btech-sem-7-iot-security-2023-24,BTech,7,2023-24,KOT071,Iot Security,OK,yes,yes,none
https://ryzenstudy.com/papers/aktu-btech-sem-7-iot-security-2024-25,BTech,7,2024-25,KOT071,Iot Security,OK,yes,yes,none
https://ryzenstudy.com/papers/aktu-btech-sem-7-iot-system-architecture-2023-24,BTech,7,2023-24,KOT710,Iot System Architecture,OK,yes,yes,none
https://ryzenstudy.com/papers/aktu-btech-sem-7-iot-system-architecture-2024-25,BTech,7,2024-25,KOT710,Iot System Architecture,OK,yes,yes,none
https://ryzenstudy.com/papers/aktu-btech-sem-7-irrigation-and-water-resource-engineering-2021-22,BTech,7,2021-22,KCE-078,Irrigation And Water Resource Engineering,OK,yes,yes,none
https://ryzenstudy.com/papers/aktu-btech-sem-7-irrigation-and-water-resource-engineering-2022-23,BTech,7,2022-23,KCE078,Irrigation And Water Resource Engineering,OK,yes,yes,none
https://ryzenstudy.com/papers/aktu-btech-sem-7-kcs071-artificial-intelligence-2024-25,BTech,7,2024-25,KCS071,Artificial Intelligence,OK,yes,yes,none
https://ryzenstudy.com/papers/aktu-btech-sem-7-kcs079-service-oriented-architecture-2023-24,BTech,7,2023-24,KCS079,Service Oriented Architecture,OK,yes,yes,none
https://ryzenstudy.com/papers/aktu-btech-sem-7-kcs079-service-oriented-architecture-2024-25,BTech,7,2024-25,KCS079,Service Oriented Architecture,OK,yes,yes,none
https://ryzenstudy.com/papers/aktu-btech-sem-7-kds078-deep-learning-2024-25,BTech,7,2024-25,KDS078,Deep Learning,OK,yes,yes,none
https://ryzenstudy.com/papers/aktu-btech-sem-7-kme074-machine-learning-2023-24,BTech,7,2023-24,KME074,Machine Learning,OK,yes,yes,none
https://ryzenstudy.com/papers/aktu-btech-sem-7-kme074-machine-learning-2024-25,BTech,7,2024-25,KME074,Machine Learning,OK,yes,yes,none
https://ryzenstudy.com/papers/aktu-btech-sem-7-koe073-machine-learning-2022-23,BTech,7,2022-23,KOE073,Machine Learning,OK,yes,yes,none
https://ryzenstudy.com/papers/aktu-btech-sem-7-kot076-deep-learning-2024-25,BTech,7,2024-25,KOT076,Deep Learning,OK,yes,yes,none
https://ryzenstudy.com/papers/aktu-btech-sem-7-machine-learning-2022-23,BTech,7,2022-23,KME074,Machine Learning,OK,yes,yes,none
https://ryzenstudy.com/papers/aktu-btech-sem-7-machine-learning-2023-24,BTech,7,2023-24,KOE073,Machine Learning,OK,yes,yes,none
https://ryzenstudy.com/papers/aktu-btech-sem-7-machine-learning-2024-25,BTech,7,2024-25,KOE073,Machine Learning,OK,yes,yes,none
https://ryzenstudy.com/papers/aktu-btech-sem-7-maintenance-engineering-management-2024-25,BTech,7,2024-25,KME075,Maintenance Engineering Management,OK,yes,yes,none
https://ryzenstudy.com/papers/aktu-btech-sem-7-mathematical-modeling-of-manufacturing-processes-2022-23,BTech,7,2022-23,KME073,Mathematical Modeling Of Manufacturing Processes,OK,yes,yes,none
https://ryzenstudy.com/papers/aktu-btech-sem-7-mathematical-modeling-of-manufacturing-processes-2023-24,BTech,7,2023-24,KME073,Mathematical Modeling Of Manufacturing Processes,OK,yes,yes,none
https://ryzenstudy.com/papers/aktu-btech-sem-7-mathematical-modeling-of-manufacturing-processes-2024-25,BTech,7,2024-25,KME073,Mathematical Modeling Of Manufacturing Processes,OK,yes,yes,none
https://ryzenstudy.com/papers/aktu-btech-sem-7-micro-smart-systems-2022-23,BTech,7,2022-23,KEC077,Micro Smart Systems,OK,yes,yes,none
https://ryzenstudy.com/papers/aktu-btech-sem-7-micro-smart-systems-2024-25,BTech,7,2024-25,KEC077,Micro Smart Systems,OK,yes,yes,none
https://ryzenstudy.com/papers/aktu-btech-sem-7-microwave-radar-engineering-2022-23,BTech,7,2022-23,KEC074,Microwave Radar Engineering,OK,yes,yes,none
https://ryzenstudy.com/papers/aktu-btech-sem-7-microwave-radar-engineering-2024-25,BTech,7,2024-25,KEC074,Microwave Radar Engineering,OK,yes,yes,none
https://ryzenstudy.com/papers/aktu-btech-sem-7-mobile-application-development-for-iot-2023-24,BTech,7,2023-24,KOT712,Mobile Application Development For Iot,OK,yes,yes,none
https://ryzenstudy.com/papers/aktu-btech-sem-7-mobile-application-development-for-iot-2024-25,BTech,7,2024-25,KOT712,Mobile Application Development For Iot,OK,yes,yes,none
https://ryzenstudy.com/papers/aktu-btech-sem-7-mobile-computing-2022-23,BTech,7,2022-23,KCS711,Mobile Computing,OK,yes,yes,none
https://ryzenstudy.com/papers/aktu-btech-sem-7-mobile-computing-2023-24,BTech,7,2023-24,KCS711,Mobile Computing,OK,yes,yes,none
https://ryzenstudy.com/papers/aktu-btech-sem-7-mobile-computing-2024-25,BTech,7,2024-25,KCS711,Mobile Computing,OK,yes,yes,none
https://ryzenstudy.com/papers/aktu-btech-sem-7-natural-language-processing-2022-23,BTech,7,2022-23,KCS072,Natural Language Processing,OK,yes,yes,none
https://ryzenstudy.com/papers/aktu-btech-sem-7-natural-language-processing-2023-24,BTech,7,2023-24,KCS072,Natural Language Processing,OK,yes,yes,none
https://ryzenstudy.com/papers/aktu-btech-sem-7-natural-language-processing-2024-25,BTech,7,2024-25,KCS072,Natural Language Processing,OK,yes,yes,none
https://ryzenstudy.com/papers/aktu-btech-sem-7-opearting-system-for-iot-2023-24,BTech,7,2023-24,KOT711,Opearting System For Iot,OK,yes,yes,none
https://ryzenstudy.com/papers/aktu-btech-sem-7-operations-research-2021-22,BTech,7,2021-22,KOE-075,Operations Research,OK,yes,yes,none
https://ryzenstudy.com/papers/aktu-btech-sem-7-operations-research-2022-23,BTech,7,2022-23,KOE075,Operations Research,OK,yes,yes,none
https://ryzenstudy.com/papers/aktu-btech-sem-7-operations-research-2023-24,BTech,7,2023-24,KOE075,Operations Research,OK,yes,yes,none
https://ryzenstudy.com/papers/aktu-btech-sem-7-operations-research-2024-25,BTech,7,2024-25,KOE075,Operations Research,OK,yes,yes,none
https://ryzenstudy.com/papers/aktu-btech-sem-7-optical-network-2022-23,BTech,7,2022-23,KEC073,Optical Network,OK,yes,yes,none
https://ryzenstudy.com/papers/aktu-btech-sem-7-optical-network-2024-25,BTech,7,2024-25,KEC073,Optical Network,OK,yes,yes,none
https://ryzenstudy.com/papers/aktu-btech-sem-7-optimization-in-machine-learning-2023-24,BTech,7,2023-24,KAI071,Optimization In Machine Learning,OK,yes,yes,none
https://ryzenstudy.com/papers/aktu-btech-sem-7-power-plant-engineering-2021-22,BTech,7,2021-22,KME-076,Power Plant Engineering,OK,yes,yes,none
https://ryzenstudy.com/papers/aktu-btech-sem-7-power-plant-engineering-2022-23,BTech,7,2022-23,KME076,Power Plant Engineering,OK,yes,yes,none
https://ryzenstudy.com/papers/aktu-btech-sem-7-power-plant-engineering-2023-24,BTech,7,2023-24,KME076,Power Plant Engineering,OK,yes,yes,none
https://ryzenstudy.com/papers/aktu-btech-sem-7-power-plant-engineering-2024-25,BTech,7,2024-25,KME076,Power Plant Engineering,OK,yes,yes,none
https://ryzenstudy.com/papers/aktu-btech-sem-7-power-quality-and-facts-2022-23,BTech,7,2022-23,KEE074,Power Quality And Facts,OK,yes,yes,none
https://ryzenstudy.com/papers/aktu-btech-sem-7-power-quality-and-facts-2024-25,BTech,7,2024-25,KEE074,Power Quality And Facts,OK,yes,yes,none
https://ryzenstudy.com/papers/aktu-btech-sem-7-power-system-dynamics-and-control-2022-23,BTech,7,2022-23,KEE076,Power System Dynamics And Control,OK,yes,yes,none
https://ryzenstudy.com/papers/aktu-btech-sem-7-power-system-dynamics-and-control-2024-25,BTech,7,2024-25,KEE076,Power System Dynamics And Control,OK,yes,yes,none
https://ryzenstudy.com/papers/aktu-btech-sem-7-power-system-protection-2022-23,BTech,7,2022-23,KEE077,Power System Protection,OK,yes,yes,none
https://ryzenstudy.com/papers/aktu-btech-sem-7-power-system-protection-2024-25,BTech,7,2024-25,KEE077,Power System Protection,OK,yes,yes,none
https://ryzenstudy.com/papers/aktu-btech-sem-7-project-management-entrepreneurship-2022-23,BTech,7,2022-23,KHU702,Project Management Entrepreneurship,OK,yes,yes,none
https://ryzenstudy.com/papers/aktu-btech-sem-7-project-management-entrepreneurship-2023-24,BTech,7,2023-24,KHU702,Project Management Entrepreneurship,OK,yes,yes,none
https://ryzenstudy.com/papers/aktu-btech-sem-7-project-management-entrepreneurship-2024-25,BTech,7,2024-25,KHU702,Project Management Entrepreneurship,OK,yes,yes,none
https://ryzenstudy.com/papers/aktu-btech-sem-7-quantum-computing-2022-23,BTech,7,2022-23,KCS710,Quantum Computing,OK,yes,yes,none
https://ryzenstudy.com/papers/aktu-btech-sem-7-quantum-computing-2023-24,BTech,7,2023-24,KCS710,Quantum Computing,OK,yes,yes,none
https://ryzenstudy.com/papers/aktu-btech-sem-7-quantum-computing-2024-25,BTech,7,2024-25,KCS710,Quantum Computing,OK,yes,yes,none
https://ryzenstudy.com/papers/aktu-btech-sem-7-railway-waterway-snd-airway-engineering-2022-23,BTech,7,2022-23,KCE070,Railway Waterway Snd Airway Engineering,OK,yes,yes,none
https://ryzenstudy.com/papers/aktu-btech-sem-7-real-time-operating-systems-2023-24,BTech,7,2023-24,KOT075,Real Time Operating Systems,OK,yes,yes,none
https://ryzenstudy.com/papers/aktu-btech-sem-7-real-time-operating-systems-2024-25,BTech,7,2024-25,KOT075,Real Time Operating Systems,OK,yes,yes,none
https://ryzenstudy.com/papers/aktu-btech-sem-7-renewable-energy-resources-2021-22,BTech,7,2021-22,KOE-074,Renewable Energy Resources,OK,yes,yes,none
https://ryzenstudy.com/papers/aktu-btech-sem-7-renewable-energy-resources-2022-23,BTech,7,2022-23,KOE074,Renewable Energy Resources,OK,yes,yes,none
https://ryzenstudy.com/papers/aktu-btech-sem-7-renewable-energy-resources-2023-24,BTech,7,2023-24,KOE074,Renewable Energy Resources,OK,yes,yes,none
https://ryzenstudy.com/papers/aktu-btech-sem-7-renewable-energy-resources-2024-25,BTech,7,2024-25,KOE074,Renewable Energy Resources,OK,yes,yes,none
https://ryzenstudy.com/papers/aktu-btech-sem-7-renewable-energy-resources-2025-26,BTech,7,2025-26,BOE074,Renewable Energy Resources,OK,yes,yes,none
https://ryzenstudy.com/papers/aktu-btech-sem-7-rural-development-administration-and-planning-2021-22,BTech,7,2021-22,KHU-701,Rural Development Administration And Planning,OK,yes,yes,none
https://ryzenstudy.com/papers/aktu-btech-sem-7-rural-development-administration-planning-2022-23,BTech,7,2022-23,KHU701,Rural Development Administration Planning,OK,yes,yes,none
https://ryzenstudy.com/papers/aktu-btech-sem-7-rural-development-administration-planning-2023-24,BTech,7,2023-24,KHU701,Rural Development Administration Planning,OK,yes,yes,none
https://ryzenstudy.com/papers/aktu-btech-sem-7-rural-development-administration-planning-2024-25,BTech,7,2024-25,KHU701,Rural Development Administration Planning,OK,yes,yes,none
https://ryzenstudy.com/papers/aktu-btech-sem-7-service-oriented-architecture-2022-23,BTech,7,2022-23,KCS079,Service Oriented Architecture,OK,yes,yes,none
https://ryzenstudy.com/papers/aktu-btech-sem-7-service-oriented-architecture-2023-24,BTech,7,2023-24,KDS079,Service Oriented Architecture,OK,yes,yes,none
https://ryzenstudy.com/papers/aktu-btech-sem-7-service-oriented-architecture-2024-25,BTech,7,2024-25,KDS079,Service Oriented Architecture,OK,yes,yes,none
https://ryzenstudy.com/papers/aktu-btech-sem-7-soft-wareproject-management-2022-23,BTech,7,2022-23,KIT071,Soft Wareproject Management,OK,yes,yes,none
https://ryzenstudy.com/papers/aktu-btech-sem-7-software-engineering-2023-24,BTech,7,2023-24,KAI077,Software Engineering,OK,yes,yes,none
https://ryzenstudy.com/papers/aktu-btech-sem-7-software-project-management-2023-24,BTech,7,2023-24,KIT071,Software Project Management,OK,yes,yes,none
https://ryzenstudy.com/papers/aktu-btech-sem-7-software-project-management-2024-25,BTech,7,2024-25,KIT071,Software Project Management,OK,yes,yes,none
https://ryzenstudy.com/papers/aktu-btech-sem-7-software-testing-2022-23,BTech,7,2022-23,KCS076,Software Testing,OK,yes,yes,none
https://ryzenstudy.com/papers/aktu-btech-sem-7-soil-water-conservation-engineering-2022-23,BTech,7,2022-23,KOE078,Soil Water Conservation Engineering,OK,yes,yes,none
https://ryzenstudy.com/papers/aktu-btech-sem-7-soil-water-conservation-engineering-2023-24,BTech,7,2023-24,KOE078,Soil Water Conservation Engineering,OK,yes,yes,none
https://ryzenstudy.com/papers/aktu-btech-sem-7-soil-water-conservation-engineering-2024-25,BTech,7,2024-25,KOE078,Soil Water Conservation Engineering,OK,yes,yes,none
https://ryzenstudy.com/papers/aktu-btech-sem-7-soild-waste-management-2022-23,BTech,7,2022-23,KCE074,Soild Waste Management,OK,yes,yes,none
https://ryzenstudy.com/papers/aktu-btech-sem-7-speech-processing-2022-23,BTech,7,2022-23,KEC078,Speech Processing,OK,yes,yes,none
https://ryzenstudy.com/papers/aktu-btech-sem-7-speech-processing-2024-25,BTech,7,2024-25,KEC078,Speech Processing,OK,yes,yes,none
https://ryzenstudy.com/papers/aktu-btech-sem-7-subject-name-deregulated-power-system-2022-23,BTech,7,2022-23,KEE078,Subject Name Deregulated Power System,OK,yes,yes,none
https://ryzenstudy.com/papers/aktu-btech-sem-7-sustainable-construction-methods-2022-23,BTech,7,2022-23,KCE071,Sustainable Construction Methods,OK,yes,yes,none
https://ryzenstudy.com/papers/aktu-btech-sem-7-text-analysis-2024-25,BTech,7,2024-25,KDS073,Text Analysis,OK,yes,yes,none
https://ryzenstudy.com/papers/aktu-btech-sem-7-text-analytics-and-natural-langugae-processing-2023-24,BTech,7,2023-24,KAI073,Text Analytics And Natural Langugae Processing,OK,yes,yes,none
https://ryzenstudy.com/papers/aktu-btech-sem-7-time-series-analysis-and-forecasting-2023-24,BTech,7,2023-24,KAI076,Time Series Analysis And Forecasting,OK,yes,yes,none
https://ryzenstudy.com/papers/aktu-btech-sem-7-trouble-shooting-service-maintenance-repair-2023-24,BTech,7,2023-24,KAU074,Trouble Shooting Service Maintenance Repair,OK,yes,yes,none
https://ryzenstudy.com/papers/aktu-btech-sem-7-urban-transportation-planning-2022-23,BTech,7,2022-23,KCE076,Urban Transportation Planning,OK,yes,yes,none
https://ryzenstudy.com/papers/aktu-btech-sem-7-utilization-of-electrical-energy-electric-traction-2022-23,BTech,7,2022-23,KEE079,Utilization Of Electrical Energy Electric Traction,OK,yes,yes,none
https://ryzenstudy.com/papers/aktu-btech-sem-7-utilization-of-electrical-energy-electric-traction-2024-25,BTech,7,2024-25,KEE079,Utilization Of Electrical Energy Electric Traction,OK,yes,yes,none
https://ryzenstudy.com/papers/aktu-btech-sem-7-vehicle-body-engineering-safety-2022-23,BTech,7,2022-23,KAU073,Vehicle Body Engineering Safety,OK,yes,yes,none
https://ryzenstudy.com/papers/aktu-btech-sem-7-vehicle-body-engineering-safety-2023-24,BTech,7,2023-24,KAU073,Vehicle Body Engineering Safety,OK,yes,yes,none
https://ryzenstudy.com/papers/aktu-btech-sem-7-vision-for-human-society-2022-23,BTech,7,2022-23,KOE076,Vision For Human Society,OK,yes,yes,none
https://ryzenstudy.com/papers/aktu-btech-sem-7-vision-for-humane-society-2023-24,BTech,7,2023-24,KOE076,Vision For Humane Society,OK,yes,yes,none
https://ryzenstudy.com/papers/aktu-btech-sem-7-vision-for-humane-society-2024-25,BTech,7,2024-25,KOE076,Vision For Humane Society,OK,yes,yes,none
https://ryzenstudy.com/papers/aktu-btech-sem-7-vlsi-design-2021-22,BTech,7,2021-22,KEC-072,Vlsi Design,OK,yes,yes,none
https://ryzenstudy.com/papers/aktu-btech-sem-7-vlsi-design-2022-23,BTech,7,2022-23,KEC072,Vlsi Design,OK,yes,yes,none
https://ryzenstudy.com/papers/aktu-btech-sem-7-vlsi-design-2024-25,BTech,7,2024-25,KEC072,Vlsi Design,OK,yes,yes,none
https://ryzenstudy.com/papers/aktu-btech-sem-7-vlsi-design-2025-26,BTech,7,2025-26,BEC701,Vlsi Design,OK,yes,yes,none
https://ryzenstudy.com/papers/aktu-btech-sem-7-wireless-and-mobile-communication-2022-23,BTech,7,2022-23,KEC076,Wireless And Mobile Communication,OK,yes,yes,none
https://ryzenstudy.com/papers/aktu-btech-sem-7-wireless-mobile-communication-2021-22,BTech,7,2021-22,KEC-076,Wireless Mobile Communication,OK,yes,yes,none
https://ryzenstudy.com/papers/aktu-btech-sem-7-wireless-mobile-communication-2024-25,BTech,7,2024-25,KEC076,Wireless Mobile Communication,OK,yes,yes,none
https://ryzenstudy.com/papers/aktu-btech-sem-7-wireless-mobile-communication-2025-26,BTech,7,2025-26,BEC071,Wireless Mobile Communication,OK,yes,yes,none
https://ryzenstudy.com/papers/aktu-btech-sem-8-automation-and-robotics-2021-22,BTech,8,2021-22,KOE091,Automation And Robotics,OK,yes,yes,none
https://ryzenstudy.com/papers/aktu-btech-sem-8-automation-and-robotics-2023-24,BTech,8,2023-24,KOE091,Automation And Robotics,OK,yes,yes,none
https://ryzenstudy.com/papers/aktu-btech-sem-8-automation-and-robotics-2024-25,BTech,8,2024-25,KOE091,Automation And Robotics,OK,yes,yes,none
https://ryzenstudy.com/papers/aktu-btech-sem-8-automation-robotics-2022-23,BTech,8,2022-23,KOE-091,Automation Robotics,OK,yes,yes,none
https://ryzenstudy.com/papers/aktu-btech-sem-8-big-data-2021-22,BTech,8,2021-22,KOE097,Big Data,OK,yes,yes,none
https://ryzenstudy.com/papers/aktu-btech-sem-8-big-data-2022-23,BTech,8,2022-23,KOE-097,Big Data,OK,yes,yes,none
https://ryzenstudy.com/papers/aktu-btech-sem-8-big-data-2023-24,BTech,8,2023-24,KOE097,Big Data,OK,yes,yes,none
https://ryzenstudy.com/papers/aktu-btech-sem-8-big-data-2024-25,BTech,8,2024-25,KOE097,Big Data,OK,yes,yes,none
https://ryzenstudy.com/papers/aktu-btech-sem-8-bio-medical-signal-processing-2021-22,BTech,8,2021-22,KOE082,Bio Medical Signal Processing,OK,yes,yes,none
https://ryzenstudy.com/papers/aktu-btech-sem-8-bio-medical-signal-processing-2023-24,BTech,8,2023-24,KOE082,Bio Medical Signal Processing,OK,yes,yes,none
https://ryzenstudy.com/papers/aktu-btech-sem-8-bio-medical-signal-processing-2024-25,BTech,8,2024-25,KOE082,Bio Medical Signal Processing,OK,yes,yes,none
https://ryzenstudy.com/papers/aktu-btech-sem-8-biomedical-signal-processing-2022-23,BTech,8,2022-23,KOE-082,Biomedical Signal Processing,OK,yes,yes,none
https://ryzenstudy.com/papers/aktu-btech-sem-8-cloud-computing-2021-22,BTech,8,2021-22,KOE081,Cloud Computing,OK,yes,yes,none
https://ryzenstudy.com/papers/aktu-btech-sem-8-cloud-computing-2022-23,BTech,8,2022-23,KOE-081,Cloud Computing,OK,yes,yes,none
https://ryzenstudy.com/papers/aktu-btech-sem-8-cloud-computing-2023-24,BTech,8,2023-24,KOE081,Cloud Computing,OK,yes,yes,none
https://ryzenstudy.com/papers/aktu-btech-sem-8-cloud-computing-2024-25,BTech,8,2024-25,KOE081,Cloud Computing,OK,yes,yes,none
https://ryzenstudy.com/papers/aktu-btech-sem-8-computerized-process-control-2021-22,BTech,8,2021-22,KOE092,Computerized Process Control,OK,yes,yes,none
https://ryzenstudy.com/papers/aktu-btech-sem-8-computerized-process-control-2022-23,BTech,8,2022-23,KOE-092,Computerized Process Control,OK,yes,yes,none
https://ryzenstudy.com/papers/aktu-btech-sem-8-computerized-process-control-2023-24,BTech,8,2023-24,KOE092,Computerized Process Control,OK,yes,yes,none
https://ryzenstudy.com/papers/aktu-btech-sem-8-computerized-process-control-2024-25,BTech,8,2024-25,KOE092,Computerized Process Control,OK,yes,yes,none
https://ryzenstudy.com/papers/aktu-btech-sem-8-data-warehousing-data-mining-2021-22,BTech,8,2021-22,KOE093,Data Warehousing Data Mining,OK,yes,yes,none
https://ryzenstudy.com/papers/aktu-btech-sem-8-data-warehousing-data-mining-2022-23,BTech,8,2022-23,KOE-093,Data Warehousing Data Mining,OK,yes,yes,none
https://ryzenstudy.com/papers/aktu-btech-sem-8-data-warehousing-data-mining-2023-24,BTech,8,2023-24,KOE093,Data Warehousing Data Mining,OK,yes,yes,none
https://ryzenstudy.com/papers/aktu-btech-sem-8-data-warehousing-data-mining-2024-25,BTech,8,2024-25,KOE093,Data Warehousing Data Mining,OK,yes,yes,none
https://ryzenstudy.com/papers/aktu-btech-sem-8-digital-and-social-media-marketing-2021-22,BTech,8,2021-22,KOE094,Digital And Social Media Marketing,OK,yes,yes,none
https://ryzenstudy.com/papers/aktu-btech-sem-8-digital-and-social-media-marketing-2022-23,BTech,8,2022-23,KOE-094,Digital And Social Media Marketing,OK,yes,yes,none
https://ryzenstudy.com/papers/aktu-btech-sem-8-digital-and-social-media-marketing-2023-24,BTech,8,2023-24,KOE094,Digital And Social Media Marketing,OK,yes,yes,none
https://ryzenstudy.com/papers/aktu-btech-sem-8-digital-and-social-media-marketing-2024-25,BTech,8,2024-25,KOE094,Digital And Social Media Marketing,OK,yes,yes,none
https://ryzenstudy.com/papers/aktu-btech-sem-8-electric-vehicles-2021-22,BTech,8,2021-22,KOE090,Electric Vehicles,OK,yes,yes,none
https://ryzenstudy.com/papers/aktu-btech-sem-8-electric-vehicles-2022-23,BTech,8,2022-23,KOE-090,Electric Vehicles,OK,yes,yes,none
https://ryzenstudy.com/papers/aktu-btech-sem-8-electric-vehicles-2023-24,BTech,8,2023-24,KOE090,Electric Vehicles,OK,yes,yes,none
https://ryzenstudy.com/papers/aktu-btech-sem-8-electric-vehicles-2024-25,BTech,8,2024-25,KOE090,Electric Vehicles,OK,yes,yes,none
https://ryzenstudy.com/papers/aktu-btech-sem-8-entrepreneurship-development-2021-22,BTech,8,2021-22,KOE083,Entrepreneurship Development,OK,yes,yes,none
https://ryzenstudy.com/papers/aktu-btech-sem-8-entrepreneurship-development-2022-23,BTech,8,2022-23,KOE-083,Entrepreneurship Development,OK,yes,yes,none
https://ryzenstudy.com/papers/aktu-btech-sem-8-entrepreneurship-development-2023-24,BTech,8,2023-24,KOE083,Entrepreneurship Development,OK,yes,yes,none
https://ryzenstudy.com/papers/aktu-btech-sem-8-entrepreneurship-development-2024-25,BTech,8,2024-25,KOE083,Entrepreneurship Development,OK,yes,yes,none
https://ryzenstudy.com/papers/aktu-btech-sem-8-fundamentals-of-drone-technology-2022-23,BTech,8,2022-23,KOE-080,Fundamentals Of Drone Technology,OK,yes,yes,none
https://ryzenstudy.com/papers/aktu-btech-sem-8-fundamentals-of-drone-technology-2023-24,BTech,8,2023-24,KOE080,Fundamentals Of Drone Technology,OK,yes,yes,none
https://ryzenstudy.com/papers/aktu-btech-sem-8-fundamentals-of-drone-technology-2024-25,BTech,8,2024-25,KOE080,Fundamentals Of Drone Technology,OK,yes,yes,none
https://ryzenstudy.com/papers/aktu-btech-sem-8-human-values-in-buddha-and-jain-darshan-2021-22,BTech,8,2021-22,KOE098,Human Values In Buddha And Jain Darshan,OK,yes,yes,none
https://ryzenstudy.com/papers/aktu-btech-sem-8-human-values-in-buddha-and-jain-darshan-2022-23,BTech,8,2022-23,KOE-098,Human Values In Buddha And Jain Darshan,OK,yes,yes,none
https://ryzenstudy.com/papers/aktu-btech-sem-8-human-values-in-buddha-and-jain-darshan-2023-24,BTech,8,2023-24,KOE098,Human Values In Buddha And Jain Darshan,OK,yes,yes,none
https://ryzenstudy.com/papers/aktu-btech-sem-8-human-values-in-buddha-and-jain-darshan-2024-25,BTech,8,2024-25,KOE098,Human Values In Buddha And Jain Darshan,OK,yes,yes,none
https://ryzenstudy.com/papers/aktu-btech-sem-8-human-values-in-madhyasth-darshan-2021-22,BTech,8,2021-22,KOE089,Human Values In Madhyasth Darshan,OK,yes,yes,none
https://ryzenstudy.com/papers/aktu-btech-sem-8-human-values-in-madhyasth-darshan-2022-23,BTech,8,2022-23,KOE-089,Human Values In Madhyasth Darshan,OK,yes,yes,none
https://ryzenstudy.com/papers/aktu-btech-sem-8-human-values-in-madhyasth-darshan-2023-24,BTech,8,2023-24,KOE089,Human Values In Madhyasth Darshan,OK,yes,yes,none
https://ryzenstudy.com/papers/aktu-btech-sem-8-human-values-in-madhyasth-darshan-2024-25,BTech,8,2024-25,KOE089,Human Values In Madhyasth Darshan,OK,yes,yes,none
https://ryzenstudy.com/papers/aktu-btech-sem-8-human-values-in-vedic-darsana-2022-23,BTech,8,2022-23,KOE-099,Human Values In Vedic Darsana,OK,yes,yes,none
https://ryzenstudy.com/papers/aktu-btech-sem-8-human-values-in-vedic-darsana-2023-24,BTech,8,2023-24,KOE099,Human Values In Vedic Darsana,OK,yes,yes,none
https://ryzenstudy.com/papers/aktu-btech-sem-8-human-values-in-vedic-darshan-2021-22,BTech,8,2021-22,KOE099,Human Values In Vedic Darshan,OK,yes,yes,none
https://ryzenstudy.com/papers/aktu-btech-sem-8-human-values-in-vedic-darshan-2024-25,BTech,8,2024-25,KOE099,Human Values In Vedic Darshan,OK,yes,yes,none
https://ryzenstudy.com/papers/aktu-btech-sem-8-industrial-optimization-techniques-2021-22,BTech,8,2021-22,KOE086,Industrial Optimization Techniques,OK,yes,yes,none
https://ryzenstudy.com/papers/aktu-btech-sem-8-industrial-optimization-techniques-2022-23,BTech,8,2022-23,KOE-086,Industrial Optimization Techniques,OK,yes,yes,none
https://ryzenstudy.com/papers/aktu-btech-sem-8-industrial-optimization-techniques-2023-24,BTech,8,2023-24,KOE086,Industrial Optimization Techniques,OK,yes,yes,none
https://ryzenstudy.com/papers/aktu-btech-sem-8-industrial-optimization-techniques-2024-25,BTech,8,2024-25,KOE086,Industrial Optimization Techniques,OK,yes,yes,none
https://ryzenstudy.com/papers/aktu-btech-sem-8-introduction-to-smart-grid-2021-22,BTech,8,2021-22,KOE084,Introduction To Smart Grid,OK,yes,yes,none
https://ryzenstudy.com/papers/aktu-btech-sem-8-introduction-to-smart-grid-2022-23,BTech,8,2022-23,KOE-084,Introduction To Smart Grid,OK,yes,yes,none
https://ryzenstudy.com/papers/aktu-btech-sem-8-introduction-to-smart-grid-2023-24,BTech,8,2023-24,KOE084,Introduction To Smart Grid,OK,yes,yes,none
https://ryzenstudy.com/papers/aktu-btech-sem-8-introduction-to-smart-grid-2024-25,BTech,8,2024-25,KOE084,Introduction To Smart Grid,OK,yes,yes,none
https://ryzenstudy.com/papers/aktu-btech-sem-8-modeling-and-simulation-of-dynamics-systems-2024-25,BTech,8,2024-25,KOE096,Modeling And Simulation Of Dynamics Systems,OK,yes,yes,none
https://ryzenstudy.com/papers/aktu-btech-sem-8-modeling-of-field-effect-nano-devices-2021-22,BTech,8,2021-22,KOE095,Modeling Of Field Effect Nano Devices,OK,yes,yes,none
https://ryzenstudy.com/papers/aktu-btech-sem-8-modeling-of-field-effect-nano-devices-2022-23,BTech,8,2022-23,KOE-095,Modeling Of Field Effect Nano Devices,OK,yes,yes,none
https://ryzenstudy.com/papers/aktu-btech-sem-8-modeling-of-field-effect-nano-devices-2023-24,BTech,8,2023-24,KOE095,Modeling Of Field Effect Nano Devices,OK,yes,yes,none
https://ryzenstudy.com/papers/aktu-btech-sem-8-modeling-of-field-effect-nano-devices-2024-25,BTech,8,2024-25,KOE095,Modeling Of Field Effect Nano Devices,OK,yes,yes,none
https://ryzenstudy.com/papers/aktu-btech-sem-8-modelling-and-simulation-of-dynamic-systems-2022-23,BTech,8,2022-23,KOE-096,Modelling And Simulation Of Dynamic Systems,OK,yes,yes,none
https://ryzenstudy.com/papers/aktu-btech-sem-8-modelling-and-simulation-of-dynamic-systems-2023-24,BTech,8,2023-24,KOE096,Modelling And Simulation Of Dynamic Systems,OK,yes,yes,none
https://ryzenstudy.com/papers/aktu-btech-sem-8-natural-language-processing-2021-22,BTech,8,2021-22,KOE088,Natural Language Processing,OK,yes,yes,none
https://ryzenstudy.com/papers/aktu-btech-sem-8-natural-language-processing-2022-23,BTech,8,2022-23,KOE-088,Natural Language Processing,OK,yes,yes,none
https://ryzenstudy.com/papers/aktu-btech-sem-8-natural-language-processing-2023-24,BTech,8,2023-24,KOE088,Natural Language Processing,OK,yes,yes,none
https://ryzenstudy.com/papers/aktu-btech-sem-8-natural-language-processing-2024-25,BTech,8,2024-25,KOE088,Natural Language Processing,OK,yes,yes,none
https://ryzenstudy.com/papers/aktu-btech-sem-8-project-management-enterpreneurship-2022-23,BTech,8,2022-23,KHU-802,Project Management Enterpreneurship,OK,yes,yes,none
https://ryzenstudy.com/papers/aktu-btech-sem-8-project-management-entrepreneurship-2021-22,BTech,8,2021-22,KHU802,Project Management Entrepreneurship,OK,yes,yes,none
https://ryzenstudy.com/papers/aktu-btech-sem-8-project-management-entrepreneurship-2023-24,BTech,8,2023-24,KHU802,Project Management Entrepreneurship,OK,yes,yes,none
https://ryzenstudy.com/papers/aktu-btech-sem-8-project-management-entrepreneurship-2024-25,BTech,8,2024-25,KHU802,Project Management Entrepreneurship,OK,yes,yes,none
https://ryzenstudy.com/papers/aktu-btech-sem-8-quality-management-2021-22,BTech,8,2021-22,KOE085,Quality Management,OK,yes,yes,none
https://ryzenstudy.com/papers/aktu-btech-sem-8-quality-management-2022-23,BTech,8,2022-23,KOE-085,Quality Management,OK,yes,yes,none
https://ryzenstudy.com/papers/aktu-btech-sem-8-quality-management-2023-24,BTech,8,2023-24,KOE085,Quality Management,OK,yes,yes,none
https://ryzenstudy.com/papers/aktu-btech-sem-8-quality-management-2024-25,BTech,8,2024-25,KOE085,Quality Management,OK,yes,yes,none
https://ryzenstudy.com/papers/aktu-btech-sem-8-rural-development-administration-and-planning-2021-22,BTech,8,2021-22,KHU801,Rural Development Administration And Planning,OK,yes,yes,none
https://ryzenstudy.com/papers/aktu-btech-sem-8-rural-development-administration-and-planning-2022-23,BTech,8,2022-23,KHU-801,Rural Development Administration And Planning,OK,yes,yes,none
https://ryzenstudy.com/papers/aktu-btech-sem-8-rural-development-administration-and-planning-2023-24,BTech,8,2023-24,KHU801,Rural Development Administration And Planning,OK,yes,yes,none
https://ryzenstudy.com/papers/aktu-btech-sem-8-rural-development-administration-and-planning-2024-25,BTech,8,2024-25,KHU801,Rural Development Administration And Planning,OK,yes,yes,none
https://ryzenstudy.com/papers/aktu-btech-sem-8-virology-2021-22,BTech,8,2021-22,KOE087,Virology,OK,yes,yes,none
https://ryzenstudy.com/papers/aktu-btech-sem-8-virology-2022-23,BTech,8,2022-23,KOE-087,Virology,OK,yes,yes,none
https://ryzenstudy.com/papers/aktu-btech-sem-8-virology-2023-24,BTech,8,2023-24,KOE087,Virology,OK,yes,yes,none
https://ryzenstudy.com/papers/aktu-btech-sem-8-virology-2024-25,BTech,8,2024-25,KOE087,Virology,OK,yes,yes,none
https://ryzenstudy.com/papers/aktu-bpharm-sem-1-human-anatomy-and-physiology-1-2025-26,BPharm,1,2025-26,BP101T,Human Anatomy And Physiology 1,OK,yes,yes,none
https://ryzenstudy.com/papers/aktu-bpharm-sem-1-human-anatomy-and-physiology-theory-2022-23,BPharm,1,2022-23,BP-101T,Human Anatomy And Physiology Theory,OK,yes,yes,none
https://ryzenstudy.com/papers/aktu-bpharm-sem-1-human-anatomy-and-physiology-theory-2023-24,BPharm,1,2023-24,BP101T,Human Anatomy And Physiology– Theory,OK,yes,yes,none
https://ryzenstudy.com/papers/aktu-bpharm-sem-1-human-anatomy-and-physiology-theory-2024-25,BPharm,1,2024-25,BP101T,Human Anatomy And Physiology Theory,OK,yes,yes,none
https://ryzenstudy.com/papers/aktu-bpharm-sem-1-pharmaceutial-analysis-i-1-2025-26,BPharm,1,2025-26,BP102T,Pharmaceutial Analysis I 1,OK,yes,yes,none
https://ryzenstudy.com/papers/aktu-bpharm-sem-1-pharmaceutical-analysis-i-2022-23,BPharm,1,2022-23,BP-102T,Pharmaceutical Analysis I,OK,yes,yes,none
https://ryzenstudy.com/papers/aktu-bpharm-sem-1-pharmaceutical-analysisi-theory-2023-24,BPharm,1,2023-24,BP102T,Pharmaceutical Analysisi – Theory,OK,yes,yes,none
https://ryzenstudy.com/papers/aktu-bpharm-sem-1-pharmaceutical-analysisi-theory-2024-25,BPharm,1,2024-25,BP102T,Pharmaceutical Analysisi Theory,OK,yes,yes,none
https://ryzenstudy.com/papers/aktu-bpharm-sem-1-pharmaceutical-inorganic-chemistry-1-2025-26,BPharm,1,2025-26,BP104T,Pharmaceutical Inorganic Chemistry 1,OK,yes,yes,none
https://ryzenstudy.com/papers/aktu-bpharm-sem-1-pharmaceutical-inorganic-chemistry-2022-23,BPharm,1,2022-23,BP-104T,Pharmaceutical Inorganic Chemistry,OK,yes,yes,none
https://ryzenstudy.com/papers/aktu-bpharm-sem-1-pharmaceutical-inorganic-chemistry-theory-2023-24,BPharm,1,2023-24,BP104T,Pharmaceutical Inorganic Chemistry– Theory,OK,yes,yes,none
https://ryzenstudy.com/papers/aktu-bpharm-sem-1-pharmaceutical-inorganic-chemistry-theory-2024-25,BPharm,1,2024-25,BP104T,Pharmaceutical Inorganic Chemistry–Theory,OK,yes,yes,none
https://ryzenstudy.com/papers/aktu-bpharm-sem-1-pharmaceutics-i-1-2025-26,BPharm,1,2025-26,BP103T,Pharmaceutics I 1,OK,yes,yes,none
https://ryzenstudy.com/papers/aktu-bpharm-sem-1-pharmaceutics-i-2022-23,BPharm,1,2022-23,BP-103T,Pharmaceutics I,OK,yes,yes,none
https://ryzenstudy.com/papers/aktu-bpharm-sem-1-pharmaceutics-i-theory-2023-24,BPharm,1,2023-24,BP103T,Pharmaceutics I – Theory,OK,yes,yes,none
https://ryzenstudy.com/papers/aktu-bpharm-sem-1-pharmaceutics-i-theory-2024-25,BPharm,1,2024-25,BP103T,Pharmaceutics I Theory,OK,yes,yes,none
https://ryzenstudy.com/papers/aktu-bpharm-sem-2-biochemistry-2021-22,BPharm,2,2021-22,BP-203T,Biochemistry,OK,yes,yes,none
https://ryzenstudy.com/papers/aktu-bpharm-sem-2-biochemistry-2022-23,BPharm,2,2022-23,BP-203T,Biochemistry,OK,yes,yes,none
https://ryzenstudy.com/papers/aktu-bpharm-sem-2-biochemistry-2023-24,BPharm,2,2023-24,BP203T,Biochemistry,OK,yes,yes,none
https://ryzenstudy.com/papers/aktu-bpharm-sem-2-biochemistry-2024-25,BPharm,2,2024-25,BP203T,Biochemistry,OK,yes,yes,none
https://ryzenstudy.com/papers/aktu-bpharm-sem-2-human-anatomy-and-physiology-ii-2021-22,BPharm,2,2021-22,BP-201T,Human Anatomy And Physiology Ii,OK,yes,yes,none
https://ryzenstudy.com/papers/aktu-bpharm-sem-2-human-anatomy-and-physiology-ii-2022-23,BPharm,2,2022-23,BP-201T,Human Anatomy And Physiology Ii,OK,yes,yes,none
https://ryzenstudy.com/papers/aktu-bpharm-sem-2-human-anatomy-and-physiology-ii-2023-24,BPharm,2,2023-24,BP201T,Human Anatomy And Physiology Ii,OK,yes,yes,none
https://ryzenstudy.com/papers/aktu-bpharm-sem-2-human-anatomy-and-physiology-ii-2024-25,BPharm,2,2024-25,BP201T,Human Anatomy And Physiology Ii,OK,yes,yes,none
https://ryzenstudy.com/papers/aktu-bpharm-sem-2-pathophysiology-2021-22,BPharm,2,2021-22,BP-204T,Pathophysiology,OK,yes,yes,none
https://ryzenstudy.com/papers/aktu-bpharm-sem-2-pathophysiology-2022-23,BPharm,2,2022-23,BP-204T,Pathophysiology,OK,yes,yes,none
https://ryzenstudy.com/papers/aktu-bpharm-sem-2-pathophysiology-2023-24,BPharm,2,2023-24,BP204T,Pathophysiology,OK,yes,yes,none
https://ryzenstudy.com/papers/aktu-bpharm-sem-2-pathophysiology-2024-25,BPharm,2,2024-25,BP204T,Pathophysiology,OK,yes,yes,none
https://ryzenstudy.com/papers/aktu-bpharm-sem-2-pharmaceutical-organic-chemistry-i-2021-22,BPharm,2,2021-22,BP-202T,Pharmaceutical Organic Chemistry I,OK,yes,yes,none
https://ryzenstudy.com/papers/aktu-bpharm-sem-2-pharmaceutical-organic-chemistry-i-2022-23,BPharm,2,2022-23,BP-202T,Pharmaceutical Organic Chemistry I,OK,yes,yes,none
https://ryzenstudy.com/papers/aktu-bpharm-sem-2-pharmaceutical-organic-chemistry-i-2023-24,BPharm,2,2023-24,BP202T,Pharmaceutical Organic Chemistry I,OK,yes,yes,none
https://ryzenstudy.com/papers/aktu-bpharm-sem-2-pharmaceutical-organic-chemistry-i-2024-25,BPharm,2,2024-25,BP202T,Pharmaceutical Organic Chemistry I,OK,yes,yes,none
https://ryzenstudy.com/papers/aktu-bpharm-sem-3-pharmaceutical-engineering-2021-22,BPharm,3,2021-22,BP-304T,Pharmaceutical Engineering,OK,yes,yes,none
https://ryzenstudy.com/papers/aktu-bpharm-sem-3-pharmaceutical-engineering-2022-23,BPharm,3,2022-23,BP-304T,Pharmaceutical Engineering,OK,yes,yes,none
https://ryzenstudy.com/papers/aktu-bpharm-sem-3-pharmaceutical-engineering-2023-24,BPharm,3,2023-24,BP304T,Pharmaceutical Engineering,OK,yes,yes,none
https://ryzenstudy.com/papers/aktu-bpharm-sem-3-pharmaceutical-engineering-2024-25,BPharm,3,2024-25,BP304T,Pharmaceutical Engineering,OK,yes,yes,none
https://ryzenstudy.com/papers/aktu-bpharm-sem-3-pharmaceutical-engineering-2025-26,BPharm,3,2025-26,BP304T,Pharmaceutical Engineering,OK,yes,yes,none
https://ryzenstudy.com/papers/aktu-bpharm-sem-3-pharmaceutical-microbiology-2021-22,BPharm,3,2021-22,BP-303T,Pharmaceutical Microbiology,OK,yes,yes,none
https://ryzenstudy.com/papers/aktu-bpharm-sem-3-pharmaceutical-microbiology-2022-23,BPharm,3,2022-23,BP-303T,Pharmaceutical Microbiology,OK,yes,yes,none
https://ryzenstudy.com/papers/aktu-bpharm-sem-3-pharmaceutical-microbiology-2023-24,BPharm,3,2023-24,BP303T,Pharmaceutical Microbiology,OK,yes,yes,none
https://ryzenstudy.com/papers/aktu-bpharm-sem-3-pharmaceutical-microbiology-2024-25,BPharm,3,2024-25,BP303T,Pharmaceutical Microbiology,OK,yes,yes,none
https://ryzenstudy.com/papers/aktu-bpharm-sem-3-pharmaceutical-microbiology-2025-26,BPharm,3,2025-26,BP303T,Pharmaceutical Microbiology,OK,yes,yes,none
https://ryzenstudy.com/papers/aktu-bpharm-sem-3-pharmaceutical-organic-chemistry-ii-2021-22,BPharm,3,2021-22,BP-301T,Pharmaceutical Organic Chemistry Ii,OK,yes,yes,none
https://ryzenstudy.com/papers/aktu-bpharm-sem-3-pharmaceutical-organic-chemistry-ii-2022-23,BPharm,3,2022-23,BP-301T,Pharmaceutical Organic Chemistry Ii,OK,yes,yes,none
https://ryzenstudy.com/papers/aktu-bpharm-sem-3-pharmaceutical-organic-chemistry-ii-2023-24,BPharm,3,2023-24,BP301T,Pharmaceutical Organic Chemistry Ii,OK,yes,yes,none
https://ryzenstudy.com/papers/aktu-bpharm-sem-3-pharmaceutical-organic-chemistry-ii-2024-25,BPharm,3,2024-25,BP301T,Pharmaceutical Organic Chemistry Ii,OK,yes,yes,none
https://ryzenstudy.com/papers/aktu-bpharm-sem-3-pharmaceutical-organic-chemistry-ii-2025-26,BPharm,3,2025-26,BP301T,Pharmaceutical Organic Chemistry Ii,OK,yes,yes,none
https://ryzenstudy.com/papers/aktu-bpharm-sem-3-physical-pharmaceutics-i-2021-22,BPharm,3,2021-22,BP-302T,Physical Pharmaceutics I,OK,yes,yes,none
https://ryzenstudy.com/papers/aktu-bpharm-sem-3-physical-pharmaceutics-i-2022-23,BPharm,3,2022-23,BP-302T,Physical Pharmaceutics I,OK,yes,yes,none
https://ryzenstudy.com/papers/aktu-bpharm-sem-3-physical-pharmaceutics-i-2023-24,BPharm,3,2023-24,BP302T,Physical Pharmaceutics I,OK,yes,yes,none
https://ryzenstudy.com/papers/aktu-bpharm-sem-3-physical-pharmaceutics-i-2024-25,BPharm,3,2024-25,BP302T,Physical Pharmaceutics I,OK,yes,yes,none
https://ryzenstudy.com/papers/aktu-bpharm-sem-3-physical-pharmaceutics-i-2025-26,BPharm,3,2025-26,BP302T,Physical Pharmaceutics I,OK,yes,yes,none
https://ryzenstudy.com/papers/aktu-bpharm-sem-3-universal-human-values-2022-23,BPharm,3,2022-23,KVE-301,Universal Human Values,OK,yes,yes,none
https://ryzenstudy.com/papers/aktu-bpharm-sem-3-universal-human-values-professional-2025-26,BPharm,3,2025-26,KVE301,Universal Human Values Professional,OK,yes,yes,none
https://ryzenstudy.com/papers/aktu-bpharm-sem-3-universal-human-values-professional-ethics-2023-24,BPharm,3,2023-24,KVE301,Universal Human Values Professional Ethics,OK,yes,yes,none
https://ryzenstudy.com/papers/aktu-bpharm-sem-4-medicinal-chemistry-1-2021-22,BPharm,4,2021-22,BP-402T,Medicinal Chemistry 1,OK,yes,yes,none
https://ryzenstudy.com/papers/aktu-bpharm-sem-4-medicinal-chemistry-i-2022-23,BPharm,4,2022-23,BP402T,Medicinal Chemistry I,OK,yes,yes,none
https://ryzenstudy.com/papers/aktu-bpharm-sem-4-medicinal-chemistry-i-theory-2023-24,BPharm,4,2023-24,BP402T,Medicinal Chemistry I – Theory,OK,yes,yes,none
https://ryzenstudy.com/papers/aktu-bpharm-sem-4-medicinal-chemistry-i-theory-2024-25,BPharm,4,2024-25,BP402T,Medicinal Chemistry I – Theory,OK,yes,yes,none
https://ryzenstudy.com/papers/aktu-bpharm-sem-4-pharmaceutical-organic-chemistry-iii-theory-2024-25,BPharm,4,2024-25,BP401T,Pharmaceutical Organic Chemistry Iii – Theory,OK,yes,yes,none
https://ryzenstudy.com/papers/aktu-bpharm-sem-4-pharmaceutical-organic-chmeistry-iii-2022-23,BPharm,4,2022-23,BP401T,Pharmaceutical Organic Chmeistry Iii,OK,yes,yes,none
https://ryzenstudy.com/papers/aktu-bpharm-sem-4-pharmaceutical-organic-chmeistry-iii-2023-24,BPharm,4,2023-24,BP401T,Pharmaceutical Organic Chmeistry Iii,OK,yes,yes,none
https://ryzenstudy.com/papers/aktu-bpharm-sem-4-pharmacognosy-i-2023-24,BPharm,4,2023-24,BP405T,Pharmacognosy I,OK,yes,yes,none
https://ryzenstudy.com/papers/aktu-bpharm-sem-4-pharmacognosy-i-theory-2022-23,BPharm,4,2022-23,BP405T,Pharmacognosy I Theory,OK,yes,yes,none
https://ryzenstudy.com/papers/aktu-bpharm-sem-4-pharmacology-1-theory-2022-23,BPharm,4,2022-23,BP404T,Pharmacology 1 Theory,OK,yes,yes,none
https://ryzenstudy.com/papers/aktu-bpharm-sem-4-pharmacology-2021-22,BPharm,4,2021-22,BP-404T,Pharmacology,OK,yes,yes,none
https://ryzenstudy.com/papers/aktu-bpharm-sem-4-pharmacology-i-theory-2023-24,BPharm,4,2023-24,BP404T,Pharmacology I – Theory,OK,yes,yes,none
https://ryzenstudy.com/papers/aktu-bpharm-sem-4-pharmacology-i-theory-2024-25,BPharm,4,2024-25,BP404T,Pharmacology I – Theory,OK,yes,yes,none
https://ryzenstudy.com/papers/aktu-bpharm-sem-4-physical-pharmaceutics-ii-2022-23,BPharm,4,2022-23,BP403T,Physical Pharmaceutics Ii,OK,yes,yes,none
https://ryzenstudy.com/papers/aktu-bpharm-sem-4-physical-pharmaceutics-ii-2023-24,BPharm,4,2023-24,BP403,Physical Pharmaceutics Ii,OK,yes,yes,none
https://ryzenstudy.com/papers/aktu-bpharm-sem-4-physical-pharmaceutics-ii-theory-2024-25,BPharm,4,2024-25,BP403T,Physical Pharmaceutics Ii – Theory,OK,yes,yes,none
https://ryzenstudy.com/papers/aktu-bpharm-sem-5-industrial-pharmacy-1-2021-22,BPharm,5,2021-22,BP-502T,Industrial Pharmacy 1,OK,yes,yes,none
https://ryzenstudy.com/papers/aktu-bpharm-sem-5-industrial-pharmacy-i-2022-23,BPharm,5,2022-23,BP502T,Industrial Pharmacy I,OK,yes,yes,none
https://ryzenstudy.com/papers/aktu-bpharm-sem-5-industrial-pharmacy-i-2023-24,BPharm,5,2023-24,BP502T,Industrial Pharmacy I,OK,yes,yes,none
https://ryzenstudy.com/papers/aktu-bpharm-sem-5-industrial-pharmacy-i-2024-25,BPharm,5,2024-25,BP502T,Industrial Pharmacy I,OK,yes,yes,none
https://ryzenstudy.com/papers/aktu-bpharm-sem-5-industrial-pharmacy-i-2025-26,BPharm,5,2025-26,BP502T,Industrial Pharmacy I,OK,yes,yes,none
https://ryzenstudy.com/papers/aktu-bpharm-sem-5-medicinal-chemistry-ii-2021-22,BPharm,5,2021-22,BP-501T,Medicinal Chemistry Ii,OK,yes,yes,none
https://ryzenstudy.com/papers/aktu-bpharm-sem-5-medicinal-chemistry-ii-2022-23,BPharm,5,2022-23,BP501T,Medicinal Chemistry Ii,OK,yes,yes,none
https://ryzenstudy.com/papers/aktu-bpharm-sem-5-medicinal-chemistry-ii-2023-24,BPharm,5,2023-24,BP501T,Medicinal Chemistry Ii,OK,yes,yes,none
https://ryzenstudy.com/papers/aktu-bpharm-sem-5-medicinal-chemistry-ii-2024-25,BPharm,5,2024-25,BP501T,Medicinal Chemistry Ii,OK,yes,yes,none
https://ryzenstudy.com/papers/aktu-bpharm-sem-5-medicinal-chemistry-ii-2025-26,BPharm,5,2025-26,BP501T,Medicinal Chemistry Ii,OK,yes,yes,none
https://ryzenstudy.com/papers/aktu-bpharm-sem-5-pharmaceutical-jurisprudence-2021-22,BPharm,5,2021-22,BP-505T,Pharmaceutical Jurisprudence,OK,yes,yes,none
https://ryzenstudy.com/papers/aktu-bpharm-sem-5-pharmaceutical-jurisprudence-2022-23,BPharm,5,2022-23,BP505T,Pharmaceutical Jurisprudence,OK,yes,yes,none
https://ryzenstudy.com/papers/aktu-bpharm-sem-5-pharmaceutical-jurisprudence-2023-24,BPharm,5,2023-24,BP505T,Pharmaceutical Jurisprudence,OK,yes,yes,none
https://ryzenstudy.com/papers/aktu-bpharm-sem-5-pharmaceutical-jurisprudence-2024-25,BPharm,5,2024-25,BP505T,Pharmaceutical Jurisprudence,OK,yes,yes,none
https://ryzenstudy.com/papers/aktu-bpharm-sem-5-pharmaceutical-jurisprudence-theory-2025-26,BPharm,5,2025-26,BP505T,Pharmaceutical Jurisprudence Theory,OK,yes,yes,none
https://ryzenstudy.com/papers/aktu-bpharm-sem-5-pharmacognosy-and-phytochemistry-ii-2021-22,BPharm,5,2021-22,BP-504T,Pharmacognosy And Phytochemistry Ii,OK,yes,yes,none
https://ryzenstudy.com/papers/aktu-bpharm-sem-5-pharmacognosy-and-phytochemistry-ii-2025-26,BPharm,5,2025-26,BP504T,Pharmacognosy And Phytochemistry Ii,OK,yes,yes,none
https://ryzenstudy.com/papers/aktu-bpharm-sem-5-pharmacognosy-ii-2022-23,BPharm,5,2022-23,BP504T,Pharmacognosy Ii,OK,yes,yes,none
https://ryzenstudy.com/papers/aktu-bpharm-sem-5-pharmacognosy-ii-2023-24,BPharm,5,2023-24,BP504T,Pharmacognosy Ii,OK,yes,yes,none
https://ryzenstudy.com/papers/aktu-bpharm-sem-5-pharmacognosy-ii-2024-25,BPharm,5,2024-25,BP504T,Pharmacognosy Ii,OK,yes,yes,none
https://ryzenstudy.com/papers/aktu-bpharm-sem-5-pharmacology-ii-2021-22,BPharm,5,2021-22,BP-503T,Pharmacology Ii,OK,yes,yes,none
https://ryzenstudy.com/papers/aktu-bpharm-sem-5-pharmacology-ii-2022-23,BPharm,5,2022-23,BP503T,Pharmacology Ii,OK,yes,yes,none
https://ryzenstudy.com/papers/aktu-bpharm-sem-5-pharmacology-ii-2023-24,BPharm,5,2023-24,BP503T,Pharmacology Ii,OK,yes,yes,none
https://ryzenstudy.com/papers/aktu-bpharm-sem-5-pharmacology-ii-2024-25,BPharm,5,2024-25,BP503T,Pharmacology Ii,OK,yes,yes,none
https://ryzenstudy.com/papers/aktu-bpharm-sem-5-pharmacology-ii-2025-26,BPharm,5,2025-26,BP503T,Pharmacology Ii,OK,yes,yes,none
https://ryzenstudy.com/papers/aktu-bpharm-sem-6-biopharmaceutics-and-pharmacokinetics-2022-23,BPharm,6,2022-23,BP604T,Biopharmaceutics And Pharmacokinetics,OK,yes,yes,none
https://ryzenstudy.com/papers/aktu-bpharm-sem-6-biopharmaceutics-and-pharmacokinetics-2023-24,BPharm,6,2023-24,BP604T,Biopharmaceutics And Pharmacokinetics,OK,yes,yes,none
https://ryzenstudy.com/papers/aktu-bpharm-sem-6-biopharmaceutics-and-pharmacokinetics-2024-25,BPharm,6,2024-25,BP604T,Biopharmaceutics And Pharmacokinetics,OK,yes,yes,none
https://ryzenstudy.com/papers/aktu-bpharm-sem-6-herbal-drug-technology-2022-23,BPharm,6,2022-23,BP603T,Herbal Drug Technology,OK,yes,yes,none
https://ryzenstudy.com/papers/aktu-bpharm-sem-6-herbal-drug-technology-2023-24,BPharm,6,2023-24,BP603T,Herbal Drug Technology,OK,yes,yes,none
https://ryzenstudy.com/papers/aktu-bpharm-sem-6-herbal-drug-technology-theory-2024-25,BPharm,6,2024-25,BP603T,Herbal Drug Technology Theory,OK,yes,yes,none
https://ryzenstudy.com/papers/aktu-bpharm-sem-6-medicinal-chemistry-iii-2022-23,BPharm,6,2022-23,BP-601T,Medicinal Chemistry Iii,OK,yes,yes,none
https://ryzenstudy.com/papers/aktu-bpharm-sem-6-medicinal-chemistry-iii-2023-24,BPharm,6,2023-24,BP601T,Medicinal Chemistry Iii,OK,yes,yes,none
https://ryzenstudy.com/papers/aktu-bpharm-sem-6-medicinal-chemistry-iii-2024-25,BPharm,6,2024-25,BP601T,Medicinal Chemistry Iii,OK,yes,yes,none
https://ryzenstudy.com/papers/aktu-bpharm-sem-6-pharmaceutical-biotechnology-2021-22,BPharm,6,2021-22,BP605T,Pharmaceutical Biotechnology,OK,yes,yes,none
https://ryzenstudy.com/papers/aktu-bpharm-sem-6-pharmaceutical-biotechnology-2022-23,BPharm,6,2022-23,BP605T,Pharmaceutical Biotechnology,OK,yes,yes,none
https://ryzenstudy.com/papers/aktu-bpharm-sem-6-pharmaceutical-biotechnology-2023-24,BPharm,6,2023-24,BP605T,Pharmaceutical Biotechnology,OK,yes,yes,none
https://ryzenstudy.com/papers/aktu-bpharm-sem-6-pharmaceutical-biotechnology-theory-2024-25,BPharm,6,2024-25,BP605T,Pharmaceutical Biotechnology Theory,OK,yes,yes,none
https://ryzenstudy.com/papers/aktu-bpharm-sem-6-pharmacology-iii-2022-23,BPharm,6,2022-23,BP602T,Pharmacology Iii,OK,yes,yes,none
https://ryzenstudy.com/papers/aktu-bpharm-sem-6-pharmacology-iii-2023-24,BPharm,6,2023-24,BP602T,Pharmacology Iii,OK,yes,yes,none
https://ryzenstudy.com/papers/aktu-bpharm-sem-6-pharmacology-iii-2024-25,BPharm,6,2024-25,BP602T,Pharmacology Iii,OK,yes,yes,none
https://ryzenstudy.com/papers/aktu-bpharm-sem-6-quality-assurance-2022-23,BPharm,6,2022-23,BP-606T,Quality Assurance,OK,yes,yes,none
https://ryzenstudy.com/papers/aktu-bpharm-sem-6-quality-assurance-2023-24,BPharm,6,2023-24,BP606T,Quality Assurance,OK,yes,yes,none
https://ryzenstudy.com/papers/aktu-bpharm-sem-6-quality-assurance-theory-2024-25,BPharm,6,2024-25,BP606T,Quality Assurance– Theory,OK,yes,yes,none
https://ryzenstudy.com/papers/aktu-bpharm-sem-7-industrial-pharmacy-ii-2021-22,BPharm,7,2021-22,BP-702T,Industrial Pharmacy Ii,OK,yes,yes,none
https://ryzenstudy.com/papers/aktu-bpharm-sem-7-industrial-pharmacy-ii-2022-23,BPharm,7,2022-23,BP702T,Industrial Pharmacy Ii,OK,yes,yes,none
https://ryzenstudy.com/papers/aktu-bpharm-sem-7-industrial-pharmacy-ii-2024-25,BPharm,7,2024-25,BP702T,Industrial Pharmacy Ii,OK,yes,yes,none
https://ryzenstudy.com/papers/aktu-bpharm-sem-7-industrial-pharmacy-ii-theory-2025-26,BPharm,7,2025-26,BP702T,Industrial Pharmacy Ii Theory,OK,yes,yes,none
https://ryzenstudy.com/papers/aktu-bpharm-sem-7-instrumental-methods-of-analysis-2022-23,BPharm,7,2022-23,BP701T,Instrumental Methods Of Analysis,OK,yes,yes,none
https://ryzenstudy.com/papers/aktu-bpharm-sem-7-instrumental-methods-of-analysis-2024-25,BPharm,7,2024-25,BP701T,Instrumental Methods Of Analysis,OK,yes,yes,none
https://ryzenstudy.com/papers/aktu-bpharm-sem-7-instrumental-methods-of-analysis-theory-2023-24,BPharm,7,2023-24,BP701T,Instrumental Methods Of Analysis – Theory,OK,yes,yes,none
https://ryzenstudy.com/papers/aktu-bpharm-sem-7-instrumental-methods-of-analysis-theory-2025-26,BPharm,7,2025-26,BP701T,Instrumental Methods Of Analysis Theory,OK,yes,yes,none
https://ryzenstudy.com/papers/aktu-bpharm-sem-7-novel-drug-delivery-system-ndds-2022-23,BPharm,7,2022-23,BP704T,Novel Drug Delivery System Ndds,OK,yes,yes,none
https://ryzenstudy.com/papers/aktu-bpharm-sem-7-novel-drug-delivery-system-ndds-2024-25,BPharm,7,2024-25,BP704T,Novel Drug Delivery System Ndds,OK,yes,yes,none
https://ryzenstudy.com/papers/aktu-bpharm-sem-7-novel-drug-delivery-system-ndds-theory-2023-24,BPharm,7,2023-24,BP704T,Novel Drug Delivery System Ndds – Theory,OK,yes,yes,none
https://ryzenstudy.com/papers/aktu-bpharm-sem-7-novel-drug-delivery-system-ndds-theory-2025-26,BPharm,7,2025-26,BP704T,Novel Drug Delivery System Ndds Theory,OK,yes,yes,none
https://ryzenstudy.com/papers/aktu-bpharm-sem-7-novel-drug-delivery-systems-ndds-2021-22,BPharm,7,2021-22,BP-704T,Novel Drug Delivery Systems Ndds,OK,yes,yes,none
https://ryzenstudy.com/papers/aktu-bpharm-sem-7-pharmacy-practice-2021-22,BPharm,7,2021-22,BP-703T,Pharmacy Practice,OK,yes,yes,none
https://ryzenstudy.com/papers/aktu-bpharm-sem-7-pharmacy-practice-2022-23,BPharm,7,2022-23,BP703T,Pharmacy Practice,OK,yes,yes,none
https://ryzenstudy.com/papers/aktu-bpharm-sem-7-pharmacy-practice-2024-25,BPharm,7,2024-25,BP703T,Pharmacy Practice,OK,yes,yes,none
https://ryzenstudy.com/papers/aktu-bpharm-sem-7-pharmacy-practice-theory-2023-24,BPharm,7,2023-24,BP703T,Pharmacy Practice – Theory,OK,yes,yes,none
https://ryzenstudy.com/papers/aktu-bpharm-sem-7-pharmacy-practice-theory-2025-26,BPharm,7,2025-26,BP703T,Pharmacy Practice – Theory,OK,yes,yes,none
https://ryzenstudy.com/papers/aktu-bpharm-sem-8-advanced-instrumentation-techniques-2021-22,BPharm,8,2021-22,BP811ET,Advanced Instrumentation Techniques,OK,yes,yes,none
https://ryzenstudy.com/papers/aktu-bpharm-sem-8-advanced-instrumentation-techniques-2022-23,BPharm,8,2022-23,BP811ET,Advanced Instrumentation Techniques,OK,yes,yes,none
https://ryzenstudy.com/papers/aktu-bpharm-sem-8-biostatistics-and-research-methodology-2021-22,BPharm,8,2021-22,BP801T,Biostatistics And Research Methodology,OK,yes,yes,none
https://ryzenstudy.com/papers/aktu-bpharm-sem-8-biostatistics-and-research-methodology-2022-23,BPharm,8,2022-23,BP801T,Biostatistics And Research Methodology,OK,yes,yes,none
https://ryzenstudy.com/papers/aktu-bpharm-sem-8-biostatistics-and-research-methodology-2023-24,BPharm,8,2023-24,BP801T,Biostatistics And Research Methodology,OK,yes,yes,none
https://ryzenstudy.com/papers/aktu-bpharm-sem-8-biostatistics-and-research-methodology-2024-25,BPharm,8,2024-25,BP801T,Biostatistics And Research Methodology,OK,yes,yes,none
https://ryzenstudy.com/papers/aktu-bpharm-sem-8-cell-and-molecular-biology-2022-23,BPharm,8,2022-23,BP808ET,Cell And Molecular Biology,OK,yes,yes,none
https://ryzenstudy.com/papers/aktu-bpharm-sem-8-cell-and-molecular-biology-2023-24,BPharm,8,2023-24,BP808ET,Cell And Molecular Biology,OK,yes,yes,none
https://ryzenstudy.com/papers/aktu-bpharm-sem-8-cell-and-molecular-biology-2024-25,BPharm,8,2024-25,BP808ET,Cell And Molecular Biology,OK,yes,yes,none
https://ryzenstudy.com/papers/aktu-bpharm-sem-8-computer-aided-drug-design-2022-23,BPharm,8,2022-23,BP807ET,Computer Aided Drug Design,OK,yes,yes,none
https://ryzenstudy.com/papers/aktu-bpharm-sem-8-computer-aided-drug-design-2024-25,BPharm,8,2024-25,BP807ET,Computer Aided Drug Design,OK,yes,yes,none
https://ryzenstudy.com/papers/aktu-bpharm-sem-8-cosmetic-science-2022-23,BPharm,8,2022-23,BP809ET,Cosmetic Science,OK,yes,yes,none
https://ryzenstudy.com/papers/aktu-bpharm-sem-8-dietary-supplements-and-nutraceuticals-2022-23,BPharm,8,2022-23,BP812ET,Dietary Supplements And Nutraceuticals,OK,yes,yes,none
https://ryzenstudy.com/papers/aktu-bpharm-sem-8-dietary-supplements-and-nutraceuticals-2024-25,BPharm,8,2024-25,BP812ET,Dietary Supplements And Nutraceuticals,OK,yes,yes,none
https://ryzenstudy.com/papers/aktu-bpharm-sem-8-experimental-pharmacology-2022-23,BPharm,8,2022-23,BP810ET,Experimental Pharmacology,OK,yes,yes,none
https://ryzenstudy.com/papers/aktu-bpharm-sem-8-experimental-pharmacology-2024-25,BPharm,8,2024-25,BP810ET,Experimental Pharmacology,OK,yes,yes,none
https://ryzenstudy.com/papers/aktu-bpharm-sem-8-pharma-marketing-managemen-2023-24,BPharm,8,2023-24,BP803ET,Pharma Marketing Managemen,OK,yes,yes,none
https://ryzenstudy.com/papers/aktu-bpharm-sem-8-pharma-marketing-management-2024-25,BPharm,8,2024-25,BP803ET,Pharma Marketing Management,OK,yes,yes,none
https://ryzenstudy.com/papers/aktu-bpharm-sem-8-pharmaceutical-marketing-management-2021-22,BPharm,8,2021-22,BP803ET,Pharmaceutical Marketing Management,OK,yes,yes,none
https://ryzenstudy.com/papers/aktu-bpharm-sem-8-pharmaceutical-product-development-2022-23,BPharm,8,2022-23,BP813ET,Pharmaceutical Product Development,OK,yes,yes,none
https://ryzenstudy.com/papers/aktu-bpharm-sem-8-pharmaceutical-product-development-2023-24,BPharm,8,2023-24,BP813ET,Pharmaceutical Product Development,OK,yes,yes,none
https://ryzenstudy.com/papers/aktu-bpharm-sem-8-pharmaceutical-product-development-2024-25,BPharm,8,2024-25,BP813ET,Pharmaceutical Product Development,OK,yes,yes,none
https://ryzenstudy.com/papers/aktu-bpharm-sem-8-pharmaceutical-regulatory-science-2021-22,BPharm,8,2021-22,BP804ET,Pharmaceutical Regulatory Science,OK,yes,yes,none
https://ryzenstudy.com/papers/aktu-bpharm-sem-8-pharmaceutical-regulatory-science-2022-23,BPharm,8,2022-23,BP804ET,Pharmaceutical Regulatory Science,OK,yes,yes,none
https://ryzenstudy.com/papers/aktu-bpharm-sem-8-pharmacovigilance-2021-22,BPharm,8,2021-22,BP805ET,Pharmacovigilance,OK,yes,yes,none
https://ryzenstudy.com/papers/aktu-bpharm-sem-8-pharmacovigilance-2022-23,BPharm,8,2022-23,BP805ET,Pharmacovigilance,OK,yes,yes,none
https://ryzenstudy.com/papers/aktu-bpharm-sem-8-pharmacovigilance-2023-24,BPharm,8,2023-24,BP805ET,Pharmacovigilance,OK,yes,yes,none
https://ryzenstudy.com/papers/aktu-bpharm-sem-8-quality-control-and-standardization-of-herbal-2021-22,BPharm,8,2021-22,BP806ET,Quality Control And Standardization Of Herbal,OK,yes,yes,none
https://ryzenstudy.com/papers/aktu-bpharm-sem-8-quality-control-and-standardization-of-herbal-2023-24,BPharm,8,2023-24,BP806ET,Quality Control And Standardization Of Herbal,OK,yes,yes,none
https://ryzenstudy.com/papers/aktu-bpharm-sem-8-quality-control-and-standardization-of-herbals-2022-23,BPharm,8,2022-23,BP806ET,Quality Control And Standardization Of Herbals,OK,yes,yes,none
https://ryzenstudy.com/papers/aktu-bpharm-sem-8-social-and-preventive-pharmacy-2021-22,BPharm,8,2021-22,BP802T,Social And Preventive Pharmacy,OK,yes,yes,none
https://ryzenstudy.com/papers/aktu-bpharm-sem-8-social-and-preventive-pharmacy-2022-23,BPharm,8,2022-23,BP802T,Social And Preventive Pharmacy,OK,yes,yes,none
https://ryzenstudy.com/papers/aktu-bpharm-sem-8-social-and-preventive-pharmacy-2023-24,BPharm,8,2023-24,BP802T,Social And Preventive Pharmacy,OK,yes,yes,none
https://ryzenstudy.com/papers/aktu-bpharm-sem-8-social-and-preventive-pharmacy-2024-25,BPharm,8,2024-25,BP802T,Social And Preventive Pharmacy,OK,yes,yes,none
https://ryzenstudy.com/papers/aktu-mca-sem-1-bmc103-principles-of-management-communication-2024-25,MCA,1,2024-25,BMC103,Principles Of Management Communication,OK,yes,yes,none
https://ryzenstudy.com/papers/aktu-mca-sem-1-computer-organization-architecture-2021-22,MCA,1,2021-22,KCA-105,Computer Organization Architecture,OK,yes,yes,none
https://ryzenstudy.com/papers/aktu-mca-sem-1-computer-organization-architecture-2022-23,MCA,1,2022-23,KCA-105,Computer Organization Architecture,OK,yes,yes,none
https://ryzenstudy.com/papers/aktu-mca-sem-1-computer-organization-architecture-2023-24,MCA,1,2023-24,KCA-105,Computer Organization Architecture,OK,yes,yes,none
https://ryzenstudy.com/papers/aktu-mca-sem-1-computer-organization-architecture-2024-25,MCA,1,2024-25,BMC105,Computer Organization Architecture,OK,yes,yes,none
https://ryzenstudy.com/papers/aktu-mca-sem-1-computer-organization-architecture-2025-26,MCA,1,2025-26,BMC105,Computer Organization Architecture,OK,yes,yes,none
https://ryzenstudy.com/papers/aktu-mca-sem-1-cyber-security-2025-26,MCA,1,2025-26,BMC106,Cyber Security,OK,yes,yes,none
https://ryzenstudy.com/papers/aktu-mca-sem-1-discrete-mathematics-2022-23,MCA,1,2022-23,KCA-104,Discrete Mathematics,OK,yes,yes,none
https://ryzenstudy.com/papers/aktu-mca-sem-1-discrete-mathematics-2023-24,MCA,1,2023-24,KCA-104,Discrete Mathematics,OK,yes,yes,none
https://ryzenstudy.com/papers/aktu-mca-sem-1-discrete-mathematics-2024-25,MCA,1,2024-25,BMC104,Discrete Mathematics,OK,yes,yes,none
https://ryzenstudy.com/papers/aktu-mca-sem-1-discrete-mathematics-2025-26,MCA,1,2025-26,BMC104,Discrete Mathematics,OK,yes,yes,none
https://ryzenstudy.com/papers/aktu-mca-sem-1-discrete-mathematics-k-2021-22,MCA,1,2021-22,CA104,Discrete Mathematics K,OK,yes,yes,none
https://ryzenstudy.com/papers/aktu-mca-sem-1-fundamental-of-computers-and-emerging-technologies-2022-23,MCA,1,2022-23,KCA-101,Fundamental Of Computers And Emerging Technologies,OK,yes,yes,none
https://ryzenstudy.com/papers/aktu-mca-sem-1-fundamental-of-computers-emerging-technologies-2021-22,MCA,1,2021-22,KCA-101,Fundamental Of Computers Emerging Technologies,OK,yes,yes,none
https://ryzenstudy.com/papers/aktu-mca-sem-1-fundamental-of-computers-emerging-technologies-2023-24,MCA,1,2023-24,KCA-101,Fundamental Of Computers Emerging Technologies,OK,yes,yes,none
https://ryzenstudy.com/papers/aktu-mca-sem-1-fundamental-of-computers-emerging-technologies-2024-25,MCA,1,2024-25,BMC101,Fundamental Of Computers Emerging Technologies,OK,yes,yes,none
https://ryzenstudy.com/papers/aktu-mca-sem-1-fundamental-of-computers-emerging-technologies-2025-26,MCA,1,2025-26,BMC101,Fundamental Of Computers Emerging Technologies,OK,yes,yes,none
https://ryzenstudy.com/papers/aktu-mca-sem-1-kca101-fundamental-of-computers-emerging-technologies-2024-25,MCA,1,2024-25,KCA101,Fundamental Of Computers Emerging Technologies,OK,yes,yes,none
https://ryzenstudy.com/papers/aktu-mca-sem-1-kca102-problem-solving-using-c-2024-25,MCA,1,2024-25,KCA102,Problem Solving Using C,OK,yes,yes,none
https://ryzenstudy.com/papers/aktu-mca-sem-1-kca104-discrete-mathematics-2024-25,MCA,1,2024-25,KCA104,Discrete Mathematics,OK,yes,yes,none
https://ryzenstudy.com/papers/aktu-mca-sem-1-kca105-computer-organization-architecture-2024-25,MCA,1,2024-25,KCA105,Computer Organization Architecture,OK,yes,yes,none
https://ryzenstudy.com/papers/aktu-mca-sem-1-principles-of-management-communication-2021-22,MCA,1,2021-22,KCA103,Principles Of Management Communication,OK,yes,yes,none
https://ryzenstudy.com/papers/aktu-mca-sem-1-principles-of-management-communication-2022-23,MCA,1,2022-23,KCA-103,Principles Of Management Communication,OK,yes,yes,none
https://ryzenstudy.com/papers/aktu-mca-sem-1-principles-of-management-communication-2023-24,MCA,1,2023-24,KCA-103,Principles Of Management Communication,OK,yes,yes,none
https://ryzenstudy.com/papers/aktu-mca-sem-1-principles-of-management-communication-2024-25,MCA,1,2024-25,KCA103,Principles Of Management Communication,OK,yes,yes,none
https://ryzenstudy.com/papers/aktu-mca-sem-1-principles-of-management-communication-2025-26,MCA,1,2025-26,BMC103,Principles Of Management Communication,OK,yes,yes,none
https://ryzenstudy.com/papers/aktu-mca-sem-1-problem-solving-using-c-2021-22,MCA,1,2021-22,KCA-102,Problem Solving Using C,OK,yes,yes,none
https://ryzenstudy.com/papers/aktu-mca-sem-1-problem-solving-using-c-2022-23,MCA,1,2022-23,KCA-102,Problem Solving Using C,OK,yes,yes,none
https://ryzenstudy.com/papers/aktu-mca-sem-1-problem-solving-using-c-2023-24,MCA,1,2023-24,KCA-102,Problem Solving Using C,OK,yes,yes,none
https://ryzenstudy.com/papers/aktu-mca-sem-1-problem-solving-using-c-2024-25,MCA,1,2024-25,BMC102,Problem Solving Using C,OK,yes,yes,none
https://ryzenstudy.com/papers/aktu-mca-sem-1-problem-solving-using-c-2025-26,MCA,1,2025-26,BMC102,Problem Solving Using C,OK,yes,yes,none
https://ryzenstudy.com/papers/aktu-mca-sem-2-bmc202-object-oriented-programming-2024-25,MCA,2,2024-25,BMC202,Object Oriented Programming,OK,yes,yes,none
https://ryzenstudy.com/papers/aktu-mca-sem-2-bmc203-operating-systems-2024-25,MCA,2,2024-25,BMC203,Operating Systems,OK,yes,yes,none
https://ryzenstudy.com/papers/aktu-mca-sem-2-bmc204-database-management-systems-2024-25,MCA,2,2024-25,BMC204,Database Management Systems,OK,yes,yes,none
https://ryzenstudy.com/papers/aktu-mca-sem-2-bmc205-data-structures-analysis-of-algorithms-2024-25,MCA,2,2024-25,BMC205,Data Structures Analysis Of Algorithms,OK,yes,yes,none
https://ryzenstudy.com/papers/aktu-mca-sem-2-cyber-security-2021-22,MCA,2,2021-22,KCA-A01,Cyber Security,OK,yes,yes,none
https://ryzenstudy.com/papers/aktu-mca-sem-2-cyber-security-2022-23,MCA,2,2022-23,KCA-A01,Cyber Security,OK,yes,yes,none
https://ryzenstudy.com/papers/aktu-mca-sem-2-cyber-security-2023-24,MCA,2,2023-24,KCAA01,Cyber Security,OK,yes,yes,none
https://ryzenstudy.com/papers/aktu-mca-sem-2-data-structures-analysis-of-algorithms-2021-22,MCA,2,2021-22,KCA-205,Data Structures Analysis Of Algorithms,OK,yes,yes,none
https://ryzenstudy.com/papers/aktu-mca-sem-2-data-structures-analysis-of-algorithms-2022-23,MCA,2,2022-23,KCA-205,Data Structures Analysis Of Algorithms,OK,yes,yes,none
https://ryzenstudy.com/papers/aktu-mca-sem-2-data-structures-analysis-of-algorithms-2023-24,MCA,2,2023-24,KCA205,Data Structures Analysis Of Algorithms,OK,yes,yes,none
https://ryzenstudy.com/papers/aktu-mca-sem-2-data-structures-analysis-of-algorithms-2024-25,MCA,2,2024-25,KCA205,Data Structures Analysis Of Algorithms,OK,yes,yes,none
https://ryzenstudy.com/papers/aktu-mca-sem-2-database-management-systems-2021-22,MCA,2,2021-22,KCA-204,Database Management Systems,OK,yes,yes,none
https://ryzenstudy.com/papers/aktu-mca-sem-2-database-management-systems-2022-23,MCA,2,2022-23,KCA-204,Database Management Systems,OK,yes,yes,none
https://ryzenstudy.com/papers/aktu-mca-sem-2-database-management-systems-2023-24,MCA,2,2023-24,KCA204,Database Management Systems,OK,yes,yes,none
https://ryzenstudy.com/papers/aktu-mca-sem-2-database-management-systems-2024-25,MCA,2,2024-25,KCA204,Database Management Systems,OK,yes,yes,none
https://ryzenstudy.com/papers/aktu-mca-sem-2-object-oriented-programming-2021-22,MCA,2,2021-22,KCA-202,Object Oriented Programming,OK,yes,yes,none
https://ryzenstudy.com/papers/aktu-mca-sem-2-object-oriented-programming-2022-23,MCA,2,2022-23,KCA-202,Object Oriented Programming,OK,yes,yes,none
https://ryzenstudy.com/papers/aktu-mca-sem-2-object-oriented-programming-2023-24,MCA,2,2023-24,KCA202,Object Oriented Programming,OK,yes,yes,none
https://ryzenstudy.com/papers/aktu-mca-sem-2-object-oriented-programming-2024-25,MCA,2,2024-25,KCA202,Object Oriented Programming,OK,yes,yes,none
https://ryzenstudy.com/papers/aktu-mca-sem-2-operating-systems-2021-22,MCA,2,2021-22,KCA-203,Operating Systems,OK,yes,yes,none
https://ryzenstudy.com/papers/aktu-mca-sem-2-operating-systems-2022-23,MCA,2,2022-23,KCA-203,Operating Systems,OK,yes,yes,none
https://ryzenstudy.com/papers/aktu-mca-sem-2-operating-systems-2023-24,MCA,2,2023-24,KCA203,Operating Systems,OK,yes,yes,none
https://ryzenstudy.com/papers/aktu-mca-sem-2-operating-systems-2024-25,MCA,2,2024-25,KCA203,Operating Systems,OK,yes,yes,none
https://ryzenstudy.com/papers/aktu-mca-sem-2-theory-of-automata-formal-languages-2021-22,MCA,2,2021-22,KCA-201,Theory Of Automata Formal Languages,OK,yes,yes,none
https://ryzenstudy.com/papers/aktu-mca-sem-2-theory-of-automata-formal-languages-2022-23,MCA,2,2022-23,KCA-201,Theory Of Automata Formal Languages,OK,yes,yes,none
https://ryzenstudy.com/papers/aktu-mca-sem-2-theory-of-automata-formal-languages-2023-24,MCA,2,2023-24,KCA201,Theory Of Automata Formal Languages,OK,yes,yes,none
https://ryzenstudy.com/papers/aktu-mca-sem-2-theory-of-automata-formal-languages-2024-25,MCA,2,2024-25,KCA201,Theory Of Automata Formal Languages,OK,yes,yes,none
https://ryzenstudy.com/papers/aktu-mca-sem-2-web-technology-2024-25,MCA,2,2024-25,BMC201,Web Technology,OK,yes,yes,none
https://ryzenstudy.com/papers/aktu-mca-sem-3-artificial-intelligence-2021-22,MCA,3,2021-22,KCA-301,Artificial Intelligence,OK,yes,yes,none
https://ryzenstudy.com/papers/aktu-mca-sem-3-artificial-intelligence-2022-23,MCA,3,2022-23,KCA-301,Artificial Intelligence,OK,yes,yes,none
https://ryzenstudy.com/papers/aktu-mca-sem-3-artificial-intelligence-2023-24,MCA,3,2023-24,KCA301,Artificial Intelligence,OK,yes,yes,none
https://ryzenstudy.com/papers/aktu-mca-sem-3-artificial-intelligence-2024-25,MCA,3,2024-25,KCA301,Artificial Intelligence,OK,yes,yes,none
https://ryzenstudy.com/papers/aktu-mca-sem-3-artificial-intellingence-2025-26,MCA,3,2025-26,BMC021,Artificial Intellingence,OK,yes,yes,none
https://ryzenstudy.com/papers/aktu-mca-sem-3-big-data-2021-22,MCA,3,2021-22,KCA-022,Big Data,OK,yes,yes,none
https://ryzenstudy.com/papers/aktu-mca-sem-3-big-data-2022-23,MCA,3,2022-23,KCA-022,Big Data,OK,yes,yes,none
https://ryzenstudy.com/papers/aktu-mca-sem-3-big-data-2023-24,MCA,3,2023-24,KCA-022,Big Data,OK,yes,yes,none
https://ryzenstudy.com/papers/aktu-mca-sem-3-big-data-2024-25,MCA,3,2024-25,KCA022,Big Data,OK,yes,yes,none
https://ryzenstudy.com/papers/aktu-mca-sem-3-cloud-computing-2021-22,MCA,3,2021-22,KCA-014,Cloud Computing,OK,yes,yes,none
https://ryzenstudy.com/papers/aktu-mca-sem-3-cloud-computing-2022-23,MCA,3,2022-23,KCA-014,Cloud Computing,OK,yes,yes,none
https://ryzenstudy.com/papers/aktu-mca-sem-3-cloud-computing-2023-24,MCA,3,2023-24,KCA014,Cloud Computing,OK,yes,yes,none
https://ryzenstudy.com/papers/aktu-mca-sem-3-cloud-computing-2024-25,MCA,3,2024-25,KCA014,Cloud Computing,OK,yes,yes,none
https://ryzenstudy.com/papers/aktu-mca-sem-3-cloud-computing-2025-26,MCA,3,2025-26,BMC014,Cloud Computing,OK,yes,yes,none
https://ryzenstudy.com/papers/aktu-mca-sem-3-compiler-design-2021-22,MCA,3,2021-22,KCA-015,Compiler Design,OK,yes,yes,none
https://ryzenstudy.com/papers/aktu-mca-sem-3-compiler-design-2022-23,MCA,3,2022-23,KCA-015,Compiler Design,OK,yes,yes,none
https://ryzenstudy.com/papers/aktu-mca-sem-3-compiler-design-2023-24,MCA,3,2023-24,KCA015,Compiler Design,OK,yes,yes,none
https://ryzenstudy.com/papers/aktu-mca-sem-3-compiler-design-2024-25,MCA,3,2024-25,KCA015,Compiler Design,OK,yes,yes,none
https://ryzenstudy.com/papers/aktu-mca-sem-3-computer-network-2021-22,MCA,3,2021-22,KCA-303,Computer Network,OK,yes,yes,none
https://ryzenstudy.com/papers/aktu-mca-sem-3-computer-network-2023-24,MCA,3,2023-24,KCA-303,Computer Network,OK,yes,yes,none
https://ryzenstudy.com/papers/aktu-mca-sem-3-computer-network-2024-25,MCA,3,2024-25,KCA303,Computer Network,OK,yes,yes,none
https://ryzenstudy.com/papers/aktu-mca-sem-3-computer-network-2025-26,MCA,3,2025-26,BMC303,Computer Network,OK,yes,yes,none
https://ryzenstudy.com/papers/aktu-mca-sem-3-computer-networks-2022-23,MCA,3,2022-23,KCA-303,Computer Networks,OK,yes,yes,none
https://ryzenstudy.com/papers/aktu-mca-sem-3-cryptography-and-network-security-2022-23,MCA,3,2022-23,KCA-011,Cryptography And Network Security,OK,yes,yes,none
https://ryzenstudy.com/papers/aktu-mca-sem-3-cryptography-and-network-security-2025-26,MCA,3,2025-26,BMC011,Cryptography And Network Security,OK,yes,yes,none
https://ryzenstudy.com/papers/aktu-mca-sem-3-cryptography-network-security-2021-22,MCA,3,2021-22,KCA-011,Cryptography Network Security,OK,yes,yes,none
https://ryzenstudy.com/papers/aktu-mca-sem-3-cryptography-network-security-2023-24,MCA,3,2023-24,KCA-011,Cryptography Network Security,OK,yes,yes,none
https://ryzenstudy.com/papers/aktu-mca-sem-3-cryptography-network-security-2024-25,MCA,3,2024-25,KCA011,Cryptography Network Security,OK,yes,yes,none
https://ryzenstudy.com/papers/aktu-mca-sem-3-data-warehousing-data-mining-2021-22,MCA,3,2021-22,KCA-012,Data Warehousing Data Mining,OK,yes,yes,none
https://ryzenstudy.com/papers/aktu-mca-sem-3-data-warehousing-data-mining-2022-23,MCA,3,2022-23,KCA-012,Data Warehousing Data Mining,OK,yes,yes,none
https://ryzenstudy.com/papers/aktu-mca-sem-3-data-warehousing-data-mining-2023-24,MCA,3,2023-24,KCA-012,Data Warehousing Data Mining,OK,yes,yes,none
https://ryzenstudy.com/papers/aktu-mca-sem-3-data-warehousing-data-mining-2024-25,MCA,3,2024-25,KCA012,Data Warehousing Data Mining,OK,yes,yes,none
https://ryzenstudy.com/papers/aktu-mca-sem-3-data-wirehousing-and-date-mining-2025-26,MCA,3,2025-26,BMC012,Data Wirehousing And Date Mining,OK,yes,yes,none
https://ryzenstudy.com/papers/aktu-mca-sem-3-digital-image-processing-2023-24,MCA,3,2023-24,KCA-025,Digital Image Processing,OK,yes,yes,none
https://ryzenstudy.com/papers/aktu-mca-sem-3-digital-image-processing-2024-25,MCA,3,2024-25,KCA025,Digital Image Processing,OK,yes,yes,none
https://ryzenstudy.com/papers/aktu-mca-sem-3-elementary-mathematics-bridge-course-2025-26,MCA,3,2025-26,BMC304,Elementary Mathematics Bridge Course,OK,yes,yes,none
https://ryzenstudy.com/papers/aktu-mca-sem-3-python-programming-2025-26,MCA,3,2025-26,BMC301,Python Programming,OK,yes,yes,none
https://ryzenstudy.com/papers/aktu-mca-sem-3-simulation-modeling-2021-22,MCA,3,2021-22,KCA-023,Simulation Modeling,OK,yes,yes,none
https://ryzenstudy.com/papers/aktu-mca-sem-3-simulation-modeling-2022-23,MCA,3,2022-23,KCA-023,Simulation Modeling,OK,yes,yes,none
https://ryzenstudy.com/papers/aktu-mca-sem-3-simulation-modeling-2023-24,MCA,3,2023-24,KCA-023,Simulation Modeling,OK,yes,yes,none
https://ryzenstudy.com/papers/aktu-mca-sem-3-simulation-modeling-2024-25,MCA,3,2024-25,KCA023,Simulation Modeling,OK,yes,yes,none
https://ryzenstudy.com/papers/aktu-mca-sem-3-software-engineering-2021-22,MCA,3,2021-22,KCA-302,Software Engineering,OK,yes,yes,none
https://ryzenstudy.com/papers/aktu-mca-sem-3-software-engineering-2022-23,MCA,3,2022-23,KCA-302,Software Engineering,OK,yes,yes,none
https://ryzenstudy.com/papers/aktu-mca-sem-3-software-engineering-2023-24,MCA,3,2023-24,KCA-302,Software Engineering,OK,yes,yes,none
https://ryzenstudy.com/papers/aktu-mca-sem-3-software-engineering-2024-25,MCA,3,2024-25,KCA302,Software Engineering,OK,yes,yes,none
https://ryzenstudy.com/papers/aktu-mca-sem-3-software-engineering-2025-26,MCA,3,2025-26,BMC302,Software Engineering,OK,yes,yes,none
https://ryzenstudy.com/papers/aktu-mca-sem-3-software-project-management-2021-22,MCA,3,2021-22,KCA-013,Software Project Management,OK,yes,yes,none
https://ryzenstudy.com/papers/aktu-mca-sem-3-software-project-management-2022-23,MCA,3,2022-23,KCA-013,Software Project Management,OK,yes,yes,none
https://ryzenstudy.com/papers/aktu-mca-sem-3-software-project-management-2023-24,MCA,3,2023-24,KCA-013,Software Project Management,OK,yes,yes,none
https://ryzenstudy.com/papers/aktu-mca-sem-3-software-project-management-2024-25,MCA,3,2024-25,KCA013,Software Project Management,OK,yes,yes,none
https://ryzenstudy.com/papers/aktu-mca-sem-3-software-testing-quality-assurance-2021-22,MCA,3,2021-22,KCA-024,Software Testing Quality Assurance,OK,yes,yes,none
https://ryzenstudy.com/papers/aktu-mca-sem-3-software-testing-quality-assurance-2022-23,MCA,3,2022-23,KCA-024,Software Testing Quality Assurance,OK,yes,yes,none
https://ryzenstudy.com/papers/aktu-mca-sem-3-software-testing-quality-assurance-2023-24,MCA,3,2023-24,KCA-024,Software Testing Quality Assurance,OK,yes,yes,none
https://ryzenstudy.com/papers/aktu-mca-sem-3-software-testing-quality-assurance-2024-25,MCA,3,2024-25,KCA024,Software Testing Quality Assurance,OK,yes,yes,none
https://ryzenstudy.com/papers/aktu-mca-sem-3-web-technology-2021-22,MCA,3,2021-22,KCA-021,Web Technology,OK,yes,yes,none
https://ryzenstudy.com/papers/aktu-mca-sem-3-web-technology-2022-23,MCA,3,2022-23,KCA-021,Web Technology,OK,yes,yes,none
https://ryzenstudy.com/papers/aktu-mca-sem-3-web-technology-2023-24,MCA,3,2023-24,KCA021,Web Technology,OK,yes,yes,none
https://ryzenstudy.com/papers/aktu-mca-sem-3-web-technology-2024-25,MCA,3,2024-25,KCA021,Web Technology,OK,yes,yes,none
https://ryzenstudy.com/papers/aktu-mca-sem-4-blockchain-architecture-2021-22,MCA,4,2021-22,KCA-041,Blockchain Architecture,OK,yes,yes,none
https://ryzenstudy.com/papers/aktu-mca-sem-4-blockchain-architecture-2022-23,MCA,4,2022-23,KCA041,Blockchain Architecture,OK,yes,yes,none
https://ryzenstudy.com/papers/aktu-mca-sem-4-blockchain-architecture-2024-25,MCA,4,2024-25,KCA041,Blockchain Architecture,OK,yes,yes,none
https://ryzenstudy.com/papers/aktu-mca-sem-4-computer-graphics-and-animation-2021-22,MCA,4,2021-22,KCA-052,Computer Graphics And Animation,OK,yes,yes,none
https://ryzenstudy.com/papers/aktu-mca-sem-4-computer-graphics-and-animation-2024-25,MCA,4,2024-25,KCA052,Computer Graphics And Animation,OK,yes,yes,none
https://ryzenstudy.com/papers/aktu-mca-sem-4-data-analytics-2021-22,MCA,4,2021-22,KCA-034,Data Analytics,OK,yes,yes,none
https://ryzenstudy.com/papers/aktu-mca-sem-4-data-analytics-2024-25,MCA,4,2024-25,KCA034,Data Analytics,OK,yes,yes,none
https://ryzenstudy.com/papers/aktu-mca-sem-4-distributed-database-system-2022-23,MCA,4,2022-23,KCA045,Distributed Database System,OK,yes,yes,none
https://ryzenstudy.com/papers/aktu-mca-sem-4-distributed-database-systems-2021-22,MCA,4,2021-22,KCA-045,Distributed Database Systems,OK,yes,yes,none
https://ryzenstudy.com/papers/aktu-mca-sem-4-distributed-database-systems-2024-25,MCA,4,2024-25,KCA045,Distributed Database Systems,OK,yes,yes,none
https://ryzenstudy.com/papers/aktu-mca-sem-4-internet-of-things-2021-22,MCA,4,2021-22,KCA-043,Internet Of Things,OK,yes,yes,none
https://ryzenstudy.com/papers/aktu-mca-sem-4-internet-of-things-2022-23,MCA,4,2022-23,KCA043,Internet Of Things,OK,yes,yes,none
https://ryzenstudy.com/papers/aktu-mca-sem-4-internet-of-things-2023-24,MCA,4,2023-24,KCS043,Internet Of Things,OK,yes,yes,none
https://ryzenstudy.com/papers/aktu-mca-sem-4-internet-of-things-2024-25,MCA,4,2024-25,KCA043,Internet Of Things,OK,yes,yes,none
https://ryzenstudy.com/papers/aktu-mca-sem-4-machine-learning-2021-22,MCA,4,2021-22,KCA-054,Machine Learning,OK,yes,yes,none
https://ryzenstudy.com/papers/aktu-mca-sem-4-machine-learning-2024-25,MCA,4,2024-25,KCA054,Machine Learning,OK,yes,yes,none
https://ryzenstudy.com/papers/aktu-mca-sem-4-mobile-computing-2021-22,MCA,4,2021-22,KCA-051,Mobile Computing,OK,yes,yes,none
https://ryzenstudy.com/papers/aktu-mca-sem-4-mobile-computing-2023-24,MCA,4,2023-24,KCA051,Mobile Computing,OK,yes,yes,none
https://ryzenstudy.com/papers/aktu-mca-sem-4-mobile-computing-2024-25,MCA,4,2024-25,KCA051,Mobile Computing,OK,yes,yes,none
https://ryzenstudy.com/papers/aktu-mca-sem-4-modern-applicatioin-development-2022-23,MCA,4,2022-23,KCA044,Modern Applicatioin Development,OK,yes,yes,none
https://ryzenstudy.com/papers/aktu-mca-sem-4-modern-application-development-2021-22,MCA,4,2021-22,KCA-044,Modern Application Development,OK,yes,yes,none
https://ryzenstudy.com/papers/aktu-mca-sem-4-modern-application-development-2024-25,MCA,4,2024-25,KCA044,Modern Application Development,OK,yes,yes,none
https://ryzenstudy.com/papers/aktu-mca-sem-4-natural-language-processing-2021-22,MCA,4,2021-22,KCA-053,Natural Language Processing,OK,yes,yes,none
https://ryzenstudy.com/papers/aktu-mca-sem-4-natural-language-processing-2024-25,MCA,4,2024-25,KCA053,Natural Language Processing,OK,yes,yes,none
https://ryzenstudy.com/papers/aktu-mca-sem-4-neural-network-2021-22,MCA,4,2021-22,KCA-042,Neural Network,OK,yes,yes,none
https://ryzenstudy.com/papers/aktu-mca-sem-4-neural-network-2022-23,MCA,4,2022-23,KCA042,Neural Network,OK,yes,yes,none
https://ryzenstudy.com/papers/aktu-mca-sem-4-neural-network-2024-25,MCA,4,2024-25,KCA042,Neural Network,OK,yes,yes,none
https://ryzenstudy.com/papers/aktu-mca-sem-4-pattern-recognition-2021-22,MCA,4,2021-22,KCA-033,Pattern Recognition,OK,yes,yes,none
https://ryzenstudy.com/papers/aktu-mca-sem-4-pattern-recognition-2024-25,MCA,4,2024-25,KCA033,Pattern Recognition,OK,yes,yes,none
https://ryzenstudy.com/papers/aktu-mca-sem-4-privacy-security-in-online-social-media-2021-22,MCA,4,2021-22,KCA-031,Privacy Security In Online Social Media,OK,yes,yes,none
https://ryzenstudy.com/papers/aktu-mca-sem-4-privacy-security-in-online-social-media-2024-25,MCA,4,2024-25,KCA031,Privacy Security In Online Social Media,OK,yes,yes,none
https://ryzenstudy.com/papers/aktu-mca-sem-4-quantum-computing-2024-25,MCA,4,2024-25,KCA055,Quantum Computing,OK,yes,yes,none
https://ryzenstudy.com/papers/aktu-mca-sem-4-soft-computing-2021-22,MCA,4,2021-22,KCA-032,Soft Computing,OK,yes,yes,none
https://ryzenstudy.com/papers/aktu-mca-sem-4-soft-computing-2024-25,MCA,4,2024-25,KCA032,Soft Computing,OK,yes,yes,none
https://ryzenstudy.com/papers/aktu-mca-sem-4-software-quality-engineering-2021-22,MCA,4,2021-22,KCA-035,Software Quality Engineering,OK,yes,yes,none
https://ryzenstudy.com/papers/aktu-mca-sem-4-software-quality-engineering-2023-24,MCA,4,2023-24,KCA035,Software Quality Engineering,OK,yes,yes,none
https://ryzenstudy.com/papers/aktu-mca-sem-4-software-quality-engineering-2024-25,MCA,4,2024-25,KCA035,Software Quality Engineering,OK,yes,yes,none
