course,semester,academic_year,paper_code,paper_name,paper_url,pdf_url,structured_path,unstructured_path,status,downloaded_at
BTech,1,2021-22,KMC-101,Artificial Intelligence For Engineers,https://ryzenstudy.com/papers/aktu-btech-sem-1-artificial-intelligence-for-engineers-2021-22,https://ryzenstudy.com/uploads/1774894566637-ARTIFICIAL_INTELLIGENCE_FOR_ENGINEERS_KMC_101.pdf,BTech\Sem-01\2021-22\BTech__Sem01__2021-22__KMC-101__artificial-intelligence-for-engineers.pdf,BTech__Sem01__2021-22__KMC-101__artificial-intelligence-for-engineers.pdf,OK,2026-09-07 08:42:55
BTech,1,2021-22,KEE-101T,Basic Of Electrical Engineering,https://ryzenstudy.com/papers/aktu-btech-sem-1-basic-of-electrical-engineering-2021-22,https://ryzenstudy.com/uploads/1774894566558-BASIC_OF_ELECTRICAL_ENGINEERING_KEE_101T.pdf,BTech\Sem-01\2021-22\BTech__Sem01__2021-22__KEE-101T__basic-of-electrical-engineering.pdf,BTech__Sem01__2021-22__KEE-101T__basic-of-electrical-engineering.pdf,OK,2026-09-07 08:42:59
BTech,1,2021-22,KEC-101T,Emerging Domain In Electronics Engineering,https://ryzenstudy.com/papers/aktu-btech-sem-1-emerging-domain-in-electronics-engineering-2021-22,https://ryzenstudy.com/uploads/1774894566732-EMERGING_DOMAIN_IN_ELECTRONICS_ENGINEERING_KEC_101T.pdf,BTech\Sem-01\2021-22\BTech__Sem01__2021-22__KEC-101T__emerging-domain-in-electronics-engineering.pdf,BTech__Sem01__2021-22__KEC-101T__emerging-domain-in-electronics-engineering.pdf,OK,2026-09-07 08:43:01
BTech,1,2021-22,KMC-102,Emerging Technology For Engineering,https://ryzenstudy.com/papers/aktu-btech-sem-1-emerging-technology-for-engineering-2021-22,https://ryzenstudy.com/uploads/1774894567225-EMERGING_TECHNOLOGY_FOR_ENGINEERING_KMC_102.pdf,BTech\Sem-01\2021-22\BTech__Sem01__2021-22__KMC-102__emerging-technology-for-engineering.pdf,BTech__Sem01__2021-22__KMC-102__emerging-technology-for-engineering.pdf,OK,2026-09-07 08:43:04
BTech,1,2021-22,KAS-102T,Engineering Chemistry,https://ryzenstudy.com/papers/aktu-btech-sem-1-engineering-chemistry-2021-22,https://ryzenstudy.com/uploads/1774894567084-ENGINEERING_CHEMISTRY_KAS_102T.pdf,BTech\Sem-01\2021-22\BTech__Sem01__2021-22__KAS-102T__engineering-chemistry.pdf,BTech__Sem01__2021-22__KAS-102T__engineering-chemistry.pdf,OK,2026-09-07 08:43:06
BTech,1,2022-23,BAS-102,Engineering Chemistry,https://ryzenstudy.com/papers/aktu-btech-sem-1-engineering-chemistry-2022-23,https://ryzenstudy.com/uploads/1774894660689-ENGINEERING_CHEMISTRY_BAS_102.pdf,BTech\Sem-01\2022-23\BTech__Sem01__2022-23__BAS-102__engineering-chemistry.pdf,BTech__Sem01__2022-23__BAS-102__engineering-chemistry.pdf,OK,2026-09-07 08:43:09
BTech,1,2023-24,BAS102,Engineering Chemistry,https://ryzenstudy.com/papers/aktu-btech-sem-1-engineering-chemistry-2023-24,https://ryzenstudy.com/uploads/1774894706337-BAS102_ENGINEERING_CHEMISTRY.pdf,BTech\Sem-01\2023-24\BTech__Sem01__2023-24__BAS102__engineering-chemistry.pdf,BTech__Sem01__2023-24__BAS102__engineering-chemistry.pdf,OK,2026-09-07 08:43:12
BTech,1,2024-25,BAS102,Engineering Chemistry,https://ryzenstudy.com/papers/aktu-btech-sem-1-engineering-chemistry-2024-25,https://ryzenstudy.com/uploads/1774894742878-BAS102_ENGINEERING_CHEMISTRY.pdf,BTech\Sem-01\2024-25\BTech__Sem01__2024-25__BAS102__engineering-chemistry.pdf,BTech__Sem01__2024-25__BAS102__engineering-chemistry.pdf,OK,2026-09-07 08:43:16
BTech,1,2025-26,BAS102,Engineering Chemistry,https://ryzenstudy.com/papers/aktu-btech-sem-1-engineering-chemistry-2025-26,https://ryzenstudy.com/uploads/1774895819611-BAS102_ENGINEERING_CHEMISTRY.pdf,BTech\Sem-01\2025-26\BTech__Sem01__2025-26__BAS102__engineering-chemistry.pdf,BTech__Sem01__2025-26__BAS102__engineering-chemistry.pdf,OK,2026-09-07 08:43:19
BTech,1,2021-22,KAS-103T,Engineering Mathematics I,https://ryzenstudy.com/papers/aktu-btech-sem-1-engineering-mathematics-i-2021-22,https://ryzenstudy.com/uploads/1774894567006-ENGINEERING_MATHEMATICS_I_KAS_103T.pdf,BTech\Sem-01\2021-22\BTech__Sem01__2021-22__KAS-103T__engineering-mathematics-i.pdf,BTech__Sem01__2021-22__KAS-103T__engineering-mathematics-i.pdf,OK,2026-09-07 08:43:21
BTech,1,2022-23,BAS-103,Engineering Mathematics I,https://ryzenstudy.com/papers/aktu-btech-sem-1-engineering-mathematics-i-2022-23,https://ryzenstudy.com/uploads/1774894661094-ENGINEERING_MATHEMATICS_I_BAS_103.pdf,BTech\Sem-01\2022-23\BTech__Sem01__2022-23__BAS-103__engineering-mathematics-i.pdf,BTech__Sem01__2022-23__BAS-103__engineering-mathematics-i.pdf,OK,2026-09-07 08:43:24
BTech,1,2023-24,BAS103,Engineering Mathematics I,https://ryzenstudy.com/papers/aktu-btech-sem-1-engineering-mathematics-i-2023-24,https://ryzenstudy.com/uploads/1774894706065-BAS103_ENGINEERING_MATHEMATICS_I.pdf,BTech\Sem-01\2023-24\BTech__Sem01__2023-24__BAS103__engineering-mathematics-i.pdf,BTech__Sem01__2023-24__BAS103__engineering-mathematics-i.pdf,OK,2026-09-07 08:43:27
BTech,1,2024-25,BAS103,Engineering Mathematics I,https://ryzenstudy.com/papers/aktu-btech-sem-1-engineering-mathematics-i-2024-25,https://ryzenstudy.com/uploads/1774894742636-BAS103_ENGINEERING_MATHEMATICS_I.pdf,BTech\Sem-01\2024-25\BTech__Sem01__2024-25__BAS103__engineering-mathematics-i.pdf,BTech__Sem01__2024-25__BAS103__engineering-mathematics-i.pdf,OK,2026-09-07 08:43:30
BTech,1,2025-26,BAS103,Engineering Mathematics I,https://ryzenstudy.com/papers/aktu-btech-sem-1-engineering-mathematics-i-2025-26,https://ryzenstudy.com/uploads/1774895819282-BAS103_ENGINEERING_MATHEMATICS_I.pdf,BTech\Sem-01\2025-26\BTech__Sem01__2025-26__BAS103__engineering-mathematics-i.pdf,BTech__Sem01__2025-26__BAS103__engineering-mathematics-i.pdf,OK,2026-09-07 08:43:32
BTech,1,2021-22,KAS-101T,Engineering Physics,https://ryzenstudy.com/papers/aktu-btech-sem-1-engineering-physics-2021-22,https://ryzenstudy.com/uploads/1774894566814-ENGINEERING_PHYSICS_KAS_101T.pdf,BTech\Sem-01\2021-22\BTech__Sem01__2021-22__KAS-101T__engineering-physics.pdf,BTech__Sem01__2021-22__KAS-101T__engineering-physics.pdf,OK,2026-09-07 08:43:35
BTech,1,2022-23,BAS-101,Engineering Physics,https://ryzenstudy.com/papers/aktu-btech-sem-1-engineering-physics-2022-23,https://ryzenstudy.com/uploads/1774894661286-ENGINEERING_PHYSICS_BAS_101.pdf,BTech\Sem-01\2022-23\BTech__Sem01__2022-23__BAS-101__engineering-physics.pdf,BTech__Sem01__2022-23__BAS-101__engineering-physics.pdf,OK,2026-09-07 08:43:38
BTech,1,2023-24,BAS101,Engineering Physics,https://ryzenstudy.com/papers/aktu-btech-sem-1-engineering-physics-2023-24,https://ryzenstudy.com/uploads/1774894705806-BAS101_ENGINEERING_PHYSICS.pdf,BTech\Sem-01\2023-24\BTech__Sem01__2023-24__BAS101__engineering-physics.pdf,BTech__Sem01__2023-24__BAS101__engineering-physics.pdf,OK,2026-09-07 08:43:41
BTech,1,2024-25,BAS101,Engineering Physics,https://ryzenstudy.com/papers/aktu-btech-sem-1-engineering-physics-2024-25,https://ryzenstudy.com/uploads/1774894742557-BAS101_ENGINEERING_PHYSICS__1_.pdf,BTech\Sem-01\2024-25\BTech__Sem01__2024-25__BAS101__engineering-physics.pdf,BTech__Sem01__2024-25__BAS101__engineering-physics.pdf,OK,2026-09-07 08:43:44
BTech,1,2025-26,BAS101,Engineering Physics,https://ryzenstudy.com/papers/aktu-btech-sem-1-engineering-physics-2025-26,https://ryzenstudy.com/uploads/1774895819117-BAS101_ENGINEERING_PHYSICS.pdf,BTech\Sem-01\2025-26\BTech__Sem01__2025-26__BAS101__engineering-physics.pdf,BTech__Sem01__2025-26__BAS101__engineering-physics.pdf,OK,2026-09-07 08:43:47
BTech,1,2022-23,BAS-104,Environment And Ecology,https://ryzenstudy.com/papers/aktu-btech-sem-1-environment-and-ecology-2022-23,https://ryzenstudy.com/uploads/1774894660501-ENVIRONMENT_AND_ECOLOGY_BAS_104.pdf,BTech\Sem-01\2022-23\BTech__Sem01__2022-23__BAS-104__environment-and-ecology.pdf,BTech__Sem01__2022-23__BAS-104__environment-and-ecology.pdf,OK,2026-09-07 08:43:50
BTech,1,2023-24,BAS104,Environment And Ecology,https://ryzenstudy.com/papers/aktu-btech-sem-1-environment-and-ecology-2023-24,https://ryzenstudy.com/uploads/1774894706555-BAS104_ENVIRONMENT_AND_ECOLOGY.pdf,BTech\Sem-01\2023-24\BTech__Sem01__2023-24__BAS104__environment-and-ecology.pdf,BTech__Sem01__2023-24__BAS104__environment-and-ecology.pdf,OK,2026-09-07 08:43:53
BTech,1,2024-25,BAS104,Environment And Ecology,https://ryzenstudy.com/papers/aktu-btech-sem-1-environment-and-ecology-2024-25,https://ryzenstudy.com/uploads/1774894743105-BAS104_ENVIRONMENT_AND_ECOLOGY.pdf,BTech\Sem-01\2024-25\BTech__Sem01__2024-25__BAS104__environment-and-ecology.pdf,BTech__Sem01__2024-25__BAS104__environment-and-ecology.pdf,OK,2026-09-07 08:43:56
BTech,1,2025-26,BAS104,Environment And Ecology,https://ryzenstudy.com/papers/aktu-btech-sem-1-environment-and-ecology-2025-26,https://ryzenstudy.com/uploads/1774895819822-BAS104_ENVIRONMENT_AND_ECOLOGY.pdf,BTech\Sem-01\2025-26\BTech__Sem01__2025-26__BAS104__environment-and-ecology.pdf,BTech__Sem01__2025-26__BAS104__environment-and-ecology.pdf,OK,2026-09-07 08:43:59
BTech,1,2022-23,BEE-101,Fundamentals Of Electrical Engineering,https://ryzenstudy.com/papers/aktu-btech-sem-1-fundamentals-of-electrical-engineering-2022-23,https://ryzenstudy.com/uploads/1774894660105-Fundamentals_of_Electrical_Engineering_BEE_101.pdf,BTech\Sem-01\2022-23\BTech__Sem01__2022-23__BEE-101__fundamentals-of-electrical-engineering.pdf,BTech__Sem01__2022-23__BEE-101__fundamentals-of-electrical-engineering.pdf,OK,2026-09-07 08:44:02
BTech,1,2023-24,BEE101,Fundamentals Of Electrical Engineering,https://ryzenstudy.com/papers/aktu-btech-sem-1-fundamentals-of-electrical-engineering-2023-24,https://ryzenstudy.com/uploads/1774894706263-BEE101_FUNDAMENTALS_OF_ELECTRICAL_ENGINEERING.pdf,BTech\Sem-01\2023-24\BTech__Sem01__2023-24__BEE101__fundamentals-of-electrical-engineering.pdf,BTech__Sem01__2023-24__BEE101__fundamentals-of-electrical-engineering.pdf,OK,2026-09-07 08:44:05
BTech,1,2024-25,BEE101,Fundamentals Of Electrical Engineering,https://ryzenstudy.com/papers/aktu-btech-sem-1-fundamentals-of-electrical-engineering-2024-25,https://ryzenstudy.com/uploads/1774894742799-BEE101_FUNDAMENTALS_OF_ELECTRICAL_ENGINEERING.pdf,BTech\Sem-01\2024-25\BTech__Sem01__2024-25__BEE101__fundamentals-of-electrical-engineering.pdf,BTech__Sem01__2024-25__BEE101__fundamentals-of-electrical-engineering.pdf,OK,2026-09-07 08:44:07
BTech,1,2025-26,BEE101,Fundamentals Of Electrical Engineering,https://ryzenstudy.com/papers/aktu-btech-sem-1-fundamentals-of-electrical-engineering-2025-26,https://ryzenstudy.com/uploads/1774895819534-BEE101_FUNDAMENTALS_OF_ELECTRICAL_ENGINEERING.pdf,BTech\Sem-01\2025-26\BTech__Sem01__2025-26__BEE101__fundamentals-of-electrical-engineering.pdf,BTech__Sem01__2025-26__BEE101__fundamentals-of-electrical-engineering.pdf,OK,2026-09-07 08:44:10
BTech,1,2022-23,BEC-101,Fundamentals Of Electronics Engineering,https://ryzenstudy.com/papers/aktu-btech-sem-1-fundamentals-of-electronics-engineering-2022-23,https://ryzenstudy.com/uploads/1774894661417-FUNDAMENTALS_OF_ELECTRONICS_ENGINEERING_BEC_101.pdf,BTech\Sem-01\2022-23\BTech__Sem01__2022-23__BEC-101__fundamentals-of-electronics-engineering.pdf,BTech__Sem01__2022-23__BEC-101__fundamentals-of-electronics-engineering.pdf,OK,2026-09-07 08:44:13
BTech,1,2023-24,BEC101,Fundamentals Of Electronics Engineering,https://ryzenstudy.com/papers/aktu-btech-sem-1-fundamentals-of-electronics-engineering-2023-24,https://ryzenstudy.com/uploads/1774894706486-BEC101_FUNDAMENTALS_OF_ELECTRONICS_ENGINEERING.pdf,BTech\Sem-01\2023-24\BTech__Sem01__2023-24__BEC101__fundamentals-of-electronics-engineering.pdf,BTech__Sem01__2023-24__BEC101__fundamentals-of-electronics-engineering.pdf,OK,2026-09-07 08:44:16
BTech,1,2024-25,BEC101,Fundamentals Of Electronics Engineering,https://ryzenstudy.com/papers/aktu-btech-sem-1-fundamentals-of-electronics-engineering-2024-25,https://ryzenstudy.com/uploads/1774894743034-BEC101_FUNDAMENTALS_OF_ELECTRONICS_ENGINEERING.pdf,BTech\Sem-01\2024-25\BTech__Sem01__2024-25__BEC101__fundamentals-of-electronics-engineering.pdf,BTech__Sem01__2024-25__BEC101__fundamentals-of-electronics-engineering.pdf,OK,2026-09-07 08:44:18
BTech,1,2025-26,BEC101,Fundamentals Of Electronics Engineering,https://ryzenstudy.com/papers/aktu-btech-sem-1-fundamentals-of-electronics-engineering-2025-26,https://ryzenstudy.com/uploads/1774895819765-BEC101_FUNDAMENTALS_OF_ELECTRONICS_ENGINEERING.pdf,BTech\Sem-01\2025-26\BTech__Sem01__2025-26__BEC101__fundamentals-of-electronics-engineering.pdf,BTech__Sem01__2025-26__BEC101__fundamentals-of-electronics-engineering.pdf,OK,2026-09-07 08:44:21
BTech,1,2022-23,BME-101,Fundamentals Of Mechanical Engineering,https://ryzenstudy.com/papers/aktu-btech-sem-1-fundamentals-of-mechanical-engineering-2022-23,https://ryzenstudy.com/uploads/1774894659336-Fundamentals_of_Mechanical_Engineering_BME_101.pdf,BTech\Sem-01\2022-23\BTech__Sem01__2022-23__BME-101__fundamentals-of-mechanical-engineering.pdf,BTech__Sem01__2022-23__BME-101__fundamentals-of-mechanical-engineering.pdf,OK,2026-09-07 08:44:24
BTech,1,2023-24,BME101,Fundamentals Of Mechanical Engineering,https://ryzenstudy.com/papers/aktu-btech-sem-1-fundamentals-of-mechanical-engineering-2023-24,https://ryzenstudy.com/uploads/1774894706183-BME101_FUNDAMENTALS_OF_MECHANICAL_ENGINEERING.pdf,BTech\Sem-01\2023-24\BTech__Sem01__2023-24__BME101__fundamentals-of-mechanical-engineering.pdf,BTech__Sem01__2023-24__BME101__fundamentals-of-mechanical-engineering.pdf,OK,2026-09-07 08:44:27
BTech,1,2024-25,BME101,Fundamentals Of Mechanical Engineering,https://ryzenstudy.com/papers/aktu-btech-sem-1-fundamentals-of-mechanical-engineering-2024-25,https://ryzenstudy.com/uploads/1774894742716-BME101_FUNDAMENTALS_OF_MECHANICAL_ENGINEERING.pdf,BTech\Sem-01\2024-25\BTech__Sem01__2024-25__BME101__fundamentals-of-mechanical-engineering.pdf,BTech__Sem01__2024-25__BME101__fundamentals-of-mechanical-engineering.pdf,OK,2026-09-07 08:44:30
BTech,1,2025-26,BME101,Fundamentals Of Mechanical Engineering,https://ryzenstudy.com/papers/aktu-btech-sem-1-fundamentals-of-mechanical-engineering-2025-26,https://ryzenstudy.com/uploads/1774895819365-BME101_FUNDAMENTALS_OF_MECHANICAL_ENGINEERING.pdf,BTech\Sem-01\2025-26\BTech__Sem01__2025-26__BME101__fundamentals-of-mechanical-engineering.pdf,BTech__Sem01__2025-26__BME101__fundamentals-of-mechanical-engineering.pdf,OK,2026-09-07 08:44:33
BTech,1,2021-22,KME-101T,Fundamentals Of Mechanical Engineering Mechatronics,https://ryzenstudy.com/papers/aktu-btech-sem-1-fundamentals-of-mechanical-engineering-mechatronics-2021-22,https://ryzenstudy.com/uploads/1774894566905-FUNDAMENTALS_OF_MECHANICAL_ENGINEERING_MECHATRONICS_KME_101T.pdf,BTech\Sem-01\2021-22\BTech__Sem01__2021-22__KME-101T__fundamentals-of-mechanical-engineering-mechatronics.pdf,BTech__Sem01__2021-22__KME-101T__fundamentals-of-mechanical-engineering-mechatronics.pdf,OK,2026-09-07 08:44:36
BTech,1,2021-22,KCS-101T,Programming For Problem Solving,https://ryzenstudy.com/papers/aktu-btech-sem-1-programming-for-problem-solving-2021-22,https://ryzenstudy.com/uploads/1774894566343-PROGRAMMING_FOR_PROBLEM_SOLVING_KCS_101T.pdf,BTech\Sem-01\2021-22\BTech__Sem01__2021-22__KCS-101T__programming-for-problem-solving.pdf,BTech__Sem01__2021-22__KCS-101T__programming-for-problem-solving.pdf,OK,2026-09-07 08:44:39
BTech,1,2022-23,BCS-101,Programming For Problem Solving,https://ryzenstudy.com/papers/aktu-btech-sem-1-programming-for-problem-solving-2022-23,https://ryzenstudy.com/uploads/1774894659875-PROGRAMMING_FOR_PROBLEM_SOLVING_BCS_101.pdf,BTech\Sem-01\2022-23\BTech__Sem01__2022-23__BCS-101__programming-for-problem-solving.pdf,BTech__Sem01__2022-23__BCS-101__programming-for-problem-solving.pdf,OK,2026-09-07 08:44:42
BTech,1,2023-24,BCS101,Programming For Problem Solving,https://ryzenstudy.com/papers/aktu-btech-sem-1-programming-for-problem-solving-2023-24,https://ryzenstudy.com/uploads/1774894706405-BCS101_PROGRAMMING_FOR_PROBLEM_SOLVING.pdf,BTech\Sem-01\2023-24\BTech__Sem01__2023-24__BCS101__programming-for-problem-solving.pdf,BTech__Sem01__2023-24__BCS101__programming-for-problem-solving.pdf,OK,2026-09-07 08:44:45
BTech,1,2024-25,BCS101,Programming For Problem Solving,https://ryzenstudy.com/papers/aktu-btech-sem-1-programming-for-problem-solving-2024-25,https://ryzenstudy.com/uploads/1774894742953-BCS101_PROGRAMMING_FOR_PROBLEM_SOLVING.pdf,BTech\Sem-01\2024-25\BTech__Sem01__2024-25__BCS101__programming-for-problem-solving.pdf,BTech__Sem01__2024-25__BCS101__programming-for-problem-solving.pdf,OK,2026-09-07 08:44:47
BTech,1,2025-26,BCS101,Programming For Problem Solving,https://ryzenstudy.com/papers/aktu-btech-sem-1-programming-for-problem-solving-2025-26,https://ryzenstudy.com/uploads/1774895819681-BCS101_PROGRAMMING_FOR_PROBLEM_SOLVING.pdf,BTech\Sem-01\2025-26\BTech__Sem01__2025-26__BCS101__programming-for-problem-solving.pdf,BTech__Sem01__2025-26__BCS101__programming-for-problem-solving.pdf,OK,2026-09-07 08:44:50
BTech,1,2022-23,BAS-105,Soft Skills,https://ryzenstudy.com/papers/aktu-btech-sem-1-soft-skills-2022-23,https://ryzenstudy.com/uploads/1774894659625-SOFT_SKILLS_BAS_105.pdf,BTech\Sem-01\2022-23\BTech__Sem01__2022-23__BAS-105__soft-skills.pdf,BTech__Sem01__2022-23__BAS-105__soft-skills.pdf,OK,2026-09-07 08:44:53
BTech,1,2023-24,BAS105,Soft Skills,https://ryzenstudy.com/papers/aktu-btech-sem-1-soft-skills-2023-24,https://ryzenstudy.com/uploads/1774894706628-BAS105_SOFT_SKILLS.pdf,BTech\Sem-01\2023-24\BTech__Sem01__2023-24__BAS105__soft-skills.pdf,BTech__Sem01__2023-24__BAS105__soft-skills.pdf,OK,2026-09-07 08:44:56
BTech,1,2024-25,BAS105,Soft Skills,https://ryzenstudy.com/papers/aktu-btech-sem-1-soft-skills-2024-25,https://ryzenstudy.com/uploads/1774894743178-BAS105_SOFT_SKILLS.pdf,BTech\Sem-01\2024-25\BTech__Sem01__2024-25__BAS105__soft-skills.pdf,BTech__Sem01__2024-25__BAS105__soft-skills.pdf,OK,2026-09-07 08:44:58
BTech,1,2025-26,BAS105,Soft Skills,https://ryzenstudy.com/papers/aktu-btech-sem-1-soft-skills-2025-26,https://ryzenstudy.com/uploads/1774895819888-BAS105_SOFT_SKILLS.pdf,BTech\Sem-01\2025-26\BTech__Sem01__2025-26__BAS105__soft-skills.pdf,BTech__Sem01__2025-26__BAS105__soft-skills.pdf,OK,2026-09-07 08:45:01
BTech,1,2021-22,KNC-101,Soft Skills I,https://ryzenstudy.com/papers/aktu-btech-sem-1-soft-skills-i-2021-22,https://ryzenstudy.com/uploads/1774894567155-SOFT_SKILLS_I_KNC_101.pdf,BTech\Sem-01\2021-22\BTech__Sem01__2021-22__KNC-101__soft-skills-i.pdf,BTech__Sem01__2021-22__KNC-101__soft-skills-i.pdf,OK,2026-09-07 08:45:05
BTech,2,2021-22,KMC201,Ai For Engineering,https://ryzenstudy.com/papers/aktu-btech-sem-2-ai-for-engineering-2021-22,https://ryzenstudy.com/uploads/1774894998668-AI_FOR_ENGINEERING_KMC201.pdf,BTech\Sem-02\2021-22\BTech__Sem02__2021-22__KMC201__ai-for-engineering.pdf,BTech__Sem02__2021-22__KMC201__ai-for-engineering.pdf,OK,2026-09-07 08:45:07
BTech,2,2021-22,KEE201T,Basic Electrical Engineering,https://ryzenstudy.com/papers/aktu-btech-sem-2-basic-electrical-engineering-2021-22,https://ryzenstudy.com/uploads/1774894998823-BASIC_ELECTRICAL_ENGINEERING_KEE201T.pdf,BTech\Sem-02\2021-22\BTech__Sem02__2021-22__KEE201T__basic-electrical-engineering.pdf,BTech__Sem02__2021-22__KEE201T__basic-electrical-engineering.pdf,OK,2026-09-07 08:45:10
BTech,2,2021-22,KEC201T,Emerging Domain In Electronics Engineering,https://ryzenstudy.com/papers/aktu-btech-sem-2-emerging-domain-in-electronics-engineering-2021-22,https://ryzenstudy.com/uploads/1774894998283-EMERGING_DOMAIN_IN_ELECTRONICS_ENGINEERING_KEC201T.pdf,BTech\Sem-02\2021-22\BTech__Sem02__2021-22__KEC201T__emerging-domain-in-electronics-engineering.pdf,BTech__Sem02__2021-22__KEC201T__emerging-domain-in-electronics-engineering.pdf,OK,2026-09-07 08:45:13
BTech,2,2021-22,KMC202,Emerging Technology For Engineering,https://ryzenstudy.com/papers/aktu-btech-sem-2-emerging-technology-for-engineering-2021-22,https://ryzenstudy.com/uploads/1774894998517-EMERGING_TECHNOLOGY_FOR_ENGINEERING_KMC202.pdf,BTech\Sem-02\2021-22\BTech__Sem02__2021-22__KMC202__emerging-technology-for-engineering.pdf,BTech__Sem02__2021-22__KMC202__emerging-technology-for-engineering.pdf,OK,2026-09-07 08:45:17
BTech,2,2021-22,KAS202T,Engineering Chemistry,https://ryzenstudy.com/papers/aktu-btech-sem-2-engineering-chemistry-2021-22,https://ryzenstudy.com/uploads/1774894998379-ENGINEERING_CHEMISTRY_KAS202T.pdf,BTech\Sem-02\2021-22\BTech__Sem02__2021-22__KAS202T__engineering-chemistry.pdf,BTech__Sem02__2021-22__KAS202T__engineering-chemistry.pdf,OK,2026-09-07 08:45:20
BTech,2,2022-23,BAS202,Engineering Chemistry,https://ryzenstudy.com/papers/aktu-btech-sem-2-engineering-chemistry-2022-23,https://ryzenstudy.com/uploads/1774895022414-ENGINEERING_CHEMISTRY_BAS202.pdf,BTech\Sem-02\2022-23\BTech__Sem02__2022-23__BAS202__engineering-chemistry.pdf,BTech__Sem02__2022-23__BAS202__engineering-chemistry.pdf,OK,2026-09-07 08:45:23
BTech,2,2023-24,BAS202,Engineering Chemistry,https://ryzenstudy.com/papers/aktu-btech-sem-2-engineering-chemistry-2023-24,https://ryzenstudy.com/uploads/1774895078369-BAS202_ENGINEERING_CHEMISTRY.pdf,BTech\Sem-02\2023-24\BTech__Sem02__2023-24__BAS202__engineering-chemistry.pdf,BTech__Sem02__2023-24__BAS202__engineering-chemistry.pdf,OK,2026-09-07 08:45:26
BTech,2,2024-25,BAS202,Engineering Chemistry,https://ryzenstudy.com/papers/aktu-btech-sem-2-engineering-chemistry-2024-25,https://ryzenstudy.com/uploads/1774895101739-BAS202_ENGINEERING_CHEMISTRY.pdf,BTech\Sem-02\2024-25\BTech__Sem02__2024-25__BAS202__engineering-chemistry.pdf,BTech__Sem02__2024-25__BAS202__engineering-chemistry.pdf,OK,2026-09-07 08:45:29
BTech,2,2021-22,KAS203T,Engineering Mathematics Ii,https://ryzenstudy.com/papers/aktu-btech-sem-2-engineering-mathematics-ii-2021-22,https://ryzenstudy.com/uploads/1774894998167-ENGINEERING_MATHEMATICS_II_KAS203T.pdf,BTech\Sem-02\2021-22\BTech__Sem02__2021-22__KAS203T__engineering-mathematics-ii.pdf,BTech__Sem02__2021-22__KAS203T__engineering-mathematics-ii.pdf,OK,2026-09-07 08:45:31
BTech,2,2022-23,BAS203,Engineering Mathematics Ii,https://ryzenstudy.com/papers/aktu-btech-sem-2-engineering-mathematics-ii-2022-23,https://ryzenstudy.com/uploads/1774895021430-ENGINEERING_MATHEMATICS_II_BAS203.pdf,BTech\Sem-02\2022-23\BTech__Sem02__2022-23__BAS203__engineering-mathematics-ii.pdf,BTech__Sem02__2022-23__BAS203__engineering-mathematics-ii.pdf,OK,2026-09-07 08:45:34
BTech,2,2023-24,BAS203,Engineering Mathematics Ii,https://ryzenstudy.com/papers/aktu-btech-sem-2-engineering-mathematics-ii-2023-24,https://ryzenstudy.com/uploads/1774895078286-BAS203_ENGINEERING_MATHEMATICS_II.pdf,BTech\Sem-02\2023-24\BTech__Sem02__2023-24__BAS203__engineering-mathematics-ii.pdf,BTech__Sem02__2023-24__BAS203__engineering-mathematics-ii.pdf,OK,2026-09-07 08:45:38
BTech,2,2024-25,BAS203,Engineering Mathematics Ii,https://ryzenstudy.com/papers/aktu-btech-sem-2-engineering-mathematics-ii-2024-25,https://ryzenstudy.com/uploads/1774895101659-BAS203_ENGINEERING_MATHEMATICS_II.pdf,BTech\Sem-02\2024-25\BTech__Sem02__2024-25__BAS203__engineering-mathematics-ii.pdf,BTech__Sem02__2024-25__BAS203__engineering-mathematics-ii.pdf,OK,2026-09-07 08:45:40
BTech,2,2021-22,KAS201T,Engineering Physics,https://ryzenstudy.com/papers/aktu-btech-sem-2-engineering-physics-2021-22,https://ryzenstudy.com/uploads/1774894998738-ENGINEERING_PHYSICS_KAS201T.pdf,BTech\Sem-02\2021-22\BTech__Sem02__2021-22__KAS201T__engineering-physics.pdf,BTech__Sem02__2021-22__KAS201T__engineering-physics.pdf,OK,2026-09-07 08:45:43
BTech,2,2022-23,BAS201,Engineering Physics,https://ryzenstudy.com/papers/aktu-btech-sem-2-engineering-physics-2022-23,https://ryzenstudy.com/uploads/1774895022660-ENGINEERING_PHYSICS_BAS201.pdf,BTech\Sem-02\2022-23\BTech__Sem02__2022-23__BAS201__engineering-physics.pdf,BTech__Sem02__2022-23__BAS201__engineering-physics.pdf,OK,2026-09-07 08:45:46
BTech,2,2023-24,BAS201,Engineering Physics,https://ryzenstudy.com/papers/aktu-btech-sem-2-engineering-physics-2023-24,https://ryzenstudy.com/uploads/1774895078628-BAS201_ENGINEERING_PHYSICS.pdf,BTech\Sem-02\2023-24\BTech__Sem02__2023-24__BAS201__engineering-physics.pdf,BTech__Sem02__2023-24__BAS201__engineering-physics.pdf,OK,2026-09-07 08:45:49
BTech,2,2024-25,BAS201,Engineering Physics,https://ryzenstudy.com/papers/aktu-btech-sem-2-engineering-physics-2024-25,https://ryzenstudy.com/uploads/1774895101994-BAS201_ENGINEERING_PHYSICS__1_.pdf,BTech\Sem-02\2024-25\BTech__Sem02__2024-25__BAS201__engineering-physics.pdf,BTech__Sem02__2024-25__BAS201__engineering-physics.pdf,OK,2026-09-07 08:45:52
BTech,2,2022-23,BAS204,Environment And Ecology,https://ryzenstudy.com/papers/aktu-btech-sem-2-environment-and-ecology-2022-23,https://ryzenstudy.com/uploads/1774895022276-ENVIRONMENT_AND_ECOLOGY_BAS204.pdf,BTech\Sem-02\2022-23\BTech__Sem02__2022-23__BAS204__environment-and-ecology.pdf,BTech__Sem02__2022-23__BAS204__environment-and-ecology.pdf,OK,2026-09-07 08:45:56
BTech,2,2023-24,BAS204,Environment And Ecology,https://ryzenstudy.com/papers/aktu-btech-sem-2-environment-and-ecology-2023-24,https://ryzenstudy.com/uploads/1774895078121-BAS204_ENVIRONMENT_AND_ECOLOGY.pdf,BTech\Sem-02\2023-24\BTech__Sem02__2023-24__BAS204__environment-and-ecology.pdf,BTech__Sem02__2023-24__BAS204__environment-and-ecology.pdf,OK,2026-09-07 08:46:00
BTech,2,2024-25,BAS204,Environment And Ecology,https://ryzenstudy.com/papers/aktu-btech-sem-2-environment-and-ecology-2024-25,https://ryzenstudy.com/uploads/1774895101485-BAS204_ENVIRONMENT_AND_ECOLOGY.pdf,BTech\Sem-02\2024-25\BTech__Sem02__2024-25__BAS204__environment-and-ecology.pdf,BTech__Sem02__2024-25__BAS204__environment-and-ecology.pdf,OK,2026-09-07 08:46:03
BTech,2,2023-24,BME201,Fundamentals Mechanical Engineering,https://ryzenstudy.com/papers/aktu-btech-sem-2-fundamentals-mechanical-engineering-2023-24,https://ryzenstudy.com/uploads/1774895078450-BME201_FUNDAMENTALS_MECHANICAL_ENGINEERING.pdf,BTech\Sem-02\2023-24\BTech__Sem02__2023-24__BME201__fundamentals-mechanical-engineering.pdf,BTech__Sem02__2023-24__BME201__fundamentals-mechanical-engineering.pdf,OK,2026-09-07 08:46:06
BTech,2,2022-23,BEE201,Fundamentals Of Electrical Engineering,https://ryzenstudy.com/papers/aktu-btech-sem-2-fundamentals-of-electrical-engineering-2022-23,https://ryzenstudy.com/uploads/1774895022789-FUNDAMENTALS_OF_ELECTRICAL_ENGINEERING_BEE201.pdf,BTech\Sem-02\2022-23\BTech__Sem02__2022-23__BEE201__fundamentals-of-electrical-engineering.pdf,BTech__Sem02__2022-23__BEE201__fundamentals-of-electrical-engineering.pdf,OK,2026-09-07 08:46:10
BTech,2,2023-24,BEE201,Fundamentals Of Electrical Engineering,https://ryzenstudy.com/papers/aktu-btech-sem-2-fundamentals-of-electrical-engineering-2023-24,https://ryzenstudy.com/uploads/1774895078210-BEE201_FUNDAMENTALS_OF_ELECTRICAL_ENGINEERING.pdf,BTech\Sem-02\2023-24\BTech__Sem02__2023-24__BEE201__fundamentals-of-electrical-engineering.pdf,BTech__Sem02__2023-24__BEE201__fundamentals-of-electrical-engineering.pdf,OK,2026-09-07 08:46:14
BTech,2,2024-25,BEE201,Fundamentals Of Electrical Engineering,https://ryzenstudy.com/papers/aktu-btech-sem-2-fundamentals-of-electrical-engineering-2024-25,https://ryzenstudy.com/uploads/1774895101566-BEE201_FUNDAMENTALS_OF_ELECTRICAL_ENGINEERING.pdf,BTech\Sem-02\2024-25\BTech__Sem02__2024-25__BEE201__fundamentals-of-electrical-engineering.pdf,BTech__Sem02__2024-25__BEE201__fundamentals-of-electrical-engineering.pdf,OK,2026-09-07 08:46:17
BTech,2,2022-23,BEC201,Fundamentals Of Electronics Engineering,https://ryzenstudy.com/papers/aktu-btech-sem-2-fundamentals-of-electronics-engineering-2022-23,https://ryzenstudy.com/uploads/1774895022528-FUNDAMENTALS_OF_ELECTRONICS_ENGINEERING_BEC201.pdf,BTech\Sem-02\2022-23\BTech__Sem02__2022-23__BEC201__fundamentals-of-electronics-engineering.pdf,BTech__Sem02__2022-23__BEC201__fundamentals-of-electronics-engineering.pdf,OK,2026-09-07 08:46:20
BTech,2,2023-24,BEC201,Fundamentals Of Electronics Engineering,https://ryzenstudy.com/papers/aktu-btech-sem-2-fundamentals-of-electronics-engineering-2023-24,https://ryzenstudy.com/uploads/1774895078544-BEC201_FUNDAMENTALS_OF_ELECTRONICS_ENGINEERING.pdf,BTech\Sem-02\2023-24\BTech__Sem02__2023-24__BEC201__fundamentals-of-electronics-engineering.pdf,BTech__Sem02__2023-24__BEC201__fundamentals-of-electronics-engineering.pdf,OK,2026-09-07 08:46:23
BTech,2,2024-25,BEC201,Fundamentals Of Electronics Engineering,https://ryzenstudy.com/papers/aktu-btech-sem-2-fundamentals-of-electronics-engineering-2024-25,https://ryzenstudy.com/uploads/1774895101827-BEC201_FUNDAMENTALS_OF_ELECTRONICS_ENGINEERING.pdf,BTech\Sem-02\2024-25\BTech__Sem02__2024-25__BEC201__fundamentals-of-electronics-engineering.pdf,BTech__Sem02__2024-25__BEC201__fundamentals-of-electronics-engineering.pdf,OK,2026-09-07 08:46:26
BTech,2,2022-23,BME201,Fundamentals Of Mechanical Engineering,https://ryzenstudy.com/papers/aktu-btech-sem-2-fundamentals-of-mechanical-engineering-2022-23,https://ryzenstudy.com/uploads/1774895022102-FUNDAMENTALS_OF_MECHANICAL_ENGINEERING_BME201.pdf,BTech\Sem-02\2022-23\BTech__Sem02__2022-23__BME201__fundamentals-of-mechanical-engineering.pdf,BTech__Sem02__2022-23__BME201__fundamentals-of-mechanical-engineering.pdf,OK,2026-09-07 08:46:29
BTech,2,2024-25,BME201,Fundamentals Of Mechanical Engineering,https://ryzenstudy.com/papers/aktu-btech-sem-2-fundamentals-of-mechanical-engineering-2024-25,https://ryzenstudy.com/uploads/1774895101407-BME201_FUNDAMENTALS_OF_MECHANICAL_ENGINEERING.pdf,BTech\Sem-02\2024-25\BTech__Sem02__2024-25__BME201__fundamentals-of-mechanical-engineering.pdf,BTech__Sem02__2024-25__BME201__fundamentals-of-mechanical-engineering.pdf,OK,2026-09-07 08:46:32
BTech,2,2021-22,KME201T,Fundamentals Of Mechanical Engineering Mechatronics,https://ryzenstudy.com/papers/aktu-btech-sem-2-fundamentals-of-mechanical-engineering-mechatronics-2021-22,https://ryzenstudy.com/uploads/1774894998589-FUNDAMENTALS_OF_MECHANICAL_ENGINEERING_MECHATRONICS_KME201T.pdf,BTech\Sem-02\2021-22\BTech__Sem02__2021-22__KME201T__fundamentals-of-mechanical-engineering-mechatronics.pdf,BTech__Sem02__2021-22__KME201T__fundamentals-of-mechanical-engineering-mechatronics.pdf,OK,2026-09-07 08:46:35
BTech,2,2022-23,AUC001,Human Values Professional Ethics,https://ryzenstudy.com/papers/aktu-btech-sem-2-human-values-professional-ethics-2022-23,https://ryzenstudy.com/uploads/1774895021993-HUMAN_VALUES_PROFESSIONAL_ETHICS_AUC001.pdf,BTech\Sem-02\2022-23\BTech__Sem02__2022-23__AUC001__human-values-professional-ethics.pdf,BTech__Sem02__2022-23__AUC001__human-values-professional-ethics.pdf,OK,2026-09-07 08:46:38
BTech,2,2021-22,KCS201T,Programming For Problem Solving,https://ryzenstudy.com/papers/aktu-btech-sem-2-programming-for-problem-solving-2021-22,https://ryzenstudy.com/uploads/1774894998013-PROGRAMMING_FOR_PROBLEM_SOLVING_KCS201T.pdf,BTech\Sem-02\2021-22\BTech__Sem02__2021-22__KCS201T__programming-for-problem-solving.pdf,BTech__Sem02__2021-22__KCS201T__programming-for-problem-solving.pdf,OK,2026-09-07 08:46:41
BTech,2,2022-23,BCS201,Programming For Problem Solving,https://ryzenstudy.com/papers/aktu-btech-sem-2-programming-for-problem-solving-2022-23,https://ryzenstudy.com/uploads/1774895021934-PROGRAMMING_FOR_PROBLEM_SOLVING_BCS201.pdf,BTech\Sem-02\2022-23\BTech__Sem02__2022-23__BCS201__programming-for-problem-solving.pdf,BTech__Sem02__2022-23__BCS201__programming-for-problem-solving.pdf,OK,2026-09-07 08:46:44
BTech,2,2023-24,BCS201,Programming For Problem Solving,https://ryzenstudy.com/papers/aktu-btech-sem-2-programming-for-problem-solving-2023-24,https://ryzenstudy.com/uploads/1774895078781-BCS201_PROGRAMMING_FOR_PROBLEM_SOLVING.pdf,BTech\Sem-02\2023-24\BTech__Sem02__2023-24__BCS201__programming-for-problem-solving.pdf,BTech__Sem02__2023-24__BCS201__programming-for-problem-solving.pdf,OK,2026-09-07 08:46:47
BTech,2,2024-25,BCS201,Programming For Problem Solving,https://ryzenstudy.com/papers/aktu-btech-sem-2-programming-for-problem-solving-2024-25,https://ryzenstudy.com/uploads/1774895102068-BCS201_PROGRAMMING_FOR_PROBLEM_SOLVING.pdf,BTech\Sem-02\2024-25\BTech__Sem02__2024-25__BCS201__programming-for-problem-solving.pdf,BTech__Sem02__2024-25__BCS201__programming-for-problem-solving.pdf,OK,2026-09-07 08:46:49
BTech,2,2021-22,KNC201,Soft Skill Ii,https://ryzenstudy.com/papers/aktu-btech-sem-2-soft-skill-ii-2021-22,https://ryzenstudy.com/uploads/1774894998451-SOFT_SKILL_II_KNC201.pdf,BTech\Sem-02\2021-22\BTech__Sem02__2021-22__KNC201__soft-skill-ii.pdf,BTech__Sem02__2021-22__KNC201__soft-skill-ii.pdf,OK,2026-09-07 08:46:52
BTech,2,2022-23,BAS205,Soft Skills,https://ryzenstudy.com/papers/aktu-btech-sem-2-soft-skills-2022-23,https://ryzenstudy.com/uploads/1774895021673-SOFT_SKILLS_BAS205.pdf,BTech\Sem-02\2022-23\BTech__Sem02__2022-23__BAS205__soft-skills.pdf,BTech__Sem02__2022-23__BAS205__soft-skills.pdf,OK,2026-09-07 08:46:55
BTech,2,2023-24,BAS205,Soft Skills,https://ryzenstudy.com/papers/aktu-btech-sem-2-soft-skills-2023-24,https://ryzenstudy.com/uploads/1774895078709-BAS205_SOFT_SKILLS.pdf,BTech\Sem-02\2023-24\BTech__Sem02__2023-24__BAS205__soft-skills.pdf,BTech__Sem02__2023-24__BAS205__soft-skills.pdf,OK,2026-09-07 08:46:58
BTech,2,2024-25,BAS205,Soft Skills,https://ryzenstudy.com/papers/aktu-btech-sem-2-soft-skills-2024-25,https://ryzenstudy.com/uploads/1774895101910-BAS205_SOFT_SKILLS.pdf,BTech\Sem-02\2024-25\BTech__Sem02__2024-25__BAS205__soft-skills.pdf,BTech__Sem02__2024-25__BAS205__soft-skills.pdf,OK,2026-09-07 08:47:02
BTech,3,2021-22,KOE-037,Analog Electronics,https://ryzenstudy.com/papers/aktu-btech-sem-3-analog-electronics-2021-22,https://ryzenstudy.com/uploads/1774895926566-ANALOG_ELECTRONICS_KOE_037.pdf,BTech\Sem-03\2021-22\BTech__Sem03__2021-22__KOE-037__analog-electronics.pdf,BTech__Sem03__2021-22__KOE-037__analog-electronics.pdf,OK,2026-09-07 08:47:05
BTech,3,2022-23,KOE-037,Analog Electronics,https://ryzenstudy.com/papers/aktu-btech-sem-3-analog-electronics-2022-23,https://ryzenstudy.com/uploads/1774896219200-ANALOG_ELECTRONICS_KOE_037__1_.pdf,BTech\Sem-03\2022-23\BTech__Sem03__2022-23__KOE-037__analog-electronics.pdf,BTech__Sem03__2022-23__KOE-037__analog-electronics.pdf,OK,2026-09-07 08:47:08
BTech,3,2023-24,BOE308,Analog Electronics Circuits,https://ryzenstudy.com/papers/aktu-btech-sem-3-analog-electronics-circuits-2023-24,https://ryzenstudy.com/uploads/1774896252108-BOE308_ANALOG_ELECTRONICS_CIRCUITS.pdf,BTech\Sem-03\2023-24\BTech__Sem03__2023-24__BOE308__analog-electronics-circuits.pdf,BTech__Sem03__2023-24__BOE308__analog-electronics-circuits.pdf,OK,2026-09-07 08:47:10
BTech,3,2023-24,BOE302,Automation And Robotics,https://ryzenstudy.com/papers/aktu-btech-sem-3-automation-and-robotics-2023-24,https://ryzenstudy.com/uploads/1774896251160-BOE302_AUTOMATION_AND_ROBOTICS.pdf,BTech\Sem-03\2023-24\BTech__Sem03__2023-24__BOE302__automation-and-robotics.pdf,BTech__Sem03__2023-24__BOE302__automation-and-robotics.pdf,OK,2026-09-07 08:47:13
BTech,3,2024-25,BOE302,Automation And Robotics,https://ryzenstudy.com/papers/aktu-btech-sem-3-automation-and-robotics-2024-25,https://ryzenstudy.com/uploads/1774896266493-BOE302_AUTOMATION_AND_ROBOTICS.pdf,BTech\Sem-03\2024-25\BTech__Sem03__2024-25__BOE302__automation-and-robotics.pdf,BTech__Sem03__2024-25__BOE302__automation-and-robotics.pdf,OK,2026-09-07 08:47:17
BTech,3,2022-23,KOE-035,Basic Data Structure Algorithms,https://ryzenstudy.com/papers/aktu-btech-sem-3-basic-data-structure-algorithms-2022-23,https://ryzenstudy.com/uploads/1774896219410-BASIC_DATA_STRUCTURE_ALGORITHMS_KOE_035.pdf,BTech\Sem-03\2022-23\BTech__Sem03__2022-23__KOE-035__basic-data-structure-algorithms.pdf,BTech__Sem03__2022-23__KOE-035__basic-data-structure-algorithms.pdf,OK,2026-09-07 08:47:20
BTech,3,2021-22,KOE-035,Basic Data Structure And Algorithms,https://ryzenstudy.com/papers/aktu-btech-sem-3-basic-data-structure-and-algorithms-2021-22,https://ryzenstudy.com/uploads/1774895926808-BASIC_DATA_STRUCTURE_AND_ALGORITHMS_KOE_035.pdf,BTech\Sem-03\2021-22\BTech__Sem03__2021-22__KOE-035__basic-data-structure-and-algorithms.pdf,BTech__Sem03__2021-22__KOE-035__basic-data-structure-and-algorithms.pdf,OK,2026-09-07 08:47:23
BTech,3,2022-23,KEE-303,Basic Signals Systems,https://ryzenstudy.com/papers/aktu-btech-sem-3-basic-signals-systems-2022-23,https://ryzenstudy.com/uploads/1774896219849-BASIC_SIGNALS_SYSTEMS_KEE_303.pdf,BTech\Sem-03\2022-23\BTech__Sem03__2022-23__KEE-303__basic-signals-systems.pdf,BTech__Sem03__2022-23__KEE-303__basic-signals-systems.pdf,OK,2026-09-07 08:47:27
BTech,3,2023-24,BEE303,Basic Signals Systems,https://ryzenstudy.com/papers/aktu-btech-sem-3-basic-signals-systems-2023-24,https://ryzenstudy.com/uploads/1774896250501-BEE303_BASIC_SIGNALS_SYSTEMS.pdf,BTech\Sem-03\2023-24\BTech__Sem03__2023-24__BEE303__basic-signals-systems.pdf,BTech__Sem03__2023-24__BEE303__basic-signals-systems.pdf,OK,2026-09-07 08:47:30
BTech,3,2025-26,BEE303,Basic Signals Systems,https://ryzenstudy.com/papers/aktu-btech-sem-3-basic-signals-systems-2025-26,https://ryzenstudy.com/uploads/1774896281889-BEE303_BASIC_SIGNALS_SYSTEMS.pdf,BTech\Sem-03\2025-26\BTech__Sem03__2025-26__BEE303__basic-signals-systems.pdf,BTech__Sem03__2025-26__BEE303__basic-signals-systems.pdf,OK,2026-09-07 08:47:33
BTech,3,2023-24,BOE306,Basics Data Structure Algorithms,https://ryzenstudy.com/papers/aktu-btech-sem-3-basics-data-structure-algorithms-2023-24,https://ryzenstudy.com/uploads/1774896250686-BOE306_BASICS_DATA_STRUCTURE_ALGORITHMS.pdf,BTech\Sem-03\2023-24\BTech__Sem03__2023-24__BOE306__basics-data-structure-algorithms.pdf,BTech__Sem03__2023-24__BOE306__basics-data-structure-algorithms.pdf,OK,2026-09-07 08:47:36
BTech,3,2024-25,BOE306,Basics Data Structure Algorithms,https://ryzenstudy.com/papers/aktu-btech-sem-3-basics-data-structure-algorithms-2024-25,https://ryzenstudy.com/uploads/1774896266352-BOE306_BASICS_DATA_STRUCTURE_ALGORITHMS.pdf,BTech\Sem-03\2024-25\BTech__Sem03__2024-25__BOE306__basics-data-structure-algorithms.pdf,BTech__Sem03__2024-25__BOE306__basics-data-structure-algorithms.pdf,OK,2026-09-07 08:47:39
BTech,3,2023-24,BOE307,Basics Of Database Management Systems,https://ryzenstudy.com/papers/aktu-btech-sem-3-basics-of-database-management-systems-2023-24,https://ryzenstudy.com/uploads/1774896252417-BOE307_BASICS_OF_DATABASE_MANAGEMENT_SYSTEMS.pdf,BTech\Sem-03\2023-24\BTech__Sem03__2023-24__BOE307__basics-of-database-management-systems.pdf,BTech__Sem03__2023-24__BOE307__basics-of-database-management-systems.pdf,OK,2026-09-07 08:47:42
BTech,3,2024-25,BOE307,Basics Of Database Management Systems,https://ryzenstudy.com/papers/aktu-btech-sem-3-basics-of-database-management-systems-2024-25,https://ryzenstudy.com/uploads/1774896267239-BOE307_BASICS_OF_DATABASE_MANAGEMENT_SYSTEMS.pdf,BTech\Sem-03\2024-25\BTech__Sem03__2024-25__BOE307__basics-of-database-management-systems.pdf,BTech__Sem03__2024-25__BOE307__basics-of-database-management-systems.pdf,OK,2026-09-07 08:47:45
BTech,3,2024-25,BOE314,Building Science And Engineering,https://ryzenstudy.com/papers/aktu-btech-sem-3-building-science-and-engineering-2024-25,https://ryzenstudy.com/uploads/1774896266999-BOE314_BUILDING_SCIENCE_AND_ENGINEERING.pdf,BTech\Sem-03\2024-25\BTech__Sem03__2024-25__BOE314__building-science-and-engineering.pdf,BTech__Sem03__2024-25__BOE314__building-science-and-engineering.pdf,OK,2026-09-07 08:47:49
BTech,3,2021-22,KCS-302,Computer Organization And Architecture,https://ryzenstudy.com/papers/aktu-btech-sem-3-computer-organization-and-architecture-2021-22,https://ryzenstudy.com/uploads/1774895925751-COMPUTER_ORGANIZATION_AND_ARCHITECTURE_KCS_302_2.pdf,BTech\Sem-03\2021-22\BTech__Sem03__2021-22__KCS-302__computer-organization-and-architecture.pdf,BTech__Sem03__2021-22__KCS-302__computer-organization-and-architecture.pdf,OK,2026-09-07 08:47:52
BTech,3,2022-23,KCS-302,Computer Organization And Architecture,https://ryzenstudy.com/papers/aktu-btech-sem-3-computer-organization-and-architecture-2022-23,https://ryzenstudy.com/uploads/1774896217508-COMPUTER_ORGANIZATION_AND_ARCHITECTURE_KCS_302.pdf,BTech\Sem-03\2022-23\BTech__Sem03__2022-23__KCS-302__computer-organization-and-architecture.pdf,BTech__Sem03__2022-23__KCS-302__computer-organization-and-architecture.pdf,OK,2026-09-07 08:47:55
BTech,3,2023-24,BCS302,Computer Organization And Architecture,https://ryzenstudy.com/papers/aktu-btech-sem-3-computer-organization-and-architecture-2023-24,https://ryzenstudy.com/uploads/1774896251407-BCS302_COMPUTER_ORGANIZATION_AND_ARCHITECTURE.pdf,BTech\Sem-03\2023-24\BTech__Sem03__2023-24__BCS302__computer-organization-and-architecture.pdf,BTech__Sem03__2023-24__BCS302__computer-organization-and-architecture.pdf,OK,2026-09-07 08:47:57
BTech,3,2024-25,BCS302,Computer Organization And Architecture,https://ryzenstudy.com/papers/aktu-btech-sem-3-computer-organization-and-architecture-2024-25,https://ryzenstudy.com/uploads/1774896266636-BCS302_COMPUTER_ORGANIZATION_AND_ARCHITECTURE.pdf,BTech\Sem-03\2024-25\BTech__Sem03__2024-25__BCS302__computer-organization-and-architecture.pdf,BTech__Sem03__2024-25__BCS302__computer-organization-and-architecture.pdf,OK,2026-09-07 08:48:00
BTech,3,2025-26,BCS302,Computer Organization And Architecture,https://ryzenstudy.com/papers/aktu-btech-sem-3-computer-organization-and-architecture-2025-26,https://ryzenstudy.com/uploads/1774896282652-BCS302_COMPUTER_ORGANIZATION_AND_ARCHITECTURE.pdf,BTech\Sem-03\2025-26\BTech__Sem03__2025-26__BCS302__computer-organization-and-architecture.pdf,BTech__Sem03__2025-26__BCS302__computer-organization-and-architecture.pdf,OK,2026-09-07 08:48:02
BTech,3,2021-22,KNC-301,Computer System Security,https://ryzenstudy.com/papers/aktu-btech-sem-3-computer-system-security-2021-22,https://ryzenstudy.com/uploads/1774895925826-COMPUTER_SYSTEM_SECURITY_KNC_301_2.pdf,BTech\Sem-03\2021-22\BTech__Sem03__2021-22__KNC-301__computer-system-security.pdf,BTech__Sem03__2021-22__KNC-301__computer-system-security.pdf,OK,2026-09-07 08:48:05
BTech,3,2022-23,KNC-301,Computer System Security,https://ryzenstudy.com/papers/aktu-btech-sem-3-computer-system-security-2022-23,https://ryzenstudy.com/uploads/1774896217964-COMPUTER_SYSTEM_SECURITY_KNC_301.pdf,BTech\Sem-03\2022-23\BTech__Sem03__2022-23__KNC-301__computer-system-security.pdf,BTech__Sem03__2022-23__KNC-301__computer-system-security.pdf,OK,2026-09-07 08:48:08
BTech,3,2023-24,BCC301,Cyber Security,https://ryzenstudy.com/papers/aktu-btech-sem-3-cyber-security-2023-24,https://ryzenstudy.com/uploads/1774896250579-BCC301_CYBER_SECURITY.pdf,BTech\Sem-03\2023-24\BTech__Sem03__2023-24__BCC301__cyber-security.pdf,BTech__Sem03__2023-24__BCC301__cyber-security.pdf,OK,2026-09-07 08:48:11
BTech,3,2024-25,BCC301,Cyber Security,https://ryzenstudy.com/papers/aktu-btech-sem-3-cyber-security-2024-25,https://ryzenstudy.com/uploads/1774896266279-BCC301_CYBER_SECURITY.pdf,BTech\Sem-03\2024-25\BTech__Sem03__2024-25__BCC301__cyber-security.pdf,BTech__Sem03__2024-25__BCC301__cyber-security.pdf,OK,2026-09-07 08:48:14
BTech,3,2025-26,BCC301,Cyber Security,https://ryzenstudy.com/papers/aktu-btech-sem-3-cyber-security-2025-26,https://ryzenstudy.com/uploads/1774896281974-BCC301_CYBER_SECURITY.pdf,BTech\Sem-03\2025-26\BTech__Sem03__2025-26__BCC301__cyber-security.pdf,BTech__Sem03__2025-26__BCC301__cyber-security.pdf,OK,2026-09-07 08:48:17
BTech,3,2021-22,KCS-301,Data Structure,https://ryzenstudy.com/papers/aktu-btech-sem-3-data-structure-2021-22,https://ryzenstudy.com/uploads/1774895925689-DATA_STRUCTURE_KCS_301.pdf,BTech\Sem-03\2021-22\BTech__Sem03__2021-22__KCS-301__data-structure.pdf,BTech__Sem03__2021-22__KCS-301__data-structure.pdf,OK,2026-09-07 08:48:20
BTech,3,2022-23,KCS-301,Data Structure,https://ryzenstudy.com/papers/aktu-btech-sem-3-data-structure-2022-23,https://ryzenstudy.com/uploads/1774896218277-DATA_STRUCTURE_KCS_301.pdf,BTech\Sem-03\2022-23\BTech__Sem03__2022-23__KCS-301__data-structure.pdf,BTech__Sem03__2022-23__KCS-301__data-structure.pdf,OK,2026-09-07 08:48:22
BTech,3,2023-24,BCS301,Data Structure,https://ryzenstudy.com/papers/aktu-btech-sem-3-data-structure-2023-24,https://ryzenstudy.com/uploads/1774896250428-BCS301_DATA_STRUCTURE.pdf,BTech\Sem-03\2023-24\BTech__Sem03__2023-24__BCS301__data-structure.pdf,BTech__Sem03__2023-24__BCS301__data-structure.pdf,OK,2026-09-07 08:48:25
BTech,3,2024-25,BCS301,Data Structure,https://ryzenstudy.com/papers/aktu-btech-sem-3-data-structure-2024-25,https://ryzenstudy.com/uploads/1774896266209-BCS301_DATA_STRUCTURE.pdf,BTech\Sem-03\2024-25\BTech__Sem03__2024-25__BCS301__data-structure.pdf,BTech__Sem03__2024-25__BCS301__data-structure.pdf,OK,2026-09-07 08:48:29
BTech,3,2025-26,BCS301,Data Structure,https://ryzenstudy.com/papers/aktu-btech-sem-3-data-structure-2025-26,https://ryzenstudy.com/uploads/1774896281820-BCS301_DATA_STRUCTURE.pdf,BTech\Sem-03\2025-26\BTech__Sem03__2025-26__BCS301__data-structure.pdf,BTech__Sem03__2025-26__BCS301__data-structure.pdf,OK,2026-09-07 08:48:32
BTech,3,2021-22,KOE-039,Digital Electronics,https://ryzenstudy.com/papers/aktu-btech-sem-3-digital-electronics-2021-22,https://ryzenstudy.com/uploads/1774895926423-DIGITAL_ELECTRONICS_KOE_039.pdf,BTech\Sem-03\2021-22\BTech__Sem03__2021-22__KOE-039__digital-electronics.pdf,BTech__Sem03__2021-22__KOE-039__digital-electronics.pdf,OK,2026-09-07 08:48:35
BTech,3,2022-23,KOE-039,Digital Electronics,https://ryzenstudy.com/papers/aktu-btech-sem-3-digital-electronics-2022-23,https://ryzenstudy.com/uploads/1774896219487-DIGITAL_ELECTRONICS_KOE_039.pdf,BTech\Sem-03\2022-23\BTech__Sem03__2022-23__KOE-039__digital-electronics.pdf,BTech__Sem03__2022-23__KOE-039__digital-electronics.pdf,OK,2026-09-07 08:48:37
BTech,3,2024-25,BOE310,Digital Electronics,https://ryzenstudy.com/papers/aktu-btech-sem-3-digital-electronics-2024-25,https://ryzenstudy.com/uploads/1774896267328-BOE310_DIGITAL_ELECTRONICS.pdf,BTech\Sem-03\2024-25\BTech__Sem03__2024-25__BOE310__digital-electronics.pdf,BTech__Sem03__2024-25__BOE310__digital-electronics.pdf,OK,2026-09-07 08:48:41
BTech,3,2025-26,BOE310,Digital Electronics,https://ryzenstudy.com/papers/aktu-btech-sem-3-digital-electronics-2025-26,https://ryzenstudy.com/uploads/1774896283173-BOE310_DIGITAL_ELECTRONICS.pdf,BTech\Sem-03\2025-26\BTech__Sem03__2025-26__BOE310__digital-electronics.pdf,BTech__Sem03__2025-26__BOE310__digital-electronics.pdf,OK,2026-09-07 08:48:44
BTech,3,2021-22,KEC-302,Digital System Design,https://ryzenstudy.com/papers/aktu-btech-sem-3-digital-system-design-2021-22,https://ryzenstudy.com/uploads/b45f2459-eb88-4c9d-8cc5-0d5efdcbbd43.pdf,BTech\Sem-03\2021-22\BTech__Sem03__2021-22__KEC-302__digital-system-design.pdf,BTech__Sem03__2021-22__KEC-302__digital-system-design.pdf,OK,2026-09-07 08:48:46
BTech,3,2022-23,KEC-302,Digital System Design,https://ryzenstudy.com/papers/aktu-btech-sem-3-digital-system-design-2022-23,https://ryzenstudy.com/uploads/1774896219927-DIGITAL_SYSTEM_DESIGN_KEC_302.pdf,BTech\Sem-03\2022-23\BTech__Sem03__2022-23__KEC-302__digital-system-design.pdf,BTech__Sem03__2022-23__KEC-302__digital-system-design.pdf,OK,2026-09-07 08:48:48
BTech,3,2023-24,BEC302,Digital System Design,https://ryzenstudy.com/papers/aktu-btech-sem-3-digital-system-design-2023-24,https://ryzenstudy.com/uploads/1774896251605-BEC302_DIGITAL_SYSTEM_DESIGN.pdf,BTech\Sem-03\2023-24\BTech__Sem03__2023-24__BEC302__digital-system-design.pdf,BTech__Sem03__2023-24__BEC302__digital-system-design.pdf,OK,2026-09-07 08:48:51
BTech,3,2025-26,BEC302,Digital System Design,https://ryzenstudy.com/papers/aktu-btech-sem-3-digital-system-design-2025-26,https://ryzenstudy.com/uploads/1774896282785-BEC302_DIGITAL_SYSTEM_DESIGN.pdf,BTech\Sem-03\2025-26\BTech__Sem03__2025-26__BEC302__digital-system-design.pdf,BTech__Sem03__2025-26__BEC302__digital-system-design.pdf,OK,2026-09-07 08:48:54
BTech,3,2021-22,KCS-303,Discrete Structures Theory Of Logic,https://ryzenstudy.com/papers/aktu-btech-sem-3-discrete-structures-theory-of-logic-2021-22,https://ryzenstudy.com/uploads/1774895926010-DISCRETE_STRUCTURES_THEORY_OF_LOGIC_KCS_303_1.pdf,BTech\Sem-03\2021-22\BTech__Sem03__2021-22__KCS-303__discrete-structures-theory-of-logic.pdf,BTech__Sem03__2021-22__KCS-303__discrete-structures-theory-of-logic.pdf,OK,2026-09-07 08:48:57
BTech,3,2022-23,KCS-303,Discrete Structures Theory Of Logic,https://ryzenstudy.com/papers/aktu-btech-sem-3-discrete-structures-theory-of-logic-2022-23,https://ryzenstudy.com/uploads/1774896219572-DISCRETE_STRUCTURES_THEORY_OF_LOGIC_KCS_303.pdf,BTech\Sem-03\2022-23\BTech__Sem03__2022-23__KCS-303__discrete-structures-theory-of-logic.pdf,BTech__Sem03__2022-23__KCS-303__discrete-structures-theory-of-logic.pdf,OK,2026-09-07 08:49:00
BTech,3,2023-24,BCS303,Discrete Structures Theory Of Logic,https://ryzenstudy.com/papers/aktu-btech-sem-3-discrete-structures-theory-of-logic-2023-24,https://ryzenstudy.com/uploads/1774896252491-BCS303_DISCRETE_STRUCTURES_THEORY_OF_LOGIC.pdf,BTech\Sem-03\2023-24\BTech__Sem03__2023-24__BCS303__discrete-structures-theory-of-logic.pdf,BTech__Sem03__2023-24__BCS303__discrete-structures-theory-of-logic.pdf,OK,2026-09-07 08:49:03
BTech,3,2024-25,BCS303,Discrete Structures Theory Of Logic,https://ryzenstudy.com/papers/aktu-btech-sem-3-discrete-structures-theory-of-logic-2024-25,https://ryzenstudy.com/uploads/1774896267407-BCS303_DISCRETE_STRUCTURES_THEORY_OF_LOGIC.pdf,BTech\Sem-03\2024-25\BTech__Sem03__2024-25__BCS303__discrete-structures-theory-of-logic.pdf,BTech__Sem03__2024-25__BCS303__discrete-structures-theory-of-logic.pdf,OK,2026-09-07 08:49:06
BTech,3,2025-26,BCS303,Discrete Structures Theory Of Logic,https://ryzenstudy.com/papers/aktu-btech-sem-3-discrete-structures-theory-of-logic-2025-26,https://ryzenstudy.com/uploads/1774896283239-BCS303_DISCRETE_STRUCTURES_THEORY_OF_LOGIC.pdf,BTech\Sem-03\2025-26\BTech__Sem03__2025-26__BCS303__discrete-structures-theory-of-logic.pdf,BTech__Sem03__2025-26__BCS303__discrete-structures-theory-of-logic.pdf,OK,2026-09-07 08:49:09
BTech,3,2023-24,BOE301,Electric And Hybrid Vehicles,https://ryzenstudy.com/papers/aktu-btech-sem-3-electric-and-hybrid-vehicles-2023-24,https://ryzenstudy.com/uploads/1774896252245-BOE301_ELECTRIC_AND_HYBRID_VEHICLES.pdf,BTech\Sem-03\2023-24\BTech__Sem03__2023-24__BOE301__electric-and-hybrid-vehicles.pdf,BTech__Sem03__2023-24__BOE301__electric-and-hybrid-vehicles.pdf,OK,2026-09-07 08:49:12
BTech,3,2024-25,BOE301,Electric And Hybrid Vehicles,https://ryzenstudy.com/papers/aktu-btech-sem-3-electric-and-hybrid-vehicles-2024-25,https://ryzenstudy.com/uploads/1774896267145-BOE301_ELECTRIC_AND_HYBRID_VEHICLES.pdf,BTech\Sem-03\2024-25\BTech__Sem03__2024-25__BOE301__electric-and-hybrid-vehicles.pdf,BTech__Sem03__2024-25__BOE301__electric-and-hybrid-vehicles.pdf,OK,2026-09-07 08:49:15
BTech,3,2022-23,KEE-302,Electrical Measurements Instrumentation,https://ryzenstudy.com/papers/aktu-btech-sem-3-electrical-measurements-instrumentation-2022-23,https://ryzenstudy.com/uploads/1774896219115-ELECTRICAL_MEASUREMENTS_INSTRUMENTATION_KEE_302.pdf,BTech\Sem-03\2022-23\BTech__Sem03__2022-23__KEE-302__electrical-measurements-instrumentation.pdf,BTech__Sem03__2022-23__KEE-302__electrical-measurements-instrumentation.pdf,OK,2026-09-07 08:49:18
BTech,3,2023-24,BEE302,Electrical Measurements Instrumentation,https://ryzenstudy.com/papers/aktu-btech-sem-3-electrical-measurements-instrumentation-2023-24,https://ryzenstudy.com/uploads/1774896250908-BEE302_ELECTRICAL_MEASUREMENTS_INSTRUMENTATION.pdf,BTech\Sem-03\2023-24\BTech__Sem03__2023-24__BEE302__electrical-measurements-instrumentation.pdf,BTech__Sem03__2023-24__BEE302__electrical-measurements-instrumentation.pdf,OK,2026-09-07 08:49:21
BTech,3,2024-25,BEE302,Electrical Measurements Instrumentation,https://ryzenstudy.com/papers/aktu-btech-sem-3-electrical-measurements-instrumentation-2024-25,https://ryzenstudy.com/uploads/dea65800-19ab-49f2-bbb2-28d01d5fa519.pdf,BTech\Sem-03\2024-25\BTech__Sem03__2024-25__BEE302__electrical-measurements-instrumentation.pdf,BTech__Sem03__2024-25__BEE302__electrical-measurements-instrumentation.pdf,OK,2026-09-07 08:49:24
BTech,3,2021-22,KEE301,Electromagnetic Field Theory,https://ryzenstudy.com/papers/aktu-btech-sem-3-electromagnetic-field-theory-2021-22,https://ryzenstudy.com/uploads/e9d7cac2-9538-4637-8775-b4f8703ff90b.pdf,BTech\Sem-03\2021-22\BTech__Sem03__2021-22__KEE301__electromagnetic-field-theory.pdf,BTech__Sem03__2021-22__KEE301__electromagnetic-field-theory.pdf,OK,2026-09-07 08:49:27
BTech,3,2022-23,KEE-301,Electromagnetic Field Theory,https://ryzenstudy.com/papers/aktu-btech-sem-3-electromagnetic-field-theory-2022-23,https://ryzenstudy.com/uploads/1774896219331-ELECTROMAGNETIC_FIELD_THEORY_KEE_301.pdf,BTech\Sem-03\2022-23\BTech__Sem03__2022-23__KEE-301__electromagnetic-field-theory.pdf,BTech__Sem03__2022-23__KEE-301__electromagnetic-field-theory.pdf,OK,2026-09-07 08:49:30
BTech,3,2023-24,BEE301,Electromagnetic Field Theory,https://ryzenstudy.com/papers/aktu-btech-sem-3-electromagnetic-field-theory-2023-24,https://ryzenstudy.com/uploads/1774896251822-BEE301_ELECTROMAGNETIC_FIELD_THEORY.pdf,BTech\Sem-03\2023-24\BTech__Sem03__2023-24__BEE301__electromagnetic-field-theory.pdf,BTech__Sem03__2023-24__BEE301__electromagnetic-field-theory.pdf,OK,2026-09-07 08:49:33
BTech,3,2024-25,KEE301,Electromagnetic Field Theory,https://ryzenstudy.com/papers/aktu-btech-sem-3-electromagnetic-field-theory-2024-25,https://ryzenstudy.com/uploads/8eb21e69-b3df-4117-99f9-9e96617283f6.pdf,BTech\Sem-03\2024-25\BTech__Sem03__2024-25__KEE301__electromagnetic-field-theory.pdf,BTech__Sem03__2024-25__KEE301__electromagnetic-field-theory.pdf,OK,2026-09-07 08:49:40
BTech,3,2021-22,KEC-301,Electronic Devices,https://ryzenstudy.com/papers/aktu-btech-sem-3-electronic-devices-2021-22,https://ryzenstudy.com/uploads/9ba1c544-a402-4c75-b24a-c4643f54d493.pdf,BTech\Sem-03\2021-22\BTech__Sem03__2021-22__KEC-301__electronic-devices.pdf,BTech__Sem03__2021-22__KEC-301__electronic-devices.pdf,OK,2026-09-07 08:49:43
BTech,3,2022-23,KEC-301,Electronic Devices,https://ryzenstudy.com/papers/aktu-btech-sem-3-electronic-devices-2022-23,https://ryzenstudy.com/uploads/1774896217804-ELECTRONIC_DEVICES_KEC_301.pdf,BTech\Sem-03\2022-23\BTech__Sem03__2022-23__KEC-301__electronic-devices.pdf,BTech__Sem03__2022-23__KEC-301__electronic-devices.pdf,OK,2026-09-07 08:49:47
BTech,3,2023-24,BEC301,Electronic Devices,https://ryzenstudy.com/papers/aktu-btech-sem-3-electronic-devices-2023-24,https://ryzenstudy.com/uploads/1774896250275-BEC301_ELECTRONIC_DEVICES.pdf,BTech\Sem-03\2023-24\BTech__Sem03__2023-24__BEC301__electronic-devices.pdf,BTech__Sem03__2023-24__BEC301__electronic-devices.pdf,OK,2026-09-07 08:49:50
BTech,3,2025-26,BEC301,Electronic Devices,https://ryzenstudy.com/papers/aktu-btech-sem-3-electronic-devices-2025-26,https://ryzenstudy.com/uploads/1774896281699-BEC301_ELECTRONIC_DEVICES.pdf,BTech\Sem-03\2025-26\BTech__Sem03__2025-26__BEC301__electronic-devices.pdf,BTech__Sem03__2025-26__BEC301__electronic-devices.pdf,OK,2026-09-07 08:49:52
BTech,3,2021-22,KOE-038,Electronics Engineering,https://ryzenstudy.com/papers/aktu-btech-sem-3-electronics-engineering-2021-22,https://ryzenstudy.com/uploads/1774895926875-ELECTRONICS_ENGINEERING_KOE_038_1.pdf,BTech\Sem-03\2021-22\BTech__Sem03__2021-22__KOE-038__electronics-engineering.pdf,BTech__Sem03__2021-22__KOE-038__electronics-engineering.pdf,OK,2026-09-07 08:49:56
BTech,3,2022-23,KOE-038,Electronics Engineering,https://ryzenstudy.com/papers/aktu-btech-sem-3-electronics-engineering-2022-23,https://ryzenstudy.com/uploads/1774896218354-ELECTRONICS_ENGINEERING_KOE_038.pdf,BTech\Sem-03\2022-23\BTech__Sem03__2022-23__KOE-038__electronics-engineering.pdf,BTech__Sem03__2022-23__KOE-038__electronics-engineering.pdf,OK,2026-09-07 08:49:58
BTech,3,2023-24,BOE309,Electronics Engineering,https://ryzenstudy.com/papers/aktu-btech-sem-3-electronics-engineering-2023-24,https://ryzenstudy.com/uploads/1774896251677-BOE309_ELECTRONICS_ENGINEERING.pdf,BTech\Sem-03\2023-24\BTech__Sem03__2023-24__BOE309__electronics-engineering.pdf,BTech__Sem03__2023-24__BOE309__electronics-engineering.pdf,OK,2026-09-07 08:50:02
BTech,3,2021-22,KOE-033,Energy Science And Engineering,https://ryzenstudy.com/papers/aktu-btech-sem-3-energy-science-and-engineering-2021-22,https://ryzenstudy.com/uploads/1774895925485-ENERGY_SCIENCE_AND_ENGINEERING_KOE_033.pdf,BTech\Sem-03\2021-22\BTech__Sem03__2021-22__KOE-033__energy-science-and-engineering.pdf,BTech__Sem03__2021-22__KOE-033__energy-science-and-engineering.pdf,OK,2026-09-07 08:50:05
BTech,3,2022-23,KOE-033,Energy Science And Engineering,https://ryzenstudy.com/papers/aktu-btech-sem-3-energy-science-and-engineering-2022-23,https://ryzenstudy.com/uploads/1774896217661-ENERGY_SCIENCE_AND_ENGINEERING_KOE_033.pdf,BTech\Sem-03\2022-23\BTech__Sem03__2022-23__KOE-033__energy-science-and-engineering.pdf,BTech__Sem03__2022-23__KOE-033__energy-science-and-engineering.pdf,OK,2026-09-07 08:50:07
BTech,3,2023-24,BOE304,Energy Science Engineering,https://ryzenstudy.com/papers/aktu-btech-sem-3-energy-science-engineering-2023-24,https://ryzenstudy.com/uploads/1774896249542-BOE304_ENERGY_SCIENCE_ENGINEERING.pdf,BTech\Sem-03\2023-24\BTech__Sem03__2023-24__BOE304__energy-science-engineering.pdf,BTech__Sem03__2023-24__BOE304__energy-science-engineering.pdf,OK,2026-09-07 08:50:11
BTech,3,2024-25,BOE304,Energy Science Engineering,https://ryzenstudy.com/papers/aktu-btech-sem-3-energy-science-engineering-2024-25,https://ryzenstudy.com/uploads/1774896266020-BOE304_ENERGY_SCIENCE_ENGINEERING.pdf,BTech\Sem-03\2024-25\BTech__Sem03__2024-25__BOE304__energy-science-engineering.pdf,BTech__Sem03__2024-25__BOE304__energy-science-engineering.pdf,OK,2026-09-07 08:50:16
BTech,3,2025-26,BOE304,Energy Science Engineering,https://ryzenstudy.com/papers/aktu-btech-sem-3-energy-science-engineering-2025-26,https://ryzenstudy.com/uploads/1774896281488-BOE304_ENERGY_SCIENCE_ENGINEERING.pdf,BTech\Sem-03\2025-26\BTech__Sem03__2025-26__BOE304__energy-science-engineering.pdf,BTech__Sem03__2025-26__BOE304__energy-science-engineering.pdf,OK,2026-09-07 08:50:19
BTech,3,2021-22,KOE-031,Engineering Mechanics,https://ryzenstudy.com/papers/aktu-btech-sem-3-engineering-mechanics-2021-22,https://ryzenstudy.com/uploads/1774895926942-ENGINEERING_MECHANICS_KOE_031.pdf,BTech\Sem-03\2021-22\BTech__Sem03__2021-22__KOE-031__engineering-mechanics.pdf,BTech__Sem03__2021-22__KOE-031__engineering-mechanics.pdf,OK,2026-09-07 08:50:21
BTech,3,2022-23,KCE-301,Engineering Mechanics,https://ryzenstudy.com/papers/aktu-btech-sem-3-engineering-mechanics-2022-23,https://ryzenstudy.com/uploads/1774896218043-ENGINEERING_MECHANICS_KCE_301.pdf,BTech\Sem-03\2022-23\BTech__Sem03__2022-23__KCE-301__engineering-mechanics.pdf,BTech__Sem03__2022-23__KCE-301__engineering-mechanics.pdf,OK,2026-09-07 08:50:26
BTech,3,2023-24,BCE301,Engineering Mechanics,https://ryzenstudy.com/papers/aktu-btech-sem-3-engineering-mechanics-2023-24,https://ryzenstudy.com/uploads/1774896251260-BCE301_ENGINEERING_MECHANICS.pdf,BTech\Sem-03\2023-24\BTech__Sem03__2023-24__BCE301__engineering-mechanics.pdf,BTech__Sem03__2023-24__BCE301__engineering-mechanics.pdf,OK,2026-09-07 08:50:28
BTech,3,2021-22,KCE303,Fluid Mechanics,https://ryzenstudy.com/papers/aktu-btech-sem-3-fluid-mechanics-2021-22,https://ryzenstudy.com/uploads/223a0c53-bddf-4677-aaa4-08b6981634ec.pdf,BTech\Sem-03\2021-22\BTech__Sem03__2021-22__KCE303__fluid-mechanics.pdf,BTech__Sem03__2021-22__KCE303__fluid-mechanics.pdf,OK,2026-09-07 08:50:31
BTech,3,2022-23,KCE-303,Fluid Mechanics,https://ryzenstudy.com/papers/aktu-btech-sem-3-fluid-mechanics-2022-23,https://ryzenstudy.com/uploads/1774896217731-FLUID_MECHANICS_KCE_303.pdf,BTech\Sem-03\2022-23\BTech__Sem03__2022-23__KCE-303__fluid-mechanics.pdf,BTech__Sem03__2022-23__KCE-303__fluid-mechanics.pdf,OK,2026-09-07 08:50:35
BTech,3,2023-24,BCE303,Fluid Mechanics,https://ryzenstudy.com/papers/aktu-btech-sem-3-fluid-mechanics-2023-24,https://ryzenstudy.com/uploads/1774896250065-BCE303_FLUID_MECHANICS.pdf,BTech\Sem-03\2023-24\BTech__Sem03__2023-24__BCE303__fluid-mechanics.pdf,BTech__Sem03__2023-24__BCE303__fluid-mechanics.pdf,OK,2026-09-07 08:50:38
BTech,3,2022-23,KME-302,Fluid Mechanics And Fluid Machines,https://ryzenstudy.com/papers/aktu-btech-sem-3-fluid-mechanics-and-fluid-machines-2022-23,https://ryzenstudy.com/uploads/1774896217590-FLUID_MECHANICS_AND_FLUID_MACHINES_KME_302.pdf,BTech\Sem-03\2022-23\BTech__Sem03__2022-23__KME-302__fluid-mechanics-and-fluid-machines.pdf,BTech__Sem03__2022-23__KME-302__fluid-mechanics-and-fluid-machines.pdf,OK,2026-09-07 08:50:40
BTech,3,2021-22,KME-302,Fluid Mechanics Fluid Machines,https://ryzenstudy.com/papers/aktu-btech-sem-3-fluid-mechanics-fluid-machines-2021-22,https://ryzenstudy.com/uploads/1774895926349-FLUID_MECHANICS_FLUID_MACHINES_KME_302_2.pdf,BTech\Sem-03\2021-22\BTech__Sem03__2021-22__KME-302__fluid-mechanics-fluid-machines.pdf,BTech__Sem03__2021-22__KME-302__fluid-mechanics-fluid-machines.pdf,OK,2026-09-07 08:50:43
BTech,3,2023-24,BME302,Fluid Mechanics Fluid Machines,https://ryzenstudy.com/papers/aktu-btech-sem-3-fluid-mechanics-fluid-machines-2023-24,https://ryzenstudy.com/uploads/1774896251088-BME302_FLUID_MECHANICS_FLUID_MACHINES.pdf,BTech\Sem-03\2023-24\BTech__Sem03__2023-24__BME302__fluid-mechanics-fluid-machines.pdf,BTech__Sem03__2023-24__BME302__fluid-mechanics-fluid-machines.pdf,OK,2026-09-07 08:50:46
BTech,3,2025-26,BME302,Fluid Mechanics Fluid Machines,https://ryzenstudy.com/papers/aktu-btech-sem-3-fluid-mechanics-fluid-machines-2025-26,https://ryzenstudy.com/uploads/1774896282194-BME302_FLUID_MECHANICS_FLUID_MACHINES.pdf,BTech\Sem-03\2025-26\BTech__Sem03__2025-26__BME302__fluid-mechanics-fluid-machines.pdf,BTech__Sem03__2025-26__BME302__fluid-mechanics-fluid-machines.pdf,OK,2026-09-07 08:50:49
BTech,3,2024-25,BOE313,Food Science And Nutrition,https://ryzenstudy.com/papers/aktu-btech-sem-3-food-science-and-nutrition-2024-25,https://ryzenstudy.com/uploads/1774896266122-BOE313_FOOD_SCIENCE_AND_NUTRITION.pdf,BTech\Sem-03\2024-25\BTech__Sem03__2024-25__BOE313__food-science-and-nutrition.pdf,BTech__Sem03__2024-25__BOE313__food-science-and-nutrition.pdf,OK,2026-09-07 08:50:52
BTech,3,2021-22,AUC-001,Human Values Professional Ethics,https://ryzenstudy.com/papers/aktu-btech-sem-3-human-values-professional-ethics-2021-22,https://ryzenstudy.com/uploads/1774895926630-HUMAN_VALUES_PROFESSIONAL_ETHICS_AUC_001.pdf,BTech\Sem-03\2021-22\BTech__Sem03__2021-22__AUC-001__human-values-professional-ethics.pdf,BTech__Sem03__2021-22__AUC-001__human-values-professional-ethics.pdf,OK,2026-09-07 08:50:54
BTech,3,2021-22,KOE-036,Introduction To Soft Computing,https://ryzenstudy.com/papers/aktu-btech-sem-3-introduction-to-soft-computing-2021-22,https://ryzenstudy.com/uploads/1774895925951-INTRODUCTION_TO_SOFT_COMPUTING_KOE_036.pdf,BTech\Sem-03\2021-22\BTech__Sem03__2021-22__KOE-036__introduction-to-soft-computing.pdf,BTech__Sem03__2021-22__KOE-036__introduction-to-soft-computing.pdf,OK,2026-09-07 08:50:57
BTech,3,2022-23,KOE-036,Introduction To Soft Computing,https://ryzenstudy.com/papers/aktu-btech-sem-3-introduction-to-soft-computing-2022-23,https://ryzenstudy.com/uploads/1774896218504-INTRODUCTION_TO_SOFT_COMPUTING_KOE_036.pdf,BTech\Sem-03\2022-23\BTech__Sem03__2022-23__KOE-036__introduction-to-soft-computing.pdf,BTech__Sem03__2022-23__KOE-036__introduction-to-soft-computing.pdf,OK,2026-09-07 08:51:00
BTech,3,2021-22,KCE301,Engineering Mechanics,https://ryzenstudy.com/papers/aktu-btech-sem-3-kce301-engineering-mechanics-2021-22,https://ryzenstudy.com/uploads/d9bbd3cc-843e-48a4-9f4e-eb5af8759f22.pdf,BTech\Sem-03\2021-22\BTech__Sem03__2021-22__KCE301__kce301-engineering-mechanics.pdf,BTech__Sem03__2021-22__KCE301__kce301-engineering-mechanics.pdf,OK,2026-09-07 08:51:03
BTech,3,2022-23,KOE-031,Engineering Mechanics,https://ryzenstudy.com/papers/aktu-btech-sem-3-koe-031-engineering-mechanics-2022-23,https://ryzenstudy.com/uploads/1774896220011-ENGINEERING_MECHANICS_KOE_031.pdf,BTech\Sem-03\2022-23\BTech__Sem03__2022-23__KOE-031__koe-031-engineering-mechanics.pdf,BTech__Sem03__2022-23__KOE-031__koe-031-engineering-mechanics.pdf,OK,2026-09-07 08:51:06
BTech,3,2024-25,BOE312H,Laser System And Applications,https://ryzenstudy.com/papers/aktu-btech-sem-3-laser-system-and-applications-2024-25,https://ryzenstudy.com/uploads/1774896266927-BOE312H_LASER_SYSTEM_AND_APPLICATIONS.pdf,BTech\Sem-03\2024-25\BTech__Sem03__2024-25__BOE312H__laser-system-and-applications.pdf,BTech__Sem03__2024-25__BOE312H__laser-system-and-applications.pdf,OK,2026-09-07 08:51:09
BTech,3,2021-22,KOE-032,Material Science,https://ryzenstudy.com/papers/aktu-btech-sem-3-material-science-2021-22,https://ryzenstudy.com/uploads/1774895926691-MATERIAL_SCIENCE_KOE_032.pdf,BTech\Sem-03\2021-22\BTech__Sem03__2021-22__KOE-032__material-science.pdf,BTech__Sem03__2021-22__KOE-032__material-science.pdf,OK,2026-09-07 08:51:12
BTech,3,2022-23,KOE-032,Material Science,https://ryzenstudy.com/papers/aktu-btech-sem-3-material-science-2022-23,https://ryzenstudy.com/uploads/1774896219760-MATERIAL_SCIENCE_KOE_032.pdf,BTech\Sem-03\2022-23\BTech__Sem03__2022-23__KOE-032__material-science.pdf,BTech__Sem03__2022-23__KOE-032__material-science.pdf,OK,2026-09-07 08:51:15
BTech,3,2023-24,BOE303,Material Science,https://ryzenstudy.com/papers/aktu-btech-sem-3-material-science-2023-24,https://ryzenstudy.com/uploads/1774896252176-BOE303_MATERIAL_SCIENCE.pdf,BTech\Sem-03\2023-24\BTech__Sem03__2023-24__BOE303__material-science.pdf,BTech__Sem03__2023-24__BOE303__material-science.pdf,OK,2026-09-07 08:51:17
BTech,3,2024-25,BOE303,Material Science,https://ryzenstudy.com/papers/aktu-btech-sem-3-material-science-2024-25,https://ryzenstudy.com/uploads/1774896267070-BOE303_MATERIAL_SCIENCE.pdf,BTech\Sem-03\2024-25\BTech__Sem03__2024-25__BOE303__material-science.pdf,BTech__Sem03__2024-25__BOE303__material-science.pdf,OK,2026-09-07 08:51:21
BTech,3,2021-22,KME-303,Materials Engineering,https://ryzenstudy.com/papers/aktu-btech-sem-3-materials-engineering-2021-22,https://ryzenstudy.com/uploads/1774895926224-MATERIALS_ENGINEERING_KME_303_2.pdf,BTech\Sem-03\2021-22\BTech__Sem03__2021-22__KME-303__materials-engineering.pdf,BTech__Sem03__2021-22__KME-303__materials-engineering.pdf,OK,2026-09-07 08:51:23
BTech,3,2022-23,KME-303,Materials Engineering,https://ryzenstudy.com/papers/aktu-btech-sem-3-materials-engineering-2022-23,https://ryzenstudy.com/uploads/1774896218955-MATERIALS_ENGINEERING_KME_303.pdf,BTech\Sem-03\2022-23\BTech__Sem03__2022-23__KME-303__materials-engineering.pdf,BTech__Sem03__2022-23__KME-303__materials-engineering.pdf,OK,2026-09-07 08:51:26
BTech,3,2023-24,BME303,Materials Engineering,https://ryzenstudy.com/papers/aktu-btech-sem-3-materials-engineering-2023-24,https://ryzenstudy.com/uploads/1774896252354-BME303_MATERIALS_ENGINEERING.pdf,BTech\Sem-03\2023-24\BTech__Sem03__2023-24__BME303__materials-engineering.pdf,BTech__Sem03__2023-24__BME303__materials-engineering.pdf,OK,2026-09-07 08:51:29
BTech,3,2025-26,BME303,Materials Engineering,https://ryzenstudy.com/papers/aktu-btech-sem-3-materials-engineering-2025-26,https://ryzenstudy.com/uploads/1774896283101-BME303_MATERIALS_ENGINEERING.pdf,BTech\Sem-03\2025-26\BTech__Sem03__2025-26__BME303__materials-engineering.pdf,BTech__Sem03__2025-26__BME303__materials-engineering.pdf,OK,2026-09-07 08:51:32
BTech,3,2021-22,KAS-303,Mathematics Iii,https://ryzenstudy.com/papers/aktu-btech-sem-3-mathematics-iii-2021-22,https://ryzenstudy.com/uploads/1774895926284-MATHEMATICS_III_KAS_303.pdf,BTech\Sem-03\2021-22\BTech__Sem03__2021-22__KAS-303__mathematics-iii.pdf,BTech__Sem03__2021-22__KAS-303__mathematics-iii.pdf,OK,2026-09-07 08:51:36
BTech,3,2022-23,KAS-303,Mathematics Iii,https://ryzenstudy.com/papers/aktu-btech-sem-3-mathematics-iii-2022-23,https://ryzenstudy.com/uploads/1774896219044-MATHEMATICS_III_KAS_303.pdf,BTech\Sem-03\2022-23\BTech__Sem03__2022-23__KAS-303__mathematics-iii.pdf,BTech__Sem03__2022-23__KAS-303__mathematics-iii.pdf,OK,2026-09-07 08:51:40
BTech,3,2023-24,BAS302,Mathematics Iii,https://ryzenstudy.com/papers/aktu-btech-sem-3-mathematics-iii-2023-24,https://ryzenstudy.com/uploads/1774896251973-BAS302_MATHEMATICS_III.pdf,BTech\Sem-03\2023-24\BTech__Sem03__2023-24__BAS302__mathematics-iii.pdf,BTech__Sem03__2023-24__BAS302__mathematics-iii.pdf,OK,2026-09-07 08:51:44
BTech,3,2022-23,KAS-302,Mathematics Iv,https://ryzenstudy.com/papers/aktu-btech-sem-3-mathematics-iv-2022-23,https://ryzenstudy.com/uploads/1774896217879-MATHEMATICS_IV_KAS_302.pdf,BTech\Sem-03\2022-23\BTech__Sem03__2022-23__KAS-302__mathematics-iv.pdf,BTech__Sem03__2022-23__KAS-302__mathematics-iv.pdf,OK,2026-09-07 08:51:46
BTech,3,2023-24,BAS303,Mathematics Iv,https://ryzenstudy.com/papers/aktu-btech-sem-3-mathematics-iv-2023-24,https://ryzenstudy.com/uploads/1774896251751-BAS303_MATHEMATICS_IV.pdf,BTech\Sem-03\2023-24\BTech__Sem03__2023-24__BAS303__mathematics-iv.pdf,BTech__Sem03__2023-24__BAS303__mathematics-iv.pdf,OK,2026-09-07 08:51:51
BTech,3,2024-25,,,https://ryzenstudy.com/papers/aktu-btech-sem-3-mathematics-iv-2024-25,,,,"ERROR: ReadTimeout: HTTPSConnectionPool(host='ryzenstudy.com', port=443): Read timed out. (read timeout=30)",
BTech,3,2025-26,,,https://ryzenstudy.com/papers/aktu-btech-sem-3-mathematics-iv-2025-26,,,,"ERROR: ConnectionError: HTTPSConnectionPool(host='ryzenstudy.com', port=443): Max retries exceeded with url: /papers/aktu-btech-sem-3-mathematics-iv-2025-26 (Caused by NameResolutionError(""HTTPSConnection(host='ryzenstudy.com', port=443): Failed to resolve 'ryzenstudy.com' ([Errno 11001] getaddrinfo failed)""))",
BTech,3,2022-23,,,https://ryzenstudy.com/papers/aktu-btech-sem-3-mathematics-v-2022-23,,,,"ERROR: ConnectionError: HTTPSConnectionPool(host='ryzenstudy.com', port=443): Max retries exceeded with url: /papers/aktu-btech-sem-3-mathematics-v-2022-23 (Caused by NameResolutionError(""HTTPSConnection(host='ryzenstudy.com', port=443): Failed to resolve 'ryzenstudy.com' ([Errno 11001] getaddrinfo failed)""))",
BTech,3,2025-26,,,https://ryzenstudy.com/papers/aktu-btech-sem-3-mathematics-v-2025-26,,,,"ERROR: ConnectionError: HTTPSConnectionPool(host='ryzenstudy.com', port=443): Max retries exceeded with url: /papers/aktu-btech-sem-3-mathematics-v-2025-26 (Caused by NameResolutionError(""HTTPSConnection(host='ryzenstudy.com', port=443): Failed to resolve 'ryzenstudy.com' ([Errno 11001] getaddrinfo failed)""))",
BTech,3,2021-22,,,https://ryzenstudy.com/papers/aktu-btech-sem-3-mathemativs-iv-2021-22,,,,"ERROR: ConnectionError: HTTPSConnectionPool(host='ryzenstudy.com', port=443): Max retries exceeded with url: /papers/aktu-btech-sem-3-mathemativs-iv-2021-22 (Caused by NameResolutionError(""HTTPSConnection(host='ryzenstudy.com', port=443): Failed to resolve 'ryzenstudy.com' ([Errno 11001] getaddrinfo failed)""))",
BTech,3,2021-22,,,https://ryzenstudy.com/papers/aktu-btech-sem-3-mathemativs-v-2021-22,,,,"ERROR: ConnectionError: HTTPSConnectionPool(host='ryzenstudy.com', port=443): Max retries exceeded with url: /papers/aktu-btech-sem-3-mathemativs-v-2021-22 (Caused by NameResolutionError(""HTTPSConnection(host='ryzenstudy.com', port=443): Failed to resolve 'ryzenstudy.com' ([Errno 11001] getaddrinfo failed)""))",
BTech,3,2023-24,,,https://ryzenstudy.com/papers/aktu-btech-sem-3-network-analysis-and-synthesis-2023-24,,,,"ERROR: ConnectionError: HTTPSConnectionPool(host='ryzenstudy.com', port=443): Max retries exceeded with url: /papers/aktu-btech-sem-3-network-analysis-and-synthesis-2023-24 (Caused by NameResolutionError(""HTTPSConnection(host='ryzenstudy.com', port=443): Failed to resolve 'ryzenstudy.com' ([Errno 11001] getaddrinfo failed)""))",
BTech,3,2025-26,,,https://ryzenstudy.com/papers/aktu-btech-sem-3-network-analysis-and-synthesis-2025-26,,,,"ERROR: ConnectionError: HTTPSConnectionPool(host='ryzenstudy.com', port=443): Max retries exceeded with url: /papers/aktu-btech-sem-3-network-analysis-and-synthesis-2025-26 (Caused by NameResolutionError(""HTTPSConnection(host='ryzenstudy.com', port=443): Failed to resolve 'ryzenstudy.com' ([Errno 11001] getaddrinfo failed)""))",
BTech,3,2022-23,,,https://ryzenstudy.com/papers/aktu-btech-sem-3-network-analysis-synthesis-2022-23,,,,"ERROR: ConnectionError: HTTPSConnectionPool(host='ryzenstudy.com', port=443): Max retries exceeded with url: /papers/aktu-btech-sem-3-network-analysis-synthesis-2022-23 (Caused by NameResolutionError(""HTTPSConnection(host='ryzenstudy.com', port=443): Failed to resolve 'ryzenstudy.com' ([Errno 11001] getaddrinfo failed)""))",
BTech,3,2021-22,,,https://ryzenstudy.com/papers/aktu-btech-sem-3-python-programming-2021-22,,,,"ERROR: ConnectionError: HTTPSConnectionPool(host='ryzenstudy.com', port=443): Max retries exceeded with url: /papers/aktu-btech-sem-3-python-programming-2021-22 (Caused by NameResolutionError(""HTTPSConnection(host='ryzenstudy.com', port=443): Failed to resolve 'ryzenstudy.com' ([Errno 11001] getaddrinfo failed)""))",
BTech,3,2022-23,,,https://ryzenstudy.com/papers/aktu-btech-sem-3-python-programming-2022-23,,,,"ERROR: ConnectionError: HTTPSConnectionPool(host='ryzenstudy.com', port=443): Max retries exceeded with url: /papers/aktu-btech-sem-3-python-programming-2022-23 (Caused by NameResolutionError(""HTTPSConnection(host='ryzenstudy.com', port=443): Failed to resolve 'ryzenstudy.com' ([Errno 11001] getaddrinfo failed)""))",
BTech,3,2023-24,,,https://ryzenstudy.com/papers/aktu-btech-sem-3-python-programming-2023-24,,,,"ERROR: ConnectionError: HTTPSConnectionPool(host='ryzenstudy.com', port=443): Max retries exceeded with url: /papers/aktu-btech-sem-3-python-programming-2023-24 (Caused by NameResolutionError(""HTTPSConnection(host='ryzenstudy.com', port=443): Failed to resolve 'ryzenstudy.com' ([Errno 11001] getaddrinfo failed)""))",
BTech,3,2024-25,,,https://ryzenstudy.com/papers/aktu-btech-sem-3-python-programming-2024-25,,,,"ERROR: ConnectionError: HTTPSConnectionPool(host='ryzenstudy.com', port=443): Max retries exceeded with url: /papers/aktu-btech-sem-3-python-programming-2024-25 (Caused by NameResolutionError(""HTTPSConnection(host='ryzenstudy.com', port=443): Failed to resolve 'ryzenstudy.com' ([Errno 11001] getaddrinfo failed)""))",
BTech,3,2025-26,,,https://ryzenstudy.com/papers/aktu-btech-sem-3-python-programming-2025-26,,,,"ERROR: ConnectionError: HTTPSConnectionPool(host='ryzenstudy.com', port=443): Max retries exceeded with url: /papers/aktu-btech-sem-3-python-programming-2025-26 (Caused by NameResolutionError(""HTTPSConnection(host='ryzenstudy.com', port=443): Failed to resolve 'ryzenstudy.com' ([Errno 11001] getaddrinfo failed)""))",
BTech,3,2021-22,,,https://ryzenstudy.com/papers/aktu-btech-sem-3-sensor-and-instrumentation-2021-22,,,,"ERROR: ConnectionError: HTTPSConnectionPool(host='ryzenstudy.com', port=443): Max retries exceeded with url: /papers/aktu-btech-sem-3-sensor-and-instrumentation-2021-22 (Caused by NameResolutionError(""HTTPSConnection(host='ryzenstudy.com', port=443): Failed to resolve 'ryzenstudy.com' ([Errno 11001] getaddrinfo failed)""))",
BTech,3,2022-23,,,https://ryzenstudy.com/papers/aktu-btech-sem-3-sensor-and-instrumentation-2022-23,,,,"ERROR: ConnectionError: HTTPSConnectionPool(host='ryzenstudy.com', port=443): Max retries exceeded with url: /papers/aktu-btech-sem-3-sensor-and-instrumentation-2022-23 (Caused by NameResolutionError(""HTTPSConnection(host='ryzenstudy.com', port=443): Failed to resolve 'ryzenstudy.com' ([Errno 11001] getaddrinfo failed)""))",
BTech,3,2023-24,,,https://ryzenstudy.com/papers/aktu-btech-sem-3-sensor-instrumentation-2023-24,,,,"ERROR: ConnectionError: HTTPSConnectionPool(host='ryzenstudy.com', port=443): Max retries exceeded with url: /papers/aktu-btech-sem-3-sensor-instrumentation-2023-24 (Caused by NameResolutionError(""HTTPSConnection(host='ryzenstudy.com', port=443): Failed to resolve 'ryzenstudy.com' ([Errno 11001] getaddrinfo failed)""))",
BTech,3,2024-25,,,https://ryzenstudy.com/papers/aktu-btech-sem-3-sensor-instrumentation-2024-25,,,,"ERROR: ConnectionError: HTTPSConnectionPool(host='ryzenstudy.com', port=443): Max retries exceeded with url: /papers/aktu-btech-sem-3-sensor-instrumentation-2024-25 (Caused by NameResolutionError(""HTTPSConnection(host='ryzenstudy.com', port=443): Failed to resolve 'ryzenstudy.com' ([Errno 11001] getaddrinfo failed)""))",
BTech,3,2025-26,,,https://ryzenstudy.com/papers/aktu-btech-sem-3-sensor-instrumentation-2025-26,,,,"ERROR: ConnectionError: HTTPSConnectionPool(host='ryzenstudy.com', port=443): Max retries exceeded with url: /papers/aktu-btech-sem-3-sensor-instrumentation-2025-26 (Caused by NameResolutionError(""HTTPSConnection(host='ryzenstudy.com', port=443): Failed to resolve 'ryzenstudy.com' ([Errno 11001] getaddrinfo failed)""))",
BTech,3,2021-22,,,https://ryzenstudy.com/papers/aktu-btech-sem-3-surveying-and-geomatics-2021-22,,,,"ERROR: ConnectionError: HTTPSConnectionPool(host='ryzenstudy.com', port=443): Max retries exceeded with url: /papers/aktu-btech-sem-3-surveying-and-geomatics-2021-22 (Caused by NameResolutionError(""HTTPSConnection(host='ryzenstudy.com', port=443): Failed to resolve 'ryzenstudy.com' ([Errno 11001] getaddrinfo failed)""))",
BTech,3,2023-24,,,https://ryzenstudy.com/papers/aktu-btech-sem-3-surveying-and-geomatics-2023-24,,,,"ERROR: ConnectionError: HTTPSConnectionPool(host='ryzenstudy.com', port=443): Max retries exceeded with url: /papers/aktu-btech-sem-3-surveying-and-geomatics-2023-24 (Caused by NameResolutionError(""HTTPSConnection(host='ryzenstudy.com', port=443): Failed to resolve 'ryzenstudy.com' ([Errno 11001] getaddrinfo failed)""))",
BTech,3,2022-23,,,https://ryzenstudy.com/papers/aktu-btech-sem-3-surveying-and-geometics-2022-23,,,,"ERROR: ConnectionError: HTTPSConnectionPool(host='ryzenstudy.com', port=443): Max retries exceeded with url: /papers/aktu-btech-sem-3-surveying-and-geometics-2022-23 (Caused by NameResolutionError(""HTTPSConnection(host='ryzenstudy.com', port=443): Failed to resolve 'ryzenstudy.com' ([Errno 11001] getaddrinfo failed)""))",
BTech,3,2021-22,,,https://ryzenstudy.com/papers/aktu-btech-sem-3-technical-communication-2021-22,,,,"ERROR: ConnectionError: HTTPSConnectionPool(host='ryzenstudy.com', port=443): Max retries exceeded with url: /papers/aktu-btech-sem-3-technical-communication-2021-22 (Caused by NameResolutionError(""HTTPSConnection(host='ryzenstudy.com', port=443): Failed to resolve 'ryzenstudy.com' ([Errno 11001] getaddrinfo failed)""))",
BTech,3,2022-23,,,https://ryzenstudy.com/papers/aktu-btech-sem-3-technical-communication-2022-23,,,,"ERROR: ConnectionError: HTTPSConnectionPool(host='ryzenstudy.com', port=443): Max retries exceeded with url: /papers/aktu-btech-sem-3-technical-communication-2022-23 (Caused by NameResolutionError(""HTTPSConnection(host='ryzenstudy.com', port=443): Failed to resolve 'ryzenstudy.com' ([Errno 11001] getaddrinfo failed)""))",
BTech,3,2023-24,,,https://ryzenstudy.com/papers/aktu-btech-sem-3-technical-communication-2023-24,,,,"ERROR: ConnectionError: HTTPSConnectionPool(host='ryzenstudy.com', port=443): Max retries exceeded with url: /papers/aktu-btech-sem-3-technical-communication-2023-24 (Caused by NameResolutionError(""HTTPSConnection(host='ryzenstudy.com', port=443): Failed to resolve 'ryzenstudy.com' ([Errno 11001] getaddrinfo failed)""))",
BTech,3,2024-25,,,https://ryzenstudy.com/papers/aktu-btech-sem-3-technical-communication-2024-25,,,,"ERROR: ConnectionError: HTTPSConnectionPool(host='ryzenstudy.com', port=443): Max retries exceeded with url: /papers/aktu-btech-sem-3-technical-communication-2024-25 (Caused by NameResolutionError(""HTTPSConnection(host='ryzenstudy.com', port=443): Failed to resolve 'ryzenstudy.com' ([Errno 11001] getaddrinfo failed)""))",
BTech,3,2025-26,,,https://ryzenstudy.com/papers/aktu-btech-sem-3-technical-communication-2025-26,,,,"ERROR: ConnectionError: HTTPSConnectionPool(host='ryzenstudy.com', port=443): Max retries exceeded with url: /papers/aktu-btech-sem-3-technical-communication-2025-26 (Caused by NameResolutionError(""HTTPSConnection(host='ryzenstudy.com', port=443): Failed to resolve 'ryzenstudy.com' ([Errno 11001] getaddrinfo failed)""))",
BTech,3,2021-22,,,https://ryzenstudy.com/papers/aktu-btech-sem-3-thermodynamics-2021-22,,,,"ERROR: ConnectionError: HTTPSConnectionPool(host='ryzenstudy.com', port=443): Max retries exceeded with url: /papers/aktu-btech-sem-3-thermodynamics-2021-22 (Caused by NameResolutionError(""HTTPSConnection(host='ryzenstudy.com', port=443): Failed to resolve 'ryzenstudy.com' ([Errno 11001] getaddrinfo failed)""))",
BTech,3,2022-23,,,https://ryzenstudy.com/papers/aktu-btech-sem-3-thermodynamics-2022-23,,,,"ERROR: ConnectionError: HTTPSConnectionPool(host='ryzenstudy.com', port=443): Max retries exceeded with url: /papers/aktu-btech-sem-3-thermodynamics-2022-23 (Caused by NameResolutionError(""HTTPSConnection(host='ryzenstudy.com', port=443): Failed to resolve 'ryzenstudy.com' ([Errno 11001] getaddrinfo failed)""))",
BTech,3,2023-24,,,https://ryzenstudy.com/papers/aktu-btech-sem-3-thermodynamics-2023-24,,,,"ERROR: ConnectionError: HTTPSConnectionPool(host='ryzenstudy.com', port=443): Max retries exceeded with url: /papers/aktu-btech-sem-3-thermodynamics-2023-24 (Caused by NameResolutionError(""HTTPSConnection(host='ryzenstudy.com', port=443): Failed to resolve 'ryzenstudy.com' ([Errno 11001] getaddrinfo failed)""))",
BTech,3,2025-26,,,https://ryzenstudy.com/papers/aktu-btech-sem-3-thermodynamics-2025-26,,,,"ERROR: ConnectionError: HTTPSConnectionPool(host='ryzenstudy.com', port=443): Max retries exceeded with url: /papers/aktu-btech-sem-3-thermodynamics-2025-26 (Caused by NameResolutionError(""HTTPSConnection(host='ryzenstudy.com', port=443): Failed to resolve 'ryzenstudy.com' ([Errno 11001] getaddrinfo failed)""))",
BTech,3,2021-22,,,https://ryzenstudy.com/papers/aktu-btech-sem-3-universal-human-values-2021-22,,,,"ERROR: ConnectionError: HTTPSConnectionPool(host='ryzenstudy.com', port=443): Max retries exceeded with url: /papers/aktu-btech-sem-3-universal-human-values-2021-22 (Caused by NameResolutionError(""HTTPSConnection(host='ryzenstudy.com', port=443): Failed to resolve 'ryzenstudy.com' ([Errno 11001] getaddrinfo failed)""))",
BTech,3,2022-23,,,https://ryzenstudy.com/papers/aktu-btech-sem-3-universal-human-values-2022-23,,,,"ERROR: ConnectionError: HTTPSConnectionPool(host='ryzenstudy.com', port=443): Max retries exceeded with url: /papers/aktu-btech-sem-3-universal-human-values-2022-23 (Caused by NameResolutionError(""HTTPSConnection(host='ryzenstudy.com', port=443): Failed to resolve 'ryzenstudy.com' ([Errno 11001] getaddrinfo failed)""))",
BTech,3,2023-24,,,https://ryzenstudy.com/papers/aktu-btech-sem-3-universal-human-values-and-professional-ethics-2023-24,,,,"ERROR: ConnectionError: HTTPSConnectionPool(host='ryzenstudy.com', port=443): Max retries exceeded with url: /papers/aktu-btech-sem-3-universal-human-values-and-professional-ethics-2023-24 (Caused by NameResolutionError(""HTTPSConnection(host='ryzenstudy.com', port=443): Failed to resolve 'ryzenstudy.com' ([Errno 11001] getaddrinfo failed)""))",
BTech,3,2024-25,,,https://ryzenstudy.com/papers/aktu-btech-sem-3-universal-human-values-and-professional-ethics-2024-25,,,,"ERROR: ConnectionError: HTTPSConnectionPool(host='ryzenstudy.com', port=443): Max retries exceeded with url: /papers/aktu-btech-sem-3-universal-human-values-and-professional-ethics-2024-25 (Caused by NameResolutionError(""HTTPSConnection(host='ryzenstudy.com', port=443): Failed to resolve 'ryzenstudy.com' ([Errno 11001] getaddrinfo failed)""))",
BTech,3,2025-26,,,https://ryzenstudy.com/papers/aktu-btech-sem-3-universal-human-values-and-professional-ethics-2025-26,,,,"ERROR: ConnectionError: HTTPSConnectionPool(host='ryzenstudy.com', port=443): Max retries exceeded with url: /papers/aktu-btech-sem-3-universal-human-values-and-professional-ethics-2025-26 (Caused by NameResolutionError(""HTTPSConnection(host='ryzenstudy.com', port=443): Failed to resolve 'ryzenstudy.com' ([Errno 11001] getaddrinfo failed)""))",
BTech,4,2021-22,,,https://ryzenstudy.com/papers/aktu-btech-sem-4-analog-circuits-2021-22,,,,"ERROR: ConnectionError: HTTPSConnectionPool(host='ryzenstudy.com', port=443): Max retries exceeded with url: /papers/aktu-btech-sem-4-analog-circuits-2021-22 (Caused by NameResolutionError(""HTTPSConnection(host='ryzenstudy.com', port=443): Failed to resolve 'ryzenstudy.com' ([Errno 11001] getaddrinfo failed)""))",
BTech,4,2022-23,,,https://ryzenstudy.com/papers/aktu-btech-sem-4-analog-circuits-2022-23,,,,"ERROR: ConnectionError: HTTPSConnectionPool(host='ryzenstudy.com', port=443): Max retries exceeded with url: /papers/aktu-btech-sem-4-analog-circuits-2022-23 (Caused by NameResolutionError(""HTTPSConnection(host='ryzenstudy.com', port=443): Failed to resolve 'ryzenstudy.com' ([Errno 11001] getaddrinfo failed)""))",
BTech,4,2023-24,,,https://ryzenstudy.com/papers/aktu-btech-sem-4-analog-circuits-2023-24,,,,"ERROR: ConnectionError: HTTPSConnectionPool(host='ryzenstudy.com', port=443): Max retries exceeded with url: /papers/aktu-btech-sem-4-analog-circuits-2023-24 (Caused by NameResolutionError(""HTTPSConnection(host='ryzenstudy.com', port=443): Failed to resolve 'ryzenstudy.com' ([Errno 11001] getaddrinfo failed)""))",
BTech,4,2024-25,,,https://ryzenstudy.com/papers/aktu-btech-sem-4-analog-circuits-2024-25,,,,"ERROR: ConnectionError: HTTPSConnectionPool(host='ryzenstudy.com', port=443): Max retries exceeded with url: /papers/aktu-btech-sem-4-analog-circuits-2024-25 (Caused by NameResolutionError(""HTTPSConnection(host='ryzenstudy.com', port=443): Failed to resolve 'ryzenstudy.com' ([Errno 11001] getaddrinfo failed)""))",
BTech,4,2025-26,,,https://ryzenstudy.com/papers/aktu-btech-sem-4-analog-circuits-2025-26,,,,"ERROR: ConnectionError: HTTPSConnectionPool(host='ryzenstudy.com', port=443): Max retries exceeded with url: /papers/aktu-btech-sem-4-analog-circuits-2025-26 (Caused by NameResolutionError(""HTTPSConnection(host='ryzenstudy.com', port=443): Failed to resolve 'ryzenstudy.com' ([Errno 11001] getaddrinfo failed)""))",
BTech,4,2021-22,,,https://ryzenstudy.com/papers/aktu-btech-sem-4-analog-electronics-2021-22,,,,"ERROR: ConnectionError: HTTPSConnectionPool(host='ryzenstudy.com', port=443): Max retries exceeded with url: /papers/aktu-btech-sem-4-analog-electronics-2021-22 (Caused by NameResolutionError(""HTTPSConnection(host='ryzenstudy.com', port=443): Failed to resolve 'ryzenstudy.com' ([Errno 11001] getaddrinfo failed)""))",
BTech,4,2022-23,,,https://ryzenstudy.com/papers/aktu-btech-sem-4-analog-electronics-2022-23,,,,"ERROR: ConnectionError: HTTPSConnectionPool(host='ryzenstudy.com', port=443): Max retries exceeded with url: /papers/aktu-btech-sem-4-analog-electronics-2022-23 (Caused by NameResolutionError(""HTTPSConnection(host='ryzenstudy.com', port=443): Failed to resolve 'ryzenstudy.com' ([Errno 11001] getaddrinfo failed)""))",
BTech,4,2023-24,,,https://ryzenstudy.com/papers/aktu-btech-sem-4-analog-electronics-circuits-2023-24,,,,"ERROR: ConnectionError: HTTPSConnectionPool(host='ryzenstudy.com', port=443): Max retries exceeded with url: /papers/aktu-btech-sem-4-analog-electronics-circuits-2023-24 (Caused by NameResolutionError(""HTTPSConnection(host='ryzenstudy.com', port=443): Failed to resolve 'ryzenstudy.com' ([Errno 11001] getaddrinfo failed)""))",
BTech,4,2024-25,,,https://ryzenstudy.com/papers/aktu-btech-sem-4-analog-electronics-circuits-2024-25,,,,"ERROR: ConnectionError: HTTPSConnectionPool(host='ryzenstudy.com', port=443): Max retries exceeded with url: /papers/aktu-btech-sem-4-analog-electronics-circuits-2024-25 (Caused by NameResolutionError(""HTTPSConnection(host='ryzenstudy.com', port=443): Failed to resolve 'ryzenstudy.com' ([Errno 11001] getaddrinfo failed)""))",
BTech,4,2025-26,,,https://ryzenstudy.com/papers/aktu-btech-sem-4-analog-electronics-circuits-2025-26,,,,"ERROR: ConnectionError: HTTPSConnectionPool(host='ryzenstudy.com', port=443): Max retries exceeded with url: /papers/aktu-btech-sem-4-analog-electronics-circuits-2025-26 (Caused by NameResolutionError(""HTTPSConnection(host='ryzenstudy.com', port=443): Failed to resolve 'ryzenstudy.com' ([Errno 11001] getaddrinfo failed)""))",
BTech,4,2021-22,,,https://ryzenstudy.com/papers/aktu-btech-sem-4-applied-thermodynamics-2021-22,,,,"ERROR: ConnectionError: HTTPSConnectionPool(host='ryzenstudy.com', port=443): Max retries exceeded with url: /papers/aktu-btech-sem-4-applied-thermodynamics-2021-22 (Caused by NameResolutionError(""HTTPSConnection(host='ryzenstudy.com', port=443): Failed to resolve 'ryzenstudy.com' ([Errno 11001] getaddrinfo failed)""))",
BTech,4,2022-23,,,https://ryzenstudy.com/papers/aktu-btech-sem-4-applied-thermodynamics-2022-23,,,,"ERROR: ConnectionError: HTTPSConnectionPool(host='ryzenstudy.com', port=443): Max retries exceeded with url: /papers/aktu-btech-sem-4-applied-thermodynamics-2022-23 (Caused by NameResolutionError(""HTTPSConnection(host='ryzenstudy.com', port=443): Failed to resolve 'ryzenstudy.com' ([Errno 11001] getaddrinfo failed)""))",
BTech,4,2023-24,,,https://ryzenstudy.com/papers/aktu-btech-sem-4-applied-thermodynamics-2023-24,,,,"ERROR: ConnectionError: HTTPSConnectionPool(host='ryzenstudy.com', port=443): Max retries exceeded with url: /papers/aktu-btech-sem-4-applied-thermodynamics-2023-24 (Caused by NameResolutionError(""HTTPSConnection(host='ryzenstudy.com', port=443): Failed to resolve 'ryzenstudy.com' ([Errno 11001] getaddrinfo failed)""))",
BTech,4,2024-25,,,https://ryzenstudy.com/papers/aktu-btech-sem-4-applied-thermodynamics-2024-25,,,,"ERROR: ConnectionError: HTTPSConnectionPool(host='ryzenstudy.com', port=443): Max retries exceeded with url: /papers/aktu-btech-sem-4-applied-thermodynamics-2024-25 (Caused by NameResolutionError(""HTTPSConnection(host='ryzenstudy.com', port=443): Failed to resolve 'ryzenstudy.com' ([Errno 11001] getaddrinfo failed)""))",
BTech,4,2025-26,,,https://ryzenstudy.com/papers/aktu-btech-sem-4-applied-thermodynamics-2025-26,,,,"ERROR: ConnectionError: HTTPSConnectionPool(host='ryzenstudy.com', port=443): Max retries exceeded with url: /papers/aktu-btech-sem-4-applied-thermodynamics-2025-26 (Caused by NameResolutionError(""HTTPSConnection(host='ryzenstudy.com', port=443): Failed to resolve 'ryzenstudy.com' ([Errno 11001] getaddrinfo failed)""))",
BTech,4,2023-24,,,https://ryzenstudy.com/papers/aktu-btech-sem-4-automation-and-robotics-2023-24,,,,"ERROR: ConnectionError: HTTPSConnectionPool(host='ryzenstudy.com', port=443): Max retries exceeded with url: /papers/aktu-btech-sem-4-automation-and-robotics-2023-24 (Caused by NameResolutionError(""HTTPSConnection(host='ryzenstudy.com', port=443): Failed to resolve 'ryzenstudy.com' ([Errno 11001] getaddrinfo failed)""))",
BTech,4,2024-25,,,https://ryzenstudy.com/papers/aktu-btech-sem-4-automation-and-robotics-2024-25,,,,"ERROR: ConnectionError: HTTPSConnectionPool(host='ryzenstudy.com', port=443): Max retries exceeded with url: /papers/aktu-btech-sem-4-automation-and-robotics-2024-25 (Caused by NameResolutionError(""HTTPSConnection(host='ryzenstudy.com', port=443): Failed to resolve 'ryzenstudy.com' ([Errno 11001] getaddrinfo failed)""))",
BTech,4,2025-26,,,https://ryzenstudy.com/papers/aktu-btech-sem-4-automation-and-robotics-2025-26,,,,"ERROR: ConnectionError: HTTPSConnectionPool(host='ryzenstudy.com', port=443): Max retries exceeded with url: /papers/aktu-btech-sem-4-automation-and-robotics-2025-26 (Caused by NameResolutionError(""HTTPSConnection(host='ryzenstudy.com', port=443): Failed to resolve 'ryzenstudy.com' ([Errno 11001] getaddrinfo failed)""))",
BTech,4,2022-23,,,https://ryzenstudy.com/papers/aktu-btech-sem-4-basic-data-structure-algorithms-2022-23,,,,"ERROR: ConnectionError: HTTPSConnectionPool(host='ryzenstudy.com', port=443): Max retries exceeded with url: /papers/aktu-btech-sem-4-basic-data-structure-algorithms-2022-23 (Caused by NameResolutionError(""HTTPSConnection(host='ryzenstudy.com', port=443): Failed to resolve 'ryzenstudy.com' ([Errno 11001] getaddrinfo failed)""))",
BTech,4,2021-22,,,https://ryzenstudy.com/papers/aktu-btech-sem-4-basic-data-structure-and-algorithms-2021-22,,,,"ERROR: ConnectionError: HTTPSConnectionPool(host='ryzenstudy.com', port=443): Max retries exceeded with url: /papers/aktu-btech-sem-4-basic-data-structure-and-algorithms-2021-22 (Caused by NameResolutionError(""HTTPSConnection(host='ryzenstudy.com', port=443): Failed to resolve 'ryzenstudy.com' ([Errno 11001] getaddrinfo failed)""))",
BTech,4,2023-24,,,https://ryzenstudy.com/papers/aktu-btech-sem-4-basics-data-structure-algorithms-2023-24,,,,"ERROR: ConnectionError: HTTPSConnectionPool(host='ryzenstudy.com', port=443): Max retries exceeded with url: /papers/aktu-btech-sem-4-basics-data-structure-algorithms-2023-24 (Caused by NameResolutionError(""HTTPSConnection(host='ryzenstudy.com', port=443): Failed to resolve 'ryzenstudy.com' ([Errno 11001] getaddrinfo failed)""))",
BTech,4,2024-25,,,https://ryzenstudy.com/papers/aktu-btech-sem-4-basics-data-structure-algorithms-2024-25,,,,"ERROR: ConnectionError: HTTPSConnectionPool(host='ryzenstudy.com', port=443): Max retries exceeded with url: /papers/aktu-btech-sem-4-basics-data-structure-algorithms-2024-25 (Caused by NameResolutionError(""HTTPSConnection(host='ryzenstudy.com', port=443): Failed to resolve 'ryzenstudy.com' ([Errno 11001] getaddrinfo failed)""))",
BTech,4,2025-26,,,https://ryzenstudy.com/papers/aktu-btech-sem-4-basics-data-structure-algorithms-2025-26,,,,"ERROR: ConnectionError: HTTPSConnectionPool(host='ryzenstudy.com', port=443): Max retries exceeded with url: /papers/aktu-btech-sem-4-basics-data-structure-algorithms-2025-26 (Caused by NameResolutionError(""HTTPSConnection(host='ryzenstudy.com', port=443): Failed to resolve 'ryzenstudy.com' ([Errno 11001] getaddrinfo failed)""))",
BTech,4,2023-24,,,https://ryzenstudy.com/papers/aktu-btech-sem-4-basics-of-database-management-systems-2023-24,,,,"ERROR: ConnectionError: HTTPSConnectionPool(host='ryzenstudy.com', port=443): Max retries exceeded with url: /papers/aktu-btech-sem-4-basics-of-database-management-systems-2023-24 (Caused by NameResolutionError(""HTTPSConnection(host='ryzenstudy.com', port=443): Failed to resolve 'ryzenstudy.com' ([Errno 11001] getaddrinfo failed)""))",
BTech,4,2024-25,,,https://ryzenstudy.com/papers/aktu-btech-sem-4-basics-of-database-management-systems-2024-25,,,,"ERROR: ConnectionError: HTTPSConnectionPool(host='ryzenstudy.com', port=443): Max retries exceeded with url: /papers/aktu-btech-sem-4-basics-of-database-management-systems-2024-25 (Caused by NameResolutionError(""HTTPSConnection(host='ryzenstudy.com', port=443): Failed to resolve 'ryzenstudy.com' ([Errno 11001] getaddrinfo failed)""))",
BTech,4,2025-26,,,https://ryzenstudy.com/papers/aktu-btech-sem-4-basics-of-database-management-systems-2025-26,,,,"ERROR: ConnectionError: HTTPSConnectionPool(host='ryzenstudy.com', port=443): Max retries exceeded with url: /papers/aktu-btech-sem-4-basics-of-database-management-systems-2025-26 (Caused by NameResolutionError(""HTTPSConnection(host='ryzenstudy.com', port=443): Failed to resolve 'ryzenstudy.com' ([Errno 11001] getaddrinfo failed)""))",
BTech,4,2024-25,,,https://ryzenstudy.com/papers/aktu-btech-sem-4-boe410-digital-electronics-2024-25,,,,"ERROR: ConnectionError: HTTPSConnectionPool(host='ryzenstudy.com', port=443): Max retries exceeded with url: /papers/aktu-btech-sem-4-boe410-digital-electronics-2024-25 (Caused by NameResolutionError(""HTTPSConnection(host='ryzenstudy.com', port=443): Failed to resolve 'ryzenstudy.com' ([Errno 11001] getaddrinfo failed)""))",
BTech,4,2025-26,,,https://ryzenstudy.com/papers/aktu-btech-sem-4-boe410-digital-electronics-2025-26,,,,"ERROR: ConnectionError: HTTPSConnectionPool(host='ryzenstudy.com', port=443): Max retries exceeded with url: /papers/aktu-btech-sem-4-boe410-digital-electronics-2025-26 (Caused by NameResolutionError(""HTTPSConnection(host='ryzenstudy.com', port=443): Failed to resolve 'ryzenstudy.com' ([Errno 11001] getaddrinfo failed)""))",
BTech,4,2024-25,,,https://ryzenstudy.com/papers/aktu-btech-sem-4-building-science-and-engineering-2024-25,,,,"ERROR: ConnectionError: HTTPSConnectionPool(host='ryzenstudy.com', port=443): Max retries exceeded with url: /papers/aktu-btech-sem-4-building-science-and-engineering-2024-25 (Caused by NameResolutionError(""HTTPSConnection(host='ryzenstudy.com', port=443): Failed to resolve 'ryzenstudy.com' ([Errno 11001] getaddrinfo failed)""))",
BTech,4,2025-26,,,https://ryzenstudy.com/papers/aktu-btech-sem-4-building-science-and-engineering-2025-26,,,,"ERROR: ConnectionError: HTTPSConnectionPool(host='ryzenstudy.com', port=443): Max retries exceeded with url: /papers/aktu-btech-sem-4-building-science-and-engineering-2025-26 (Caused by NameResolutionError(""HTTPSConnection(host='ryzenstudy.com', port=443): Failed to resolve 'ryzenstudy.com' ([Errno 11001] getaddrinfo failed)""))",
BTech,4,2021-22,,,https://ryzenstudy.com/papers/aktu-btech-sem-4-communication-engineering-2021-22,,,,"ERROR: ConnectionError: HTTPSConnectionPool(host='ryzenstudy.com', port=443): Max retries exceeded with url: /papers/aktu-btech-sem-4-communication-engineering-2021-22 (Caused by NameResolutionError(""HTTPSConnection(host='ryzenstudy.com', port=443): Failed to resolve 'ryzenstudy.com' ([Errno 11001] getaddrinfo failed)""))",
BTech,4,2022-23,,,https://ryzenstudy.com/papers/aktu-btech-sem-4-communication-engineering-2022-23,,,,"ERROR: ConnectionError: HTTPSConnectionPool(host='ryzenstudy.com', port=443): Max retries exceeded with url: /papers/aktu-btech-sem-4-communication-engineering-2022-23 (Caused by NameResolutionError(""HTTPSConnection(host='ryzenstudy.com', port=443): Failed to resolve 'ryzenstudy.com' ([Errno 11001] getaddrinfo failed)""))",
BTech,4,2023-24,,,https://ryzenstudy.com/papers/aktu-btech-sem-4-communication-engineering-2023-24,,,,"ERROR: ConnectionError: HTTPSConnectionPool(host='ryzenstudy.com', port=443): Max retries exceeded with url: /papers/aktu-btech-sem-4-communication-engineering-2023-24 (Caused by NameResolutionError(""HTTPSConnection(host='ryzenstudy.com', port=443): Failed to resolve 'ryzenstudy.com' ([Errno 11001] getaddrinfo failed)""))",
BTech,4,2024-25,,,https://ryzenstudy.com/papers/aktu-btech-sem-4-communication-engineering-2024-25,,,,"ERROR: ConnectionError: HTTPSConnectionPool(host='ryzenstudy.com', port=443): Max retries exceeded with url: /papers/aktu-btech-sem-4-communication-engineering-2024-25 (Caused by NameResolutionError(""HTTPSConnection(host='ryzenstudy.com', port=443): Failed to resolve 'ryzenstudy.com' ([Errno 11001] getaddrinfo failed)""))",
BTech,4,2025-26,,,https://ryzenstudy.com/papers/aktu-btech-sem-4-communication-engineering-2025-26,,,,"ERROR: ConnectionError: HTTPSConnectionPool(host='ryzenstudy.com', port=443): Max retries exceeded with url: /papers/aktu-btech-sem-4-communication-engineering-2025-26 (Caused by NameResolutionError(""HTTPSConnection(host='ryzenstudy.com', port=443): Failed to resolve 'ryzenstudy.com' ([Errno 11001] getaddrinfo failed)""))",
BTech,4,2021-22,,,https://ryzenstudy.com/papers/aktu-btech-sem-4-computer-system-security-2021-22,,,,"ERROR: ConnectionError: HTTPSConnectionPool(host='ryzenstudy.com', port=443): Max retries exceeded with url: /papers/aktu-btech-sem-4-computer-system-security-2021-22 (Caused by NameResolutionError(""HTTPSConnection(host='ryzenstudy.com', port=443): Failed to resolve 'ryzenstudy.com' ([Errno 11001] getaddrinfo failed)""))",
BTech,4,2022-23,,,https://ryzenstudy.com/papers/aktu-btech-sem-4-computer-system-security-2022-23,,,,"ERROR: ConnectionError: HTTPSConnectionPool(host='ryzenstudy.com', port=443): Max retries exceeded with url: /papers/aktu-btech-sem-4-computer-system-security-2022-23 (Caused by NameResolutionError(""HTTPSConnection(host='ryzenstudy.com', port=443): Failed to resolve 'ryzenstudy.com' ([Errno 11001] getaddrinfo failed)""))",
BTech,4,2023-24,,,https://ryzenstudy.com/papers/aktu-btech-sem-4-cyber-security-2023-24,,,,"ERROR: ConnectionError: HTTPSConnectionPool(host='ryzenstudy.com', port=443): Max retries exceeded with url: /papers/aktu-btech-sem-4-cyber-security-2023-24 (Caused by NameResolutionError(""HTTPSConnection(host='ryzenstudy.com', port=443): Failed to resolve 'ryzenstudy.com' ([Errno 11001] getaddrinfo failed)""))",
BTech,4,2024-25,,,https://ryzenstudy.com/papers/aktu-btech-sem-4-cyber-security-2024-25,,,,"ERROR: ConnectionError: HTTPSConnectionPool(host='ryzenstudy.com', port=443): Max retries exceeded with url: /papers/aktu-btech-sem-4-cyber-security-2024-25 (Caused by NameResolutionError(""HTTPSConnection(host='ryzenstudy.com', port=443): Failed to resolve 'ryzenstudy.com' ([Errno 11001] getaddrinfo failed)""))",
BTech,4,2025-26,,,https://ryzenstudy.com/papers/aktu-btech-sem-4-cyber-security-2025-26,,,,"ERROR: ConnectionError: HTTPSConnectionPool(host='ryzenstudy.com', port=443): Max retries exceeded with url: /papers/aktu-btech-sem-4-cyber-security-2025-26 (Caused by NameResolutionError(""HTTPSConnection(host='ryzenstudy.com', port=443): Failed to resolve 'ryzenstudy.com' ([Errno 11001] getaddrinfo failed)""))",
BTech,4,2023-24,,,https://ryzenstudy.com/papers/aktu-btech-sem-4-design-and-analysis-of-algorithm-2023-24,,,,"ERROR: ConnectionError: HTTPSConnectionPool(host='ryzenstudy.com', port=443): Max retries exceeded with url: /papers/aktu-btech-sem-4-design-and-analysis-of-algorithm-2023-24 (Caused by NameResolutionError(""HTTPSConnection(host='ryzenstudy.com', port=443): Failed to resolve 'ryzenstudy.com' ([Errno 11001] getaddrinfo failed)""))",
BTech,4,2025-26,,,https://ryzenstudy.com/papers/aktu-btech-sem-4-design-and-analysis-of-algorithm-2025-26,,,,"ERROR: ConnectionError: HTTPSConnectionPool(host='ryzenstudy.com', port=443): Max retries exceeded with url: /papers/aktu-btech-sem-4-design-and-analysis-of-algorithm-2025-26 (Caused by NameResolutionError(""HTTPSConnection(host='ryzenstudy.com', port=443): Failed to resolve 'ryzenstudy.com' ([Errno 11001] getaddrinfo failed)""))",
BTech,4,2021-22,,,https://ryzenstudy.com/papers/aktu-btech-sem-4-digital-electronics-2021-22,,,,"ERROR: ConnectionError: HTTPSConnectionPool(host='ryzenstudy.com', port=443): Max retries exceeded with url: /papers/aktu-btech-sem-4-digital-electronics-2021-22 (Caused by NameResolutionError(""HTTPSConnection(host='ryzenstudy.com', port=443): Failed to resolve 'ryzenstudy.com' ([Errno 11001] getaddrinfo failed)""))",
BTech,4,2022-23,,,https://ryzenstudy.com/papers/aktu-btech-sem-4-digital-electronics-2022-23,,,,"ERROR: ConnectionError: HTTPSConnectionPool(host='ryzenstudy.com', port=443): Max retries exceeded with url: /papers/aktu-btech-sem-4-digital-electronics-2022-23 (Caused by NameResolutionError(""HTTPSConnection(host='ryzenstudy.com', port=443): Failed to resolve 'ryzenstudy.com' ([Errno 11001] getaddrinfo failed)""))",
BTech,4,2023-24,,,https://ryzenstudy.com/papers/aktu-btech-sem-4-digital-electronics-2023-24,,,,"ERROR: ConnectionError: HTTPSConnectionPool(host='ryzenstudy.com', port=443): Max retries exceeded with url: /papers/aktu-btech-sem-4-digital-electronics-2023-24 (Caused by NameResolutionError(""HTTPSConnection(host='ryzenstudy.com', port=443): Failed to resolve 'ryzenstudy.com' ([Errno 11001] getaddrinfo failed)""))",
BTech,4,2024-25,,,https://ryzenstudy.com/papers/aktu-btech-sem-4-digital-electronics-2024-25,,,,"ERROR: ConnectionError: HTTPSConnectionPool(host='ryzenstudy.com', port=443): Max retries exceeded with url: /papers/aktu-btech-sem-4-digital-electronics-2024-25 (Caused by NameResolutionError(""HTTPSConnection(host='ryzenstudy.com', port=443): Failed to resolve 'ryzenstudy.com' ([Errno 11001] getaddrinfo failed)""))",
BTech,4,2025-26,,,https://ryzenstudy.com/papers/aktu-btech-sem-4-digital-electronics-2025-26,,,,"ERROR: ConnectionError: HTTPSConnectionPool(host='ryzenstudy.com', port=443): Max retries exceeded with url: /papers/aktu-btech-sem-4-digital-electronics-2025-26 (Caused by NameResolutionError(""HTTPSConnection(host='ryzenstudy.com', port=443): Failed to resolve 'ryzenstudy.com' ([Errno 11001] getaddrinfo failed)""))",
BTech,4,2023-24,,,https://ryzenstudy.com/papers/aktu-btech-sem-4-electric-and-hybrid-vehicles-2023-24,,,,"ERROR: ConnectionError: HTTPSConnectionPool(host='ryzenstudy.com', port=443): Max retries exceeded with url: /papers/aktu-btech-sem-4-electric-and-hybrid-vehicles-2023-24 (Caused by NameResolutionError(""HTTPSConnection(host='ryzenstudy.com', port=443): Failed to resolve 'ryzenstudy.com' ([Errno 11001] getaddrinfo failed)""))",
BTech,4,2024-25,,,https://ryzenstudy.com/papers/aktu-btech-sem-4-electric-and-hybrid-vehicles-2024-25,,,,"ERROR: ConnectionError: HTTPSConnectionPool(host='ryzenstudy.com', port=443): Max retries exceeded with url: /papers/aktu-btech-sem-4-electric-and-hybrid-vehicles-2024-25 (Caused by NameResolutionError(""HTTPSConnection(host='ryzenstudy.com', port=443): Failed to resolve 'ryzenstudy.com' ([Errno 11001] getaddrinfo failed)""))",
BTech,4,2025-26,,,https://ryzenstudy.com/papers/aktu-btech-sem-4-electric-and-hybrid-vehicles-2025-26,,,,"ERROR: ConnectionError: HTTPSConnectionPool(host='ryzenstudy.com', port=443): Max retries exceeded with url: /papers/aktu-btech-sem-4-electric-and-hybrid-vehicles-2025-26 (Caused by NameResolutionError(""HTTPSConnection(host='ryzenstudy.com', port=443): Failed to resolve 'ryzenstudy.com' ([Errno 11001] getaddrinfo failed)""))",
BTech,4,2021-22,,,https://ryzenstudy.com/papers/aktu-btech-sem-4-electrical-machines-i-2021-22,,,,"ERROR: ConnectionError: HTTPSConnectionPool(host='ryzenstudy.com', port=443): Max retries exceeded with url: /papers/aktu-btech-sem-4-electrical-machines-i-2021-22 (Caused by NameResolutionError(""HTTPSConnection(host='ryzenstudy.com', port=443): Failed to resolve 'ryzenstudy.com' ([Errno 11001] getaddrinfo failed)""))",
BTech,4,2022-23,,,https://ryzenstudy.com/papers/aktu-btech-sem-4-electrical-machines-i-2022-23,,,,"ERROR: ConnectionError: HTTPSConnectionPool(host='ryzenstudy.com', port=443): Max retries exceeded with url: /papers/aktu-btech-sem-4-electrical-machines-i-2022-23 (Caused by NameResolutionError(""HTTPSConnection(host='ryzenstudy.com', port=443): Failed to resolve 'ryzenstudy.com' ([Errno 11001] getaddrinfo failed)""))",
BTech,4,2023-24,,,https://ryzenstudy.com/papers/aktu-btech-sem-4-electrical-machines-i-2023-24,,,,"ERROR: ConnectionError: HTTPSConnectionPool(host='ryzenstudy.com', port=443): Max retries exceeded with url: /papers/aktu-btech-sem-4-electrical-machines-i-2023-24 (Caused by NameResolutionError(""HTTPSConnection(host='ryzenstudy.com', port=443): Failed to resolve 'ryzenstudy.com' ([Errno 11001] getaddrinfo failed)""))",
BTech,4,2024-25,,,https://ryzenstudy.com/papers/aktu-btech-sem-4-electrical-machines-i-2024-25,,,,"ERROR: ConnectionError: HTTPSConnectionPool(host='ryzenstudy.com', port=443): Max retries exceeded with url: /papers/aktu-btech-sem-4-electrical-machines-i-2024-25 (Caused by NameResolutionError(""HTTPSConnection(host='ryzenstudy.com', port=443): Failed to resolve 'ryzenstudy.com' ([Errno 11001] getaddrinfo failed)""))",
BTech,4,2025-26,,,https://ryzenstudy.com/papers/aktu-btech-sem-4-electrical-machines-i-2025-26,,,,"ERROR: ConnectionError: HTTPSConnectionPool(host='ryzenstudy.com', port=443): Max retries exceeded with url: /papers/aktu-btech-sem-4-electrical-machines-i-2025-26 (Caused by NameResolutionError(""HTTPSConnection(host='ryzenstudy.com', port=443): Failed to resolve 'ryzenstudy.com' ([Errno 11001] getaddrinfo failed)""))",
BTech,4,2021-22,,,https://ryzenstudy.com/papers/aktu-btech-sem-4-electrical-measurements-instrumentation-2021-22,,,,"ERROR: ConnectionError: HTTPSConnectionPool(host='ryzenstudy.com', port=443): Max retries exceeded with url: /papers/aktu-btech-sem-4-electrical-measurements-instrumentation-2021-22 (Caused by NameResolutionError(""HTTPSConnection(host='ryzenstudy.com', port=443): Failed to resolve 'ryzenstudy.com' ([Errno 11001] getaddrinfo failed)""))",
BTech,4,2024-25,,,https://ryzenstudy.com/papers/aktu-btech-sem-4-electrical-measurements-instrumentation-2024-25,,,,"ERROR: ConnectionError: HTTPSConnectionPool(host='ryzenstudy.com', port=443): Max retries exceeded with url: /papers/aktu-btech-sem-4-electrical-measurements-instrumentation-2024-25 (Caused by NameResolutionError(""HTTPSConnection(host='ryzenstudy.com', port=443): Failed to resolve 'ryzenstudy.com' ([Errno 11001] getaddrinfo failed)""))",
BTech,4,2021-22,,,https://ryzenstudy.com/papers/aktu-btech-sem-4-electronics-engineering-2021-22,,,,"ERROR: ConnectionError: HTTPSConnectionPool(host='ryzenstudy.com', port=443): Max retries exceeded with url: /papers/aktu-btech-sem-4-electronics-engineering-2021-22 (Caused by NameResolutionError(""HTTPSConnection(host='ryzenstudy.com', port=443): Failed to resolve 'ryzenstudy.com' ([Errno 11001] getaddrinfo failed)""))",
BTech,4,2022-23,,,https://ryzenstudy.com/papers/aktu-btech-sem-4-electronics-engineering-2022-23,,,,"ERROR: ConnectionError: HTTPSConnectionPool(host='ryzenstudy.com', port=443): Max retries exceeded with url: /papers/aktu-btech-sem-4-electronics-engineering-2022-23 (Caused by NameResolutionError(""HTTPSConnection(host='ryzenstudy.com', port=443): Failed to resolve 'ryzenstudy.com' ([Errno 11001] getaddrinfo failed)""))",
BTech,4,2023-24,,,https://ryzenstudy.com/papers/aktu-btech-sem-4-electronics-engineering-2023-24,,,,"ERROR: ConnectionError: HTTPSConnectionPool(host='ryzenstudy.com', port=443): Max retries exceeded with url: /papers/aktu-btech-sem-4-electronics-engineering-2023-24 (Caused by NameResolutionError(""HTTPSConnection(host='ryzenstudy.com', port=443): Failed to resolve 'ryzenstudy.com' ([Errno 11001] getaddrinfo failed)""))",
BTech,4,2024-25,,,https://ryzenstudy.com/papers/aktu-btech-sem-4-electronics-engineering-2024-25,,,,"ERROR: ConnectionError: HTTPSConnectionPool(host='ryzenstudy.com', port=443): Max retries exceeded with url: /papers/aktu-btech-sem-4-electronics-engineering-2024-25 (Caused by NameResolutionError(""HTTPSConnection(host='ryzenstudy.com', port=443): Failed to resolve 'ryzenstudy.com' ([Errno 11001] getaddrinfo failed)""))",
BTech,4,2025-26,,,https://ryzenstudy.com/papers/aktu-btech-sem-4-electronics-engineering-2025-26,,,,"ERROR: ConnectionError: HTTPSConnectionPool(host='ryzenstudy.com', port=443): Max retries exceeded with url: /papers/aktu-btech-sem-4-electronics-engineering-2025-26 (Caused by NameResolutionError(""HTTPSConnection(host='ryzenstudy.com', port=443): Failed to resolve 'ryzenstudy.com' ([Errno 11001] getaddrinfo failed)""))",
BTech,4,2021-22,,,https://ryzenstudy.com/papers/aktu-btech-sem-4-energy-science-and-engineering-2021-22,,,,"ERROR: ConnectionError: HTTPSConnectionPool(host='ryzenstudy.com', port=443): Max retries exceeded with url: /papers/aktu-btech-sem-4-energy-science-and-engineering-2021-22 (Caused by NameResolutionError(""HTTPSConnection(host='ryzenstudy.com', port=443): Failed to resolve 'ryzenstudy.com' ([Errno 11001] getaddrinfo failed)""))",
BTech,4,2022-23,,,https://ryzenstudy.com/papers/aktu-btech-sem-4-energy-science-and-engineering-2022-23,,,,"ERROR: ConnectionError: HTTPSConnectionPool(host='ryzenstudy.com', port=443): Max retries exceeded with url: /papers/aktu-btech-sem-4-energy-science-and-engineering-2022-23 (Caused by NameResolutionError(""HTTPSConnection(host='ryzenstudy.com', port=443): Failed to resolve 'ryzenstudy.com' ([Errno 11001] getaddrinfo failed)""))",
BTech,4,2023-24,,,https://ryzenstudy.com/papers/aktu-btech-sem-4-energy-science-engineering-2023-24,,,,"ERROR: ConnectionError: HTTPSConnectionPool(host='ryzenstudy.com', port=443): Max retries exceeded with url: /papers/aktu-btech-sem-4-energy-science-engineering-2023-24 (Caused by NameResolutionError(""HTTPSConnection(host='ryzenstudy.com', port=443): Failed to resolve 'ryzenstudy.com' ([Errno 11001] getaddrinfo failed)""))",
BTech,4,2024-25,,,https://ryzenstudy.com/papers/aktu-btech-sem-4-energy-science-engineering-2024-25,,,,"ERROR: ConnectionError: HTTPSConnectionPool(host='ryzenstudy.com', port=443): Max retries exceeded with url: /papers/aktu-btech-sem-4-energy-science-engineering-2024-25 (Caused by NameResolutionError(""HTTPSConnection(host='ryzenstudy.com', port=443): Failed to resolve 'ryzenstudy.com' ([Errno 11001] getaddrinfo failed)""))",
BTech,4,2025-26,,,https://ryzenstudy.com/papers/aktu-btech-sem-4-energy-science-engineering-2025-26,,,,"ERROR: ConnectionError: HTTPSConnectionPool(host='ryzenstudy.com', port=443): Max retries exceeded with url: /papers/aktu-btech-sem-4-energy-science-engineering-2025-26 (Caused by NameResolutionError(""HTTPSConnection(host='ryzenstudy.com', port=443): Failed to resolve 'ryzenstudy.com' ([Errno 11001] getaddrinfo failed)""))",
BTech,4,2022-23,,,https://ryzenstudy.com/papers/aktu-btech-sem-4-engineering-mathematics-iv-2022-23,,,,"ERROR: ConnectionError: HTTPSConnectionPool(host='ryzenstudy.com', port=443): Max retries exceeded with url: /papers/aktu-btech-sem-4-engineering-mathematics-iv-2022-23 (Caused by NameResolutionError(""HTTPSConnection(host='ryzenstudy.com', port=443): Failed to resolve 'ryzenstudy.com' ([Errno 11001] getaddrinfo failed)""))",
BTech,4,2021-22,,,https://ryzenstudy.com/papers/aktu-btech-sem-4-engineering-mechanics-2021-22,,,,"ERROR: ConnectionError: HTTPSConnectionPool(host='ryzenstudy.com', port=443): Max retries exceeded with url: /papers/aktu-btech-sem-4-engineering-mechanics-2021-22 (Caused by NameResolutionError(""HTTPSConnection(host='ryzenstudy.com', port=443): Failed to resolve 'ryzenstudy.com' ([Errno 11001] getaddrinfo failed)""))",
BTech,4,2022-23,,,https://ryzenstudy.com/papers/aktu-btech-sem-4-engineering-mechanics-2022-23,,,,"ERROR: ConnectionError: HTTPSConnectionPool(host='ryzenstudy.com', port=443): Max retries exceeded with url: /papers/aktu-btech-sem-4-engineering-mechanics-2022-23 (Caused by NameResolutionError(""HTTPSConnection(host='ryzenstudy.com', port=443): Failed to resolve 'ryzenstudy.com' ([Errno 11001] getaddrinfo failed)""))",
BTech,4,2023-24,,,https://ryzenstudy.com/papers/aktu-btech-sem-4-engineering-mechanics-strength-material-2023-24,,,,"ERROR: ConnectionError: HTTPSConnectionPool(host='ryzenstudy.com', port=443): Max retries exceeded with url: /papers/aktu-btech-sem-4-engineering-mechanics-strength-material-2023-24 (Caused by NameResolutionError(""HTTPSConnection(host='ryzenstudy.com', port=443): Failed to resolve 'ryzenstudy.com' ([Errno 11001] getaddrinfo failed)""))",
BTech,4,2024-25,,,https://ryzenstudy.com/papers/aktu-btech-sem-4-engineering-mechanics-strength-material-2024-25,,,,"ERROR: ConnectionError: HTTPSConnectionPool(host='ryzenstudy.com', port=443): Max retries exceeded with url: /papers/aktu-btech-sem-4-engineering-mechanics-strength-material-2024-25 (Caused by NameResolutionError(""HTTPSConnection(host='ryzenstudy.com', port=443): Failed to resolve 'ryzenstudy.com' ([Errno 11001] getaddrinfo failed)""))",
BTech,4,2025-26,,,https://ryzenstudy.com/papers/aktu-btech-sem-4-engineering-mechanics-strength-material-2025-26,,,,"ERROR: ConnectionError: HTTPSConnectionPool(host='ryzenstudy.com', port=443): Max retries exceeded with url: /papers/aktu-btech-sem-4-engineering-mechanics-strength-material-2025-26 (Caused by NameResolutionError(""HTTPSConnection(host='ryzenstudy.com', port=443): Failed to resolve 'ryzenstudy.com' ([Errno 11001] getaddrinfo failed)""))",
BTech,4,2024-25,,,https://ryzenstudy.com/papers/aktu-btech-sem-4-food-science-and-nutrition-2024-25,,,,"ERROR: ConnectionError: HTTPSConnectionPool(host='ryzenstudy.com', port=443): Max retries exceeded with url: /papers/aktu-btech-sem-4-food-science-and-nutrition-2024-25 (Caused by NameResolutionError(""HTTPSConnection(host='ryzenstudy.com', port=443): Failed to resolve 'ryzenstudy.com' ([Errno 11001] getaddrinfo failed)""))",
BTech,4,2025-26,,,https://ryzenstudy.com/papers/aktu-btech-sem-4-food-science-and-nutrition-2025-26,,,,"ERROR: ConnectionError: HTTPSConnectionPool(host='ryzenstudy.com', port=443): Max retries exceeded with url: /papers/aktu-btech-sem-4-food-science-and-nutrition-2025-26 (Caused by NameResolutionError(""HTTPSConnection(host='ryzenstudy.com', port=443): Failed to resolve 'ryzenstudy.com' ([Errno 11001] getaddrinfo failed)""))",
BTech,4,2021-22,,,https://ryzenstudy.com/papers/aktu-btech-sem-4-hydraulic-engineering-and-machines-2021-22,,,,"ERROR: ConnectionError: HTTPSConnectionPool(host='ryzenstudy.com', port=443): Max retries exceeded with url: /papers/aktu-btech-sem-4-hydraulic-engineering-and-machines-2021-22 (Caused by NameResolutionError(""HTTPSConnection(host='ryzenstudy.com', port=443): Failed to resolve 'ryzenstudy.com' ([Errno 11001] getaddrinfo failed)""))",
BTech,4,2023-24,,,https://ryzenstudy.com/papers/aktu-btech-sem-4-hydraulic-engineering-and-machines-2023-24,,,,"ERROR: ConnectionError: HTTPSConnectionPool(host='ryzenstudy.com', port=443): Max retries exceeded with url: /papers/aktu-btech-sem-4-hydraulic-engineering-and-machines-2023-24 (Caused by NameResolutionError(""HTTPSConnection(host='ryzenstudy.com', port=443): Failed to resolve 'ryzenstudy.com' ([Errno 11001] getaddrinfo failed)""))",
BTech,4,2024-25,,,https://ryzenstudy.com/papers/aktu-btech-sem-4-hydraulic-engineering-and-machines-2024-25,,,,"ERROR: ConnectionError: HTTPSConnectionPool(host='ryzenstudy.com', port=443): Max retries exceeded with url: /papers/aktu-btech-sem-4-hydraulic-engineering-and-machines-2024-25 (Caused by NameResolutionError(""HTTPSConnection(host='ryzenstudy.com', port=443): Failed to resolve 'ryzenstudy.com' ([Errno 11001] getaddrinfo failed)""))",
BTech,4,2022-23,,,https://ryzenstudy.com/papers/aktu-btech-sem-4-hydraulic-engineering-machines-2022-23,,,,"ERROR: ConnectionError: HTTPSConnectionPool(host='ryzenstudy.com', port=443): Max retries exceeded with url: /papers/aktu-btech-sem-4-hydraulic-engineering-machines-2022-23 (Caused by NameResolutionError(""HTTPSConnection(host='ryzenstudy.com', port=443): Failed to resolve 'ryzenstudy.com' ([Errno 11001] getaddrinfo failed)""))",
BTech,4,2021-22,,,https://ryzenstudy.com/papers/aktu-btech-sem-4-introduction-to-soft-computing-2021-22,,,,"ERROR: ConnectionError: HTTPSConnectionPool(host='ryzenstudy.com', port=443): Max retries exceeded with url: /papers/aktu-btech-sem-4-introduction-to-soft-computing-2021-22 (Caused by NameResolutionError(""HTTPSConnection(host='ryzenstudy.com', port=443): Failed to resolve 'ryzenstudy.com' ([Errno 11001] getaddrinfo failed)""))",
BTech,4,2022-23,,,https://ryzenstudy.com/papers/aktu-btech-sem-4-introduction-to-soft-computing-2022-23,,,,"ERROR: ConnectionError: HTTPSConnectionPool(host='ryzenstudy.com', port=443): Max retries exceeded with url: /papers/aktu-btech-sem-4-introduction-to-soft-computing-2022-23 (Caused by NameResolutionError(""HTTPSConnection(host='ryzenstudy.com', port=443): Failed to resolve 'ryzenstudy.com' ([Errno 11001] getaddrinfo failed)""))",
BTech,4,2021-22,,,https://ryzenstudy.com/papers/aktu-btech-sem-4-introduction-to-solid-mechanics-2021-22,,,,"ERROR: ConnectionError: HTTPSConnectionPool(host='ryzenstudy.com', port=443): Max retries exceeded with url: /papers/aktu-btech-sem-4-introduction-to-solid-mechanics-2021-22 (Caused by NameResolutionError(""HTTPSConnection(host='ryzenstudy.com', port=443): Failed to resolve 'ryzenstudy.com' ([Errno 11001] getaddrinfo failed)""))",
BTech,4,2022-23,,,https://ryzenstudy.com/papers/aktu-btech-sem-4-introduction-to-solid-mechanics-2022-23,,,,"ERROR: ConnectionError: HTTPSConnectionPool(host='ryzenstudy.com', port=443): Max retries exceeded with url: /papers/aktu-btech-sem-4-introduction-to-solid-mechanics-2022-23 (Caused by NameResolutionError(""HTTPSConnection(host='ryzenstudy.com', port=443): Failed to resolve 'ryzenstudy.com' ([Errno 11001] getaddrinfo failed)""))",
BTech,4,2023-24,,,https://ryzenstudy.com/papers/aktu-btech-sem-4-introduction-to-solid-mechanics-2023-24,,,,"ERROR: ConnectionError: HTTPSConnectionPool(host='ryzenstudy.com', port=443): Max retries exceeded with url: /papers/aktu-btech-sem-4-introduction-to-solid-mechanics-2023-24 (Caused by NameResolutionError(""HTTPSConnection(host='ryzenstudy.com', port=443): Failed to resolve 'ryzenstudy.com' ([Errno 11001] getaddrinfo failed)""))",
BTech,4,2024-25,,,https://ryzenstudy.com/papers/aktu-btech-sem-4-introduction-to-solid-mechanics-2024-25,,,,"ERROR: ConnectionError: HTTPSConnectionPool(host='ryzenstudy.com', port=443): Max retries exceeded with url: /papers/aktu-btech-sem-4-introduction-to-solid-mechanics-2024-25 (Caused by NameResolutionError(""HTTPSConnection(host='ryzenstudy.com', port=443): Failed to resolve 'ryzenstudy.com' ([Errno 11001] getaddrinfo failed)""))",
BTech,4,2022-23,,,https://ryzenstudy.com/papers/aktu-btech-sem-4-kme-402-engineering-mechanics-2022-23,,,,"ERROR: ConnectionError: HTTPSConnectionPool(host='ryzenstudy.com', port=443): Max retries exceeded with url: /papers/aktu-btech-sem-4-kme-402-engineering-mechanics-2022-23 (Caused by NameResolutionError(""HTTPSConnection(host='ryzenstudy.com', port=443): Failed to resolve 'ryzenstudy.com' ([Errno 11001] getaddrinfo failed)""))",
BTech,4,2021-22,,,https://ryzenstudy.com/papers/aktu-btech-sem-4-kme402-engineering-mechanics-2021-22,,,,"ERROR: ConnectionError: HTTPSConnectionPool(host='ryzenstudy.com', port=443): Max retries exceeded with url: /papers/aktu-btech-sem-4-kme402-engineering-mechanics-2021-22 (Caused by NameResolutionError(""HTTPSConnection(host='ryzenstudy.com', port=443): Failed to resolve 'ryzenstudy.com' ([Errno 11001] getaddrinfo failed)""))",
BTech,4,2022-23,,,https://ryzenstudy.com/papers/aktu-btech-sem-4-koe-049-digital-electronics-2022-23,,,,"ERROR: ConnectionError: HTTPSConnectionPool(host='ryzenstudy.com', port=443): Max retries exceeded with url: /papers/aktu-btech-sem-4-koe-049-digital-electronics-2022-23 (Caused by NameResolutionError(""HTTPSConnection(host='ryzenstudy.com', port=443): Failed to resolve 'ryzenstudy.com' ([Errno 11001] getaddrinfo failed)""))",
BTech,4,2021-22,,,https://ryzenstudy.com/papers/aktu-btech-sem-4-koe049-digital-electronics-2021-22,,,,"ERROR: ConnectionError: HTTPSConnectionPool(host='ryzenstudy.com', port=443): Max retries exceeded with url: /papers/aktu-btech-sem-4-koe049-digital-electronics-2021-22 (Caused by NameResolutionError(""HTTPSConnection(host='ryzenstudy.com', port=443): Failed to resolve 'ryzenstudy.com' ([Errno 11001] getaddrinfo failed)""))",
BTech,4,2024-25,,,https://ryzenstudy.com/papers/aktu-btech-sem-4-laser-system-and-applications-2024-25,,,,"ERROR: ConnectionError: HTTPSConnectionPool(host='ryzenstudy.com', port=443): Max retries exceeded with url: /papers/aktu-btech-sem-4-laser-system-and-applications-2024-25 (Caused by NameResolutionError(""HTTPSConnection(host='ryzenstudy.com', port=443): Failed to resolve 'ryzenstudy.com' ([Errno 11001] getaddrinfo failed)""))",
BTech,4,2025-26,,,https://ryzenstudy.com/papers/aktu-btech-sem-4-laser-system-and-applications-2025-26,,,,"ERROR: ConnectionError: HTTPSConnectionPool(host='ryzenstudy.com', port=443): Max retries exceeded with url: /papers/aktu-btech-sem-4-laser-system-and-applications-2025-26 (Caused by NameResolutionError(""HTTPSConnection(host='ryzenstudy.com', port=443): Failed to resolve 'ryzenstudy.com' ([Errno 11001] getaddrinfo failed)""))",
BTech,4,2021-22,,,https://ryzenstudy.com/papers/aktu-btech-sem-4-manufacturing-processes-2021-22,,,,"ERROR: ConnectionError: HTTPSConnectionPool(host='ryzenstudy.com', port=443): Max retries exceeded with url: /papers/aktu-btech-sem-4-manufacturing-processes-2021-22 (Caused by NameResolutionError(""HTTPSConnection(host='ryzenstudy.com', port=443): Failed to resolve 'ryzenstudy.com' ([Errno 11001] getaddrinfo failed)""))",
BTech,4,2022-23,,,https://ryzenstudy.com/papers/aktu-btech-sem-4-manufacturing-processes-2022-23,,,,"ERROR: ConnectionError: HTTPSConnectionPool(host='ryzenstudy.com', port=443): Max retries exceeded with url: /papers/aktu-btech-sem-4-manufacturing-processes-2022-23 (Caused by NameResolutionError(""HTTPSConnection(host='ryzenstudy.com', port=443): Failed to resolve 'ryzenstudy.com' ([Errno 11001] getaddrinfo failed)""))",
BTech,4,2023-24,,,https://ryzenstudy.com/papers/aktu-btech-sem-4-manufacturing-processes-2023-24,,,,"ERROR: ConnectionError: HTTPSConnectionPool(host='ryzenstudy.com', port=443): Max retries exceeded with url: /papers/aktu-btech-sem-4-manufacturing-processes-2023-24 (Caused by NameResolutionError(""HTTPSConnection(host='ryzenstudy.com', port=443): Failed to resolve 'ryzenstudy.com' ([Errno 11001] getaddrinfo failed)""))",
BTech,4,2024-25,,,https://ryzenstudy.com/papers/aktu-btech-sem-4-manufacturing-processes-2024-25,,,,"ERROR: ConnectionError: HTTPSConnectionPool(host='ryzenstudy.com', port=443): Max retries exceeded with url: /papers/aktu-btech-sem-4-manufacturing-processes-2024-25 (Caused by NameResolutionError(""HTTPSConnection(host='ryzenstudy.com', port=443): Failed to resolve 'ryzenstudy.com' ([Errno 11001] getaddrinfo failed)""))",
BTech,4,2025-26,,,https://ryzenstudy.com/papers/aktu-btech-sem-4-manufacturing-processes-2025-26,,,,"ERROR: ConnectionError: HTTPSConnectionPool(host='ryzenstudy.com', port=443): Max retries exceeded with url: /papers/aktu-btech-sem-4-manufacturing-processes-2025-26 (Caused by NameResolutionError(""HTTPSConnection(host='ryzenstudy.com', port=443): Failed to resolve 'ryzenstudy.com' ([Errno 11001] getaddrinfo failed)""))",
BTech,4,2021-22,,,https://ryzenstudy.com/papers/aktu-btech-sem-4-material-science-2021-22,,,,"ERROR: ConnectionError: HTTPSConnectionPool(host='ryzenstudy.com', port=443): Max retries exceeded with url: /papers/aktu-btech-sem-4-material-science-2021-22 (Caused by NameResolutionError(""HTTPSConnection(host='ryzenstudy.com', port=443): Failed to resolve 'ryzenstudy.com' ([Errno 11001] getaddrinfo failed)""))",
BTech,4,2022-23,,,https://ryzenstudy.com/papers/aktu-btech-sem-4-material-science-2022-23,,,,"ERROR: ConnectionError: HTTPSConnectionPool(host='ryzenstudy.com', port=443): Max retries exceeded with url: /papers/aktu-btech-sem-4-material-science-2022-23 (Caused by NameResolutionError(""HTTPSConnection(host='ryzenstudy.com', port=443): Failed to resolve 'ryzenstudy.com' ([Errno 11001] getaddrinfo failed)""))",
BTech,4,2023-24,,,https://ryzenstudy.com/papers/aktu-btech-sem-4-material-science-2023-24,,,,"ERROR: ConnectionError: HTTPSConnectionPool(host='ryzenstudy.com', port=443): Max retries exceeded with url: /papers/aktu-btech-sem-4-material-science-2023-24 (Caused by NameResolutionError(""HTTPSConnection(host='ryzenstudy.com', port=443): Failed to resolve 'ryzenstudy.com' ([Errno 11001] getaddrinfo failed)""))",
BTech,4,2024-25,,,https://ryzenstudy.com/papers/aktu-btech-sem-4-material-science-2024-25,,,,"ERROR: ConnectionError: HTTPSConnectionPool(host='ryzenstudy.com', port=443): Max retries exceeded with url: /papers/aktu-btech-sem-4-material-science-2024-25 (Caused by NameResolutionError(""HTTPSConnection(host='ryzenstudy.com', port=443): Failed to resolve 'ryzenstudy.com' ([Errno 11001] getaddrinfo failed)""))",
BTech,4,2025-26,,,https://ryzenstudy.com/papers/aktu-btech-sem-4-material-science-2025-26,,,,"ERROR: ConnectionError: HTTPSConnectionPool(host='ryzenstudy.com', port=443): Max retries exceeded with url: /papers/aktu-btech-sem-4-material-science-2025-26 (Caused by NameResolutionError(""HTTPSConnection(host='ryzenstudy.com', port=443): Failed to resolve 'ryzenstudy.com' ([Errno 11001] getaddrinfo failed)""))",
BTech,4,2022-23,,,https://ryzenstudy.com/papers/aktu-btech-sem-4-material-testing-and-construction-practices-2022-23,,,,"ERROR: ConnectionError: HTTPSConnectionPool(host='ryzenstudy.com', port=443): Max retries exceeded with url: /papers/aktu-btech-sem-4-material-testing-and-construction-practices-2022-23 (Caused by NameResolutionError(""HTTPSConnection(host='ryzenstudy.com', port=443): Failed to resolve 'ryzenstudy.com' ([Errno 11001] getaddrinfo failed)""))",
BTech,4,2021-22,,,https://ryzenstudy.com/papers/aktu-btech-sem-4-materials-testing-construction-practices-2021-22,,,,"ERROR: ConnectionError: HTTPSConnectionPool(host='ryzenstudy.com', port=443): Max retries exceeded with url: /papers/aktu-btech-sem-4-materials-testing-construction-practices-2021-22 (Caused by NameResolutionError(""HTTPSConnection(host='ryzenstudy.com', port=443): Failed to resolve 'ryzenstudy.com' ([Errno 11001] getaddrinfo failed)""))",
BTech,4,2023-24,,,https://ryzenstudy.com/papers/aktu-btech-sem-4-materials-testing-construction-practices-2023-24,,,,"ERROR: ConnectionError: HTTPSConnectionPool(host='ryzenstudy.com', port=443): Max retries exceeded with url: /papers/aktu-btech-sem-4-materials-testing-construction-practices-2023-24 (Caused by NameResolutionError(""HTTPSConnection(host='ryzenstudy.com', port=443): Failed to resolve 'ryzenstudy.com' ([Errno 11001] getaddrinfo failed)""))",
BTech,4,2024-25,,,https://ryzenstudy.com/papers/aktu-btech-sem-4-materials-testing-construction-practices-2024-25,,,,"ERROR: ConnectionError: HTTPSConnectionPool(host='ryzenstudy.com', port=443): Max retries exceeded with url: /papers/aktu-btech-sem-4-materials-testing-construction-practices-2024-25 (Caused by NameResolutionError(""HTTPSConnection(host='ryzenstudy.com', port=443): Failed to resolve 'ryzenstudy.com' ([Errno 11001] getaddrinfo failed)""))",
BTech,4,2022-23,,,https://ryzenstudy.com/papers/aktu-btech-sem-4-mathematics-iii-2022-23,,,,"ERROR: ConnectionError: HTTPSConnectionPool(host='ryzenstudy.com', port=443): Max retries exceeded with url: /papers/aktu-btech-sem-4-mathematics-iii-2022-23 (Caused by NameResolutionError(""HTTPSConnection(host='ryzenstudy.com', port=443): Failed to resolve 'ryzenstudy.com' ([Errno 11001] getaddrinfo failed)""))",
BTech,4,2023-24,,,https://ryzenstudy.com/papers/aktu-btech-sem-4-mathematics-iii-2023-24,,,,"ERROR: ConnectionError: HTTPSConnectionPool(host='ryzenstudy.com', port=443): Max retries exceeded with url: /papers/aktu-btech-sem-4-mathematics-iii-2023-24 (Caused by NameResolutionError(""HTTPSConnection(host='ryzenstudy.com', port=443): Failed to resolve 'ryzenstudy.com' ([Errno 11001] getaddrinfo failed)""))",
BTech,4,2025-26,,,https://ryzenstudy.com/papers/aktu-btech-sem-4-mathematics-iii-2025-26,,,,"ERROR: ConnectionError: HTTPSConnectionPool(host='ryzenstudy.com', port=443): Max retries exceeded with url: /papers/aktu-btech-sem-4-mathematics-iii-2025-26 (Caused by NameResolutionError(""HTTPSConnection(host='ryzenstudy.com', port=443): Failed to resolve 'ryzenstudy.com' ([Errno 11001] getaddrinfo failed)""))",
BTech,4,2023-24,,,https://ryzenstudy.com/papers/aktu-btech-sem-4-mathematics-iv-2023-24,,,,"ERROR: ConnectionError: HTTPSConnectionPool(host='ryzenstudy.com', port=443): Max retries exceeded with url: /papers/aktu-btech-sem-4-mathematics-iv-2023-24 (Caused by NameResolutionError(""HTTPSConnection(host='ryzenstudy.com', port=443): Failed to resolve 'ryzenstudy.com' ([Errno 11001] getaddrinfo failed)""))",
BTech,4,2024-25,,,https://ryzenstudy.com/papers/aktu-btech-sem-4-mathematics-iv-2024-25,,,,"ERROR: ConnectionError: HTTPSConnectionPool(host='ryzenstudy.com', port=443): Max retries exceeded with url: /papers/aktu-btech-sem-4-mathematics-iv-2024-25 (Caused by NameResolutionError(""HTTPSConnection(host='ryzenstudy.com', port=443): Failed to resolve 'ryzenstudy.com' ([Errno 11001] getaddrinfo failed)""))",
BTech,4,2025-26,,,https://ryzenstudy.com/papers/aktu-btech-sem-4-mathematics-iv-2025-26,,,,"ERROR: ConnectionError: HTTPSConnectionPool(host='ryzenstudy.com', port=443): Max retries exceeded with url: /papers/aktu-btech-sem-4-mathematics-iv-2025-26 (Caused by NameResolutionError(""HTTPSConnection(host='ryzenstudy.com', port=443): Failed to resolve 'ryzenstudy.com' ([Errno 11001] getaddrinfo failed)""))",
BTech,4,2022-23,,,https://ryzenstudy.com/papers/aktu-btech-sem-4-mathematics-v-2022-23,,,,"ERROR: ConnectionError: HTTPSConnectionPool(host='ryzenstudy.com', port=443): Max retries exceeded with url: /papers/aktu-btech-sem-4-mathematics-v-2022-23 (Caused by NameResolutionError(""HTTPSConnection(host='ryzenstudy.com', port=443): Failed to resolve 'ryzenstudy.com' ([Errno 11001] getaddrinfo failed)""))",
BTech,4,2023-24,,,https://ryzenstudy.com/papers/aktu-btech-sem-4-mathematics-v-2023-24,,,,"ERROR: ConnectionError: HTTPSConnectionPool(host='ryzenstudy.com', port=443): Max retries exceeded with url: /papers/aktu-btech-sem-4-mathematics-v-2023-24 (Caused by NameResolutionError(""HTTPSConnection(host='ryzenstudy.com', port=443): Failed to resolve 'ryzenstudy.com' ([Errno 11001] getaddrinfo failed)""))",
BTech,4,2025-26,,,https://ryzenstudy.com/papers/aktu-btech-sem-4-mathematics-v-2025-26,,,,"ERROR: ConnectionError: HTTPSConnectionPool(host='ryzenstudy.com', port=443): Max retries exceeded with url: /papers/aktu-btech-sem-4-mathematics-v-2025-26 (Caused by NameResolutionError(""HTTPSConnection(host='ryzenstudy.com', port=443): Failed to resolve 'ryzenstudy.com' ([Errno 11001] getaddrinfo failed)""))",
BTech,4,2021-22,,,https://ryzenstudy.com/papers/aktu-btech-sem-4-maths-iii-2021-22,,,,"ERROR: ConnectionError: HTTPSConnectionPool(host='ryzenstudy.com', port=443): Max retries exceeded with url: /papers/aktu-btech-sem-4-maths-iii-2021-22 (Caused by NameResolutionError(""HTTPSConnection(host='ryzenstudy.com', port=443): Failed to resolve 'ryzenstudy.com' ([Errno 11001] getaddrinfo failed)""))",
BTech,4,2021-22,,,https://ryzenstudy.com/papers/aktu-btech-sem-4-maths-iv-2021-22,,,,"ERROR: ConnectionError: HTTPSConnectionPool(host='ryzenstudy.com', port=443): Max retries exceeded with url: /papers/aktu-btech-sem-4-maths-iv-2021-22 (Caused by NameResolutionError(""HTTPSConnection(host='ryzenstudy.com', port=443): Failed to resolve 'ryzenstudy.com' ([Errno 11001] getaddrinfo failed)""))",
BTech,4,2021-22,,,https://ryzenstudy.com/papers/aktu-btech-sem-4-microprocessor-2021-22,,,,"ERROR: ConnectionError: HTTPSConnectionPool(host='ryzenstudy.com', port=443): Max retries exceeded with url: /papers/aktu-btech-sem-4-microprocessor-2021-22 (Caused by NameResolutionError(""HTTPSConnection(host='ryzenstudy.com', port=443): Failed to resolve 'ryzenstudy.com' ([Errno 11001] getaddrinfo failed)""))",
BTech,4,2022-23,,,https://ryzenstudy.com/papers/aktu-btech-sem-4-microprocessor-2022-23,,,,"ERROR: ConnectionError: HTTPSConnectionPool(host='ryzenstudy.com', port=443): Max retries exceeded with url: /papers/aktu-btech-sem-4-microprocessor-2022-23 (Caused by NameResolutionError(""HTTPSConnection(host='ryzenstudy.com', port=443): Failed to resolve 'ryzenstudy.com' ([Errno 11001] getaddrinfo failed)""))",
BTech,4,2021-22,,,https://ryzenstudy.com/papers/aktu-btech-sem-4-networks-analysis-synthesis-2021-22,,,,"ERROR: ConnectionError: HTTPSConnectionPool(host='ryzenstudy.com', port=443): Max retries exceeded with url: /papers/aktu-btech-sem-4-networks-analysis-synthesis-2021-22 (Caused by NameResolutionError(""HTTPSConnection(host='ryzenstudy.com', port=443): Failed to resolve 'ryzenstudy.com' ([Errno 11001] getaddrinfo failed)""))",
BTech,4,2022-23,,,https://ryzenstudy.com/papers/aktu-btech-sem-4-networks-analysis-synthesis-2022-23,,,,"ERROR: ConnectionError: HTTPSConnectionPool(host='ryzenstudy.com', port=443): Max retries exceeded with url: /papers/aktu-btech-sem-4-networks-analysis-synthesis-2022-23 (Caused by NameResolutionError(""HTTPSConnection(host='ryzenstudy.com', port=443): Failed to resolve 'ryzenstudy.com' ([Errno 11001] getaddrinfo failed)""))",
BTech,4,2023-24,,,https://ryzenstudy.com/papers/aktu-btech-sem-4-networks-analysis-synthesis-2023-24,,,,"ERROR: ConnectionError: HTTPSConnectionPool(host='ryzenstudy.com', port=443): Max retries exceeded with url: /papers/aktu-btech-sem-4-networks-analysis-synthesis-2023-24 (Caused by NameResolutionError(""HTTPSConnection(host='ryzenstudy.com', port=443): Failed to resolve 'ryzenstudy.com' ([Errno 11001] getaddrinfo failed)""))",
BTech,4,2024-25,,,https://ryzenstudy.com/papers/aktu-btech-sem-4-networks-analysis-synthesis-2024-25,,,,"ERROR: ConnectionError: HTTPSConnectionPool(host='ryzenstudy.com', port=443): Max retries exceeded with url: /papers/aktu-btech-sem-4-networks-analysis-synthesis-2024-25 (Caused by NameResolutionError(""HTTPSConnection(host='ryzenstudy.com', port=443): Failed to resolve 'ryzenstudy.com' ([Errno 11001] getaddrinfo failed)""))",
BTech,4,2025-26,,,https://ryzenstudy.com/papers/aktu-btech-sem-4-networks-analysis-synthesis-2025-26,,,,"ERROR: ConnectionError: HTTPSConnectionPool(host='ryzenstudy.com', port=443): Max retries exceeded with url: /papers/aktu-btech-sem-4-networks-analysis-synthesis-2025-26 (Caused by NameResolutionError(""HTTPSConnection(host='ryzenstudy.com', port=443): Failed to resolve 'ryzenstudy.com' ([Errno 11001] getaddrinfo failed)""))",
BTech,4,2023-24,,,https://ryzenstudy.com/papers/aktu-btech-sem-4-object-oriented-programming-with-java-2023-24,,,,"ERROR: ConnectionError: HTTPSConnectionPool(host='ryzenstudy.com', port=443): Max retries exceeded with url: /papers/aktu-btech-sem-4-object-oriented-programming-with-java-2023-24 (Caused by NameResolutionError(""HTTPSConnection(host='ryzenstudy.com', port=443): Failed to resolve 'ryzenstudy.com' ([Errno 11001] getaddrinfo failed)""))",
BTech,4,2024-25,,,https://ryzenstudy.com/papers/aktu-btech-sem-4-object-oriented-programming-with-java-2024-25,,,,"ERROR: ConnectionError: HTTPSConnectionPool(host='ryzenstudy.com', port=443): Max retries exceeded with url: /papers/aktu-btech-sem-4-object-oriented-programming-with-java-2024-25 (Caused by NameResolutionError(""HTTPSConnection(host='ryzenstudy.com', port=443): Failed to resolve 'ryzenstudy.com' ([Errno 11001] getaddrinfo failed)""))",
BTech,4,2025-26,,,https://ryzenstudy.com/papers/aktu-btech-sem-4-object-oriented-programming-with-java-2025-26,,,,"ERROR: ConnectionError: HTTPSConnectionPool(host='ryzenstudy.com', port=443): Max retries exceeded with url: /papers/aktu-btech-sem-4-object-oriented-programming-with-java-2025-26 (Caused by NameResolutionError(""HTTPSConnection(host='ryzenstudy.com', port=443): Failed to resolve 'ryzenstudy.com' ([Errno 11001] getaddrinfo failed)""))",
BTech,4,2023-24,,,https://ryzenstudy.com/papers/aktu-btech-sem-4-operating-system-2023-24,,,,"ERROR: ConnectionError: HTTPSConnectionPool(host='ryzenstudy.com', port=443): Max retries exceeded with url: /papers/aktu-btech-sem-4-operating-system-2023-24 (Caused by NameResolutionError(""HTTPSConnection(host='ryzenstudy.com', port=443): Failed to resolve 'ryzenstudy.com' ([Errno 11001] getaddrinfo failed)""))",
BTech,4,2024-25,,,https://ryzenstudy.com/papers/aktu-btech-sem-4-operating-system-2024-25,,,,"ERROR: ConnectionError: HTTPSConnectionPool(host='ryzenstudy.com', port=443): Max retries exceeded with url: /papers/aktu-btech-sem-4-operating-system-2024-25 (Caused by NameResolutionError(""HTTPSConnection(host='ryzenstudy.com', port=443): Failed to resolve 'ryzenstudy.com' ([Errno 11001] getaddrinfo failed)""))",
BTech,4,2025-26,,,https://ryzenstudy.com/papers/aktu-btech-sem-4-operating-system-2025-26,,,,"ERROR: ConnectionError: HTTPSConnectionPool(host='ryzenstudy.com', port=443): Max retries exceeded with url: /papers/aktu-btech-sem-4-operating-system-2025-26 (Caused by NameResolutionError(""HTTPSConnection(host='ryzenstudy.com', port=443): Failed to resolve 'ryzenstudy.com' ([Errno 11001] getaddrinfo failed)""))",
BTech,4,2021-22,,,https://ryzenstudy.com/papers/aktu-btech-sem-4-operating-systems-2021-22,,,,"ERROR: ConnectionError: HTTPSConnectionPool(host='ryzenstudy.com', port=443): Max retries exceeded with url: /papers/aktu-btech-sem-4-operating-systems-2021-22 (Caused by NameResolutionError(""HTTPSConnection(host='ryzenstudy.com', port=443): Failed to resolve 'ryzenstudy.com' ([Errno 11001] getaddrinfo failed)""))",
BTech,4,2022-23,,,https://ryzenstudy.com/papers/aktu-btech-sem-4-operating-systems-2022-23,,,,"ERROR: ConnectionError: HTTPSConnectionPool(host='ryzenstudy.com', port=443): Max retries exceeded with url: /papers/aktu-btech-sem-4-operating-systems-2022-23 (Caused by NameResolutionError(""HTTPSConnection(host='ryzenstudy.com', port=443): Failed to resolve 'ryzenstudy.com' ([Errno 11001] getaddrinfo failed)""))",
BTech,4,2024-25,,,https://ryzenstudy.com/papers/aktu-btech-sem-4-polymer-science-and-technology-2024-25,,,,"ERROR: ConnectionError: HTTPSConnectionPool(host='ryzenstudy.com', port=443): Max retries exceeded with url: /papers/aktu-btech-sem-4-polymer-science-and-technology-2024-25 (Caused by NameResolutionError(""HTTPSConnection(host='ryzenstudy.com', port=443): Failed to resolve 'ryzenstudy.com' ([Errno 11001] getaddrinfo failed)""))",
BTech,4,2025-26,,,https://ryzenstudy.com/papers/aktu-btech-sem-4-polymer-science-and-technology-2025-26,,,,"ERROR: ConnectionError: HTTPSConnectionPool(host='ryzenstudy.com', port=443): Max retries exceeded with url: /papers/aktu-btech-sem-4-polymer-science-and-technology-2025-26 (Caused by NameResolutionError(""HTTPSConnection(host='ryzenstudy.com', port=443): Failed to resolve 'ryzenstudy.com' ([Errno 11001] getaddrinfo failed)""))",
BTech,4,2021-22,,,https://ryzenstudy.com/papers/aktu-btech-sem-4-python-programming-2021-22,,,,"ERROR: ConnectionError: HTTPSConnectionPool(host='ryzenstudy.com', port=443): Max retries exceeded with url: /papers/aktu-btech-sem-4-python-programming-2021-22 (Caused by NameResolutionError(""HTTPSConnection(host='ryzenstudy.com', port=443): Failed to resolve 'ryzenstudy.com' ([Errno 11001] getaddrinfo failed)""))",
BTech,4,2022-23,,,https://ryzenstudy.com/papers/aktu-btech-sem-4-python-programming-2022-23,,,,"ERROR: ConnectionError: HTTPSConnectionPool(host='ryzenstudy.com', port=443): Max retries exceeded with url: /papers/aktu-btech-sem-4-python-programming-2022-23 (Caused by NameResolutionError(""HTTPSConnection(host='ryzenstudy.com', port=443): Failed to resolve 'ryzenstudy.com' ([Errno 11001] getaddrinfo failed)""))",
BTech,4,2024-25,,,https://ryzenstudy.com/papers/aktu-btech-sem-4-python-programming-2024-25,,,,"ERROR: ConnectionError: HTTPSConnectionPool(host='ryzenstudy.com', port=443): Max retries exceeded with url: /papers/aktu-btech-sem-4-python-programming-2024-25 (Caused by NameResolutionError(""HTTPSConnection(host='ryzenstudy.com', port=443): Failed to resolve 'ryzenstudy.com' ([Errno 11001] getaddrinfo failed)""))",
BTech,4,2025-26,,,https://ryzenstudy.com/papers/aktu-btech-sem-4-python-programming-2025-26,,,,"ERROR: ConnectionError: HTTPSConnectionPool(host='ryzenstudy.com', port=443): Max retries exceeded with url: /papers/aktu-btech-sem-4-python-programming-2025-26 (Caused by NameResolutionError(""HTTPSConnection(host='ryzenstudy.com', port=443): Failed to resolve 'ryzenstudy.com' ([Errno 11001] getaddrinfo failed)""))",
BTech,4,2021-22,,,https://ryzenstudy.com/papers/aktu-btech-sem-4-sensor-and-instrumentation-2021-22,,,,"ERROR: ConnectionError: HTTPSConnectionPool(host='ryzenstudy.com', port=443): Max retries exceeded with url: /papers/aktu-btech-sem-4-sensor-and-instrumentation-2021-22 (Caused by NameResolutionError(""HTTPSConnection(host='ryzenstudy.com', port=443): Failed to resolve 'ryzenstudy.com' ([Errno 11001] getaddrinfo failed)""))",
BTech,4,2023-24,,,https://ryzenstudy.com/papers/aktu-btech-sem-4-sensor-instrumentation-2023-24,,,,"ERROR: ConnectionError: HTTPSConnectionPool(host='ryzenstudy.com', port=443): Max retries exceeded with url: /papers/aktu-btech-sem-4-sensor-instrumentation-2023-24 (Caused by NameResolutionError(""HTTPSConnection(host='ryzenstudy.com', port=443): Failed to resolve 'ryzenstudy.com' ([Errno 11001] getaddrinfo failed)""))",
BTech,4,2024-25,,,https://ryzenstudy.com/papers/aktu-btech-sem-4-sensor-instrumentation-2024-25,,,,"ERROR: ConnectionError: HTTPSConnectionPool(host='ryzenstudy.com', port=443): Max retries exceeded with url: /papers/aktu-btech-sem-4-sensor-instrumentation-2024-25 (Caused by NameResolutionError(""HTTPSConnection(host='ryzenstudy.com', port=443): Failed to resolve 'ryzenstudy.com' ([Errno 11001] getaddrinfo failed)""))",
BTech,4,2025-26,,,https://ryzenstudy.com/papers/aktu-btech-sem-4-sensor-instrumentation-2025-26,,,,"ERROR: ConnectionError: HTTPSConnectionPool(host='ryzenstudy.com', port=443): Max retries exceeded with url: /papers/aktu-btech-sem-4-sensor-instrumentation-2025-26 (Caused by NameResolutionError(""HTTPSConnection(host='ryzenstudy.com', port=443): Failed to resolve 'ryzenstudy.com' ([Errno 11001] getaddrinfo failed)""))",
BTech,4,2022-23,,,https://ryzenstudy.com/papers/aktu-btech-sem-4-sensors-instrumentation-2022-23,,,,"ERROR: ConnectionError: HTTPSConnectionPool(host='ryzenstudy.com', port=443): Max retries exceeded with url: /papers/aktu-btech-sem-4-sensors-instrumentation-2022-23 (Caused by NameResolutionError(""HTTPSConnection(host='ryzenstudy.com', port=443): Failed to resolve 'ryzenstudy.com' ([Errno 11001] getaddrinfo failed)""))",
BTech,4,2021-22,,,https://ryzenstudy.com/papers/aktu-btech-sem-4-signal-system-2021-22,,,,"ERROR: ConnectionError: HTTPSConnectionPool(host='ryzenstudy.com', port=443): Max retries exceeded with url: /papers/aktu-btech-sem-4-signal-system-2021-22 (Caused by NameResolutionError(""HTTPSConnection(host='ryzenstudy.com', port=443): Failed to resolve 'ryzenstudy.com' ([Errno 11001] getaddrinfo failed)""))",
BTech,4,2022-23,,,https://ryzenstudy.com/papers/aktu-btech-sem-4-signal-system-2022-23,,,,"ERROR: ConnectionError: HTTPSConnectionPool(host='ryzenstudy.com', port=443): Max retries exceeded with url: /papers/aktu-btech-sem-4-signal-system-2022-23 (Caused by NameResolutionError(""HTTPSConnection(host='ryzenstudy.com', port=443): Failed to resolve 'ryzenstudy.com' ([Errno 11001] getaddrinfo failed)""))",
BTech,4,2023-24,,,https://ryzenstudy.com/papers/aktu-btech-sem-4-signal-system-2023-24,,,,"ERROR: ConnectionError: HTTPSConnectionPool(host='ryzenstudy.com', port=443): Max retries exceeded with url: /papers/aktu-btech-sem-4-signal-system-2023-24 (Caused by NameResolutionError(""HTTPSConnection(host='ryzenstudy.com', port=443): Failed to resolve 'ryzenstudy.com' ([Errno 11001] getaddrinfo failed)""))",
BTech,4,2024-25,,,https://ryzenstudy.com/papers/aktu-btech-sem-4-signal-system-2024-25,,,,"ERROR: ConnectionError: HTTPSConnectionPool(host='ryzenstudy.com', port=443): Max retries exceeded with url: /papers/aktu-btech-sem-4-signal-system-2024-25 (Caused by NameResolutionError(""HTTPSConnection(host='ryzenstudy.com', port=443): Failed to resolve 'ryzenstudy.com' ([Errno 11001] getaddrinfo failed)""))",
BTech,4,2025-26,,,https://ryzenstudy.com/papers/aktu-btech-sem-4-signal-system-2025-26,,,,"ERROR: ConnectionError: HTTPSConnectionPool(host='ryzenstudy.com', port=443): Max retries exceeded with url: /papers/aktu-btech-sem-4-signal-system-2025-26 (Caused by NameResolutionError(""HTTPSConnection(host='ryzenstudy.com', port=443): Failed to resolve 'ryzenstudy.com' ([Errno 11001] getaddrinfo failed)""))",
BTech,4,2021-22,,,https://ryzenstudy.com/papers/aktu-btech-sem-4-technical-communication-2021-22,,,,"ERROR: ConnectionError: HTTPSConnectionPool(host='ryzenstudy.com', port=443): Max retries exceeded with url: /papers/aktu-btech-sem-4-technical-communication-2021-22 (Caused by NameResolutionError(""HTTPSConnection(host='ryzenstudy.com', port=443): Failed to resolve 'ryzenstudy.com' ([Errno 11001] getaddrinfo failed)""))",
BTech,4,2022-23,,,https://ryzenstudy.com/papers/aktu-btech-sem-4-technical-communication-2022-23,,,,"ERROR: ConnectionError: HTTPSConnectionPool(host='ryzenstudy.com', port=443): Max retries exceeded with url: /papers/aktu-btech-sem-4-technical-communication-2022-23 (Caused by NameResolutionError(""HTTPSConnection(host='ryzenstudy.com', port=443): Failed to resolve 'ryzenstudy.com' ([Errno 11001] getaddrinfo failed)""))",
BTech,4,2023-24,,,https://ryzenstudy.com/papers/aktu-btech-sem-4-technical-communication-2023-24,,,,"ERROR: ConnectionError: HTTPSConnectionPool(host='ryzenstudy.com', port=443): Max retries exceeded with url: /papers/aktu-btech-sem-4-technical-communication-2023-24 (Caused by NameResolutionError(""HTTPSConnection(host='ryzenstudy.com', port=443): Failed to resolve 'ryzenstudy.com' ([Errno 11001] getaddrinfo failed)""))",
BTech,4,2024-25,BAS401,Technical Communication,https://ryzenstudy.com/papers/aktu-btech-sem-4-technical-communication-2024-25,https://ryzenstudy.com/uploads/1774896505965-BAS401_TECHNICAL_COMMUNICATION.pdf,BTech\Sem-04\2024-25\BTech__Sem04__2024-25__BAS401__technical-communication.pdf,BTech__Sem04__2024-25__BAS401__technical-communication.pdf,OK,2026-09-07 08:55:32
BTech,4,2025-26,BAS401,Technical Communication,https://ryzenstudy.com/papers/aktu-btech-sem-4-technical-communication-2025-26,https://ryzenstudy.com/uploads/1783939519103isc44-BAS401_TECHNICAL_COMMUNICATION.pdf,BTech\Sem-04\2025-26\BTech__Sem04__2025-26__BAS401__technical-communication.pdf,BTech__Sem04__2025-26__BAS401__technical-communication.pdf,OK,2026-09-07 08:55:35
BTech,4,2021-22,KCS402,Theory Of Automata And Formal Languages,https://ryzenstudy.com/papers/aktu-btech-sem-4-theory-of-automata-and-formal-languages-2021-22,https://ryzenstudy.com/uploads/1774896442727-THEORY_OF_AUTOMATA_AND_FORMAL_LANGUAGES_KCS402.pdf,BTech\Sem-04\2021-22\BTech__Sem04__2021-22__KCS402__theory-of-automata-and-formal-languages.pdf,BTech__Sem04__2021-22__KCS402__theory-of-automata-and-formal-languages.pdf,OK,2026-09-07 08:55:39
BTech,4,2022-23,KCS-402,Theory Of Automata And Formal Languages,https://ryzenstudy.com/papers/aktu-btech-sem-4-theory-of-automata-and-formal-languages-2022-23,https://ryzenstudy.com/uploads/1774896467079-THEORY_OF_AUTOMATA_AND_FORMAL_LANGUAGES_KCS_402.pdf,BTech\Sem-04\2022-23\BTech__Sem04__2022-23__KCS-402__theory-of-automata-and-formal-languages.pdf,BTech__Sem04__2022-23__KCS-402__theory-of-automata-and-formal-languages.pdf,OK,2026-09-07 08:55:42
BTech,4,2023-24,BCS402,Theory Of Automata And Formal Languages,https://ryzenstudy.com/papers/aktu-btech-sem-4-theory-of-automata-and-formal-languages-2023-24,https://ryzenstudy.com/uploads/1774896484231-BCS402_THEORY_OF_AUTOMATA_AND_FORMAL_LANGUAGES.pdf,BTech\Sem-04\2023-24\BTech__Sem04__2023-24__BCS402__theory-of-automata-and-formal-languages.pdf,BTech__Sem04__2023-24__BCS402__theory-of-automata-and-formal-languages.pdf,OK,2026-09-07 08:55:45
BTech,4,2024-25,BCS402,Theory Of Automata And Formal Languages,https://ryzenstudy.com/papers/aktu-btech-sem-4-theory-of-automata-and-formal-languages-2024-25,https://ryzenstudy.com/uploads/1774896503801-BCS402_THEORY_OF_AUTOMATA_AND_FORMAL_LANGUAGES.pdf,BTech\Sem-04\2024-25\BTech__Sem04__2024-25__BCS402__theory-of-automata-and-formal-languages.pdf,BTech__Sem04__2024-25__BCS402__theory-of-automata-and-formal-languages.pdf,OK,2026-09-07 08:55:48
BTech,4,2025-26,BCS402,Theory Of Automata And Formal Languages,https://ryzenstudy.com/papers/aktu-btech-sem-4-theory-of-automata-and-formal-languages-2025-26,https://ryzenstudy.com/uploads/1783939519110itvcp-BCS402_THEORY_OF_AUTOMATA_AND_FORMAL_LANGUAGES.pdf,BTech\Sem-04\2025-26\BTech__Sem04__2025-26__BCS402__theory-of-automata-and-formal-languages.pdf,BTech__Sem04__2025-26__BCS402__theory-of-automata-and-formal-languages.pdf,OK,2026-09-07 08:55:52
BTech,4,2021-22,KVE401,Universal Human Values,https://ryzenstudy.com/papers/aktu-btech-sem-4-universal-human-values-2021-22,https://ryzenstudy.com/uploads/1774896442977-UNIVERSAL_HUMAN_VALUES_KVE401.pdf,BTech\Sem-04\2021-22\BTech__Sem04__2021-22__KVE401__universal-human-values.pdf,BTech__Sem04__2021-22__KVE401__universal-human-values.pdf,OK,2026-09-07 08:55:55
BTech,4,2022-23,KVE-401,Universal Human Values,https://ryzenstudy.com/papers/aktu-btech-sem-4-universal-human-values-2022-23,https://ryzenstudy.com/uploads/1774896468985-UNIVERSAL_HUMAN_VALUES_KVE_401.pdf,BTech\Sem-04\2022-23\BTech__Sem04__2022-23__KVE-401__universal-human-values.pdf,BTech__Sem04__2022-23__KVE-401__universal-human-values.pdf,OK,2026-09-07 08:55:58
BTech,4,2023-24,BVE401,Universal Human Values Professional Ethics,https://ryzenstudy.com/papers/aktu-btech-sem-4-universal-human-values-professional-ethics-2023-24,https://ryzenstudy.com/uploads/1774896483876-BVE401_UNIVERSAL_HUMAN_VALUES_PROFESSIONAL_ETHICS.pdf,BTech\Sem-04\2023-24\BTech__Sem04__2023-24__BVE401__universal-human-values-professional-ethics.pdf,BTech__Sem04__2023-24__BVE401__universal-human-values-professional-ethics.pdf,OK,2026-09-07 08:56:01
BTech,4,2024-25,BVE401,Universal Human Values Professional Ethics,https://ryzenstudy.com/papers/aktu-btech-sem-4-universal-human-values-professional-ethics-2024-25,https://ryzenstudy.com/uploads/1774896503540-BVE401_UNIVERSAL_HUMAN_VALUES_PROFESSIONAL_ETHICS.pdf,BTech\Sem-04\2024-25\BTech__Sem04__2024-25__BVE401__universal-human-values-professional-ethics.pdf,BTech__Sem04__2024-25__BVE401__universal-human-values-professional-ethics.pdf,OK,2026-09-07 08:56:04
BTech,4,2025-26,BVE401,Universal Human Values Professional Ethics,https://ryzenstudy.com/papers/aktu-btech-sem-4-universal-human-values-professional-ethics-2025-26,https://ryzenstudy.com/uploads/1783939519136r8gcb-BVE401_UNIVERSAL_HUMAN_VALUES_PROFESSIONAL_ETHICS.pdf,BTech\Sem-04\2025-26\BTech__Sem04__2025-26__BVE401__universal-human-values-professional-ethics.pdf,BTech__Sem04__2025-26__BVE401__universal-human-values-professional-ethics.pdf,OK,2026-09-07 08:56:07
BTech,4,2021-22,KIT401,Web Designing,https://ryzenstudy.com/papers/aktu-btech-sem-4-web-designing-2021-22,https://ryzenstudy.com/uploads/1774896443227-WEB_DESIGNING_KIT401.pdf,BTech\Sem-04\2021-22\BTech__Sem04__2021-22__KIT401__web-designing.pdf,BTech__Sem04__2021-22__KIT401__web-designing.pdf,OK,2026-09-07 08:56:10
BTech,4,2022-23,KIT-401,Web Designing,https://ryzenstudy.com/papers/aktu-btech-sem-4-web-designing-2022-23,https://ryzenstudy.com/uploads/1774896468443-WEB_DESIGNING_KIT_401.pdf,BTech\Sem-04\2022-23\BTech__Sem04__2022-23__KIT-401__web-designing.pdf,BTech__Sem04__2022-23__KIT-401__web-designing.pdf,OK,2026-09-07 08:56:13
BTech,5,2022-23,KEC054,Advance Digital Design Using Verilog,https://ryzenstudy.com/papers/aktu-btech-sem-5-advance-digital-design-using-verilog-2022-23,https://ryzenstudy.com/uploads/1774896618700-ADVANCE_DIGITAL_DESIGN_USING_VERILOG_KEC054.pdf,BTech\Sem-05\2022-23\BTech__Sem05__2022-23__KEC054__advance-digital-design-using-verilog.pdf,BTech__Sem05__2022-23__KEC054__advance-digital-design-using-verilog.pdf,OK,2026-09-07 08:56:16
BTech,5,2023-24,KEC054,Advance Digital Design Using Verilog,https://ryzenstudy.com/papers/aktu-btech-sem-5-advance-digital-design-using-verilog-2023-24,https://ryzenstudy.com/uploads/1774896661259-KEC054_ADVANCE_DIGITAL_DESIGN_USING_VERILOG.pdf,BTech\Sem-05\2023-24\BTech__Sem05__2023-24__KEC054__advance-digital-design-using-verilog.pdf,BTech__Sem05__2023-24__KEC054__advance-digital-design-using-verilog.pdf,OK,2026-09-07 08:56:19
BTech,5,2024-25,BME051,Advance Manufacturing Processes,https://ryzenstudy.com/papers/aktu-btech-sem-5-advance-manufacturing-processes-2024-25,https://ryzenstudy.com/uploads/1774896837393-BME051_ADVANCE_MANUFACTURING_PROCESSES.pdf,BTech\Sem-05\2024-25\BTech__Sem05__2024-25__BME051__advance-manufacturing-processes.pdf,BTech__Sem05__2024-25__BME051__advance-manufacturing-processes.pdf,OK,2026-09-07 08:56:22
BTech,5,2022-23,KEC056,Advance Semiconductor Device,https://ryzenstudy.com/papers/aktu-btech-sem-5-advance-semiconductor-device-2022-23,https://ryzenstudy.com/uploads/1774896619118-ADVANCE_SEMICONDUCTOR_DEVICE_KEC056.pdf,BTech\Sem-05\2022-23\BTech__Sem05__2022-23__KEC056__advance-semiconductor-device.pdf,BTech__Sem05__2022-23__KEC056__advance-semiconductor-device.pdf,OK,2026-09-07 08:56:25
BTech,5,2023-24,KEC056,Advance Semiconductor Device,https://ryzenstudy.com/papers/aktu-btech-sem-5-advance-semiconductor-device-2023-24,https://ryzenstudy.com/uploads/1774896660121-KEC056_ADVANCE_SEMICONDUCTOR_DEVICE.pdf,BTech\Sem-05\2023-24\BTech__Sem05__2023-24__KEC056__advance-semiconductor-device.pdf,BTech__Sem05__2023-24__KEC056__advance-semiconductor-device.pdf,OK,2026-09-07 08:56:28
BTech,5,2021-22,KME-055,Advance Welding,https://ryzenstudy.com/papers/aktu-btech-sem-5-advance-welding-2021-22,https://ryzenstudy.com/uploads/1774896529752-ADVANCE_WELDING_KME_055.pdf,BTech\Sem-05\2021-22\BTech__Sem05__2021-22__KME-055__advance-welding.pdf,BTech__Sem05__2021-22__KME-055__advance-welding.pdf,OK,2026-09-07 08:56:31
BTech,5,2022-23,KME055,Advance Welding,https://ryzenstudy.com/papers/aktu-btech-sem-5-advance-welding-2022-23,https://ryzenstudy.com/uploads/1774896622559-ADVANCE_WELDING_KME055.pdf,BTech\Sem-05\2022-23\BTech__Sem05__2022-23__KME055__advance-welding.pdf,BTech__Sem05__2022-23__KME055__advance-welding.pdf,OK,2026-09-07 08:56:33
BTech,5,2023-24,KME055,Advance Welding,https://ryzenstudy.com/papers/aktu-btech-sem-5-advance-welding-2023-24,https://ryzenstudy.com/uploads/1774896658165-KME055_ADVANCE_WELDING.pdf,BTech\Sem-05\2023-24\BTech__Sem05__2023-24__KME055__advance-welding.pdf,BTech__Sem05__2023-24__KME055__advance-welding.pdf,OK,2026-09-07 08:56:36
BTech,5,2022-23,KCE057,Air And Noise Pollution Control,https://ryzenstudy.com/papers/aktu-btech-sem-5-air-and-noise-pollution-control-2022-23,https://ryzenstudy.com/uploads/1774896622780-AIR_AND_NOISE_POLLUTION_CONTROL_KCE057.pdf,BTech\Sem-05\2022-23\BTech__Sem05__2022-23__KCE057__air-and-noise-pollution-control.pdf,BTech__Sem05__2022-23__KCE057__air-and-noise-pollution-control.pdf,OK,2026-09-07 08:56:39
BTech,5,2023-24,KCE057,Air And Noise Pollution Control,https://ryzenstudy.com/papers/aktu-btech-sem-5-air-and-noise-pollution-control-2023-24,https://ryzenstudy.com/uploads/1774896661398-KCE057_AIR_AND_NOISE_POLLUTION_CONTROL.pdf,BTech\Sem-05\2023-24\BTech__Sem05__2023-24__KCE057__air-and-noise-pollution-control.pdf,BTech__Sem05__2023-24__KCE057__air-and-noise-pollution-control.pdf,OK,2026-09-07 08:56:42
BTech,5,2022-23,KEE058,Analog And Digital Communication,https://ryzenstudy.com/papers/aktu-btech-sem-5-analog-and-digital-communication-2022-23,https://ryzenstudy.com/uploads/1774896621886-ANALOG_AND_DIGITAL_COMMUNICATION_KEE058.pdf,BTech\Sem-05\2022-23\BTech__Sem05__2022-23__KEE058__analog-and-digital-communication.pdf,BTech__Sem05__2022-23__KEE058__analog-and-digital-communication.pdf,OK,2026-09-07 08:56:45
BTech,5,2024-25,BEE058,Analog Digital Communication,https://ryzenstudy.com/papers/aktu-btech-sem-5-analog-digital-communication-2024-25,https://ryzenstudy.com/uploads/1774896841601-BEE058_ANALOG_DIGITAL_COMMUNICATION.pdf,BTech\Sem-05\2024-25\BTech__Sem05__2024-25__BEE058__analog-digital-communication.pdf,BTech__Sem05__2024-25__BEE058__analog-digital-communication.pdf,OK,2026-09-07 08:56:48
BTech,5,2021-22,KCS-056,Application Of Soft Computing,https://ryzenstudy.com/papers/aktu-btech-sem-5-application-of-soft-computing-2021-22,https://ryzenstudy.com/uploads/1774896530183-APPLICATION_OF_SOFT_COMPUTING_KCS_056.pdf,BTech\Sem-05\2021-22\BTech__Sem05__2021-22__KCS-056__application-of-soft-computing.pdf,BTech__Sem05__2021-22__KCS-056__application-of-soft-computing.pdf,OK,2026-09-07 08:56:51
BTech,5,2022-23,KCS056,Application Of Soft Computing,https://ryzenstudy.com/papers/aktu-btech-sem-5-application-of-soft-computing-2022-23,https://ryzenstudy.com/uploads/1774896620738-APPLICATION_OF_SOFT_COMPUTING_KCS056.pdf,BTech\Sem-05\2022-23\BTech__Sem05__2022-23__KCS056__application-of-soft-computing.pdf,BTech__Sem05__2022-23__KCS056__application-of-soft-computing.pdf,OK,2026-09-07 08:56:54
BTech,5,2023-24,KCS056,Application Of Soft Computing,https://ryzenstudy.com/papers/aktu-btech-sem-5-application-of-soft-computing-2023-24,https://ryzenstudy.com/uploads/1774896660845-KCS056_APPLICATION_OF_SOFT_COMPUTING.pdf,BTech\Sem-05\2023-24\BTech__Sem05__2023-24__KCS056__application-of-soft-computing.pdf,BTech__Sem05__2023-24__KCS056__application-of-soft-computing.pdf,OK,2026-09-07 08:56:57
BTech,5,2024-25,BCS056,Application Of Soft Computing,https://ryzenstudy.com/papers/aktu-btech-sem-5-application-of-soft-computing-2024-25,https://ryzenstudy.com/uploads/1774896841833-BCS056_APPLICATION_OF_SOFT_COMPUTING.pdf,BTech\Sem-05\2024-25\BTech__Sem05__2024-25__BCS056__application-of-soft-computing.pdf,BTech__Sem05__2024-25__BCS056__application-of-soft-computing.pdf,OK,2026-09-07 08:57:00
BTech,5,2025-26,BCS056,Application Of Soft Computing,https://ryzenstudy.com/papers/aktu-btech-sem-5-application-of-soft-computing-2025-26,https://ryzenstudy.com/uploads/1774896859697-BCS056_APPLICATION_OF_SOFT_COMPUTING.pdf,BTech\Sem-05\2025-26\BTech__Sem05__2025-26__BCS056__application-of-soft-computing.pdf,BTech__Sem05__2025-26__BCS056__application-of-soft-computing.pdf,OK,2026-09-07 08:57:03
BTech,5,2022-23,KAI501,Artificial Intelligence,https://ryzenstudy.com/papers/aktu-btech-sem-5-artificial-intelligence-2022-23,https://ryzenstudy.com/uploads/1774896621423-ARTIFICIAL_INTELLIGENCE_KAI501.pdf,BTech\Sem-05\2022-23\BTech__Sem05__2022-23__KAI501__artificial-intelligence.pdf,BTech__Sem05__2022-23__KAI501__artificial-intelligence.pdf,OK,2026-09-07 08:57:06
BTech,5,2023-24,KAI501,Artificial Intelligence,https://ryzenstudy.com/papers/aktu-btech-sem-5-artificial-intelligence-2023-24,https://ryzenstudy.com/uploads/1774896658380-KAI501_ARTIFICIAL_INTELLIGENCE.pdf,BTech\Sem-05\2023-24\BTech__Sem05__2023-24__KAI501__artificial-intelligence.pdf,BTech__Sem05__2023-24__KAI501__artificial-intelligence.pdf,OK,2026-09-07 08:57:09
BTech,5,2024-25,BCAI501,Artificial Intelligence,https://ryzenstudy.com/papers/aktu-btech-sem-5-artificial-intelligence-2024-25,https://ryzenstudy.com/uploads/1774896837894-BCAI501_ARTIFICIAL_INTELLIGENCE.pdf,BTech\Sem-05\2024-25\BTech__Sem05__2024-25__BCAI501__artificial-intelligence.pdf,BTech__Sem05__2024-25__BCAI501__artificial-intelligence.pdf,OK,2026-09-07 08:57:11
BTech,5,2025-26,BCAI501,Artificial Intelligence,https://ryzenstudy.com/papers/aktu-btech-sem-5-artificial-intelligence-2025-26,https://ryzenstudy.com/uploads/1774896858252-BCAI501_ARTIFICIAL_INTELLIGENCE.pdf,BTech\Sem-05\2025-26\BTech__Sem05__2025-26__BCAI501__artificial-intelligence.pdf,BTech__Sem05__2025-26__BCAI501__artificial-intelligence.pdf,OK,2026-09-07 08:57:14
BTech,5,2022-23,KCS057,Augmented And Virtual Reality,https://ryzenstudy.com/papers/aktu-btech-sem-5-augmented-and-virtual-reality-2022-23,https://ryzenstudy.com/uploads/1774896620599-AUGMENTED_AND_VIRTUAL_REALITY_KCS057.pdf,BTech\Sem-05\2022-23\BTech__Sem05__2022-23__KCS057__augmented-and-virtual-reality.pdf,BTech__Sem05__2022-23__KCS057__augmented-and-virtual-reality.pdf,OK,2026-09-07 08:57:17
BTech,5,2023-24,KAU051,Automobile Engines Combustion,https://ryzenstudy.com/papers/aktu-btech-sem-5-automobile-engines-combustion-2023-24,https://ryzenstudy.com/uploads/1774896662106-KAU051_AUTOMOBILE_ENGINES_COMBUSTION.pdf,BTech\Sem-05\2023-24\BTech__Sem05__2023-24__KAU051__automobile-engines-combustion.pdf,BTech__Sem05__2023-24__KAU051__automobile-engines-combustion.pdf,OK,2026-09-07 08:57:21
BTech,5,2023-24,KAU052,Automotive Chassis And Suspension,https://ryzenstudy.com/papers/aktu-btech-sem-5-automotive-chassis-and-suspension-2023-24,https://ryzenstudy.com/uploads/1774896658305-KAU052_AUTOMOTIVE_CHASSIS_AND_SUSPENSION.pdf,BTech\Sem-05\2023-24\BTech__Sem05__2023-24__KAU052__automotive-chassis-and-suspension.pdf,BTech__Sem05__2023-24__KAU052__automotive-chassis-and-suspension.pdf,OK,2026-09-07 08:57:24
BTech,5,2024-25,BCIT054,Artificial Intelligence,https://ryzenstudy.com/papers/aktu-btech-sem-5-bcit054-artificial-intelligence-2024-25,https://ryzenstudy.com/uploads/1774896839641-BCIT054_ARTIFICIAL_INTELLIGENCE.pdf,BTech\Sem-05\2024-25\BTech__Sem05__2024-25__BCIT054__bcit054-artificial-intelligence.pdf,BTech__Sem05__2024-25__BCIT054__bcit054-artificial-intelligence.pdf,OK,2026-09-07 08:57:27
BTech,5,2024-25,BEE057,Digital Signal Processing,https://ryzenstudy.com/papers/aktu-btech-sem-5-bee057-digital-signal-processing-2024-25,https://ryzenstudy.com/uploads/1774896839782-BEE057_DIGITAL_SIGNAL_PROCESSING.pdf,BTech\Sem-05\2024-25\BTech__Sem05__2024-25__BEE057__bee057-digital-signal-processing.pdf,BTech__Sem05__2024-25__BEE057__bee057-digital-signal-processing.pdf,OK,2026-09-07 08:57:29
BTech,5,2024-25,BEC052,Bio Medical Sensors Instrumentation,https://ryzenstudy.com/papers/aktu-btech-sem-5-bio-medical-sensors-instrumentation-2024-25,https://ryzenstudy.com/uploads/1774896840781-BEC052_BIO_MEDICAL_SENSORS_INSTRUMENTATION.pdf,BTech\Sem-05\2024-25\BTech__Sem05__2024-25__BEC052__bio-medical-sensors-instrumentation.pdf,BTech__Sem05__2024-25__BEC052__bio-medical-sensors-instrumentation.pdf,OK,2026-09-07 08:57:32
BTech,5,2024-25,BEC056,Bio Medical Signal Processing,https://ryzenstudy.com/papers/aktu-btech-sem-5-bio-medical-signal-processing-2024-25,https://ryzenstudy.com/uploads/1774896836540-BEC056_BIO_MEDICAL_SIGNAL_PROCESSING.pdf,BTech\Sem-05\2024-25\BTech__Sem05__2024-25__BEC056__bio-medical-signal-processing.pdf,BTech__Sem05__2024-25__BEC056__bio-medical-signal-processing.pdf,OK,2026-09-07 08:57:36
BTech,5,2022-23,KDS051,Business Intelligence And Analytic,https://ryzenstudy.com/papers/aktu-btech-sem-5-business-intelligence-and-analytic-2022-23,https://ryzenstudy.com/uploads/1774896618771-BUSINESS_INTELLIGENCE_AND_ANALYTIC_KDS051.pdf,BTech\Sem-05\2022-23\BTech__Sem05__2022-23__KDS051__business-intelligence-and-analytic.pdf,BTech__Sem05__2022-23__KDS051__business-intelligence-and-analytic.pdf,OK,2026-09-07 08:57:39
BTech,5,2023-24,KDS051,Business Intelligence And Analytics,https://ryzenstudy.com/papers/aktu-btech-sem-5-business-intelligence-and-analytics-2023-24,https://ryzenstudy.com/uploads/1774896661966-KDS051_BUSINESS_INTELLIGENCE_AND_ANALYTICS.pdf,BTech\Sem-05\2023-24\BTech__Sem05__2023-24__KDS051__business-intelligence-and-analytics.pdf,BTech__Sem05__2023-24__KDS051__business-intelligence-and-analytics.pdf,OK,2026-09-07 08:57:42
BTech,5,2024-25,BCDS051,Business Intelligence And Analytics,https://ryzenstudy.com/papers/aktu-btech-sem-5-business-intelligence-and-analytics-2024-25,https://ryzenstudy.com/uploads/1774896839411-BCDS051_BUSINESS_INTELLIGENCE_AND_ANALYTICS.pdf,BTech\Sem-05\2024-25\BTech__Sem05__2024-25__BCDS051__business-intelligence-and-analytics.pdf,BTech__Sem05__2024-25__BCDS051__business-intelligence-and-analytics.pdf,OK,2026-09-07 08:57:45
BTech,5,2023-24,KML051,Cloud Computing,https://ryzenstudy.com/papers/aktu-btech-sem-5-cloud-computing-2023-24,https://ryzenstudy.com/uploads/1774896660262-KML051_CLOUD_COMPUTING.pdf,BTech\Sem-05\2023-24\BTech__Sem05__2023-24__KML051__cloud-computing.pdf,BTech__Sem05__2023-24__KML051__cloud-computing.pdf,OK,2026-09-07 08:57:48
BTech,5,2024-25,BCAM051,Cloud Computing,https://ryzenstudy.com/papers/aktu-btech-sem-5-cloud-computing-2024-25,https://ryzenstudy.com/uploads/1774896836779-BCAM051_CLOUD_COMPUTING.pdf,BTech\Sem-05\2024-25\BTech__Sem05__2024-25__BCAM051__cloud-computing.pdf,BTech__Sem05__2024-25__BCAM051__cloud-computing.pdf,OK,2026-09-07 08:57:51
BTech,5,2025-26,BCAM051,Cloud Computing,https://ryzenstudy.com/papers/aktu-btech-sem-5-cloud-computing-2025-26,https://ryzenstudy.com/uploads/1774896857849-BCAM051_CLOUD_COMPUTING.pdf,BTech\Sem-05\2025-26\BTech__Sem05__2025-26__BCAM051__cloud-computing.pdf,BTech__Sem05__2025-26__BCAM051__cloud-computing.pdf,OK,2026-09-07 08:57:54
BTech,5,2024-25,BEC058,Cmos Analog Vlsi Design,https://ryzenstudy.com/papers/aktu-btech-sem-5-cmos-analog-vlsi-design-2024-25,https://ryzenstudy.com/uploads/1774896839708-BEC058_CMOS_ANALOG_VLSI_DESIGN.pdf,BTech\Sem-05\2024-25\BTech__Sem05__2024-25__BEC058__cmos-analog-vlsi-design.pdf,BTech__Sem05__2024-25__BEC058__cmos-analog-vlsi-design.pdf,OK,2026-09-07 08:57:56
BTech,5,2021-22,KCS-502,Compiler Design,https://ryzenstudy.com/papers/aktu-btech-sem-5-compiler-design-2021-22,https://ryzenstudy.com/uploads/1774896530833-COMPILER_DESIGN_KCS_502_1.pdf,BTech\Sem-05\2021-22\BTech__Sem05__2021-22__KCS-502__compiler-design.pdf,BTech__Sem05__2021-22__KCS-502__compiler-design.pdf,OK,2026-09-07 08:57:59
BTech,5,2022-23,KIT052,Compiler Design,https://ryzenstudy.com/papers/aktu-btech-sem-5-compiler-design-2022-23,https://ryzenstudy.com/uploads/1774896620354-COMPILER_DESIGN_KIT052.pdf,BTech\Sem-05\2022-23\BTech__Sem05__2022-23__KIT052__compiler-design.pdf,BTech__Sem05__2022-23__KIT052__compiler-design.pdf,OK,2026-09-07 08:58:02
BTech,5,2023-24,KCS502,Compiler Design,https://ryzenstudy.com/papers/aktu-btech-sem-5-compiler-design-2023-24,https://ryzenstudy.com/uploads/1774896660550-KCS502_COMPILER_DESIGN.pdf,BTech\Sem-05\2023-24\BTech__Sem05__2023-24__KCS502__compiler-design.pdf,BTech__Sem05__2023-24__KCS502__compiler-design.pdf,OK,2026-09-07 08:58:05
BTech,5,2022-23,KEC051,Computer Architecture And Organization,https://ryzenstudy.com/papers/aktu-btech-sem-5-computer-architecture-and-organization-2022-23,https://ryzenstudy.com/uploads/1774896621294-COMPUTER_ARCHITECTURE_AND_ORGANIZATION_KEC051.pdf,BTech\Sem-05\2022-23\BTech__Sem05__2022-23__KEC051__computer-architecture-and-organization.pdf,BTech__Sem05__2022-23__KEC051__computer-architecture-and-organization.pdf,OK,2026-09-07 08:58:08
BTech,5,2023-24,KEC051,Computer Architecture And Organization,https://ryzenstudy.com/papers/aktu-btech-sem-5-computer-architecture-and-organization-2023-24,https://ryzenstudy.com/uploads/1774896659137-KEC051_COMPUTER_ARCHITECTURE_AND_ORGANIZATION.pdf,BTech\Sem-05\2023-24\BTech__Sem05__2023-24__KEC051__computer-architecture-and-organization.pdf,BTech__Sem05__2023-24__KEC051__computer-architecture-and-organization.pdf,OK,2026-09-07 08:58:10
BTech,5,2021-22,KCS-053,Computer Graphics,https://ryzenstudy.com/papers/aktu-btech-sem-5-computer-graphics-2021-22,https://ryzenstudy.com/uploads/1774896531844-COMPUTER_GRAPHICS_KCS_053.pdf,BTech\Sem-05\2021-22\BTech__Sem05__2021-22__KCS-053__computer-graphics.pdf,BTech__Sem05__2021-22__KCS-053__computer-graphics.pdf,OK,2026-09-07 08:58:13
BTech,5,2022-23,KCS053,Computer Graphics,https://ryzenstudy.com/papers/aktu-btech-sem-5-computer-graphics-2022-23,https://ryzenstudy.com/uploads/1774896620464-COMPUTER_GRAPHICS_KCS053.pdf,BTech\Sem-05\2022-23\BTech__Sem05__2022-23__KCS053__computer-graphics.pdf,BTech__Sem05__2022-23__KCS053__computer-graphics.pdf,OK,2026-09-07 08:58:16
BTech,5,2023-24,KCS053,Computer Graphics,https://ryzenstudy.com/papers/aktu-btech-sem-5-computer-graphics-2023-24,https://ryzenstudy.com/uploads/1774896661892-KCS053_COMPUTER_GRAPHICS.pdf,BTech\Sem-05\2023-24\BTech__Sem05__2023-24__KCS053__computer-graphics.pdf,BTech__Sem05__2023-24__KCS053__computer-graphics.pdf,OK,2026-09-07 08:58:19
BTech,5,2024-25,BCS053,Computer Graphics,https://ryzenstudy.com/papers/aktu-btech-sem-5-computer-graphics-2024-25,https://ryzenstudy.com/uploads/bcs053-computer-graphics-2024-25.pdf,BTech\Sem-05\2024-25\BTech__Sem05__2024-25__BCS053__computer-graphics.pdf,BTech__Sem05__2024-25__BCS053__computer-graphics.pdf,OK,2026-09-07 08:58:23
BTech,5,2022-23,KME051,Computer Integrated Manufacturing,https://ryzenstudy.com/papers/aktu-btech-sem-5-computer-integrated-manufacturing-2022-23,https://ryzenstudy.com/uploads/1774896618239-COMPUTER_INTEGRATED_MANUFACTURING_KME051.pdf,BTech\Sem-05\2022-23\BTech__Sem05__2022-23__KME051__computer-integrated-manufacturing.pdf,BTech__Sem05__2022-23__KME051__computer-integrated-manufacturing.pdf,OK,2026-09-07 08:58:26
BTech,5,2023-24,KME051,Computer Integrated Manufacturing,https://ryzenstudy.com/papers/aktu-btech-sem-5-computer-integrated-manufacturing-2023-24,https://ryzenstudy.com/uploads/1774896657181-KME051_COMPUTER_INTEGRATED_MANUFACTURING.pdf,BTech\Sem-05\2023-24\BTech__Sem05__2023-24__KME051__computer-integrated-manufacturing.pdf,BTech__Sem05__2023-24__KME051__computer-integrated-manufacturing.pdf,OK,2026-09-07 08:58:31
BTech,5,2024-25,BCIT053,Computer Vision,https://ryzenstudy.com/papers/aktu-btech-sem-5-computer-vision-2024-25,https://ryzenstudy.com/uploads/1774896837246-BCIT053_COMPUTER_VISION.pdf,BTech\Sem-05\2024-25\BTech__Sem05__2024-25__BCIT053__computer-vision.pdf,BTech__Sem05__2024-25__BCIT053__computer-vision.pdf,OK,2026-09-07 08:58:34
BTech,5,2022-23,KCE051,Concrete Technology,https://ryzenstudy.com/papers/aktu-btech-sem-5-concrete-technology-2022-23,https://ryzenstudy.com/uploads/1774896619785-CONCRETE_TECHNOLOGY_KCE051.pdf,BTech\Sem-05\2022-23\BTech__Sem05__2022-23__KCE051__concrete-technology.pdf,BTech__Sem05__2022-23__KCE051__concrete-technology.pdf,OK,2026-09-07 08:58:37
BTech,5,2023-24,KCE051,Concrete Technology,https://ryzenstudy.com/papers/aktu-btech-sem-5-concrete-technology-2023-24,https://ryzenstudy.com/uploads/1774896659356-KCE051_CONCRETE_TECHNOLOGY.pdf,BTech\Sem-05\2023-24\BTech__Sem05__2023-24__KCE051__concrete-technology.pdf,BTech__Sem05__2023-24__KCE051__concrete-technology.pdf,OK,2026-09-07 08:58:41
BTech,5,2024-25,BCE051,Concrete Technology,https://ryzenstudy.com/papers/aktu-btech-sem-5-concrete-technology-2024-25,https://ryzenstudy.com/uploads/1774896841758-BCE051_CONCRETE_TECHNOLOGY.pdf,BTech\Sem-05\2024-25\BTech__Sem05__2024-25__BCE051__concrete-technology.pdf,BTech__Sem05__2024-25__BCE051__concrete-technology.pdf,OK,2026-09-07 08:58:43
BTech,5,2024-25,BNC501,Constitution Of India,https://ryzenstudy.com/papers/aktu-btech-sem-5-constitution-of-india-2024-25,https://ryzenstudy.com/uploads/1774896837480-BNC501_CONSTITUTION_OF_INDIA.pdf,BTech\Sem-05\2024-25\BTech__Sem05__2024-25__BNC501__constitution-of-india.pdf,BTech__Sem05__2024-25__BNC501__constitution-of-india.pdf,OK,2026-09-07 08:58:47
BTech,5,2025-26,BNC501,Constitution Of India,https://ryzenstudy.com/papers/aktu-btech-sem-5-constitution-of-india-2025-26,https://ryzenstudy.com/uploads/1774896858032-BNC501_CONSTITUTION_OF_INDIA.pdf,BTech\Sem-05\2025-26\BTech__Sem05__2025-26__BNC501__constitution-of-india.pdf,BTech__Sem05__2025-26__BNC501__constitution-of-india.pdf,OK,2026-09-07 08:58:50
BTech,5,2021-22,KNC-501,Constitution Of India Law And Engineering,https://ryzenstudy.com/papers/aktu-btech-sem-5-constitution-of-india-law-and-engineering-2021-22,https://ryzenstudy.com/uploads/1774896531063-CONSTITUTION_OF_INDIA_LAW_AND_ENGINEERING_KNC_501_1.pdf,BTech\Sem-05\2021-22\BTech__Sem05__2021-22__KNC-501__constitution-of-india-law-and-engineering.pdf,BTech__Sem05__2021-22__KNC-501__constitution-of-india-law-and-engineering.pdf,OK,2026-09-07 08:58:53
BTech,5,2022-23,KNC501,Constitution Of India Law And Engineering,https://ryzenstudy.com/papers/aktu-btech-sem-5-constitution-of-india-law-and-engineering-2022-23,https://ryzenstudy.com/uploads/1774896619997-CONSTITUTION_OF_INDIA_LAW_AND_ENGINEERING_KNC501.pdf,BTech\Sem-05\2022-23\BTech__Sem05__2022-23__KNC501__constitution-of-india-law-and-engineering.pdf,BTech__Sem05__2022-23__KNC501__constitution-of-india-law-and-engineering.pdf,OK,2026-09-07 08:58:56
BTech,5,2023-24,KNC501,Constitution Of India Law And Engineering,https://ryzenstudy.com/papers/aktu-btech-sem-5-constitution-of-india-law-and-engineering-2023-24,https://ryzenstudy.com/uploads/1774896661331-KNC501_CONSTITUTION_OF_INDIA_LAW_AND_ENGINEERING.pdf,BTech\Sem-05\2023-24\BTech__Sem05__2023-24__KNC501__constitution-of-india-law-and-engineering.pdf,BTech__Sem05__2023-24__KNC501__constitution-of-india-law-and-engineering.pdf,OK,2026-09-07 08:58:58
BTech,5,2021-22,KEE502,Control System,https://ryzenstudy.com/papers/aktu-btech-sem-5-control-system-2021-22,https://ryzenstudy.com/uploads/KEE502_2021-22.pdf,BTech\Sem-05\2021-22\BTech__Sem05__2021-22__KEE502__control-system.pdf,BTech__Sem05__2021-22__KEE502__control-system.pdf,OK,2026-09-07 08:59:01
BTech,5,2022-23,KEE-502,Control System,https://ryzenstudy.com/papers/aktu-btech-sem-5-control-system-2022-23,https://ryzenstudy.com/uploads/1774896622493-_.pdf,BTech\Sem-05\2022-23\BTech__Sem05__2022-23__KEE-502__control-system.pdf,BTech__Sem05__2022-23__KEE-502__control-system.pdf,OK,2026-09-07 08:59:03
BTech,5,2023-24,KEE502,Control System,https://ryzenstudy.com/papers/aktu-btech-sem-5-control-system-2023-24,https://ryzenstudy.com/uploads/1774896657109-KEE502_CONTROL_SYSTEM.pdf,BTech\Sem-05\2023-24\BTech__Sem05__2023-24__KEE502__control-system.pdf,BTech__Sem05__2023-24__KEE502__control-system.pdf,OK,2026-09-07 08:59:06
BTech,5,2024-25,BEE502,Control System,https://ryzenstudy.com/papers/aktu-btech-sem-5-control-system-2024-25,https://ryzenstudy.com/uploads/1774896842023-BEE502_CONTROL_SYSTEM.pdf,BTech\Sem-05\2024-25\BTech__Sem05__2024-25__BEE502__control-system.pdf,BTech__Sem05__2024-25__BEE502__control-system.pdf,OK,2026-09-07 08:59:09
BTech,5,2021-22,KCS051,Data Analytics,https://ryzenstudy.com/papers/aktu-btech-sem-5-data-analytics-2021-22,https://ryzenstudy.com/uploads/kcs051-data-analytics-2021-22.pdf,BTech\Sem-05\2021-22\BTech__Sem05__2021-22__KCS051__data-analytics.pdf,BTech__Sem05__2021-22__KCS051__data-analytics.pdf,OK,2026-09-07 08:59:12
BTech,5,2022-23,KCS051,Data Analytics,https://ryzenstudy.com/papers/aktu-btech-sem-5-data-analytics-2022-23,https://ryzenstudy.com/uploads/1774896619188-DATA_ANALYTICS_KCS051.pdf,BTech\Sem-05\2022-23\BTech__Sem05__2022-23__KCS051__data-analytics.pdf,BTech__Sem05__2022-23__KCS051__data-analytics.pdf,OK,2026-09-07 08:59:15
BTech,5,2023-24,KCS051,Data Analytics,https://ryzenstudy.com/papers/aktu-btech-sem-5-data-analytics-2023-24,https://ryzenstudy.com/uploads/1774896657402-KCS051_DATA_ANALYTICS.pdf,BTech\Sem-05\2023-24\BTech__Sem05__2023-24__KCS051__data-analytics.pdf,BTech__Sem05__2023-24__KCS051__data-analytics.pdf,OK,2026-09-07 08:59:18
BTech,5,2024-25,BCS052,Data Analytics,https://ryzenstudy.com/papers/aktu-btech-sem-5-data-analytics-2024-25,https://ryzenstudy.com/uploads/1774896840860-BCS052_DATA_ANALYTICS.pdf,BTech\Sem-05\2024-25\BTech__Sem05__2024-25__BCS052__data-analytics.pdf,BTech__Sem05__2024-25__BCS052__data-analytics.pdf,OK,2026-09-07 08:59:21
BTech,5,2025-26,BCS052,Data Analytics,https://ryzenstudy.com/papers/aktu-btech-sem-5-data-analytics-2025-26,https://ryzenstudy.com/uploads/1774896859284-BCS052_DATA_ANALYTICS.pdf,BTech\Sem-05\2025-26\BTech__Sem05__2025-26__BCS052__data-analytics.pdf,BTech__Sem05__2025-26__BCS052__data-analytics.pdf,OK,2026-09-07 08:59:23
BTech,5,2023-24,KCS501,Data Base Management System,https://ryzenstudy.com/papers/aktu-btech-sem-5-data-base-management-system-2023-24,https://ryzenstudy.com/uploads/1774896658238-KCS501_DATA_BASE_MANAGEMENT_SYSTEM.pdf,BTech\Sem-05\2023-24\BTech__Sem05__2023-24__KCS501__data-base-management-system.pdf,BTech__Sem05__2023-24__KCS501__data-base-management-system.pdf,OK,2026-09-07 08:59:26
BTech,5,2021-22,KCS-501,Database Management System,https://ryzenstudy.com/papers/aktu-btech-sem-5-database-management-system-2021-22,https://ryzenstudy.com/uploads/1774896531248-DATABASE_MANAGEMENT_SYSTEM_KCS_501_1.pdf,BTech\Sem-05\2021-22\BTech__Sem05__2021-22__KCS-501__database-management-system.pdf,BTech__Sem05__2021-22__KCS-501__database-management-system.pdf,OK,2026-09-07 08:59:29
BTech,5,2022-23,KCS501,Database Management System,https://ryzenstudy.com/papers/aktu-btech-sem-5-database-management-system-2022-23,https://ryzenstudy.com/uploads/1774896621754-DATABASE_MANAGEMENT_SYSTEM_KCS501.pdf,BTech\Sem-05\2022-23\BTech__Sem05__2022-23__KCS501__database-management-system.pdf,BTech__Sem05__2022-23__KCS501__database-management-system.pdf,OK,2026-09-07 08:59:31
BTech,5,2024-25,BCS501,Database Management System,https://ryzenstudy.com/papers/aktu-btech-sem-5-database-management-system-2024-25,https://ryzenstudy.com/uploads/1774896837632-BCS501_DATABASE_MANAGEMENT_SYSTEM.pdf,BTech\Sem-05\2024-25\BTech__Sem05__2024-25__BCS501__database-management-system.pdf,BTech__Sem05__2024-25__BCS501__database-management-system.pdf,OK,2026-09-07 08:59:34
BTech,5,2025-26,BCS501,Database Management System,https://ryzenstudy.com/papers/aktu-btech-sem-5-database-management-system-2025-26,https://ryzenstudy.com/uploads/1774896858099-BCS501_DATABASE_MANAGEMENT_SYSTEM.pdf,BTech\Sem-05\2025-26\BTech__Sem05__2025-26__BCS501__database-management-system.pdf,BTech__Sem05__2025-26__BCS501__database-management-system.pdf,OK,2026-09-07 08:59:37
BTech,5,2022-23,KCS503,Design Analysis Of Algorithm,https://ryzenstudy.com/papers/aktu-btech-sem-5-design-analysis-of-algorithm-2022-23,https://ryzenstudy.com/uploads/1774896620939-DESIGN_ANALYSIS_OF_ALGORITHM_KCS503.pdf,BTech\Sem-05\2022-23\BTech__Sem05__2022-23__KCS503__design-analysis-of-algorithm.pdf,BTech__Sem05__2022-23__KCS503__design-analysis-of-algorithm.pdf,OK,2026-09-07 08:59:40
BTech,5,2021-22,KCS-503,Design And Analysis Of Algorithm,https://ryzenstudy.com/papers/aktu-btech-sem-5-design-and-analysis-of-algorithm-2021-22,https://ryzenstudy.com/uploads/1774896532067-DESIGN_AND_ANALYSIS_OF_ALGORITHM_KCS_503_1.pdf,BTech\Sem-05\2021-22\BTech__Sem05__2021-22__KCS-503__design-and-analysis-of-algorithm.pdf,BTech__Sem05__2021-22__KCS-503__design-and-analysis-of-algorithm.pdf,OK,2026-09-07 08:59:43
BTech,5,2023-24,KCS503,Design And Analysis Of Algorithm,https://ryzenstudy.com/papers/aktu-btech-sem-5-design-and-analysis-of-algorithm-2023-24,https://ryzenstudy.com/uploads/1774896659207-KCS503_DESIGN_AND_ANALYSIS_OF_ALGORITHM.pdf,BTech\Sem-05\2023-24\BTech__Sem05__2023-24__KCS503__design-and-analysis-of-algorithm.pdf,BTech__Sem05__2023-24__KCS503__design-and-analysis-of-algorithm.pdf,OK,2026-09-07 08:59:45
BTech,5,2024-25,BCS503,Design And Analysis Of Algorithm,https://ryzenstudy.com/papers/aktu-btech-sem-5-design-and-analysis-of-algorithm-2024-25,https://ryzenstudy.com/uploads/1774896836906-BCS503_DESIGN_AND_ANALYSIS_OF_ALGORITHM.pdf,BTech\Sem-05\2024-25\BTech__Sem05__2024-25__BCS503__design-and-analysis-of-algorithm.pdf,BTech__Sem05__2024-25__BCS503__design-and-analysis-of-algorithm.pdf,OK,2026-09-07 08:59:48
BTech,5,2025-26,BCS503,Design And Analysis Of Algorithm,https://ryzenstudy.com/papers/aktu-btech-sem-5-design-and-analysis-of-algorithm-2025-26,https://ryzenstudy.com/uploads/1774896857966-BCS503_DESIGN_AND_ANALYSIS_OF_ALGORITHM.pdf,BTech\Sem-05\2025-26\BTech__Sem05__2025-26__BCS503__design-and-analysis-of-algorithm.pdf,BTech__Sem05__2025-26__BCS503__design-and-analysis-of-algorithm.pdf,OK,2026-09-07 08:59:51
BTech,5,2021-22,KEC-503,Digital Signal Processing,https://ryzenstudy.com/papers/aktu-btech-sem-5-digital-signal-processing-2021-22,https://ryzenstudy.com/uploads/1774896530910-DIGITAL_SIGNAL_PROCESSING_KEC_503_1.pdf,BTech\Sem-05\2021-22\BTech__Sem05__2021-22__KEC-503__digital-signal-processing.pdf,BTech__Sem05__2021-22__KEC-503__digital-signal-processing.pdf,OK,2026-09-07 08:59:54
BTech,5,2022-23,KEE057,Digital Signal Processing,https://ryzenstudy.com/papers/aktu-btech-sem-5-digital-signal-processing-2022-23,https://ryzenstudy.com/uploads/1774896618564-DIGITAL_SIGNAL_PROCESSING_KEE057.pdf,BTech\Sem-05\2022-23\BTech__Sem05__2022-23__KEE057__digital-signal-processing.pdf,BTech__Sem05__2022-23__KEE057__digital-signal-processing.pdf,OK,2026-09-07 08:59:57
BTech,5,2023-24,KEC503,Digital Signal Processing,https://ryzenstudy.com/papers/aktu-btech-sem-5-digital-signal-processing-2023-24,https://ryzenstudy.com/uploads/1774896661468-KEC503_DIGITAL_SIGNAL_PROCESSING.pdf,BTech\Sem-05\2023-24\BTech__Sem05__2023-24__KEC503__digital-signal-processing.pdf,BTech__Sem05__2023-24__KEC503__digital-signal-processing.pdf,OK,2026-09-07 09:00:00
BTech,5,2024-25,BEC503,Digital Signal Processing,https://ryzenstudy.com/papers/aktu-btech-sem-5-digital-signal-processing-2024-25,https://ryzenstudy.com/uploads/1774896839280-BEC503_DIGITAL_SIGNAL_PROCESSING.pdf,BTech\Sem-05\2024-25\BTech__Sem05__2024-25__BEC503__digital-signal-processing.pdf,BTech__Sem05__2024-25__BEC503__digital-signal-processing.pdf,OK,2026-09-07 09:00:03
BTech,5,2025-26,BEC503,Digital Signal Processing,https://ryzenstudy.com/papers/aktu-btech-sem-5-digital-signal-processing-2025-26,https://ryzenstudy.com/uploads/1774896858682-BEC503_DIGITAL_SIGNAL_PROCESSING.pdf,BTech\Sem-05\2025-26\BTech__Sem05__2025-26__BEC503__digital-signal-processing.pdf,BTech__Sem05__2025-26__BEC503__digital-signal-processing.pdf,OK,2026-09-07 09:00:07
BTech,5,2023-24,KDS052,Distributed System,https://ryzenstudy.com/papers/aktu-btech-sem-5-distributed-system-2023-24,https://ryzenstudy.com/uploads/1774896660050-KDS052_DISTRIBUTED_SYSTEM.pdf,BTech\Sem-05\2023-24\BTech__Sem05__2023-24__KDS052__distributed-system.pdf,BTech__Sem05__2023-24__KDS052__distributed-system.pdf,OK,2026-09-07 09:00:09
BTech,5,2022-23,KEE503,Electrical Machine Ii,https://ryzenstudy.com/papers/aktu-btech-sem-5-electrical-machine-ii-2022-23,https://ryzenstudy.com/uploads/1774896618970-ELECTRICAL_MACHINE_II_KEE503.pdf,BTech\Sem-05\2022-23\BTech__Sem05__2022-23__KEE503__electrical-machine-ii.pdf,BTech__Sem05__2022-23__KEE503__electrical-machine-ii.pdf,OK,2026-09-07 09:00:13
BTech,5,2021-22,KEE503,Electrical Machines II,https://ryzenstudy.com/papers/aktu-btech-sem-5-electrical-machines-ii-2021-22,https://ryzenstudy.com/uploads/KEE503_2021-22.pdf,BTech\Sem-05\2021-22\BTech__Sem05__2021-22__KEE503__electrical-machines-ii.pdf,BTech__Sem05__2021-22__KEE503__electrical-machines-ii.pdf,OK,2026-09-07 09:00:15
BTech,5,2023-24,KEE503,Electrical Machines Ii,https://ryzenstudy.com/papers/aktu-btech-sem-5-electrical-machines-ii-2023-24,https://ryzenstudy.com/uploads/1774896657331-KEE503_ELECTRICAL_MACHINES_II.pdf,BTech\Sem-05\2023-24\BTech__Sem05__2023-24__KEE503__electrical-machines-ii.pdf,BTech__Sem05__2023-24__KEE503__electrical-machines-ii.pdf,OK,2026-09-07 09:00:18
BTech,5,2024-25,BEE503,Electrical Machines Ii,https://ryzenstudy.com/papers/aktu-btech-sem-5-electrical-machines-ii-2024-25,https://ryzenstudy.com/uploads/1774896840546-BEE503_ELECTRICAL_MACHINES_II.pdf,BTech\Sem-05\2024-25\BTech__Sem05__2024-25__BEE503__electrical-machines-ii.pdf,BTech__Sem05__2024-25__BEE503__electrical-machines-ii.pdf,OK,2026-09-07 09:00:21
BTech,5,2023-24,KEE054,Electrical Standards And Engineering Practices,https://ryzenstudy.com/papers/aktu-btech-sem-5-electrical-standards-and-engineering-practices-2023-24,https://ryzenstudy.com/uploads/1774896656769-KEE054_ELECTRICAL_STANDARDS_AND_ENGINEERING_PRACTICES.pdf,BTech\Sem-05\2023-24\BTech__Sem05__2023-24__KEE054__electrical-standards-and-engineering-practices.pdf,BTech__Sem05__2023-24__KEE054__electrical-standards-and-engineering-practices.pdf,OK,2026-09-07 09:00:25
BTech,5,2023-24,KEC057,Electronic Instrumentation And Measurements,https://ryzenstudy.com/papers/aktu-btech-sem-5-electronic-instrumentation-and-measurements-2023-24,https://ryzenstudy.com/uploads/1774896658462-KEC057_ELECTRONIC_INSTRUMENTATION_AND_MEASUREMENTS.pdf,BTech\Sem-05\2023-24\BTech__Sem05__2023-24__KEC057__electronic-instrumentation-and-measurements.pdf,BTech__Sem05__2023-24__KEC057__electronic-instrumentation-and-measurements.pdf,OK,2026-09-07 09:00:28
BTech,5,2022-23,KEC057,Electronic Instrumentation Measurements,https://ryzenstudy.com/papers/aktu-btech-sem-5-electronic-instrumentation-measurements-2022-23,https://ryzenstudy.com/uploads/1774896622638-ELECTRONIC_INSTRUMENTATION_MEASUREMENTS_KEC057.pdf,BTech\Sem-05\2022-23\BTech__Sem05__2022-23__KEC057__electronic-instrumentation-measurements.pdf,BTech__Sem05__2022-23__KEC057__electronic-instrumentation-measurements.pdf,OK,2026-09-07 09:00:31
BTech,5,2022-23,KEC055,Electronic Switching,https://ryzenstudy.com/papers/aktu-btech-sem-5-electronic-switching-2022-23,https://ryzenstudy.com/uploads/1774896622712-ELECTRONIC_SWITCHING_KEC055.pdf,BTech\Sem-05\2022-23\BTech__Sem05__2022-23__KEC055__electronic-switching.pdf,BTech__Sem05__2022-23__KEC055__electronic-switching.pdf,OK,2026-09-07 09:00:33
BTech,5,2022-23,KEC055,Electronics Switching,https://ryzenstudy.com/papers/aktu-btech-sem-5-electronics-switching-2022-23,https://ryzenstudy.com/uploads/electronics-switching_KEC055_22-23.pdf,BTech\Sem-05\2022-23\BTech__Sem05__2022-23__KEC055__electronics-switching.pdf,BTech__Sem05__2022-23__KEC055__electronics-switching.pdf,OK,2026-09-07 09:00:37
BTech,5,2023-24,KEC055,Electronics Switching,https://ryzenstudy.com/papers/aktu-btech-sem-5-electronics-switching-2023-24,https://ryzenstudy.com/uploads/1774896657472-KEC055_ELECTRONICS_SWITCHING.pdf,BTech\Sem-05\2023-24\BTech__Sem05__2023-24__KEC055__electronics-switching.pdf,BTech__Sem05__2023-24__KEC055__electronics-switching.pdf,OK,2026-09-07 09:00:40
BTech,5,2024-25,BEC055,Electronics Switching,https://ryzenstudy.com/papers/aktu-btech-sem-5-electronics-switching-2024-25,https://ryzenstudy.com/uploads/1774896841680-BEC055_ELECTRONICS_SWITCHING.pdf,BTech\Sem-05\2024-25\BTech__Sem05__2024-25__BEC055__electronics-switching.pdf,BTech__Sem05__2024-25__BEC055__electronics-switching.pdf,OK,2026-09-07 09:00:43
BTech,5,2023-24,KOT055,Embedded Systems And Real Time Operating System,https://ryzenstudy.com/papers/aktu-btech-sem-5-embedded-systems-and-real-time-operating-system-2023-24,https://ryzenstudy.com/uploads/1774896659840-KOT055_EMBEDDED_SYSTEMS_AND_REAL_TIME_OPERATING_SYSTEM.pdf,BTech\Sem-05\2023-24\BTech__Sem05__2023-24__KOT055__embedded-systems-and-real-time-operating-system.pdf,BTech__Sem05__2023-24__KOT055__embedded-systems-and-real-time-operating-system.pdf,OK,2026-09-07 09:00:46
BTech,5,2022-23,KCE054,Engineering Geology,https://ryzenstudy.com/papers/aktu-btech-sem-5-engineering-geology-2022-23,https://ryzenstudy.com/uploads/1774896621486-ENGINEERING_GEOLOGY_KCE054.pdf,BTech\Sem-05\2022-23\BTech__Sem05__2022-23__KCE054__engineering-geology.pdf,BTech__Sem05__2022-23__KCE054__engineering-geology.pdf,OK,2026-09-07 09:00:49
BTech,5,2023-24,KCE054,Engineering Geology,https://ryzenstudy.com/papers/aktu-btech-sem-5-engineering-geology-2023-24,https://ryzenstudy.com/uploads/1774896659055-KCE054_ENGINEERING_GEOLOGY.pdf,BTech\Sem-05\2023-24\BTech__Sem05__2023-24__KCE054__engineering-geology.pdf,BTech__Sem05__2023-24__KCE054__engineering-geology.pdf,OK,2026-09-07 09:00:51
BTech,5,2024-25,BCE054,Engineering Geology,https://ryzenstudy.com/papers/aktu-btech-sem-5-engineering-geology-2024-25,https://ryzenstudy.com/uploads/1774896841316-BCE054_ENGINEERING_GEOLOGY.pdf,BTech\Sem-05\2024-25\BTech__Sem05__2024-25__BCE054__engineering-geology.pdf,BTech__Sem05__2024-25__BCE054__engineering-geology.pdf,OK,2026-09-07 09:00:54
BTech,5,2022-23,KCE055,Engineering Hydrology,https://ryzenstudy.com/papers/aktu-btech-sem-5-engineering-hydrology-2022-23,https://ryzenstudy.com/uploads/1774896619850-ENGINEERING_HYDROLOGY_KCE055.pdf,BTech\Sem-05\2022-23\BTech__Sem05__2022-23__KCE055__engineering-hydrology.pdf,BTech__Sem05__2022-23__KCE055__engineering-hydrology.pdf,OK,2026-09-07 09:00:58
BTech,5,2023-24,KCE055,Engineering Hydrology,https://ryzenstudy.com/papers/aktu-btech-sem-5-engineering-hydrology-2023-24,https://ryzenstudy.com/uploads/1774896656883-KCE055_ENGINEERING_HYDROLOGY.pdf,BTech\Sem-05\2023-24\BTech__Sem05__2023-24__KCE055__engineering-hydrology.pdf,BTech__Sem05__2023-24__KCE055__engineering-hydrology.pdf,OK,2026-09-07 09:01:01
BTech,5,2024-25,BNC502,Essence Of Indian Traditional Knowledge,https://ryzenstudy.com/papers/aktu-btech-sem-5-essence-of-indian-traditional-knowledge-2024-25,https://ryzenstudy.com/uploads/1774896836699-BNC502_ESSENCE_OF_INDIAN_TRADITIONAL_KNOWLEDGE.pdf,BTech\Sem-05\2024-25\BTech__Sem05__2024-25__BNC502__essence-of-indian-traditional-knowledge.pdf,BTech__Sem05__2024-25__BNC502__essence-of-indian-traditional-knowledge.pdf,OK,2026-09-07 09:01:03
BTech,5,2025-26,BNC502,Essence Of Indian Traditional Knowledge,https://ryzenstudy.com/papers/aktu-btech-sem-5-essence-of-indian-traditional-knowledge-2025-26,https://ryzenstudy.com/uploads/1774896857645-BNC502_ESSENCE_OF_INDIAN_TRADITIONAL_KNOWLEDGE.pdf,BTech\Sem-05\2025-26\BTech__Sem05__2025-26__BNC502__essence-of-indian-traditional-knowledge.pdf,BTech__Sem05__2025-26__BNC502__essence-of-indian-traditional-knowledge.pdf,OK,2026-09-07 09:01:06
BTech,5,2022-23,KME053,Finite Element Methods,https://ryzenstudy.com/papers/aktu-btech-sem-5-finite-element-methods-2022-23,https://ryzenstudy.com/uploads/1774896618633-FINITE_ELEMENT_METHODS_KME053.pdf,BTech\Sem-05\2022-23\BTech__Sem05__2022-23__KME053__finite-element-methods.pdf,BTech__Sem05__2022-23__KME053__finite-element-methods.pdf,OK,2026-09-07 09:01:09
BTech,5,2022-23,KME058,Fuels And Combustion,https://ryzenstudy.com/papers/aktu-btech-sem-5-fuels-and-combustion-2022-23,https://ryzenstudy.com/uploads/1774896622845-FUELS_AND_COMBUSTION_KME058.pdf,BTech\Sem-05\2022-23\BTech__Sem05__2022-23__KME058__fuels-and-combustion.pdf,BTech__Sem05__2022-23__KME058__fuels-and-combustion.pdf,OK,2026-09-07 09:01:12
BTech,5,2023-24,KME058,Fuels And Combustion,https://ryzenstudy.com/papers/aktu-btech-sem-5-fuels-and-combustion-2023-24,https://ryzenstudy.com/uploads/1774896657256-KME058_FUELS_AND_COMBUSTION.pdf,BTech\Sem-05\2023-24\BTech__Sem05__2023-24__KME058__fuels-and-combustion.pdf,BTech__Sem05__2023-24__KME058__fuels-and-combustion.pdf,OK,2026-09-07 09:01:15
BTech,5,2022-23,KCE501,Geotechnical Engineering,https://ryzenstudy.com/papers/aktu-btech-sem-5-geotechnical-engineering-2022-23,https://ryzenstudy.com/uploads/1774896622293-GEOTECHNICAL_ENGINEERING_KCE501.pdf,BTech\Sem-05\2022-23\BTech__Sem05__2022-23__KCE501__geotechnical-engineering.pdf,BTech__Sem05__2022-23__KCE501__geotechnical-engineering.pdf,OK,2026-09-07 09:01:17
BTech,5,2023-24,KCE501,Geotechnical Engineering,https://ryzenstudy.com/papers/aktu-btech-sem-5-geotechnical-engineering-2023-24,https://ryzenstudy.com/uploads/1774896662321-KCE501_GEOTECHNICAL_ENGINEERING.pdf,BTech\Sem-05\2023-24\BTech__Sem05__2023-24__KCE501__geotechnical-engineering.pdf,BTech__Sem05__2023-24__KCE501__geotechnical-engineering.pdf,OK,2026-09-07 09:01:21
BTech,5,2024-25,BCE501,Geotechnical Engineering,https://ryzenstudy.com/papers/aktu-btech-sem-5-geotechnical-engineering-2024-25,https://ryzenstudy.com/uploads/1774896837706-BCE501_GEOTECHNICAL_ENGINEERING.pdf,BTech\Sem-05\2024-25\BTech__Sem05__2024-25__BCE501__geotechnical-engineering.pdf,BTech__Sem05__2024-25__BCE501__geotechnical-engineering.pdf,OK,2026-09-07 09:01:25
BTech,5,2022-23,KCE058,Gis And Advance Remote Sensing,https://ryzenstudy.com/papers/aktu-btech-sem-5-gis-and-advance-remote-sensing-2022-23,https://ryzenstudy.com/uploads/1774896618902-GIS_AND_ADVANCE_REMOTE_SENSING_KCE058.pdf,BTech\Sem-05\2022-23\BTech__Sem05__2022-23__KCE058__gis-and-advance-remote-sensing.pdf,BTech__Sem05__2022-23__KCE058__gis-and-advance-remote-sensing.pdf,OK,2026-09-07 09:01:28
BTech,5,2023-24,KCE058,Gis And Advance Remote Sensing,https://ryzenstudy.com/papers/aktu-btech-sem-5-gis-and-advance-remote-sensing-2023-24,https://ryzenstudy.com/uploads/1774896659285-KCE058_GIS_AND_ADVANCE_REMOTE_SENSING.pdf,BTech\Sem-05\2023-24\BTech__Sem05__2023-24__KCE058__gis-and-advance-remote-sensing.pdf,BTech__Sem05__2023-24__KCE058__gis-and-advance-remote-sensing.pdf,OK,2026-09-07 09:01:32
BTech,5,2021-22,KME-501,Heat And Mass Transfer,https://ryzenstudy.com/papers/aktu-btech-sem-5-heat-and-mass-transfer-2021-22,https://ryzenstudy.com/uploads/1774896530636-HEAT_AND_MASS_TRANSFER_KME_501.pdf,BTech\Sem-05\2021-22\BTech__Sem05__2021-22__KME-501__heat-and-mass-transfer.pdf,BTech__Sem05__2021-22__KME-501__heat-and-mass-transfer.pdf,OK,2026-09-07 09:01:35
BTech,5,2022-23,KME501,Heat And Mass Transfer,https://ryzenstudy.com/papers/aktu-btech-sem-5-heat-and-mass-transfer-2022-23,https://ryzenstudy.com/uploads/1774896619918-HEAT_AND_MASS_TRANSFER_KME501.pdf,BTech\Sem-05\2022-23\BTech__Sem05__2022-23__KME501__heat-and-mass-transfer.pdf,BTech__Sem05__2022-23__KME501__heat-and-mass-transfer.pdf,OK,2026-09-07 09:01:39
BTech,5,2023-24,KME501,Heat And Mass Transfer,https://ryzenstudy.com/papers/aktu-btech-sem-5-heat-and-mass-transfer-2023-24,https://ryzenstudy.com/uploads/1774896658536-KME501_HEAT_AND_MASS_TRANSFER.pdf,BTech\Sem-05\2023-24\BTech__Sem05__2023-24__KME501__heat-and-mass-transfer.pdf,BTech__Sem05__2023-24__KME501__heat-and-mass-transfer.pdf,OK,2026-09-07 09:01:41
BTech,5,2024-25,BME501,Heat Mass Transfer,https://ryzenstudy.com/papers/aktu-btech-sem-5-heat-mass-transfer-2024-25,https://ryzenstudy.com/uploads/1774896838724-BME501_HEAT_MASS_TRANSFER.pdf,BTech\Sem-05\2024-25\BTech__Sem05__2024-25__BME501__heat-mass-transfer.pdf,BTech__Sem05__2024-25__BME501__heat-mass-transfer.pdf,OK,2026-09-07 09:01:44
BTech,5,2025-26,BME501,Heat Mass Transfer,https://ryzenstudy.com/papers/aktu-btech-sem-5-heat-mass-transfer-2025-26,https://ryzenstudy.com/uploads/1774896858535-BME501_HEAT_MASS_TRANSFER.pdf,BTech\Sem-05\2025-26\BTech__Sem05__2025-26__BME501__heat-mass-transfer.pdf,BTech__Sem05__2025-26__BME501__heat-mass-transfer.pdf,OK,2026-09-07 09:01:47
BTech,5,2022-23,KCS058,Human Computer Interface,https://ryzenstudy.com/papers/aktu-btech-sem-5-human-computer-interface-2022-23,https://ryzenstudy.com/uploads/1774896621089-HUMAN_COMPUTER_INTERFACE_KCS058.pdf,BTech\Sem-05\2022-23\BTech__Sem05__2022-23__KCS058__human-computer-interface.pdf,BTech__Sem05__2022-23__KCS058__human-computer-interface.pdf,OK,2026-09-07 09:01:50
BTech,5,2023-24,KME054,I C Engine Fuels Lubrication,https://ryzenstudy.com/papers/aktu-btech-sem-5-i-c-engine-fuels-lubrication-2023-24,https://ryzenstudy.com/uploads/1774896661191-KME054_I_C_ENGINE_FUELS_LUBRICATION.pdf,BTech\Sem-05\2023-24\BTech__Sem05__2023-24__KME054__i-c-engine-fuels-lubrication.pdf,BTech__Sem05__2023-24__KME054__i-c-engine-fuels-lubrication.pdf,OK,2026-09-07 09:01:53
BTech,5,2022-23,KME054,I C Engines Fuels Lubrication,https://ryzenstudy.com/papers/aktu-btech-sem-5-i-c-engines-fuels-lubrication-2022-23,https://ryzenstudy.com/uploads/1774896621026-I_C_ENGINES_FUELS_LUBRICATION_KME054.pdf,BTech\Sem-05\2022-23\BTech__Sem05__2022-23__KME054__i-c-engines-fuels-lubrication.pdf,BTech__Sem05__2022-23__KME054__i-c-engines-fuels-lubrication.pdf,OK,2026-09-07 09:01:55
BTech,5,2024-25,BME052,I C Engines Fuels Lubrication,https://ryzenstudy.com/papers/aktu-btech-sem-5-i-c-engines-fuels-lubrication-2024-25,https://ryzenstudy.com/uploads/1774896837778-BME052_I_C_ENGINES_FUELS_LUBRICATION.pdf,BTech\Sem-05\2024-25\BTech__Sem05__2024-25__BME052__i-c-engines-fuels-lubrication.pdf,BTech__Sem05__2024-25__BME052__i-c-engines-fuels-lubrication.pdf,OK,2026-09-07 09:01:58
BTech,5,2025-26,BME052,I C Engines Fuels Lubrication,https://ryzenstudy.com/papers/aktu-btech-sem-5-i-c-engines-fuels-lubrication-2025-26,https://ryzenstudy.com/uploads/1774896858173-BME052_I_C_ENGINES_FUELS_LUBRICATION.pdf,BTech\Sem-05\2025-26\BTech__Sem05__2025-26__BME052__i-c-engines-fuels-lubrication.pdf,BTech__Sem05__2025-26__BME052__i-c-engines-fuels-lubrication.pdf,OK,2026-09-07 09:02:01
BTech,5,2021-22,KME-054,Ic Engine Fuel And Lubrication,https://ryzenstudy.com/papers/aktu-btech-sem-5-ic-engine-fuel-and-lubrication-2021-22,https://ryzenstudy.com/uploads/1774896530013-IC_ENGINE_FUEL_AND_LUBRICATION_KME_054.pdf,BTech\Sem-05\2021-22\BTech__Sem05__2021-22__KME-054__ic-engine-fuel-and-lubrication.pdf,BTech__Sem05__2021-22__KME-054__ic-engine-fuel-and-lubrication.pdf,OK,2026-09-07 09:02:05
BTech,5,2024-25,BCS057,Image Processing,https://ryzenstudy.com/papers/aktu-btech-sem-5-image-processing-2024-25,https://ryzenstudy.com/uploads/1774896839213-BCS057_IMAGE_PROCESSING.pdf,BTech\Sem-05\2024-25\BTech__Sem05__2024-25__BCS057__image-processing.pdf,BTech__Sem05__2024-25__BCS057__image-processing.pdf,OK,2026-09-07 09:02:08
BTech,5,2025-26,BCS057,Image Processing,https://ryzenstudy.com/papers/aktu-btech-sem-5-image-processing-2025-26,https://ryzenstudy.com/uploads/1774896858607-BCS057_IMAGE_PROCESSING.pdf,BTech\Sem-05\2025-26\BTech__Sem05__2025-26__BCS057__image-processing.pdf,BTech__Sem05__2025-26__BCS057__image-processing.pdf,OK,2026-09-07 09:02:11
BTech,5,2022-23,KNC502,Indian Tradition Culture And Society,https://ryzenstudy.com/papers/aktu-btech-sem-5-indian-tradition-culture-and-society-2022-23,https://ryzenstudy.com/uploads/1774896621558-INDIAN_TRADITION_CULTURE_AND_SOCIETY_KNC502.pdf,BTech\Sem-05\2022-23\BTech__Sem05__2022-23__KNC502__indian-tradition-culture-and-society.pdf,BTech__Sem05__2022-23__KNC502__indian-tradition-culture-and-society.pdf,OK,2026-09-07 09:02:13
BTech,5,2023-24,KNC502,Indian Tradition Culture And Society,https://ryzenstudy.com/papers/aktu-btech-sem-5-indian-tradition-culture-and-society-2023-24,https://ryzenstudy.com/uploads/1774896661053-KNC502_INDIAN_TRADITION_CULTURE_AND_SOCIETY.pdf,BTech\Sem-05\2023-24\BTech__Sem05__2023-24__KNC502__indian-tradition-culture-and-society.pdf,BTech__Sem05__2023-24__KNC502__indian-tradition-culture-and-society.pdf,OK,2026-09-07 09:02:16
BTech,5,2023-24,KEE053,Industrial Automation And Control,https://ryzenstudy.com/papers/aktu-btech-sem-5-industrial-automation-and-control-2023-24,https://ryzenstudy.com/uploads/1774896662038-KEE053_INDUSTRIAL_AUTOMATION_AND_CONTROL.pdf,BTech\Sem-05\2023-24\BTech__Sem05__2023-24__KEE053__industrial-automation-and-control.pdf,BTech__Sem05__2023-24__KEE053__industrial-automation-and-control.pdf,OK,2026-09-07 09:02:19
BTech,5,2024-25,BEE053,Industrial Automation And Control,https://ryzenstudy.com/papers/aktu-btech-sem-5-industrial-automation-and-control-2024-25,https://ryzenstudy.com/uploads/1774896840170-BEE053_INDUSTRIAL_AUTOMATION_AND_CONTROL.pdf,BTech\Sem-05\2024-25\BTech__Sem05__2024-25__BEE053__industrial-automation-and-control.pdf,BTech__Sem05__2024-25__BEE053__industrial-automation-and-control.pdf,OK,2026-09-07 09:02:22
BTech,5,2022-23,KEC052,Industrial Electronics,https://ryzenstudy.com/papers/aktu-btech-sem-5-industrial-electronics-2022-23,https://ryzenstudy.com/uploads/1774896621950-INDUSTRIAL_ELECTRONICS_KEC052.pdf,BTech\Sem-05\2022-23\BTech__Sem05__2022-23__KEC052__industrial-electronics.pdf,BTech__Sem05__2022-23__KEC052__industrial-electronics.pdf,OK,2026-09-07 09:02:25
BTech,5,2023-24,KEC052,Industrial Electronics,https://ryzenstudy.com/papers/aktu-btech-sem-5-industrial-electronics-2023-24,https://ryzenstudy.com/uploads/1774896662432-KEC052_INDUSTRIAL_ELECTRONICS.pdf,BTech\Sem-05\2023-24\BTech__Sem05__2023-24__KEC052__industrial-electronics.pdf,BTech__Sem05__2023-24__KEC052__industrial-electronics.pdf,OK,2026-09-07 09:02:28
BTech,5,2021-22,KME-503,Industrial Engineering,https://ryzenstudy.com/papers/aktu-btech-sem-5-industrial-engineering-2021-22,https://ryzenstudy.com/uploads/1774896531738-INDUSTRIAL_ENGINEERING_KME_503_1.pdf,BTech\Sem-05\2021-22\BTech__Sem05__2021-22__KME-503__industrial-engineering.pdf,BTech__Sem05__2021-22__KME-503__industrial-engineering.pdf,OK,2026-09-07 09:02:31
BTech,5,2022-23,KME503,Industrial Engineering,https://ryzenstudy.com/papers/aktu-btech-sem-5-industrial-engineering-2022-23,https://ryzenstudy.com/uploads/1774896619576-INDUSTRIAL_ENGINEERING_KME503.pdf,BTech\Sem-05\2022-23\BTech__Sem05__2022-23__KME503__industrial-engineering.pdf,BTech__Sem05__2022-23__KME503__industrial-engineering.pdf,OK,2026-09-07 09:02:34
BTech,5,2023-24,KME503,Industrial Engineering,https://ryzenstudy.com/papers/aktu-btech-sem-5-industrial-engineering-2023-24,https://ryzenstudy.com/uploads/1774896659706-KME503_INDUSTRIAL_ENGINEERING.pdf,BTech\Sem-05\2023-24\BTech__Sem05__2023-24__KME503__industrial-engineering.pdf,BTech__Sem05__2023-24__KME503__industrial-engineering.pdf,OK,2026-09-07 09:02:37
BTech,5,2024-25,BME503,Industrial Engineering,https://ryzenstudy.com/papers/aktu-btech-sem-5-industrial-engineering-2024-25,https://ryzenstudy.com/uploads/1774896839567-BME503_INDUSTRIAL_ENGINEERING.pdf,BTech\Sem-05\2024-25\BTech__Sem05__2024-25__BME503__industrial-engineering.pdf,BTech__Sem05__2024-25__BME503__industrial-engineering.pdf,OK,2026-09-07 09:02:40
BTech,5,2025-26,BME503,Industrial Engineering,https://ryzenstudy.com/papers/aktu-btech-sem-5-industrial-engineering-2025-26,https://ryzenstudy.com/uploads/1774896858863-BME503_INDUSTRIAL_ENGINEERING.pdf,BTech\Sem-05\2025-26\BTech__Sem05__2025-26__BME503__industrial-engineering.pdf,BTech__Sem05__2025-26__BME503__industrial-engineering.pdf,OK,2026-09-07 09:02:42
BTech,5,2021-22,KEC-501,Integrated Circuits,https://ryzenstudy.com/papers/aktu-btech-sem-5-integrated-circuits-2021-22,https://ryzenstudy.com/uploads/1774896531512-INTEGRATED_CIRCUITS_KEC_501_1.pdf,BTech\Sem-05\2021-22\BTech__Sem05__2021-22__KEC-501__integrated-circuits.pdf,BTech__Sem05__2021-22__KEC-501__integrated-circuits.pdf,OK,2026-09-07 09:02:45
BTech,5,2022-23,KEC501,Integrated Circuits,https://ryzenstudy.com/papers/aktu-btech-sem-5-integrated-circuits-2022-23,https://ryzenstudy.com/uploads/1774896620134-INTEGRATED_CIRCUITS_KEC501.pdf,BTech\Sem-05\2022-23\BTech__Sem05__2022-23__KEC501__integrated-circuits.pdf,BTech__Sem05__2022-23__KEC501__integrated-circuits.pdf,OK,2026-09-07 09:02:48
BTech,5,2023-24,KEC501,Integrated Circuits,https://ryzenstudy.com/papers/aktu-btech-sem-5-integrated-circuits-2023-24,https://ryzenstudy.com/uploads/1774896658771-KEC501_INTEGRATED_CIRCUITS.pdf,BTech\Sem-05\2023-24\BTech__Sem05__2023-24__KEC501__integrated-circuits.pdf,BTech__Sem05__2023-24__KEC501__integrated-circuits.pdf,OK,2026-09-07 09:02:51
BTech,5,2024-25,BEC501,Integrated Circuits,https://ryzenstudy.com/papers/aktu-btech-sem-5-integrated-circuits-2024-25,https://ryzenstudy.com/uploads/1774896840625-BEC501_INTEGRATED_CIRCUITS.pdf,BTech\Sem-05\2024-25\BTech__Sem05__2024-25__BEC501__integrated-circuits.pdf,BTech__Sem05__2024-25__BEC501__integrated-circuits.pdf,OK,2026-09-07 09:02:54
BTech,5,2025-26,BEC501,Integrated Circuits,https://ryzenstudy.com/papers/aktu-btech-sem-5-integrated-circuits-2025-26,https://ryzenstudy.com/uploads/1774896859126-BEC501_INTEGRATED_CIRCUITS.pdf,BTech\Sem-05\2025-26\BTech__Sem05__2025-26__BEC501__integrated-circuits.pdf,BTech__Sem05__2025-26__BEC501__integrated-circuits.pdf,OK,2026-09-07 09:02:56
BTech,5,2023-24,KAI053,Intelligent Database System,https://ryzenstudy.com/papers/aktu-btech-sem-5-intelligent-database-system-2023-24,https://ryzenstudy.com/uploads/1774896658607-KAI053_INTELLIGENT_DATABASE_SYSTEM.pdf,BTech\Sem-05\2023-24\BTech__Sem05__2023-24__KAI053__intelligent-database-system.pdf,BTech__Sem05__2023-24__KAI053__intelligent-database-system.pdf,OK,2026-09-07 09:02:59
BTech,5,2024-25,BEC053,Intelligent Systems And Robotics,https://ryzenstudy.com/papers/aktu-btech-sem-5-intelligent-systems-and-robotics-2024-25,https://ryzenstudy.com/uploads/1774896838571-BEC053_INTELLIGENT_SYSTEMS_AND_ROBOTICS.pdf,BTech\Sem-05\2024-25\BTech__Sem05__2024-25__BEC053__intelligent-systems-and-robotics.pdf,BTech__Sem05__2024-25__BEC053__intelligent-systems-and-robotics.pdf,OK,2026-09-07 09:03:02
BTech,5,2022-23,KDS501,Introduction To Data Analytics And Visualization,https://ryzenstudy.com/papers/aktu-btech-sem-5-introduction-to-data-analytics-and-visualization-2022-23,https://ryzenstudy.com/uploads/1774896622150-INTRODUCTION_TO_DATA_ANALYTICS_AND_VISUALIZATION_KDS501.pdf,BTech\Sem-05\2022-23\BTech__Sem05__2022-23__KDS501__introduction-to-data-analytics-and-visualization.pdf,BTech__Sem05__2022-23__KDS501__introduction-to-data-analytics-and-visualization.pdf,OK,2026-09-07 09:03:05
BTech,5,2023-24,KDS501,Introduction To Data Analytics And Visualization,https://ryzenstudy.com/papers/aktu-btech-sem-5-introduction-to-data-analytics-and-visualization-2023-24,https://ryzenstudy.com/uploads/1774896658982-KDS501_INTRODUCTION_TO_DATA_ANALYTICS_AND_VISUALIZATION.pdf,BTech\Sem-05\2023-24\BTech__Sem05__2023-24__KDS501__introduction-to-data-analytics-and-visualization.pdf,BTech__Sem05__2023-24__KDS501__introduction-to-data-analytics-and-visualization.pdf,OK,2026-09-07 09:03:08
BTech,5,2024-25,BCDS501,Introduction To Data Analytics And Visualization,https://ryzenstudy.com/papers/aktu-btech-sem-5-introduction-to-data-analytics-and-visualization-2024-25,https://ryzenstudy.com/uploads/1774896839343-BCDS501_INTRODUCTION_TO_DATA_ANALYTICS_AND_VISUALIZATION.pdf,BTech\Sem-05\2024-25\BTech__Sem05__2024-25__BCDS501__introduction-to-data-analytics-and-visualization.pdf,BTech__Sem05__2024-25__BCDS501__introduction-to-data-analytics-and-visualization.pdf,OK,2026-09-07 09:03:10
BTech,5,2025-26,BCDS501,Introduction To Data Analytics And Visualization,https://ryzenstudy.com/papers/aktu-btech-sem-5-introduction-to-data-analytics-and-visualization-2025-26,https://ryzenstudy.com/uploads/1774896858787-BCDS501_INTRODUCTION_TO_DATA_ANALYTICS_AND_VISUALIZATION.pdf,BTech\Sem-05\2025-26\BTech__Sem05__2025-26__BCDS501__introduction-to-data-analytics-and-visualization.pdf,BTech__Sem05__2025-26__BCDS501__introduction-to-data-analytics-and-visualization.pdf,OK,2026-09-07 09:03:13
BTech,5,2022-23,KOT501,Introduction To Internet Of Things,https://ryzenstudy.com/papers/aktu-btech-sem-5-introduction-to-internet-of-things-2022-23,https://ryzenstudy.com/uploads/1774896621623-INTRODUCTION_TO_INTERNET_OF_THINGS_KOT501.pdf,BTech\Sem-05\2022-23\BTech__Sem05__2022-23__KOT501__introduction-to-internet-of-things.pdf,BTech__Sem05__2022-23__KOT501__introduction-to-internet-of-things.pdf,OK,2026-09-07 09:03:17
BTech,5,2023-24,KOT501,Introduction To Internet Of Things,https://ryzenstudy.com/papers/aktu-btech-sem-5-introduction-to-internet-of-things-2023-24,https://ryzenstudy.com/uploads/1774896658842-KOT501_INTRODUCTION_TO_INTERNET_OF_THINGS.pdf,BTech\Sem-05\2023-24\BTech__Sem05__2023-24__KOT501__introduction-to-internet-of-things.pdf,BTech__Sem05__2023-24__KOT501__introduction-to-internet-of-things.pdf,OK,2026-09-07 09:03:20
BTech,5,2024-25,BCIT052,Iot Architecture And Protocols,https://ryzenstudy.com/papers/aktu-btech-sem-5-iot-architecture-and-protocols-2024-25,https://ryzenstudy.com/uploads/1774896838994-BCIT052_IOT_ARCHITECTURE_AND_PROTOCOLS.pdf,BTech\Sem-05\2024-25\BTech__Sem05__2024-25__BCIT052__iot-architecture-and-protocols.pdf,BTech__Sem05__2024-25__BCIT052__iot-architecture-and-protocols.pdf,OK,2026-09-07 09:03:23
BTech,5,2024-25,BEC051,Iot – Architecture Communication Technology Its Applications,https://ryzenstudy.com/papers/aktu-btech-sem-5-iot-architecture-communication-technology-its-applications-2024-25,https://ryzenstudy.com/uploads/1774896840245-BEC051_IOT___ARCHITECTURE_COMMUNICATION_TECHNOLOGY_ITS_APPLICATIONS.pdf,BTech\Sem-05\2024-25\BTech__Sem05__2024-25__BEC051__iot-architecture-communication-technology-its-applications.pdf,BTech__Sem05__2024-25__BEC051__iot-architecture-communication-technology-its-applications.pdf,OK,2026-09-07 09:03:26
BTech,5,2022-23,KCS502,Compiler Design,https://ryzenstudy.com/papers/aktu-btech-sem-5-kcs502-compiler-design-2022-23,https://ryzenstudy.com/uploads/1774896622018-COMPILER_DESIGN_KCS502.pdf,BTech\Sem-05\2022-23\BTech__Sem05__2022-23__KCS502__kcs502-compiler-design.pdf,BTech__Sem05__2022-23__KCS502__kcs502-compiler-design.pdf,OK,2026-09-07 09:03:28
BTech,5,2022-23,KEC503,Digital Signal Processing,https://ryzenstudy.com/papers/aktu-btech-sem-5-kec503-digital-signal-processing-2022-23,https://ryzenstudy.com/uploads/1774896621223-DIGITAL_SIGNAL_PROCESSING_KEC503.pdf,BTech\Sem-05\2022-23\BTech__Sem05__2022-23__KEC503__kec503-digital-signal-processing.pdf,BTech__Sem05__2022-23__KEC503__kec503-digital-signal-processing.pdf,OK,2026-09-07 09:03:31
BTech,5,2023-24,KIT052,Compiler Design,https://ryzenstudy.com/papers/aktu-btech-sem-5-kit052-compiler-design-2023-24,https://ryzenstudy.com/uploads/1774896661612-KIT052_COMPILER_DESIGN.pdf,BTech\Sem-05\2023-24\BTech__Sem05__2023-24__KIT052__kit052-compiler-design.pdf,BTech__Sem05__2023-24__KIT052__kit052-compiler-design.pdf,OK,2026-09-07 09:03:34
BTech,5,2023-24,KME053,Quantity Estimation And Construction Management,https://ryzenstudy.com/papers/aktu-btech-sem-5-kme053-quantity-estimation-and-construction-management-2023-24,https://ryzenstudy.com/uploads/1774896662181-KME053_QUANTITY_ESTIMATION_AND_CONSTRUCTION_MANAGEMENT.pdf,BTech\Sem-05\2023-24\BTech__Sem05__2023-24__KME053__kme053-quantity-estimation-and-construction-management.pdf,BTech__Sem05__2023-24__KME053__kme053-quantity-estimation-and-construction-management.pdf,OK,2026-09-07 09:03:37
BTech,5,2024-25,BME502,Machine Design,https://ryzenstudy.com/papers/aktu-btech-sem-5-machine-design-2024-25,https://ryzenstudy.com/uploads/1774896836382-BME502_MACHINE_DESIGN.pdf,BTech\Sem-05\2024-25\BTech__Sem05__2024-25__BME502__machine-design.pdf,BTech__Sem05__2024-25__BME502__machine-design.pdf,OK,2026-09-07 09:03:40
BTech,5,2025-26,BME502,Machine Design,https://ryzenstudy.com/papers/aktu-btech-sem-5-machine-design-2025-26,https://ryzenstudy.com/uploads/1774896857530-BME502_MACHINE_DESIGN.pdf,BTech\Sem-05\2025-26\BTech__Sem05__2025-26__BME502__machine-design.pdf,BTech__Sem05__2025-26__BME502__machine-design.pdf,OK,2026-09-07 09:03:42
BTech,5,2021-22,KCS-055,Machine Learning Techniques,https://ryzenstudy.com/papers/aktu-btech-sem-5-machine-learning-techniques-2021-22,https://ryzenstudy.com/uploads/1774896532180-MACHINE_LEARNING_TECHNIQUES_KCS_055_1.pdf,BTech\Sem-05\2021-22\BTech__Sem05__2021-22__KCS-055__machine-learning-techniques.pdf,BTech__Sem05__2021-22__KCS-055__machine-learning-techniques.pdf,OK,2026-09-07 09:03:46
BTech,5,2022-23,KCS055,Machine Learning Techniques,https://ryzenstudy.com/papers/aktu-btech-sem-5-machine-learning-techniques-2022-23,https://ryzenstudy.com/uploads/1774896621357-MACHINE_LEARNING_TECHNIQUES_KCS055.pdf,BTech\Sem-05\2022-23\BTech__Sem05__2022-23__KCS055__machine-learning-techniques.pdf,BTech__Sem05__2022-23__KCS055__machine-learning-techniques.pdf,OK,2026-09-07 09:03:49
BTech,5,2023-24,KCS055,Machine Learning Techniques,https://ryzenstudy.com/papers/aktu-btech-sem-5-machine-learning-techniques-2023-24,https://ryzenstudy.com/uploads/1774896660195-KCS055_MACHINE_LEARNING_TECHNIQUES.pdf,BTech\Sem-05\2023-24\BTech__Sem05__2023-24__KCS055__machine-learning-techniques.pdf,BTech__Sem05__2023-24__KCS055__machine-learning-techniques.pdf,OK,2026-09-07 09:03:51
BTech,5,2024-25,BCS055,Machine Learning Techniques,https://ryzenstudy.com/papers/aktu-btech-sem-5-machine-learning-techniques-2024-25,https://ryzenstudy.com/uploads/1774896838233-BCS055_MACHINE_LEARNING_TECHNIQUES.pdf,BTech\Sem-05\2024-25\BTech__Sem05__2024-25__BCS055__machine-learning-techniques.pdf,BTech__Sem05__2024-25__BCS055__machine-learning-techniques.pdf,OK,2026-09-07 09:03:55
BTech,5,2025-26,BCS055,Machine Learning Techniques,https://ryzenstudy.com/papers/aktu-btech-sem-5-machine-learning-techniques-2025-26,https://ryzenstudy.com/uploads/1774896858350-BCS055_MACHINE_LEARNING_TECHNIQUES.pdf,BTech\Sem-05\2025-26\BTech__Sem05__2025-26__BCS055__machine-learning-techniques.pdf,BTech__Sem05__2025-26__BCS055__machine-learning-techniques.pdf,OK,2026-09-07 09:03:58
BTech,5,2023-24,KAI051,Mathematical Foundation Ai Ml And Data Science,https://ryzenstudy.com/papers/aktu-btech-sem-5-mathematical-foundation-ai-ml-and-data-science-2023-24,https://ryzenstudy.com/uploads/1774896657679-KAI051_MATHEMATICAL_FOUNDATION_AI_ML_AND_DATA_SCIENCE.pdf,BTech\Sem-05\2023-24\BTech__Sem05__2023-24__KAI051__mathematical-foundation-ai-ml-and-data-science.pdf,BTech__Sem05__2023-24__KAI051__mathematical-foundation-ai-ml-and-data-science.pdf,OK,2026-09-07 09:04:01
BTech,5,2024-25,BCAI051,Mathematical Foundation Ai Ml And Data Science,https://ryzenstudy.com/papers/aktu-btech-sem-5-mathematical-foundation-ai-ml-and-data-science-2024-25,https://ryzenstudy.com/uploads/1774896839962-BCAI051_MATHEMATICAL_FOUNDATION_AI_ML_AND_DATA_SCIENCE.pdf,BTech\Sem-05\2024-25\BTech__Sem05__2024-25__BCAI051__mathematical-foundation-ai-ml-and-data-science.pdf,BTech__Sem05__2024-25__BCAI051__mathematical-foundation-ai-ml-and-data-science.pdf,OK,2026-09-07 09:04:04
BTech,5,2025-26,BCAI051,Mathematical Foundation Ai Ml And Data Science,https://ryzenstudy.com/papers/aktu-btech-sem-5-mathematical-foundation-ai-ml-and-data-science-2025-26,https://ryzenstudy.com/uploads/1774896859359-BCAI051MATHEMATICAL_FOUNDATION_AI_ML_AND_DATA_SCIENCE.pdf,BTech\Sem-05\2025-26\BTech__Sem05__2025-26__BCAI051__mathematical-foundation-ai-ml-and-data-science.pdf,BTech__Sem05__2025-26__BCAI051__mathematical-foundation-ai-ml-and-data-science.pdf,OK,2026-09-07 09:04:07
BTech,5,2022-23,KME057,Mechanical Vibrations,https://ryzenstudy.com/papers/aktu-btech-sem-5-mechanical-vibrations-2022-23,https://ryzenstudy.com/uploads/1774896620802-MECHANICAL_VIBRATIONS_KME057.pdf,BTech\Sem-05\2022-23\BTech__Sem05__2022-23__KME057__mechanical-vibrations.pdf,BTech__Sem05__2022-23__KME057__mechanical-vibrations.pdf,OK,2026-09-07 09:04:10
BTech,5,2023-24,KME057,Mechanical Vibrations,https://ryzenstudy.com/papers/aktu-btech-sem-5-mechanical-vibrations-2023-24,https://ryzenstudy.com/uploads/1774896661813-KME057_MECHANICAL_VIBRATIONS.pdf,BTech\Sem-05\2023-24\BTech__Sem05__2023-24__KME057__mechanical-vibrations.pdf,BTech__Sem05__2023-24__KME057__mechanical-vibrations.pdf,OK,2026-09-07 09:04:14
BTech,5,2024-25,BME056,Mechanical Vibrations,https://ryzenstudy.com/papers/aktu-btech-sem-5-mechanical-vibrations-2024-25,https://ryzenstudy.com/uploads/1774896840321-BME056_MECHANICAL_VIBRATIONS.pdf,BTech\Sem-05\2024-25\BTech__Sem05__2024-25__BME056__mechanical-vibrations.pdf,BTech__Sem05__2024-25__BME056__mechanical-vibrations.pdf,OK,2026-09-07 09:04:17
BTech,5,2022-23,KME052,Mechatronics Systems,https://ryzenstudy.com/papers/aktu-btech-sem-5-mechatronics-systems-2022-23,https://ryzenstudy.com/uploads/1774896621820-MECHATRONICS_SYSTEMS_KME052.pdf,BTech\Sem-05\2022-23\BTech__Sem05__2022-23__KME052__mechatronics-systems.pdf,BTech__Sem05__2022-23__KME052__mechatronics-systems.pdf,OK,2026-09-07 09:04:20
BTech,5,2023-24,KME052,Mechatronics Systems,https://ryzenstudy.com/papers/aktu-btech-sem-5-mechatronics-systems-2023-24,https://ryzenstudy.com/uploads/1774896657979-KME052_MECHATRONICS_SYSTEMS.pdf,BTech\Sem-05\2023-24\BTech__Sem05__2023-24__KME052__mechatronics-systems.pdf,BTech__Sem05__2023-24__KME052__mechatronics-systems.pdf,OK,2026-09-07 09:04:23
BTech,5,2024-25,BME054,Mechatronics Systems,https://ryzenstudy.com/papers/aktu-btech-sem-5-mechatronics-systems-2024-25,https://ryzenstudy.com/uploads/1774896841920-BME054_MECHATRONICS_SYSTEMS.pdf,BTech\Sem-05\2024-25\BTech__Sem05__2024-25__BME054__mechatronics-systems.pdf,BTech__Sem05__2024-25__BME054__mechatronics-systems.pdf,OK,2026-09-07 09:04:26
BTech,5,2025-26,BME054,Mechatronics Systems,https://ryzenstudy.com/papers/aktu-btech-sem-5-mechatronics-systems-2025-26,https://ryzenstudy.com/uploads/1774896859766-BME054_MECHATRONICS_SYSTEMS.pdf,BTech\Sem-05\2025-26\BTech__Sem05__2025-26__BME054__mechatronics-systems.pdf,BTech__Sem05__2025-26__BME054__mechatronics-systems.pdf,OK,2026-09-07 09:04:29
BTech,5,2022-23,KEC502,Microprocessor Microcontroller,https://ryzenstudy.com/papers/aktu-btech-sem-5-microprocessor-microcontroller-2022-23,https://ryzenstudy.com/uploads/1774896620671-MICROPROCESSOR_MICROCONTROLLER_KEC502.pdf,BTech\Sem-05\2022-23\BTech__Sem05__2022-23__KEC502__microprocessor-microcontroller.pdf,BTech__Sem05__2022-23__KEC502__microprocessor-microcontroller.pdf,OK,2026-09-07 09:04:31
BTech,5,2023-24,KEC502,Microprocessor Microcontroller,https://ryzenstudy.com/papers/aktu-btech-sem-5-microprocessor-microcontroller-2023-24,https://ryzenstudy.com/uploads/1774896660477-KEC502_MICROPROCESSOR_MICROCONTROLLER.pdf,BTech\Sem-05\2023-24\BTech__Sem05__2023-24__KEC502__microprocessor-microcontroller.pdf,BTech__Sem05__2023-24__KEC502__microprocessor-microcontroller.pdf,OK,2026-09-07 09:04:34
BTech,5,2024-25,BEC502,Microprocessor Microcontroller,https://ryzenstudy.com/papers/aktu-btech-sem-5-microprocessor-microcontroller-2024-25,https://ryzenstudy.com/uploads/1774896841527-BEC502_MICROPROCESSOR_MICROCONTROLLER.pdf,BTech\Sem-05\2024-25\BTech__Sem05__2024-25__BEC502__microprocessor-microcontroller.pdf,BTech__Sem05__2024-25__BEC502__microprocessor-microcontroller.pdf,OK,2026-09-07 09:04:37
BTech,5,2025-26,BEC502,Microprocessor Microcontroller,https://ryzenstudy.com/papers/aktu-btech-sem-5-microprocessor-microcontroller-2025-26,https://ryzenstudy.com/uploads/1774896859574-BEC502_MICROPROCESSOR_MICROCONTROLLER.pdf,BTech\Sem-05\2025-26\BTech__Sem05__2025-26__BEC502__microprocessor-microcontroller.pdf,BTech__Sem05__2025-26__BEC502__microprocessor-microcontroller.pdf,OK,2026-09-07 09:04:40
BTech,5,2021-22,KEC-502,Microprocessors And Microcontrollers,https://ryzenstudy.com/papers/aktu-btech-sem-5-microprocessors-and-microcontrollers-2021-22,https://ryzenstudy.com/uploads/1774896531626-MICROPROCESSORS_AND_MICROCONTROLLERS_KEC_502.pdf,BTech\Sem-05\2021-22\BTech__Sem05__2021-22__KEC-502__microprocessors-and-microcontrollers.pdf,BTech__Sem05__2021-22__KEC-502__microprocessors-and-microcontrollers.pdf,OK,2026-09-07 09:04:43
BTech,5,2022-23,KCE052,Modern Construction Materials,https://ryzenstudy.com/papers/aktu-btech-sem-5-modern-construction-materials-2022-23,https://ryzenstudy.com/uploads/1774896618383-MODERN_CONSTRUCTION_MATERIALS_KCE052.pdf,BTech\Sem-05\2022-23\BTech__Sem05__2022-23__KCE052__modern-construction-materials.pdf,BTech__Sem05__2022-23__KCE052__modern-construction-materials.pdf,OK,2026-09-07 09:04:46
BTech,5,2023-24,KCE052,Modern Construction Materials,https://ryzenstudy.com/papers/aktu-btech-sem-5-modern-construction-materials-2023-24,https://ryzenstudy.com/uploads/1774896659772-KCE052_MODERN_CONSTRUCTION_MATERIALS.pdf,BTech\Sem-05\2023-24\BTech__Sem05__2023-24__KCE052__modern-construction-materials.pdf,BTech__Sem05__2023-24__KCE052__modern-construction-materials.pdf,OK,2026-09-07 09:04:48
BTech,5,2024-25,BCE052,Modern Construction Materials,https://ryzenstudy.com/papers/aktu-btech-sem-5-modern-construction-materials-2024-25,https://ryzenstudy.com/uploads/1774896838491-BCE052_MODERN_CONSTRUCTION_MATERIALS.pdf,BTech\Sem-05\2024-25\BTech__Sem05__2024-25__BCE052__modern-construction-materials.pdf,BTech__Sem05__2024-25__BCE052__modern-construction-materials.pdf,OK,2026-09-07 09:04:51
BTech,5,2022-23,KAI052,Natural Language Processing,https://ryzenstudy.com/papers/aktu-btech-sem-5-natural-language-processing-2022-23,https://ryzenstudy.com/uploads/1774896621689-NATURAL_LANGUAGE_PROCESSING_KAI052.pdf,BTech\Sem-05\2022-23\BTech__Sem05__2022-23__KAI052__natural-language-processing.pdf,BTech__Sem05__2022-23__KAI052__natural-language-processing.pdf,OK,2026-09-07 09:04:54
BTech,5,2023-24,KAI052,Natural Language Processing,https://ryzenstudy.com/papers/aktu-btech-sem-5-natural-language-processing-2023-24,https://ryzenstudy.com/uploads/1774896659588-KAI052_NATURAL_LANGUAGE_PROCESSING.pdf,BTech\Sem-05\2023-24\BTech__Sem05__2023-24__KAI052__natural-language-processing.pdf,BTech__Sem05__2023-24__KAI052__natural-language-processing.pdf,OK,2026-09-07 09:04:57
BTech,5,2024-25,BCAI052,Natural Language Processing,https://ryzenstudy.com/papers/aktu-btech-sem-5-natural-language-processing-2024-25,https://ryzenstudy.com/uploads/1774896840398-BCAI052_NATURAL_LANGUAGE_PROCESSING.pdf,BTech\Sem-05\2024-25\BTech__Sem05__2024-25__BCAI052__natural-language-processing.pdf,BTech__Sem05__2024-25__BCAI052__natural-language-processing.pdf,OK,2026-09-07 09:05:00
BTech,5,2022-23,KEE056,Neural Networks Fuzzy System,https://ryzenstudy.com/papers/aktu-btech-sem-5-neural-networks-fuzzy-system-2022-23,https://ryzenstudy.com/uploads/1774896619723-NEURAL_NETWORKS_FUZZY_SYSTEM_KEE056.pdf,BTech\Sem-05\2022-23\BTech__Sem05__2022-23__KEE056__neural-networks-fuzzy-system.pdf,BTech__Sem05__2022-23__KEE056__neural-networks-fuzzy-system.pdf,OK,2026-09-07 09:05:03
BTech,5,2024-25,BEE056,Neural Networks Fuzzy System,https://ryzenstudy.com/papers/aktu-btech-sem-5-neural-networks-fuzzy-system-2024-25,https://ryzenstudy.com/uploads/1774896839867-BEE056_NEURAL_NETWORKS_FUZZY_SYSTEM.pdf,BTech\Sem-05\2024-25\BTech__Sem05__2024-25__BEE056__neural-networks-fuzzy-system.pdf,BTech__Sem05__2024-25__BEE056__neural-networks-fuzzy-system.pdf,OK,2026-09-07 09:05:06
BTech,5,2021-22,KCS-054,Object Oriented System Design,https://ryzenstudy.com/papers/aktu-btech-sem-5-object-oriented-system-design-2021-22,https://ryzenstudy.com/uploads/1774896531960-OBJECT_ORIENTED_SYSTEM_DESIGN_KCS_054_1.pdf,BTech\Sem-05\2021-22\BTech__Sem05__2021-22__KCS-054__object-oriented-system-design.pdf,BTech__Sem05__2021-22__KCS-054__object-oriented-system-design.pdf,OK,2026-09-07 09:05:09
BTech,5,2022-23,KCS054,Object Oriented System Design With C++,https://ryzenstudy.com/papers/aktu-btech-sem-5-object-oriented-system-design-with-c-2022-23,https://ryzenstudy.com/uploads/1774896618451-OBJECT_ORIENTED_SYSTEM_DESIGN_KCS054.pdf,BTech\Sem-05\2022-23\BTech__Sem05__2022-23__KCS054__object-oriented-system-design-with-c.pdf,BTech__Sem05__2022-23__KCS054__object-oriented-system-design-with-c.pdf,OK,2026-09-07 09:05:12
BTech,5,2023-24,KCS054,Object Oriented System Design With C++,https://ryzenstudy.com/papers/aktu-btech-sem-5-object-oriented-system-design-with-c-2023-24,https://ryzenstudy.com/uploads/1774896660912-KCS054_OBJECT_ORIENTED_SYSTEM_DESIGN.pdf,BTech\Sem-05\2023-24\BTech__Sem05__2023-24__KCS054__object-oriented-system-design-with-c.pdf,BTech__Sem05__2023-24__KCS054__object-oriented-system-design-with-c.pdf,OK,2026-09-07 09:05:15
BTech,5,2024-25,BCS054,Object Oriented System Design With C++,https://ryzenstudy.com/papers/aktu-btech-sem-5-object-oriented-system-design-with-c-2024-25,https://ryzenstudy.com/uploads/1774896838654-BCS054_OBJECT_ORIENTED_SYSTEM_DESIGN_WITH_C.pdf,BTech\Sem-05\2024-25\BTech__Sem05__2024-25__BCS054__object-oriented-system-design-with-c.pdf,BTech__Sem05__2024-25__BCS054__object-oriented-system-design-with-c.pdf,OK,2026-09-07 09:05:18
BTech,5,2025-26,BCS054,Object Oriented System Design With C++,https://ryzenstudy.com/papers/aktu-btech-sem-5-object-oriented-system-design-with-c-2025-26,https://ryzenstudy.com/uploads/1774896858467-BCS054_OBJECT_ORIENTED_SYSTEM_DESIGN_WITH_C.pdf,BTech\Sem-05\2025-26\BTech__Sem05__2025-26__BCS054__object-oriented-system-design-with-c.pdf,BTech__Sem05__2025-26__BCS054__object-oriented-system-design-with-c.pdf,OK,2026-09-07 09:05:21
BTech,5,2022-23,KCE053,Open Channel Flow,https://ryzenstudy.com/papers/aktu-btech-sem-5-open-channel-flow-2022-23,https://ryzenstudy.com/uploads/1774896622085-OPEN_CHANNEL_FLOW_KCE053.pdf,BTech\Sem-05\2022-23\BTech__Sem05__2022-23__KCE053__open-channel-flow.pdf,BTech__Sem05__2022-23__KCE053__open-channel-flow.pdf,OK,2026-09-07 09:05:23
BTech,5,2023-24,KCE053,Open Channel Flow,https://ryzenstudy.com/papers/aktu-btech-sem-5-open-channel-flow-2023-24,https://ryzenstudy.com/uploads/1774896660773-KCE053_OPEN_CHANNEL_FLOW.pdf,BTech\Sem-05\2023-24\BTech__Sem05__2023-24__KCE053__open-channel-flow.pdf,BTech__Sem05__2023-24__KCE053__open-channel-flow.pdf,OK,2026-09-07 09:05:27
BTech,5,2021-22,KEC-058,Optical Communication,https://ryzenstudy.com/papers/aktu-btech-sem-5-optical-communication-2021-22,https://ryzenstudy.com/uploads/1774896530312-OPTICAL_COMMUNICATION_KEC_058_1.pdf,BTech\Sem-05\2021-22\BTech__Sem05__2021-22__KEC-058__optical-communication.pdf,BTech__Sem05__2021-22__KEC-058__optical-communication.pdf,OK,2026-09-07 09:05:29
BTech,5,2022-23,KEC058,Optical Communication,https://ryzenstudy.com/papers/aktu-btech-sem-5-optical-communication-2022-23,https://ryzenstudy.com/uploads/1774896620871-OPTICAL_COMMUNICATION_KEC058.pdf,BTech\Sem-05\2022-23\BTech__Sem05__2022-23__KEC058__optical-communication.pdf,BTech__Sem05__2022-23__KEC058__optical-communication.pdf,OK,2026-09-07 09:05:33
BTech,5,2023-24,KEC058,Optical Communication,https://ryzenstudy.com/papers/aktu-btech-sem-5-optical-communication-2023-24,https://ryzenstudy.com/uploads/1774896657030-KEC058_OPTICAL_COMMUNICATION.pdf,BTech\Sem-05\2023-24\BTech__Sem05__2023-24__KEC058__optical-communication.pdf,BTech__Sem05__2023-24__KEC058__optical-communication.pdf,OK,2026-09-07 09:05:35
BTech,5,2024-25,BEC057,Optical Communication,https://ryzenstudy.com/papers/aktu-btech-sem-5-optical-communication-2024-25,https://ryzenstudy.com/uploads/1774896840707-BEC057_OPTICAL_COMMUNICATION.pdf,BTech\Sem-05\2024-25\BTech__Sem05__2024-25__BEC057__optical-communication.pdf,BTech__Sem05__2024-25__BEC057__optical-communication.pdf,OK,2026-09-07 09:05:38
BTech,5,2025-26,BEC057,Optical Communication,https://ryzenstudy.com/papers/aktu-btech-sem-5-optical-communication-2025-26,https://ryzenstudy.com/uploads/1774896859205-BEC057_OPTICAL_COMMUNICATION.pdf,BTech\Sem-05\2025-26\BTech__Sem05__2025-26__BEC057__optical-communication.pdf,BTech__Sem05__2025-26__BEC057__optical-communication.pdf,OK,2026-09-07 09:05:41
BTech,5,2022-23,KEE055,Optimization Technique,https://ryzenstudy.com/papers/aktu-btech-sem-5-optimization-technique-2022-23,https://ryzenstudy.com/uploads/1774896619304-OPTIMIZATION_TECHNIQUE_KEE055.pdf,BTech\Sem-05\2022-23\BTech__Sem05__2022-23__KEE055__optimization-technique.pdf,BTech__Sem05__2022-23__KEE055__optimization-technique.pdf,OK,2026-09-07 09:05:43
BTech,5,2021-22,KEE501,Power System I,https://ryzenstudy.com/papers/aktu-btech-sem-5-power-system-i-2021-22,https://ryzenstudy.com/uploads/KEE501_2021-22.pdf,BTech\Sem-05\2021-22\BTech__Sem05__2021-22__KEE501__power-system-i.pdf,BTech__Sem05__2021-22__KEE501__power-system-i.pdf,OK,2026-09-07 09:05:46
BTech,5,2022-23,KEE501,Power System I,https://ryzenstudy.com/papers/aktu-btech-sem-5-power-system-i-2022-23,https://ryzenstudy.com/uploads/1774896619050-POWER_SYSTEM_I_KEE501.pdf,BTech\Sem-05\2022-23\BTech__Sem05__2022-23__KEE501__power-system-i.pdf,BTech__Sem05__2022-23__KEE501__power-system-i.pdf,OK,2026-09-07 09:05:49
BTech,5,2023-24,KEE501,Power System I,https://ryzenstudy.com/papers/aktu-btech-sem-5-power-system-i-2023-24,https://ryzenstudy.com/uploads/1774896660621-KEE501_POWER_SYSTEM_I.pdf,BTech\Sem-05\2023-24\BTech__Sem05__2023-24__KEE501__power-system-i.pdf,BTech__Sem05__2023-24__KEE501__power-system-i.pdf,OK,2026-09-07 09:05:53
BTech,5,2024-25,BEE501,Power System I,https://ryzenstudy.com/papers/aktu-btech-sem-5-power-system-i-2024-25,https://ryzenstudy.com/uploads/1774896839071-BEE501_POWER_SYSTEM_I.pdf,BTech\Sem-05\2024-25\BTech__Sem05__2024-25__BEE501__power-system-i.pdf,BTech__Sem05__2024-25__BEE501__power-system-i.pdf,OK,2026-09-07 09:05:57
BTech,5,2022-23,KOT054,Privacy And Security In Iot,https://ryzenstudy.com/papers/aktu-btech-sem-5-privacy-and-security-in-iot-2022-23,https://ryzenstudy.com/uploads/1774896622358-PRIVACY_AND_SECURITY_IN_IOT_KOT054.pdf,BTech\Sem-05\2022-23\BTech__Sem05__2022-23__KOT054__privacy-and-security-in-iot.pdf,BTech__Sem05__2022-23__KOT054__privacy-and-security-in-iot.pdf,OK,2026-09-07 09:06:01
BTech,5,2023-24,KOT054,Privacy And Security In Iot,https://ryzenstudy.com/papers/aktu-btech-sem-5-privacy-and-security-in-iot-2023-24,https://ryzenstudy.com/uploads/1774896660983-KOT054_PRIVACY_AND_SECURITY_IN_IOT.pdf,BTech\Sem-05\2023-24\BTech__Sem05__2023-24__KOT054__privacy-and-security-in-iot.pdf,BTech__Sem05__2023-24__KOT054__privacy-and-security-in-iot.pdf,OK,2026-09-07 09:06:04
BTech,5,2024-25,BCIT056,Privacy And Security In Iot,https://ryzenstudy.com/papers/aktu-btech-sem-5-privacy-and-security-in-iot-2024-25,https://ryzenstudy.com/uploads/1774896841443-BCIT056_PRIVACY_AND_SECURITY_IN_IOT.pdf,BTech\Sem-05\2024-25\BTech__Sem05__2024-25__BCIT056__privacy-and-security-in-iot.pdf,BTech__Sem05__2024-25__BCIT056__privacy-and-security-in-iot.pdf,OK,2026-09-07 09:06:08
BTech,5,2023-24,KOT052,Programming And Interfacing With Microcontrollers,https://ryzenstudy.com/papers/aktu-btech-sem-5-programming-and-interfacing-with-microcontrollers-2023-24,https://ryzenstudy.com/uploads/1774896661537-KOT052_PROGRAMMING_AND_INTERFACING_WITH_MICROCONTROLLERS.pdf,BTech\Sem-05\2023-24\BTech__Sem05__2023-24__KOT052__programming-and-interfacing-with-microcontrollers.pdf,BTech__Sem05__2023-24__KOT052__programming-and-interfacing-with-microcontrollers.pdf,OK,2026-09-07 09:06:11
BTech,5,2024-25,BCIT055,Programming And Interfacing With Microcontrollers,https://ryzenstudy.com/papers/aktu-btech-sem-5-programming-and-interfacing-with-microcontrollers-2024-25,https://ryzenstudy.com/uploads/1774896839141-BCIT055_PROGRAMMING_AND_INTERFACING_WITH_MICROCONTROLLERS.pdf,BTech\Sem-05\2024-25\BTech__Sem05__2024-25__BCIT055__programming-and-interfacing-with-microcontrollers.pdf,BTech__Sem05__2024-25__BCIT055__programming-and-interfacing-with-microcontrollers.pdf,OK,2026-09-07 09:06:13
BTech,5,2022-23,KME056,Programming Data Structures And Algorithms Using Python,https://ryzenstudy.com/papers/aktu-btech-sem-5-programming-data-structures-and-algorithms-using-python-2022-23,https://ryzenstudy.com/uploads/1774896619436-PROGRAMMING_DATA_STRUCTURES_AND_ALGORITHMS_USING_PYTHON_KME056.pdf,BTech\Sem-05\2022-23\BTech__Sem05__2022-23__KME056__programming-data-structures-and-algorithms-using-python.pdf,BTech__Sem05__2022-23__KME056__programming-data-structures-and-algorithms-using-python.pdf,OK,2026-09-07 09:06:16
BTech,5,2023-24,KME056,Programming Data Structures And Algorithms Using Python,https://ryzenstudy.com/papers/aktu-btech-sem-5-programming-data-structures-and-algorithms-using-python-2023-24,https://ryzenstudy.com/uploads/1774896659978-KME056_PROGRAMMING_DATA_STRUCTURES_AND_ALGORITHMS_USING_PYTHON.pdf,BTech\Sem-05\2023-24\BTech__Sem05__2023-24__KME056__programming-data-structures-and-algorithms-using-python.pdf,BTech__Sem05__2023-24__KME056__programming-data-structures-and-algorithms-using-python.pdf,OK,2026-09-07 09:06:20
BTech,5,2022-23,KOT052,Programming Interfacing With Microcontrollers,https://ryzenstudy.com/papers/aktu-btech-sem-5-programming-interfacing-with-microcontrollers-2022-23,https://ryzenstudy.com/uploads/1774896621153-PROGRAMMING_INTERFACING_WITH_MICROCONTROLLERS_KOT052.pdf,BTech\Sem-05\2022-23\BTech__Sem05__2022-23__KOT052__programming-interfacing-with-microcontrollers.pdf,BTech__Sem05__2022-23__KOT052__programming-interfacing-with-microcontrollers.pdf,OK,2026-09-07 09:06:23
BTech,5,2022-23,KCE503,Quantity Estimation And Construction Management,https://ryzenstudy.com/papers/aktu-btech-sem-5-quantity-estimation-and-construction-management-2022-23,https://ryzenstudy.com/uploads/1774896619508-QUANTITY_ESTIMATION_AND_CONSTRUCTION_MANAGEMENT_KCE503.pdf,BTech\Sem-05\2022-23\BTech__Sem05__2022-23__KCE503__quantity-estimation-and-construction-management.pdf,BTech__Sem05__2022-23__KCE503__quantity-estimation-and-construction-management.pdf,OK,2026-09-07 09:06:25
BTech,5,2023-24,KCE503,Quantity Estimation And Construction Management,https://ryzenstudy.com/papers/aktu-btech-sem-5-quantity-estimation-and-construction-management-2023-24,https://ryzenstudy.com/uploads/1774896661687-KCE503_QUANTITY_ESTIMATION_AND_CONSTRUCTION_MANAGEMENT.pdf,BTech\Sem-05\2023-24\BTech__Sem05__2023-24__KCE503__quantity-estimation-and-construction-management.pdf,BTech__Sem05__2023-24__KCE503__quantity-estimation-and-construction-management.pdf,OK,2026-09-07 09:06:28
BTech,5,2024-25,BCE503,Quantity Estimation And Construction Management,https://ryzenstudy.com/papers/aktu-btech-sem-5-quantity-estimation-and-construction-management-2024-25,https://ryzenstudy.com/uploads/1774896838421-BCE503_QUANTITY_ESTIMATION_AND_CONSTRUCTION_MANAGEMENT.pdf,BTech\Sem-05\2024-25\BTech__Sem05__2024-25__BCE503__quantity-estimation-and-construction-management.pdf,BTech__Sem05__2024-25__BCE503__quantity-estimation-and-construction-management.pdf,OK,2026-09-07 09:06:32
BTech,5,2023-24,KEE051,Robotics,https://ryzenstudy.com/papers/aktu-btech-sem-5-robotics-2023-24,https://ryzenstudy.com/uploads/1774896660407-KEE051_ROBOTICS.pdf,BTech\Sem-05\2023-24\BTech__Sem05__2023-24__KEE051__robotics.pdf,BTech__Sem05__2023-24__KEE051__robotics.pdf,OK,2026-09-07 09:06:34
BTech,5,2024-25,BEE051,Robotics,https://ryzenstudy.com/papers/aktu-btech-sem-5-robotics-2024-25,https://ryzenstudy.com/uploads/1774896838871-BEE051_ROBOTICS.pdf,BTech\Sem-05\2024-25\BTech__Sem05__2024-25__BEE051__robotics.pdf,BTech__Sem05__2024-25__BEE051__robotics.pdf,OK,2026-09-07 09:06:37
BTech,5,2023-24,KCE056,Sensor And Instrumentation Technologies For Civil Engineering,https://ryzenstudy.com/papers/aktu-btech-sem-5-sensor-and-instrumentation-technologies-for-civil-engineering-2023-24,https://ryzenstudy.com/uploads/1774896661122-KCE056_SENSOR_AND_INSTRUMENTATION_TECHNOLOGIES_FOR_CIVIL_ENGINEERING.pdf,BTech\Sem-05\2023-24\BTech__Sem05__2023-24__KCE056__sensor-and-instrumentation-technologies-for-civil-engineering.pdf,BTech__Sem05__2023-24__KCE056__sensor-and-instrumentation-technologies-for-civil-engineering.pdf,OK,2026-09-07 09:06:40
BTech,5,2022-23,KCE056,Sensor And Instrumentation Technologies For Civil Engineering Applicatiom,https://ryzenstudy.com/papers/aktu-btech-sem-5-sensor-and-instrumentation-technologies-for-civil-engineering-applicatiom-2022-23,https://ryzenstudy.com/uploads/1774896620065-SENSOR_AND_INSTRUMENTATION_TECHNOLOGIES_FOR_CIVIL_ENGINEERING_APPLICATIOM_KCE056.pdf,BTech\Sem-05\2022-23\BTech__Sem05__2022-23__KCE056__sensor-and-instrumentation-technologies-for-civil-engineering-applicatiom.pdf,BTech__Sem05__2022-23__KCE056__sensor-and-instrumentation-technologies-for-civil-engineering-applicatiom.pdf,OK,2026-09-07 09:06:43
BTech,5,2022-23,KOT051,Sensors Actuators And Signal Processing,https://ryzenstudy.com/papers/aktu-btech-sem-5-sensors-actuators-and-signal-processing-2022-23,https://ryzenstudy.com/uploads/1774896619367-SENSORS_ACTUATORS_AND_SIGNAL_PROCESSING_KOT051.pdf,BTech\Sem-05\2022-23\BTech__Sem05__2022-23__KOT051__sensors-actuators-and-signal-processing.pdf,BTech__Sem05__2022-23__KOT051__sensors-actuators-and-signal-processing.pdf,OK,2026-09-07 09:06:46
BTech,5,2023-24,KEE052,Sensors And Transducers,https://ryzenstudy.com/papers/aktu-btech-sem-5-sensors-and-transducers-2023-24,https://ryzenstudy.com/uploads/1774896658911-KEE052_SENSORS_AND_TRANSDUCERS.pdf,BTech\Sem-05\2023-24\BTech__Sem05__2023-24__KEE052__sensors-and-transducers.pdf,BTech__Sem05__2023-24__KEE052__sensors-and-transducers.pdf,OK,2026-09-07 09:06:49
BTech,5,2024-25,BEE052,Sensors And Transducers,https://ryzenstudy.com/papers/aktu-btech-sem-5-sensors-and-transducers-2024-25,https://ryzenstudy.com/uploads/1774896840996-BEE052_SENSORS_AND_TRANSDUCERS.pdf,BTech\Sem-05\2024-25\BTech__Sem05__2024-25__BEE052__sensors-and-transducers.pdf,BTech__Sem05__2024-25__BEE052__sensors-and-transducers.pdf,OK,2026-09-07 09:06:51
BTech,5,2021-22,KEE052,Sensors And Transducers (DE I),https://ryzenstudy.com/papers/aktu-btech-sem-5-sensors-and-transducers-de-i-2021-22,https://ryzenstudy.com/uploads/KEE052_2021-22.pdf,BTech\Sem-05\2021-22\BTech__Sem05__2021-22__KEE052__sensors-and-transducers-de-i.pdf,BTech__Sem05__2021-22__KEE052__sensors-and-transducers-de-i.pdf,OK,2026-09-07 09:06:54
BTech,5,2020-21,KIT051,Statistical Computing,https://ryzenstudy.com/papers/aktu-btech-sem-5-statistical-computing-2020-21,https://ryzenstudy.com/uploads/kit051-statistical-computing-2020-21.pdf,BTech\Sem-05\2020-21\BTech__Sem05__2020-21__KIT051__statistical-computing.pdf,BTech__Sem05__2020-21__KIT051__statistical-computing.pdf,OK,2026-09-07 09:06:56
BTech,5,2023-24,KIT051,Statistical Computing,https://ryzenstudy.com/papers/aktu-btech-sem-5-statistical-computing-2023-24,https://ryzenstudy.com/uploads/1774896658681-KIT051_STATISTICAL_COMPUTING.pdf,BTech\Sem-05\2023-24\BTech__Sem05__2023-24__KIT051__statistical-computing.pdf,BTech__Sem05__2023-24__KIT051__statistical-computing.pdf,OK,2026-09-07 09:06:59
BTech,5,2023-24,KDS053,Stream Processing And Analytics,https://ryzenstudy.com/papers/aktu-btech-sem-5-stream-processing-and-analytics-2023-24,https://ryzenstudy.com/uploads/1774896658090-KDS053_STREAM_PROCESSING_AND_ANALYTICS.pdf,BTech\Sem-05\2023-24\BTech__Sem05__2023-24__KDS053__stream-processing-and-analytics.pdf,BTech__Sem05__2023-24__KDS053__stream-processing-and-analytics.pdf,OK,2026-09-07 09:07:02
BTech,5,2023-24,KME502,Strength Of Material,https://ryzenstudy.com/papers/aktu-btech-sem-5-strength-of-material-2023-24,https://ryzenstudy.com/uploads/1774896660337-KME502_STRENGTH_OF_MATERIAL.pdf,BTech\Sem-05\2023-24\BTech__Sem05__2023-24__KME502__strength-of-material.pdf,BTech__Sem05__2023-24__KME502__strength-of-material.pdf,OK,2026-09-07 09:07:05
BTech,5,2021-22,KME-502,Strength Of Materials,https://ryzenstudy.com/papers/aktu-btech-sem-5-strength-of-materials-2021-22,https://ryzenstudy.com/uploads/1774896531439-STRENGTH_OF_MATERIALS_KME_502.pdf,BTech\Sem-05\2021-22\BTech__Sem05__2021-22__KME-502__strength-of-materials.pdf,BTech__Sem05__2021-22__KME-502__strength-of-materials.pdf,OK,2026-09-07 09:07:08
BTech,5,2022-23,KME502,Strength Of Materials,https://ryzenstudy.com/papers/aktu-btech-sem-5-strength-of-materials-2022-23,https://ryzenstudy.com/uploads/1774896622427-STRENGTH_OF_MATERIALS_KME502.pdf,BTech\Sem-05\2022-23\BTech__Sem05__2022-23__KME502__strength-of-materials.pdf,BTech__Sem05__2022-23__KME502__strength-of-materials.pdf,OK,2026-09-07 09:07:11
BTech,5,2022-23,KCE502,Structural Analysis,https://ryzenstudy.com/papers/aktu-btech-sem-5-structural-analysis-2022-23,https://ryzenstudy.com/uploads/1774896622229-STRUCTURAL_ANALYSIS_KCE502.pdf,BTech\Sem-05\2022-23\BTech__Sem05__2022-23__KCE502__structural-analysis.pdf,BTech__Sem05__2022-23__KCE502__structural-analysis.pdf,OK,2026-09-07 09:07:15
BTech,5,2023-24,KCE502,Structural Analysis,https://ryzenstudy.com/papers/aktu-btech-sem-5-structural-analysis-2023-24,https://ryzenstudy.com/uploads/1774896660698-KCE502_STRUCTURAL_ANALYSIS.pdf,BTech\Sem-05\2023-24\BTech__Sem05__2023-24__KCE502__structural-analysis.pdf,BTech__Sem05__2023-24__KCE502__structural-analysis.pdf,OK,2026-09-07 09:07:17
BTech,5,2024-25,BCE502,Structural Analysis,https://ryzenstudy.com/papers/aktu-btech-sem-5-structural-analysis-2024-25,https://ryzenstudy.com/uploads/1774896838346-BCE502_STRUCTURAL_ANALYSIS.pdf,BTech\Sem-05\2024-25\BTech__Sem05__2024-25__BCE502__structural-analysis.pdf,BTech__Sem05__2024-25__BCE502__structural-analysis.pdf,OK,2026-09-07 09:07:20
BTech,5,2024-25,BME055,Turbo Machines,https://ryzenstudy.com/papers/aktu-btech-sem-5-turbo-machines-2024-25,https://ryzenstudy.com/uploads/1774896836622-BME055_TURBO_MACHINES.pdf,BTech\Sem-05\2024-25\BTech__Sem05__2024-25__BME055__turbo-machines.pdf,BTech__Sem05__2024-25__BME055__turbo-machines.pdf,OK,2026-09-07 09:07:23
BTech,5,2021-22,KEC-053,Vlsi Technology,https://ryzenstudy.com/papers/aktu-btech-sem-5-vlsi-technology-2021-22,https://ryzenstudy.com/uploads/1774896530570-VLSI_TECHNOLOGY_KEC_053_1.pdf,BTech\Sem-05\2021-22\BTech__Sem05__2021-22__KEC-053__vlsi-technology.pdf,BTech__Sem05__2021-22__KEC-053__vlsi-technology.pdf,OK,2026-09-07 09:07:26
BTech,5,2022-23,KEC053,Vlsi Technology,https://ryzenstudy.com/papers/aktu-btech-sem-5-vlsi-technology-2022-23,https://ryzenstudy.com/uploads/1774896618838-VLSI_TECHNOLOGY_KEC053.pdf,BTech\Sem-05\2022-23\BTech__Sem05__2022-23__KEC053__vlsi-technology.pdf,BTech__Sem05__2022-23__KEC053__vlsi-technology.pdf,OK,2026-09-07 09:07:29
BTech,5,2023-24,KEC053,Vlsi Technology,https://ryzenstudy.com/papers/aktu-btech-sem-5-vlsi-technology-2023-24,https://ryzenstudy.com/uploads/1774896659911-KEC053_VLSI_TECHNOLOGY.pdf,BTech\Sem-05\2023-24\BTech__Sem05__2023-24__KEC053__vlsi-technology.pdf,BTech__Sem05__2023-24__KEC053__vlsi-technology.pdf,OK,2026-09-07 09:07:31
BTech,5,2024-25,BEC054,Vlsi Technology,https://ryzenstudy.com/papers/aktu-btech-sem-5-vlsi-technology-2024-25,https://ryzenstudy.com/uploads/1774896840472-BEC054_VLSI_TECHNOLOGY.pdf,BTech\Sem-05\2024-25\BTech__Sem05__2024-25__BEC054__vlsi-technology.pdf,BTech__Sem05__2024-25__BEC054__vlsi-technology.pdf,OK,2026-09-07 09:07:34
BTech,5,2025-26,BEC054,Vlsi Technology,https://ryzenstudy.com/papers/aktu-btech-sem-5-vlsi-technology-2025-26,https://ryzenstudy.com/uploads/1774896859048-BEC054_VLSI_TECHNOLOGY.pdf,BTech\Sem-05\2025-26\BTech__Sem05__2025-26__BEC054__vlsi-technology.pdf,BTech__Sem05__2025-26__BEC054__vlsi-technology.pdf,OK,2026-09-07 09:07:37
BTech,5,2023-24,KOT053,Wearable Computing Mixed Reality And Internet Of Everything,https://ryzenstudy.com/papers/aktu-btech-sem-5-wearable-computing-mixed-reality-and-internet-of-everything-2023-24,https://ryzenstudy.com/uploads/1774896657545-KOT053_WEARABLE_COMPUTING_MIXED_REALITY_AND_INTERNET_OF_EVERYTHING.pdf,BTech\Sem-05\2023-24\BTech__Sem05__2023-24__KOT053__wearable-computing-mixed-reality-and-internet-of-everything.pdf,BTech__Sem05__2023-24__KOT053__wearable-computing-mixed-reality-and-internet-of-everything.pdf,OK,2026-09-07 09:07:40
BTech,5,2022-23,KCS052,Web Designing,https://ryzenstudy.com/papers/aktu-btech-sem-5-web-designing-2022-23,https://ryzenstudy.com/uploads/1774896620532-WEB_DESIGNING_KCS052.pdf,BTech\Sem-05\2022-23\BTech__Sem05__2022-23__KCS052__web-designing.pdf,BTech__Sem05__2022-23__KCS052__web-designing.pdf,OK,2026-09-07 09:07:43
BTech,5,2023-24,KCS052,Web Designing,https://ryzenstudy.com/papers/aktu-btech-sem-5-web-designing-2023-24,https://ryzenstudy.com/uploads/1774896656956-KCS052_WEB_DESIGNING.pdf,BTech\Sem-05\2023-24\BTech__Sem05__2023-24__KCS052__web-designing.pdf,BTech__Sem05__2023-24__KCS052__web-designing.pdf,OK,2026-09-07 09:07:46
BTech,5,2021-22,KIT-501,Web Technology,https://ryzenstudy.com/papers/aktu-btech-sem-5-web-technology-2021-22,https://ryzenstudy.com/uploads/1774896530444-WEB_TECHNOLOGY_KIT_501_1.pdf,BTech\Sem-05\2021-22\BTech__Sem05__2021-22__KIT-501__web-technology.pdf,BTech__Sem05__2021-22__KIT-501__web-technology.pdf,OK,2026-09-07 09:07:48
BTech,5,2022-23,KIT501,Web Technology,https://ryzenstudy.com/papers/aktu-btech-sem-5-web-technology-2022-23,https://ryzenstudy.com/uploads/1774896619651-WEB_TECHNOLOGY_KIT501.pdf,BTech\Sem-05\2022-23\BTech__Sem05__2022-23__KIT501__web-technology.pdf,BTech__Sem05__2022-23__KIT501__web-technology.pdf,OK,2026-09-07 09:07:51
BTech,5,2024-25,BCS502,Web Technology,https://ryzenstudy.com/papers/aktu-btech-sem-5-web-technology-2024-25,https://ryzenstudy.com/uploads/1774896840088-BCS502_WEB_TECHNOLOGY.pdf,BTech\Sem-05\2024-25\BTech__Sem05__2024-25__BCS502__web-technology.pdf,BTech__Sem05__2024-25__BCS502__web-technology.pdf,OK,2026-09-07 09:07:54
BTech,5,2025-26,BCS502,Web Technology,https://ryzenstudy.com/papers/aktu-btech-sem-5-web-technology-2025-26,https://ryzenstudy.com/uploads/1774896858982-BCS502_WEB_TECHNOLOGY.pdf,BTech\Sem-05\2025-26\BTech__Sem05__2025-26__BCS502__web-technology.pdf,BTech__Sem05__2025-26__BCS502__web-technology.pdf,OK,2026-09-07 09:07:58
BTech,6,2021-22,KCE061,Advance Structural Analysis,https://ryzenstudy.com/papers/aktu-btech-sem-6-advance-structural-analysis-2021-22,https://ryzenstudy.com/uploads/1774896892976-ADVANCE_STRUCTURAL_ANALYSIS_KCE061.pdf,BTech\Sem-06\2021-22\BTech__Sem06__2021-22__KCE061__advance-structural-analysis.pdf,BTech__Sem06__2021-22__KCE061__advance-structural-analysis.pdf,OK,2026-09-07 09:08:01
BTech,6,2022-23,KCE-061,Advance Structural Analysis,https://ryzenstudy.com/papers/aktu-btech-sem-6-advance-structural-analysis-2022-23,https://ryzenstudy.com/uploads/1774896923676-ADVANCE_STRUCTURAL_ANALYSIS_KCE_061.pdf,BTech\Sem-06\2022-23\BTech__Sem06__2022-23__KCE-061__advance-structural-analysis.pdf,BTech__Sem06__2022-23__KCE-061__advance-structural-analysis.pdf,OK,2026-09-07 09:08:05
BTech,6,2023-24,KCE061,Advance Structural Analysis,https://ryzenstudy.com/papers/aktu-btech-sem-6-advance-structural-analysis-2023-24,https://ryzenstudy.com/uploads/1774897111731-KCE061_ADVANCE_STRUCTURAL_ANALYSIS.pdf,BTech\Sem-06\2023-24\BTech__Sem06__2023-24__KCE061__advance-structural-analysis.pdf,BTech__Sem06__2023-24__KCE061__advance-structural-analysis.pdf,OK,2026-09-07 09:08:08
BTech,6,2024-25,BCE061,Advance Structural Analysis,https://ryzenstudy.com/papers/aktu-btech-sem-6-advance-structural-analysis-2024-25,https://ryzenstudy.com/uploads/1774897142132-BCE061_ADVANCE_STRUCTURAL_ANALYSIS.pdf,BTech\Sem-06\2024-25\BTech__Sem06__2024-25__BCE061__advance-structural-analysis.pdf,BTech__Sem06__2024-25__BCE061__advance-structural-analysis.pdf,OK,2026-09-07 09:08:11
BTech,6,2022-23,KML-061,Advanced Machine Learning,https://ryzenstudy.com/papers/aktu-btech-sem-6-advanced-machine-learning-2022-23,https://ryzenstudy.com/uploads/1774896922252-ADVANCED_MACHINE_LEARNING_KML_061.pdf,BTech\Sem-06\2022-23\BTech__Sem06__2022-23__KML-061__advanced-machine-learning.pdf,BTech__Sem06__2022-23__KML-061__advanced-machine-learning.pdf,OK,2026-09-07 09:08:14
BTech,6,2021-22,KEC064,Analog Signal Processing,https://ryzenstudy.com/papers/aktu-btech-sem-6-analog-signal-processing-2021-22,https://ryzenstudy.com/uploads/1774896891733-ANALOG_SIGNAL_PROCESSING_KEC064.pdf,BTech\Sem-06\2021-22\BTech__Sem06__2021-22__KEC064__analog-signal-processing.pdf,BTech__Sem06__2021-22__KEC064__analog-signal-processing.pdf,OK,2026-09-07 09:08:16
BTech,6,2022-23,KEC-064,Analog Signal Processing,https://ryzenstudy.com/papers/aktu-btech-sem-6-analog-signal-processing-2022-23,https://ryzenstudy.com/uploads/1774896921232-ANALOG_SIGNAL_PROCESSING_KEC_064.pdf,BTech\Sem-06\2022-23\BTech__Sem06__2022-23__KEC-064__analog-signal-processing.pdf,BTech__Sem06__2022-23__KEC-064__analog-signal-processing.pdf,OK,2026-09-07 09:08:19
BTech,6,2021-22,KEC603,Antenna And Wave Propagation,https://ryzenstudy.com/papers/aktu-btech-sem-6-antenna-and-wave-propagation-2021-22,https://ryzenstudy.com/uploads/1774896894841-ANTENNA_AND_WAVE_PROPAGATION_KEC603.pdf,BTech\Sem-06\2021-22\BTech__Sem06__2021-22__KEC603__antenna-and-wave-propagation.pdf,BTech__Sem06__2021-22__KEC603__antenna-and-wave-propagation.pdf,OK,2026-09-07 09:08:22
BTech,6,2022-23,KEC-603,Antenna And Wave Propagation,https://ryzenstudy.com/papers/aktu-btech-sem-6-antenna-and-wave-propagation-2022-23,https://ryzenstudy.com/uploads/1774896924078-ANTENNA_AND_WAVE_PROPAGATION_KEC_603.pdf,BTech\Sem-06\2022-23\BTech__Sem06__2022-23__KEC-603__antenna-and-wave-propagation.pdf,BTech__Sem06__2022-23__KEC-603__antenna-and-wave-propagation.pdf,OK,2026-09-07 09:08:25
BTech,6,2023-24,KEC603,Antenna And Wave Propagation,https://ryzenstudy.com/papers/aktu-btech-sem-6-antenna-and-wave-propagation-2023-24,https://ryzenstudy.com/uploads/1774897116866-KEC603_ANTENNA_AND_WAVE_PROPAGATION.pdf,BTech\Sem-06\2023-24\BTech__Sem06__2023-24__KEC603__antenna-and-wave-propagation.pdf,BTech__Sem06__2023-24__KEC603__antenna-and-wave-propagation.pdf,OK,2026-09-07 09:08:28
BTech,6,2024-25,BEC603,Antenna And Wave Propagation,https://ryzenstudy.com/papers/aktu-btech-sem-6-antenna-and-wave-propagation-2024-25,https://ryzenstudy.com/uploads/1774897140852-BEC603_ANTENNA_AND_WAVE_PROPAGATION.pdf,BTech\Sem-06\2024-25\BTech__Sem06__2024-25__BEC603__antenna-and-wave-propagation.pdf,BTech__Sem06__2024-25__BEC603__antenna-and-wave-propagation.pdf,OK,2026-09-07 09:08:30
BTech,6,2021-22,KME062,Artificial Intelligence,https://ryzenstudy.com/papers/aktu-btech-sem-6-artificial-intelligence-2021-22,https://ryzenstudy.com/uploads/1774896893208-ARTIFICIAL_INTELLIGENCE_KME062.pdf,BTech\Sem-06\2021-22\BTech__Sem06__2021-22__KME062__artificial-intelligence.pdf,BTech__Sem06__2021-22__KME062__artificial-intelligence.pdf,OK,2026-09-07 09:08:33
BTech,6,2022-23,KOT-063,Artificial Intelligence,https://ryzenstudy.com/papers/aktu-btech-sem-6-artificial-intelligence-2022-23,https://ryzenstudy.com/uploads/1774896922141-ARTIFICIAL_INTELLIGENCE_KOT_063.pdf,BTech\Sem-06\2022-23\BTech__Sem06__2022-23__KOT-063__artificial-intelligence.pdf,BTech__Sem06__2022-23__KOT-063__artificial-intelligence.pdf,OK,2026-09-07 09:08:36
BTech,6,2023-24,KME062,Artificial Intelligence,https://ryzenstudy.com/papers/aktu-btech-sem-6-artificial-intelligence-2023-24,https://ryzenstudy.com/uploads/1774897116017-KME062_ARTIFICIAL_INTELLIGENCE.pdf,BTech\Sem-06\2023-24\BTech__Sem06__2023-24__KME062__artificial-intelligence.pdf,BTech__Sem06__2023-24__KME062__artificial-intelligence.pdf,OK,2026-09-07 09:08:38
BTech,6,2024-25,BCS062,Augmented Virtual Reality,https://ryzenstudy.com/papers/aktu-btech-sem-6-augmented-virtual-reality-2024-25,https://ryzenstudy.com/uploads/1774897137867-BCS062_AUGMENTED_VIRTUAL_REALITY.pdf,BTech\Sem-06\2024-25\BTech__Sem06__2024-25__BCS062__augmented-virtual-reality.pdf,BTech__Sem06__2024-25__BCS062__augmented-virtual-reality.pdf,OK,2026-09-07 09:08:41
BTech,6,2021-22,KAU061,Automotive Electrical And Electronics,https://ryzenstudy.com/papers/aktu-btech-sem-6-automotive-electrical-and-electronics-2021-22,https://ryzenstudy.com/uploads/1774896891636-AUTOMOTIVE_ELECTRICAL_AND_ELECTRONICS_KAU061.pdf,BTech\Sem-06\2021-22\BTech__Sem06__2021-22__KAU061__automotive-electrical-and-electronics.pdf,BTech__Sem06__2021-22__KAU061__automotive-electrical-and-electronics.pdf,OK,2026-09-07 09:08:45
BTech,6,2024-25,BAU061,Automotive Electrical Electronics,https://ryzenstudy.com/papers/aktu-btech-sem-6-automotive-electrical-electronics-2024-25,https://ryzenstudy.com/uploads/1774897144178-BAU061_AUTOMOTIVE_ELECTRICAL_ELECTRONICS.pdf,BTech\Sem-06\2024-25\BTech__Sem06__2024-25__BAU061__automotive-electrical-electronics.pdf,BTech__Sem06__2024-25__BAU061__automotive-electrical-electronics.pdf,OK,2026-09-07 09:08:47
BTech,6,2021-22,KOE067,Basics Of Data Base Management System,https://ryzenstudy.com/papers/aktu-btech-sem-6-basics-of-data-base-management-system-2021-22,https://ryzenstudy.com/uploads/1774896894391-BASICS_OF_DATA_BASE_MANAGEMENT_SYSTEM_KOE067.pdf,BTech\Sem-06\2021-22\BTech__Sem06__2021-22__KOE067__basics-of-data-base-management-system.pdf,BTech__Sem06__2021-22__KOE067__basics-of-data-base-management-system.pdf,OK,2026-09-07 09:08:50
BTech,6,2022-23,KOE-067,Basics Of Data Base Management System,https://ryzenstudy.com/papers/aktu-btech-sem-6-basics-of-data-base-management-system-2022-23,https://ryzenstudy.com/uploads/1774896923577-BASICS_OF_DATA_BASE_MANAGEMENT_SYSTEM_KOE_067.pdf,BTech\Sem-06\2022-23\BTech__Sem06__2022-23__KOE-067__basics-of-data-base-management-system.pdf,BTech__Sem06__2022-23__KOE-067__basics-of-data-base-management-system.pdf,OK,2026-09-07 09:08:54
BTech,6,2023-24,KOE067H,Basics Of Data Base Management System,https://ryzenstudy.com/papers/aktu-btech-sem-6-basics-of-data-base-management-system-2023-24,https://ryzenstudy.com/uploads/1774897115668-KOE067H_BASICS_OF_DATA_BASE_MANAGEMENT_SYSTEM.pdf,BTech\Sem-06\2023-24\BTech__Sem06__2023-24__KOE067H__basics-of-data-base-management-system.pdf,BTech__Sem06__2023-24__KOE067H__basics-of-data-base-management-system.pdf,OK,2026-09-07 09:08:56
BTech,6,2024-25,BOE067,Basics Of Data Base Management System,https://ryzenstudy.com/papers/aktu-btech-sem-6-basics-of-data-base-management-system-2024-25,https://ryzenstudy.com/uploads/1774897139242-BOE067_BASICS_OF_DATA_BASE_MANAGEMENT_SYSTEM.pdf,BTech\Sem-06\2024-25\BTech__Sem06__2024-25__BOE067__basics-of-data-base-management-system.pdf,BTech__Sem06__2024-25__BOE067__basics-of-data-base-management-system.pdf,OK,2026-09-07 09:08:59
BTech,6,2021-22,KCS061,Big Data,https://ryzenstudy.com/papers/aktu-btech-sem-6-big-data-2021-22,https://ryzenstudy.com/uploads/1774896893462-BIG_DATA_KCS061.pdf,BTech\Sem-06\2021-22\BTech__Sem06__2021-22__KCS061__big-data.pdf,BTech__Sem06__2021-22__KCS061__big-data.pdf,OK,2026-09-07 09:09:02
BTech,6,2022-23,KCS-061,Big Data,https://ryzenstudy.com/papers/aktu-btech-sem-6-big-data-2022-23,https://ryzenstudy.com/uploads/1774896923317-BIG_DATA_KCS_061.pdf,BTech\Sem-06\2022-23\BTech__Sem06__2022-23__KCS-061__big-data.pdf,BTech__Sem06__2022-23__KCS-061__big-data.pdf,OK,2026-09-07 09:09:05
BTech,6,2023-24,KCS061,Big Data,https://ryzenstudy.com/papers/aktu-btech-sem-6-big-data-2023-24,https://ryzenstudy.com/uploads/1774897112462-KCS061_BIG_DATA.pdf,BTech\Sem-06\2023-24\BTech__Sem06__2023-24__KCS061__big-data.pdf,BTech__Sem06__2023-24__KCS061__big-data.pdf,OK,2026-09-07 09:09:08
BTech,6,2024-25,BCS061,Big Data,https://ryzenstudy.com/papers/aktu-btech-sem-6-big-data-2024-25,https://ryzenstudy.com/uploads/1774897141901-BCS061_BIG_DATA.pdf,BTech\Sem-06\2024-25\BTech__Sem06__2024-25__BCS061__big-data.pdf,BTech__Sem06__2024-25__BCS061__big-data.pdf,OK,2026-09-07 09:09:11
BTech,6,2022-23,KDS-601,Big Data And Analytics,https://ryzenstudy.com/papers/aktu-btech-sem-6-big-data-and-analytics-2022-23,https://ryzenstudy.com/uploads/1774896923497-BIG_DATA_AND_ANALYTICS_KDS_601.pdf,BTech\Sem-06\2022-23\BTech__Sem06__2022-23__KDS-601__big-data-and-analytics.pdf,BTech__Sem06__2022-23__KDS-601__big-data-and-analytics.pdf,OK,2026-09-07 09:09:14
BTech,6,2023-24,KDS601,Big Data And Analytics,https://ryzenstudy.com/papers/aktu-btech-sem-6-big-data-and-analytics-2023-24,https://ryzenstudy.com/uploads/1774897116625-KDS601_BIG_DATA_AND_ANALYTICS.pdf,BTech\Sem-06\2023-24\BTech__Sem06__2023-24__KDS601__big-data-and-analytics.pdf,BTech__Sem06__2023-24__KDS601__big-data-and-analytics.pdf,OK,2026-09-07 09:09:17
BTech,6,2024-25,BIT601,Data Analytics,https://ryzenstudy.com/papers/aktu-btech-sem-6-bit601-data-analytics-2024-25,https://ryzenstudy.com/uploads/1774897143998-BIT601_Data_Analytics.pdf,BTech\Sem-06\2024-25\BTech__Sem06__2024-25__BIT601__bit601-data-analytics.pdf,BTech__Sem06__2024-25__BIT601__bit601-data-analytics.pdf,OK,2026-09-07 09:09:20
BTech,6,2021-22,KIT061,Blockchain Architecture Design,https://ryzenstudy.com/papers/aktu-btech-sem-6-blockchain-architecture-design-2021-22,https://ryzenstudy.com/uploads/1774896893137-BLOCKCHAIN_ARCHITECTURE_DESIGN_KIT061.pdf,BTech\Sem-06\2021-22\BTech__Sem06__2021-22__KIT061__blockchain-architecture-design.pdf,BTech__Sem06__2021-22__KIT061__blockchain-architecture-design.pdf,OK,2026-09-07 09:09:23
BTech,6,2022-23,KIT-061,Blockchain Architecture Design,https://ryzenstudy.com/papers/aktu-btech-sem-6-blockchain-architecture-design-2022-23,https://ryzenstudy.com/uploads/1774896922762-BLOCKCHAIN_ARCHITECTURE_DESIGN_KIT_061.pdf,BTech\Sem-06\2022-23\BTech__Sem06__2022-23__KIT-061__blockchain-architecture-design.pdf,BTech__Sem06__2022-23__KIT-061__blockchain-architecture-design.pdf,OK,2026-09-07 09:09:26
BTech,6,2024-25,BCS063,Blockchain Architecture Design,https://ryzenstudy.com/papers/aktu-btech-sem-6-blockchain-architecture-design-2024-25,https://ryzenstudy.com/uploads/1774897142365-BCS063_BLOCKCHAIN_ARCHITECTURE_DESIGN.pdf,BTech\Sem-06\2024-25\BTech__Sem06__2024-25__BCS063__blockchain-architecture-design.pdf,BTech__Sem06__2024-25__BCS063__blockchain-architecture-design.pdf,OK,2026-09-07 09:09:29
BTech,6,2024-25,BME602,Cad Cam,https://ryzenstudy.com/papers/aktu-btech-sem-6-cad-cam-2024-25,https://ryzenstudy.com/uploads/1774897144533-BME602_CAD_CAM.pdf,BTech\Sem-06\2024-25\BTech__Sem06__2024-25__BME602__cad-cam.pdf,BTech__Sem06__2024-25__BME602__cad-cam.pdf,OK,2026-09-07 09:09:32
BTech,6,2024-25,BEC063,Cmos Digital Design Technique,https://ryzenstudy.com/papers/aktu-btech-sem-6-cmos-digital-design-technique-2024-25,https://ryzenstudy.com/uploads/1774897142246-BEC063_CMOS_DIGITAL_DESIGN_TECHNIQUE.pdf,BTech\Sem-06\2024-25\BTech__Sem06__2024-25__BEC063__cmos-digital-design-technique.pdf,BTech__Sem06__2024-25__BEC063__cmos-digital-design-technique.pdf,OK,2026-09-07 09:09:34
BTech,6,2024-25,BEC063,CMOS Digital Design Techniques,https://ryzenstudy.com/papers/aktu-btech-sem-6-cmos-digital-design-techniques-2024-25,https://ryzenstudy.com/uploads/cmos-digital-design-techniques_BEC063_24-25.pdf,BTech\Sem-06\2024-25\BTech__Sem06__2024-25__BEC063__cmos-digital-design-techniques.pdf,BTech__Sem06__2024-25__BEC063__cmos-digital-design-techniques.pdf,OK,2026-09-07 09:09:37
BTech,6,2024-25,BCS602,Compilar Design,https://ryzenstudy.com/papers/aktu-btech-sem-6-compilar-design-2024-25,https://ryzenstudy.com/uploads/1774897143731-BCS602_COMPILAR_DESIGN.pdf,BTech\Sem-06\2024-25\BTech__Sem06__2024-25__BCS602__compilar-design.pdf,BTech__Sem06__2024-25__BCS602__compilar-design.pdf,OK,2026-09-07 09:09:39
BTech,6,2024-25,BCS602,Compiler Design,https://ryzenstudy.com/papers/aktu-btech-sem-6-compiler-design-2024-25,https://ryzenstudy.com/uploads/bcs602-compiler-design-2024-25.pdf,BTech\Sem-06\2024-25\BTech__Sem06__2024-25__BCS602__compiler-design.pdf,BTech__Sem06__2024-25__BCS602__compiler-design.pdf,OK,2026-09-07 09:09:42
BTech,6,2024-25,BME062,Computational Fluid Dynamics,https://ryzenstudy.com/papers/aktu-btech-sem-6-computational-fluid-dynamics-2024-25,https://ryzenstudy.com/uploads/1774897143880-BME062_COMPUTATIONAL_FLUID_DYNAMICS.pdf,BTech\Sem-06\2024-25\BTech__Sem06__2024-25__BME062__computational-fluid-dynamics.pdf,BTech__Sem06__2024-25__BME062__computational-fluid-dynamics.pdf,OK,2026-09-07 09:09:45
BTech,6,2021-22,KOE065,Computer Based Numerical Techniques,https://ryzenstudy.com/papers/aktu-btech-sem-6-computer-based-numerical-techniques-2021-22,https://ryzenstudy.com/uploads/1774896894644-COMPUTER_BASED_NUMERICAL_TECHNIQUES_KOE065.pdf,BTech\Sem-06\2021-22\BTech__Sem06__2021-22__KOE065__computer-based-numerical-techniques.pdf,BTech__Sem06__2021-22__KOE065__computer-based-numerical-techniques.pdf,OK,2026-09-07 09:09:48
BTech,6,2022-23,KOE-065,Computer Based Numerical Techniques,https://ryzenstudy.com/papers/aktu-btech-sem-6-computer-based-numerical-techniques-2022-23,https://ryzenstudy.com/uploads/1774896923963-COMPUTER_BASED_NUMERICAL_TECHNIQUES_KOE_065.pdf,BTech\Sem-06\2022-23\BTech__Sem06__2022-23__KOE-065__computer-based-numerical-techniques.pdf,BTech__Sem06__2022-23__KOE-065__computer-based-numerical-techniques.pdf,OK,2026-09-07 09:09:50
BTech,6,2023-24,KOE065,Computer Based Numerical Techniques,https://ryzenstudy.com/papers/aktu-btech-sem-6-computer-based-numerical-techniques-2023-24,https://ryzenstudy.com/uploads/1774897115132-KOE065_COMPUTER_BASED_NUMERICAL_TECHNIQUES.pdf,BTech\Sem-06\2023-24\BTech__Sem06__2023-24__KOE065__computer-based-numerical-techniques.pdf,BTech__Sem06__2023-24__KOE065__computer-based-numerical-techniques.pdf,OK,2026-09-07 09:09:53
BTech,6,2024-25,BOE065,Computer Based Numerical Techniques,https://ryzenstudy.com/papers/aktu-btech-sem-6-computer-based-numerical-techniques-2024-25,https://ryzenstudy.com/uploads/1774897140383-BOE065_COMPUTER_BASED_NUMERICAL_TECHNIQUES.pdf,BTech\Sem-06\2024-25\BTech__Sem06__2024-25__BOE065__computer-based-numerical-techniques.pdf,BTech__Sem06__2024-25__BOE065__computer-based-numerical-techniques.pdf,OK,2026-09-07 09:09:56
BTech,6,2021-22,KCS603,Computer Networks,https://ryzenstudy.com/papers/aktu-btech-sem-6-computer-networks-2021-22,https://ryzenstudy.com/uploads/1774896893383-COMPUTER_NETWORKS_KCS603.pdf,BTech\Sem-06\2021-22\BTech__Sem06__2021-22__KCS603__computer-networks.pdf,BTech__Sem06__2021-22__KCS603__computer-networks.pdf,OK,2026-09-07 09:09:59
BTech,6,2022-23,KCS-603,Computer Networks,https://ryzenstudy.com/papers/aktu-btech-sem-6-computer-networks-2022-23,https://ryzenstudy.com/uploads/1774896924326-COMPUTER_NETWORKS_KCS_603.pdf,BTech\Sem-06\2022-23\BTech__Sem06__2022-23__KCS-603__computer-networks.pdf,BTech__Sem06__2022-23__KCS-603__computer-networks.pdf,OK,2026-09-07 09:10:02
BTech,6,2023-24,KCS603,Computer Networks,https://ryzenstudy.com/papers/aktu-btech-sem-6-computer-networks-2023-24,https://ryzenstudy.com/uploads/1774897115784-KCS603_COMPUTER_NETWORKS.pdf,BTech\Sem-06\2023-24\BTech__Sem06__2023-24__KCS603__computer-networks.pdf,BTech__Sem06__2023-24__KCS603__computer-networks.pdf,OK,2026-09-07 09:10:05
BTech,6,2024-25,BCS603,Computer Networks,https://ryzenstudy.com/papers/aktu-btech-sem-6-computer-networks-2024-25,https://ryzenstudy.com/uploads/1774897139660-BCS603_COMPUTER_NETWORKS.pdf,BTech\Sem-06\2024-25\BTech__Sem06__2024-25__BCS603__computer-networks.pdf,BTech__Sem06__2024-25__BCS603__computer-networks.pdf,OK,2026-09-07 09:10:07
BTech,6,2024-25,BNC601,Constitution Of India,https://ryzenstudy.com/papers/aktu-btech-sem-6-constitution-of-india-2024-25,https://ryzenstudy.com/uploads/1774897143542-BNC601_CONSTITUTION_OF_INDIA.pdf,BTech\Sem-06\2024-25\BTech__Sem06__2024-25__BNC601__constitution-of-india.pdf,BTech__Sem06__2024-25__BNC601__constitution-of-india.pdf,OK,2026-09-07 09:10:10
BTech,6,2023-24,KNC601,Constitution Of India Law And Engineering,https://ryzenstudy.com/papers/aktu-btech-sem-6-constitution-of-india-law-and-engineering-2023-24,https://ryzenstudy.com/uploads/1774897115519-KNC601_CONSTITUTION_OF_INDIA_LAW_AND_ENGINEERING.pdf,BTech\Sem-06\2023-24\BTech__Sem06__2023-24__KNC601__constitution-of-india-law-and-engineering.pdf,BTech__Sem06__2023-24__KNC601__constitution-of-india-law-and-engineering.pdf,OK,2026-09-07 09:10:13
BTech,6,2021-22,KNC601,Constitution Of India Law Engineering,https://ryzenstudy.com/papers/aktu-btech-sem-6-constitution-of-india-law-engineering-2021-22,https://ryzenstudy.com/uploads/1774896892403-CONSTITUTION_OF_INDIA_LAW_ENGINEERING_KNC601.pdf,BTech\Sem-06\2021-22\BTech__Sem06__2021-22__KNC601__constitution-of-india-law-engineering.pdf,BTech__Sem06__2021-22__KNC601__constitution-of-india-law-engineering.pdf,OK,2026-09-07 09:10:16
BTech,6,2022-23,KNC-601,Constitution Of India Law Engineering,https://ryzenstudy.com/papers/aktu-btech-sem-6-constitution-of-india-law-engineering-2022-23,https://ryzenstudy.com/uploads/1774896923049-CONSTITUTION_OF_INDIA_LAW_ENGINEERING_KNC_601.pdf,BTech\Sem-06\2022-23\BTech__Sem06__2022-23__KNC-601__constitution-of-india-law-engineering.pdf,BTech__Sem06__2022-23__KNC-601__constitution-of-india-law-engineering.pdf,OK,2026-09-07 09:10:19
BTech,6,2021-22,KEC602,Control System,https://ryzenstudy.com/papers/aktu-btech-sem-6-control-system-2021-22,https://ryzenstudy.com/uploads/1774896891270-CONTROL_SYSTEM_KEC602.pdf,BTech\Sem-06\2021-22\BTech__Sem06__2021-22__KEC602__control-system.pdf,BTech__Sem06__2021-22__KEC602__control-system.pdf,OK,2026-09-07 09:10:22
BTech,6,2022-23,KEC-602,Control System,https://ryzenstudy.com/papers/aktu-btech-sem-6-control-system-2022-23,https://ryzenstudy.com/uploads/1774896924497-CONTROL_SYSTEM_KEC_602.pdf,BTech\Sem-06\2022-23\BTech__Sem06__2022-23__KEC-602__control-system.pdf,BTech__Sem06__2022-23__KEC-602__control-system.pdf,OK,2026-09-07 09:10:25
BTech,6,2023-24,KEC602,Control System,https://ryzenstudy.com/papers/aktu-btech-sem-6-control-system-2023-24,https://ryzenstudy.com/uploads/1774897114623-KEC602_CONTROL_SYSTEM.pdf,BTech\Sem-06\2023-24\BTech__Sem06__2023-24__KEC602__control-system.pdf,BTech__Sem06__2023-24__KEC602__control-system.pdf,OK,2026-09-07 09:10:28
BTech,6,2024-25,BEC602,Control System,https://ryzenstudy.com/papers/aktu-btech-sem-6-control-system-2024-25,https://ryzenstudy.com/uploads/1774897141238-BEC602_CONTROL_SYSTEM.pdf,BTech\Sem-06\2024-25\BTech__Sem06__2024-25__BEC602__control-system.pdf,BTech__Sem06__2024-25__BEC602__control-system.pdf,OK,2026-09-07 09:10:30
BTech,6,2024-25,BCAI061,Cyber Forensic Analytics,https://ryzenstudy.com/papers/aktu-btech-sem-6-cyber-forensic-analytics-2024-25,https://ryzenstudy.com/uploads/1774897140499-BCAI061_CYBER_FORENSIC_ANALYTICS.pdf,BTech\Sem-06\2024-25\BTech__Sem06__2024-25__BCAI061__cyber-forensic-analytics.pdf,BTech__Sem06__2024-25__BCAI061__cyber-forensic-analytics.pdf,OK,2026-09-07 09:10:33
BTech,6,2021-22,KIT601,Data Analytics,https://ryzenstudy.com/papers/aktu-btech-sem-6-data-analytics-2021-22,https://ryzenstudy.com/uploads/1774896891823-DATA_ANALYTICS_KIT601.pdf,BTech\Sem-06\2021-22\BTech__Sem06__2021-22__KIT601__data-analytics.pdf,BTech__Sem06__2021-22__KIT601__data-analytics.pdf,OK,2026-09-07 09:10:36
BTech,6,2022-23,KIT-601,Data Analytics,https://ryzenstudy.com/papers/aktu-btech-sem-6-data-analytics-2022-23,https://ryzenstudy.com/uploads/1774896921962-DATA_ANALYTICS_KIT_601.pdf,BTech\Sem-06\2022-23\BTech__Sem06__2022-23__KIT-601__data-analytics.pdf,BTech__Sem06__2022-23__KIT-601__data-analytics.pdf,OK,2026-09-07 09:10:38
BTech,6,2024-25,BADS601,Data Analytics,https://ryzenstudy.com/papers/aktu-btech-sem-6-data-analytics-2024-25,https://ryzenstudy.com/uploads/1774897139783-BADS601_DATA_ANALYTICS.pdf,BTech\Sem-06\2024-25\BTech__Sem06__2024-25__BADS601__data-analytics.pdf,BTech__Sem06__2024-25__BADS601__data-analytics.pdf,OK,2026-09-07 09:10:42
BTech,6,2021-22,KEC063,Data Communication Networks,https://ryzenstudy.com/papers/aktu-btech-sem-6-data-communication-networks-2021-22,https://ryzenstudy.com/uploads/1774896893911-DATA_COMMUNICATION_NETWORKS_KEC063.pdf,BTech\Sem-06\2021-22\BTech__Sem06__2021-22__KEC063__data-communication-networks.pdf,BTech__Sem06__2021-22__KEC063__data-communication-networks.pdf,OK,2026-09-07 09:10:45
BTech,6,2022-23,KEC-063,Data Communication Networks,https://ryzenstudy.com/papers/aktu-btech-sem-6-data-communication-networks-2022-23,https://ryzenstudy.com/uploads/1774896923843-DATA_COMMUNICATION_NETWORKS_KEC_063.pdf,BTech\Sem-06\2022-23\BTech__Sem06__2022-23__KEC-063__data-communication-networks.pdf,BTech__Sem06__2022-23__KEC-063__data-communication-networks.pdf,OK,2026-09-07 09:10:47
BTech,6,2024-25,BEC062,Data Communication Networks,https://ryzenstudy.com/papers/aktu-btech-sem-6-data-communication-networks-2024-25,https://ryzenstudy.com/uploads/1774897141583-BEC062_DATA_COMMUNICATION_NETWORKS.pdf,BTech\Sem-06\2024-25\BTech__Sem06__2024-25__BEC062__data-communication-networks.pdf,BTech__Sem06__2024-25__BEC062__data-communication-networks.pdf,OK,2026-09-07 09:10:50
BTech,6,2021-22,KCS064,Data Compression,https://ryzenstudy.com/papers/aktu-btech-sem-6-data-compression-2021-22,https://ryzenstudy.com/uploads/1774896892904-DATA_COMPRESSION_KCS064.pdf,BTech\Sem-06\2021-22\BTech__Sem06__2021-22__KCS064__data-compression.pdf,BTech__Sem06__2021-22__KCS064__data-compression.pdf,OK,2026-09-07 09:10:53
BTech,6,2022-23,KCS-064,Data Compression,https://ryzenstudy.com/papers/aktu-btech-sem-6-data-compression-2022-23,https://ryzenstudy.com/uploads/1774896924023-DATA_COMPRESSION_KCS_064.pdf,BTech\Sem-06\2022-23\BTech__Sem06__2022-23__KCS-064__data-compression.pdf,BTech__Sem06__2022-23__KCS-064__data-compression.pdf,OK,2026-09-07 09:10:56
BTech,6,2023-24,KCS064,Data Compression,https://ryzenstudy.com/papers/aktu-btech-sem-6-data-compression-2023-24,https://ryzenstudy.com/uploads/1774897118021-KCS064_DATA_COMPRESSION.pdf,BTech\Sem-06\2023-24\BTech__Sem06__2023-24__KCS064__data-compression.pdf,BTech__Sem06__2023-24__KCS064__data-compression.pdf,OK,2026-09-07 09:10:59
BTech,6,2024-25,BCS064,Data Compression,https://ryzenstudy.com/papers/aktu-btech-sem-6-data-compression-2024-25,https://ryzenstudy.com/uploads/1774897138139-BCS064_DATA_COMPRESSION.pdf,BTech\Sem-06\2024-25\BTech__Sem06__2024-25__BCS064__data-compression.pdf,BTech__Sem06__2024-25__BCS064__data-compression.pdf,OK,2026-09-07 09:11:02
BTech,6,2024-25,BCIT601,Data Science In Iot,https://ryzenstudy.com/papers/aktu-btech-sem-6-data-science-in-iot-2024-25,https://ryzenstudy.com/uploads/1774897140268-BCIT601_DATA_SCIENCE_IN_IOT.pdf,BTech\Sem-06\2024-25\BTech__Sem06__2024-25__BCIT601__data-science-in-iot.pdf,BTech__Sem06__2024-25__BCIT601__data-science-in-iot.pdf,OK,2026-09-07 09:11:05
BTech,6,2021-22,KECZ603,Design And Analysis Of Algorithm,https://ryzenstudy.com/papers/aktu-btech-sem-6-design-and-analysis-of-algorithm-2021-22,https://ryzenstudy.com/uploads/1774896892322-DESIGN_AND_ANALYSIS_OF_ALGORITHM_KECZ603.pdf,BTech\Sem-06\2021-22\BTech__Sem06__2021-22__KECZ603__design-and-analysis-of-algorithm.pdf,BTech__Sem06__2021-22__KECZ603__design-and-analysis-of-algorithm.pdf,OK,2026-09-07 09:11:10
BTech,6,2021-22,KCE601,Design Of Concrete Structures,https://ryzenstudy.com/papers/aktu-btech-sem-6-design-of-concrete-structures-2021-22,https://ryzenstudy.com/uploads/1774896894708-DESIGN_OF_CONCRETE_STRUCTURES_KCE601.pdf,BTech\Sem-06\2021-22\BTech__Sem06__2021-22__KCE601__design-of-concrete-structures.pdf,BTech__Sem06__2021-22__KCE601__design-of-concrete-structures.pdf,OK,2026-09-07 09:11:14
BTech,6,2022-23,KCE-601,Design Of Concrete Structures,https://ryzenstudy.com/papers/aktu-btech-sem-6-design-of-concrete-structures-2022-23,https://ryzenstudy.com/uploads/1774896921171-DESIGN_OF_CONCRETE_STRUCTURES_KCE_601.pdf,BTech\Sem-06\2022-23\BTech__Sem06__2022-23__KCE-601__design-of-concrete-structures.pdf,BTech__Sem06__2022-23__KCE-601__design-of-concrete-structures.pdf,OK,2026-09-07 09:11:17
BTech,6,2024-25,BCE601,Design Of Concrete Structures,https://ryzenstudy.com/papers/aktu-btech-sem-6-design-of-concrete-structures-2024-25,https://ryzenstudy.com/uploads/1774897140936-BCE601_DESIGN_OF_CONCRETE_STRUCTURES.pdf,BTech\Sem-06\2024-25\BTech__Sem06__2024-25__BCE601__design-of-concrete-structures.pdf,BTech__Sem06__2024-25__BCE601__design-of-concrete-structures.pdf,OK,2026-09-07 09:11:20
BTech,6,2021-22,KEC601,Digital Communication,https://ryzenstudy.com/papers/aktu-btech-sem-6-digital-communication-2021-22,https://ryzenstudy.com/uploads/1774896894313-DIGITAL_COMMUNICATION_KEC601.pdf,BTech\Sem-06\2021-22\BTech__Sem06__2021-22__KEC601__digital-communication.pdf,BTech__Sem06__2021-22__KEC601__digital-communication.pdf,OK,2026-09-07 09:11:23
BTech,6,2022-23,KEC-601,Digital Communication,https://ryzenstudy.com/papers/aktu-btech-sem-6-digital-communication-2022-23,https://ryzenstudy.com/uploads/1774896920968-DIGITAL_COMMUNICATION_KEC_601.pdf,BTech\Sem-06\2022-23\BTech__Sem06__2022-23__KEC-601__digital-communication.pdf,BTech__Sem06__2022-23__KEC-601__digital-communication.pdf,OK,2026-09-07 09:11:26
BTech,6,2023-24,KEC601,Digital Communication,https://ryzenstudy.com/papers/aktu-btech-sem-6-digital-communication-2023-24,https://ryzenstudy.com/uploads/1774897112753-KEC601_DIGITAL_COMMUNICATION.pdf,BTech\Sem-06\2023-24\BTech__Sem06__2023-24__KEC601__digital-communication.pdf,BTech__Sem06__2023-24__KEC601__digital-communication.pdf,OK,2026-09-07 09:11:29
BTech,6,2024-25,BEC601,Digital Communication,https://ryzenstudy.com/papers/aktu-btech-sem-6-digital-communication-2024-25,https://ryzenstudy.com/uploads/1774897141971-BEC601_DIGITAL_COMMUNICATION.pdf,BTech\Sem-06\2024-25\BTech__Sem06__2024-25__BEC601__digital-communication.pdf,BTech__Sem06__2024-25__BEC601__digital-communication.pdf,OK,2026-09-07 09:11:31
BTech,6,2022-23,KEE-063,Digital Control System,https://ryzenstudy.com/papers/aktu-btech-sem-6-digital-control-system-2022-23,https://ryzenstudy.com/uploads/1774896922821-DIGITAL_CONTROL_SYSTEM_KEE_063.pdf,BTech\Sem-06\2022-23\BTech__Sem06__2022-23__KEE-063__digital-control-system.pdf,BTech__Sem06__2022-23__KEE-063__digital-control-system.pdf,OK,2026-09-07 09:11:34
BTech,6,2024-25,BEE063,Digital Control System,https://ryzenstudy.com/papers/aktu-btech-sem-6-digital-control-system-2024-25,https://ryzenstudy.com/uploads/1774897143656-BEE063_DIGITAL_CONTROL_SYSTEM.pdf,BTech\Sem-06\2024-25\BTech__Sem06__2024-25__BEE063__digital-control-system.pdf,BTech__Sem06__2024-25__BEE063__digital-control-system.pdf,OK,2026-09-07 09:11:37
BTech,6,2024-25,BCD061,Digital Marketing,https://ryzenstudy.com/papers/aktu-btech-sem-6-digital-marketing-2024-25,https://ryzenstudy.com/uploads/1774897141355-BCD061_DIGITAL_MARKETING.pdf,BTech\Sem-06\2024-25\BTech__Sem06__2024-25__BCD061__digital-marketing.pdf,BTech__Sem06__2024-25__BCD061__digital-marketing.pdf,OK,2026-09-07 09:11:40
BTech,6,2022-23,KEE-064,Electric And Hybrid Vehicles,https://ryzenstudy.com/papers/aktu-btech-sem-6-electric-and-hybrid-vehicles-2022-23,https://ryzenstudy.com/uploads/1774896922449-ELECTRIC_AND_HYBRID_VEHICLES_KEE_064.pdf,BTech\Sem-06\2022-23\BTech__Sem06__2022-23__KEE-064__electric-and-hybrid-vehicles.pdf,BTech__Sem06__2022-23__KEE-064__electric-and-hybrid-vehicles.pdf,OK,2026-09-07 09:11:43
BTech,6,2024-25,BAU602,Electric Hybrid Vehicles Technology,https://ryzenstudy.com/papers/aktu-btech-sem-6-electric-hybrid-vehicles-technology-2024-25,https://ryzenstudy.com/uploads/1774897144296-BAU602_ELECTRIC_HYBRID_VEHICLES_TECHNOLOGY.pdf,BTech\Sem-06\2024-25\BTech__Sem06__2024-25__BAU602__electric-hybrid-vehicles-technology.pdf,BTech__Sem06__2024-25__BAU602__electric-hybrid-vehicles-technology.pdf,OK,2026-09-07 09:11:46
BTech,6,2024-25,BEE064,Electrical And Hybrid Vehicles,https://ryzenstudy.com/papers/aktu-btech-sem-6-electrical-and-hybrid-vehicles-2024-25,https://ryzenstudy.com/uploads/1774897143059-BEE064_ELECTRICAL_AND_HYBRID_VEHICLES.pdf,BTech\Sem-06\2024-25\BTech__Sem06__2024-25__BEE064__electrical-and-hybrid-vehicles.pdf,BTech__Sem06__2024-25__BEE064__electrical-and-hybrid-vehicles.pdf,OK,2026-09-07 09:11:49
BTech,6,2024-25,BEE062,Electrical Machine Design,https://ryzenstudy.com/papers/aktu-btech-sem-6-electrical-machine-design-2024-25,https://ryzenstudy.com/uploads/1774897138418-BEE062_ELECTRICAL_MACHINE_DESIGN.pdf,BTech\Sem-06\2024-25\BTech__Sem06__2024-25__BEE062__electrical-machine-design.pdf,BTech__Sem06__2024-25__BEE062__electrical-machine-design.pdf,OK,2026-09-07 09:11:52
BTech,6,2021-22,KOE062,Embedded System,https://ryzenstudy.com/papers/aktu-btech-sem-6-embedded-system-2021-22,https://ryzenstudy.com/uploads/1774896894771-EMBEDDED_SYSTEM_KOE062.pdf,BTech\Sem-06\2021-22\BTech__Sem06__2021-22__KOE062__embedded-system.pdf,BTech__Sem06__2021-22__KOE062__embedded-system.pdf,OK,2026-09-07 09:11:54
BTech,6,2022-23,KOE-062,Embedded System,https://ryzenstudy.com/papers/aktu-btech-sem-6-embedded-system-2022-23,https://ryzenstudy.com/uploads/1774896924270-EMBEDDED_SYSTEM_KOE_062.pdf,BTech\Sem-06\2022-23\BTech__Sem06__2022-23__KOE-062__embedded-system.pdf,BTech__Sem06__2022-23__KOE-062__embedded-system.pdf,OK,2026-09-07 09:11:57
BTech,6,2023-24,KOE062,Embedded System,https://ryzenstudy.com/papers/aktu-btech-sem-6-embedded-system-2023-24,https://ryzenstudy.com/uploads/1774897115247-KOE062_EMBEDDED_SYSTEM.pdf,BTech\Sem-06\2023-24\BTech__Sem06__2023-24__KOE062__embedded-system.pdf,BTech__Sem06__2023-24__KOE062__embedded-system.pdf,OK,2026-09-07 09:12:00
BTech,6,2024-25,BOE062,Embedded System,https://ryzenstudy.com/papers/aktu-btech-sem-6-embedded-system-2024-25,https://ryzenstudy.com/uploads/1774897143315-BOE062_EMBEDDED_SYSTEM.pdf,BTech\Sem-06\2024-25\BTech__Sem06__2024-25__BOE062__embedded-system.pdf,BTech__Sem06__2024-25__BOE062__embedded-system.pdf,OK,2026-09-07 09:12:03
BTech,6,2024-25,BCIT061,Energy Harvesting Technologies And Power Management For Iot Devices,https://ryzenstudy.com/papers/aktu-btech-sem-6-energy-harvesting-technologies-and-power-management-for-iot-devices-2024-25,https://ryzenstudy.com/uploads/1774897142711-BCIT061_ENERGY_HARVESTING_TECHNOLOGIES_AND_POWER_MANAGEMENT_FOR_IOT_DEVICES.pdf,BTech\Sem-06\2024-25\BTech__Sem06__2024-25__BCIT061__energy-harvesting-technologies-and-power-management-for-iot-devices.pdf,BTech__Sem06__2024-25__BCIT061__energy-harvesting-technologies-and-power-management-for-iot-devices.pdf,OK,2026-09-07 09:12:05
BTech,6,2021-22,KCE603,Environmental Engineering,https://ryzenstudy.com/papers/aktu-btech-sem-6-environmental-engineering-2021-22,https://ryzenstudy.com/uploads/1774896892112-ENVIRONMENTAL_ENGINEERING_KCE603.pdf,BTech\Sem-06\2021-22\BTech__Sem06__2021-22__KCE603__environmental-engineering.pdf,BTech__Sem06__2021-22__KCE603__environmental-engineering.pdf,OK,2026-09-07 09:12:08
BTech,6,2022-23,KCE-603,Environmental Engineering,https://ryzenstudy.com/papers/aktu-btech-sem-6-environmental-engineering-2022-23,https://ryzenstudy.com/uploads/1774896924615-ENVIRONMENTAL_ENGINEERING_KCE_603.pdf,BTech\Sem-06\2022-23\BTech__Sem06__2022-23__KCE-603__environmental-engineering.pdf,BTech__Sem06__2022-23__KCE-603__environmental-engineering.pdf,OK,2026-09-07 09:12:11
BTech,6,2024-25,BCE603,Environmental Engineering,https://ryzenstudy.com/papers/aktu-btech-sem-6-environmental-engineering-2024-25,https://ryzenstudy.com/uploads/1774897141470-BCE603_ENVIRONMENTAL_ENGINEERING.pdf,BTech\Sem-06\2024-25\BTech__Sem06__2024-25__BCE603__environmental-engineering.pdf,BTech__Sem06__2024-25__BCE603__environmental-engineering.pdf,OK,2026-09-07 09:12:14
BTech,6,2024-25,BNC602,Essence Of Indian Traditional Knowledge,https://ryzenstudy.com/papers/aktu-btech-sem-6-essence-of-indian-traditional-knowledge-2024-25,https://ryzenstudy.com/uploads/1774897140738-BNC602_ESSENCE_OF_INDIAN_TRADITIONAL_KNOWLEDGE.pdf,BTech\Sem-06\2024-25\BTech__Sem06__2024-25__BNC602__essence-of-indian-traditional-knowledge.pdf,BTech__Sem06__2024-25__BNC602__essence-of-indian-traditional-knowledge.pdf,OK,2026-09-07 09:12:17
BTech,6,2022-23,KCE-064,Foundation Design,https://ryzenstudy.com/papers/aktu-btech-sem-6-foundation-design-2022-23,https://ryzenstudy.com/uploads/1774896922085-FOUNDATION_DESIGN_KCE_064.pdf,BTech\Sem-06\2022-23\BTech__Sem06__2022-23__KCE-064__foundation-design.pdf,BTech__Sem06__2022-23__KCE-064__foundation-design.pdf,OK,2026-09-07 09:12:20
BTech,6,2023-24,KCE064,Foundation Design,https://ryzenstudy.com/papers/aktu-btech-sem-6-foundation-design-2023-24,https://ryzenstudy.com/uploads/1774897111612-KCE064_FOUNDATION_DESIGN.pdf,BTech\Sem-06\2023-24\BTech__Sem06__2023-24__KCE064__foundation-design.pdf,BTech__Sem06__2023-24__KCE064__foundation-design.pdf,OK,2026-09-07 09:12:23
BTech,6,2024-25,BCDS601BI,G Data And Analytics,https://ryzenstudy.com/papers/aktu-btech-sem-6-g-data-and-analytics-2024-25,https://ryzenstudy.com/uploads/1774897143193-BCDS601BIG_DATA_AND_ANALYTICS.pdf,BTech\Sem-06\2024-25\BTech__Sem06__2024-25__BCDS601BI__g-data-and-analytics.pdf,BTech__Sem06__2024-25__BCDS601BI__g-data-and-analytics.pdf,OK,2026-09-07 09:12:25
BTech,6,2021-22,KME064,Gas Dynamics And Jet Propulsion,https://ryzenstudy.com/papers/aktu-btech-sem-6-gas-dynamics-and-jet-propulsion-2021-22,https://ryzenstudy.com/uploads/1774896892250-GAS_DYNAMICS_AND_JET_PROPULSION_KME064.pdf,BTech\Sem-06\2021-22\BTech__Sem06__2021-22__KME064__gas-dynamics-and-jet-propulsion.pdf,BTech__Sem06__2021-22__KME064__gas-dynamics-and-jet-propulsion.pdf,OK,2026-09-07 09:12:28
BTech,6,2023-24,KME064,Gas Dynamics And Jet Propulsion,https://ryzenstudy.com/papers/aktu-btech-sem-6-gas-dynamics-and-jet-propulsion-2023-24,https://ryzenstudy.com/uploads/1774897111491-KME064_GAS_DYNAMICS_AND_JET_PROPULSION.pdf,BTech\Sem-06\2023-24\BTech__Sem06__2023-24__KME064__gas-dynamics-and-jet-propulsion.pdf,BTech__Sem06__2023-24__KME064__gas-dynamics-and-jet-propulsion.pdf,OK,2026-09-07 09:12:31
BTech,6,2021-22,KOE066,Gis Remote Sensing,https://ryzenstudy.com/papers/aktu-btech-sem-6-gis-remote-sensing-2021-22,https://ryzenstudy.com/uploads/1774896894546-GIS_REMOTE_SENSING_KOE066.pdf,BTech\Sem-06\2021-22\BTech__Sem06__2021-22__KOE066__gis-remote-sensing.pdf,BTech__Sem06__2021-22__KOE066__gis-remote-sensing.pdf,OK,2026-09-07 09:12:34
BTech,6,2022-23,KOE-066,Gis Remote Sensing,https://ryzenstudy.com/papers/aktu-btech-sem-6-gis-remote-sensing-2022-23,https://ryzenstudy.com/uploads/1774896924555-GIS_REMOTE_SENSING_KOE_066.pdf,BTech\Sem-06\2022-23\BTech__Sem06__2022-23__KOE-066__gis-remote-sensing.pdf,BTech__Sem06__2022-23__KOE-066__gis-remote-sensing.pdf,OK,2026-09-07 09:12:37
BTech,6,2023-24,KOE066,Gis Remote Sensing,https://ryzenstudy.com/papers/aktu-btech-sem-6-gis-remote-sensing-2023-24,https://ryzenstudy.com/uploads/1774897111307-KOE066_GIS_REMOTE_SENSING.pdf,BTech\Sem-06\2023-24\BTech__Sem06__2023-24__KOE066__gis-remote-sensing.pdf,BTech__Sem06__2023-24__KOE066__gis-remote-sensing.pdf,OK,2026-09-07 09:12:40
BTech,6,2024-25,BOE066,Gis Remote Sensing,https://ryzenstudy.com/papers/aktu-btech-sem-6-gis-remote-sensing-2024-25,https://ryzenstudy.com/uploads/1774897143428-BOE066_GIS_REMOTE_SENSING.pdf,BTech\Sem-06\2024-25\BTech__Sem06__2024-25__BOE066__gis-remote-sensing.pdf,BTech__Sem06__2024-25__BOE066__gis-remote-sensing.pdf,OK,2026-09-07 09:12:43
BTech,6,2021-22,KOE060,Idea To Business Model,https://ryzenstudy.com/papers/aktu-btech-sem-6-idea-to-business-model-2021-22,https://ryzenstudy.com/uploads/1774896891111-IDEA_TO_BUSINESS_MODEL_KOE060.pdf,BTech\Sem-06\2021-22\BTech__Sem06__2021-22__KOE060__idea-to-business-model.pdf,BTech__Sem06__2021-22__KOE060__idea-to-business-model.pdf,OK,2026-09-07 09:12:46
BTech,6,2023-24,KOE060,Idea To Business Model,https://ryzenstudy.com/papers/aktu-btech-sem-6-idea-to-business-model-2023-24,https://ryzenstudy.com/uploads/1774897117643-KOE060_IDEA_TO_BUSINESS_MODEL.pdf,BTech\Sem-06\2023-24\BTech__Sem06__2023-24__KOE060__idea-to-business-model.pdf,BTech__Sem06__2023-24__KOE060__idea-to-business-model.pdf,OK,2026-09-07 09:12:50
BTech,6,2024-25,BOE060,Idea To Business Model,https://ryzenstudy.com/papers/aktu-btech-sem-6-idea-to-business-model-2024-25,https://ryzenstudy.com/uploads/1774897138282-BOE060_IDEA_TO_BUSINESS_MODEL.pdf,BTech\Sem-06\2024-25\BTech__Sem06__2024-25__BOE060__idea-to-business-model.pdf,BTech__Sem06__2024-25__BOE060__idea-to-business-model.pdf,OK,2026-09-07 09:12:52
BTech,6,2022-23,KDS-061,Image Analytics,https://ryzenstudy.com/papers/aktu-btech-sem-6-image-analytics-2022-23,https://ryzenstudy.com/uploads/1774896921056-IMAGE_ANALYTICS_KDS_061.pdf,BTech\Sem-06\2022-23\BTech__Sem06__2022-23__KDS-061__image-analytics.pdf,BTech__Sem06__2022-23__KDS-061__image-analytics.pdf,OK,2026-09-07 09:12:55
BTech,6,2024-25,BCDS061,Image Analytics,https://ryzenstudy.com/papers/aktu-btech-sem-6-image-analytics-2024-25,https://ryzenstudy.com/uploads/1774897138484-BCDS061_IMAGE_ANALYTICS.pdf,BTech\Sem-06\2024-25\BTech__Sem06__2024-25__BCDS061__image-analytics.pdf,BTech__Sem06__2024-25__BCDS061__image-analytics.pdf,OK,2026-09-07 09:12:58
BTech,6,2021-22,KCS062,Image Processing,https://ryzenstudy.com/papers/aktu-btech-sem-6-image-processing-2021-22,https://ryzenstudy.com/uploads/1774896892765-IMAGE_PROCESSING_KCS062.pdf,BTech\Sem-06\2021-22\BTech__Sem06__2021-22__KCS062__image-processing.pdf,BTech__Sem06__2021-22__KCS062__image-processing.pdf,OK,2026-09-07 09:13:01
BTech,6,2022-23,KCS-062,Image Processing,https://ryzenstudy.com/papers/aktu-btech-sem-6-image-processing-2022-23,https://ryzenstudy.com/uploads/1774896924723-IMAGE_PROCESSING_KCS_062.pdf,BTech\Sem-06\2022-23\BTech__Sem06__2022-23__KCS-062__image-processing.pdf,BTech__Sem06__2022-23__KCS-062__image-processing.pdf,OK,2026-09-07 09:13:04
BTech,6,2023-24,KNC602,Indian Tradition Culture And Society,https://ryzenstudy.com/papers/aktu-btech-sem-6-indian-tradition-culture-and-society-2023-24,https://ryzenstudy.com/uploads/1774897116131-KNC602_INDIAN_TRADITION_CULTURE_AND_SOCIETY.pdf,BTech\Sem-06\2023-24\BTech__Sem06__2023-24__KNC602__indian-tradition-culture-and-society.pdf,BTech__Sem06__2023-24__KNC602__indian-tradition-culture-and-society.pdf,OK,2026-09-07 09:13:07
BTech,6,2021-22,KNC602,Indian Tradition Culture Society,https://ryzenstudy.com/papers/aktu-btech-sem-6-indian-tradition-culture-society-2021-22,https://ryzenstudy.com/uploads/1774896892033-INDIAN_TRADITION_CULTURE_SOCIETY_KNC602.pdf,BTech\Sem-06\2021-22\BTech__Sem06__2021-22__KNC602__indian-tradition-culture-society.pdf,BTech__Sem06__2021-22__KNC602__indian-tradition-culture-society.pdf,OK,2026-09-07 09:13:10
BTech,6,2022-23,KNC-602,Indian Traditions Culture And Society,https://ryzenstudy.com/papers/aktu-btech-sem-6-indian-traditions-culture-and-society-2022-23,https://ryzenstudy.com/uploads/1774896923728-INDIAN_TRADITIONS_CULTURE_AND_SOCIETY_KNC_602.pdf,BTech\Sem-06\2022-23\BTech__Sem06__2022-23__KNC-602__indian-traditions-culture-and-society.pdf,BTech__Sem06__2022-23__KNC-602__indian-traditions-culture-and-society.pdf,OK,2026-09-07 09:13:12
BTech,6,2024-25,BME061,Industrial Robotics,https://ryzenstudy.com/papers/aktu-btech-sem-6-industrial-robotics-2024-25,https://ryzenstudy.com/uploads/1774897138849-BME061_INDUSTRIAL_ROBOTICS.pdf,BTech\Sem-06\2024-25\BTech__Sem06__2024-25__BME061__industrial-robotics.pdf,BTech__Sem06__2024-25__BME061__industrial-robotics.pdf,OK,2026-09-07 09:13:15
BTech,6,2021-22,KOE063,Introduction To Mems,https://ryzenstudy.com/papers/aktu-btech-sem-6-introduction-to-mems-2021-22,https://ryzenstudy.com/uploads/1774896892179-INTRODUCTION_TO_MEMS_KOE063.pdf,BTech\Sem-06\2021-22\BTech__Sem06__2021-22__KOE063__introduction-to-mems.pdf,BTech__Sem06__2021-22__KOE063__introduction-to-mems.pdf,OK,2026-09-07 09:13:18
BTech,6,2022-23,KOE-063,Introduction To Mems,https://ryzenstudy.com/papers/aktu-btech-sem-6-introduction-to-mems-2022-23,https://ryzenstudy.com/uploads/1774896923902-INTRODUCTION_TO_MEMS_KOE_063.pdf,BTech\Sem-06\2022-23\BTech__Sem06__2022-23__KOE-063__introduction-to-mems.pdf,BTech__Sem06__2022-23__KOE-063__introduction-to-mems.pdf,OK,2026-09-07 09:13:21
BTech,6,2023-24,KOE063,Introduction To Mems,https://ryzenstudy.com/papers/aktu-btech-sem-6-introduction-to-mems-2023-24,https://ryzenstudy.com/uploads/1774897112090-KOE063_INTRODUCTION_TO_MEMS.pdf,BTech\Sem-06\2023-24\BTech__Sem06__2023-24__KOE063__introduction-to-mems.pdf,BTech__Sem06__2023-24__KOE063__introduction-to-mems.pdf,OK,2026-09-07 09:13:24
BTech,6,2024-25,BOE063,Introduction To Mems,https://ryzenstudy.com/papers/aktu-btech-sem-6-introduction-to-mems-2024-25,https://ryzenstudy.com/uploads/1774897139894-BOE063_INTRODUCTION_TO_MEMS.pdf,BTech\Sem-06\2024-25\BTech__Sem06__2024-25__BOE063__introduction-to-mems.pdf,BTech__Sem06__2024-25__BOE063__introduction-to-mems.pdf,OK,2026-09-07 09:13:26
BTech,6,2022-23,KOT-601,Iot Architecture And Protocols,https://ryzenstudy.com/papers/aktu-btech-sem-6-iot-architecture-and-protocols-2022-23,https://ryzenstudy.com/uploads/1774896924383-IOT_ARCHITECTURE_AND_PROTOCOLS_KOT_601.pdf,BTech\Sem-06\2022-23\BTech__Sem06__2022-23__KOT-601__iot-architecture-and-protocols.pdf,BTech__Sem06__2022-23__KOT-601__iot-architecture-and-protocols.pdf,OK,2026-09-07 09:13:29
BTech,6,2023-24,KOT601,Iot Architecture And Protocols,https://ryzenstudy.com/papers/aktu-btech-sem-6-iot-architecture-and-protocols-2023-24,https://ryzenstudy.com/uploads/1774897113818-KOT601_IOT_ARCHITECTURE_AND_PROTOCOLS.pdf,BTech\Sem-06\2023-24\BTech__Sem06__2023-24__KOT601__iot-architecture-and-protocols.pdf,BTech__Sem06__2023-24__KOT601__iot-architecture-and-protocols.pdf,OK,2026-09-07 09:13:33
BTech,6,2022-23,KCS-601,Software Engineering,https://ryzenstudy.com/papers/aktu-btech-sem-6-kcs-601-software-engineering-2022-23,https://ryzenstudy.com/uploads/1774896922307-SOFTWARE_ENGINEERING_KCS_601.pdf,BTech\Sem-06\2022-23\BTech__Sem06__2022-23__KCS-601__kcs-601-software-engineering.pdf,BTech__Sem06__2022-23__KCS-601__kcs-601-software-engineering.pdf,OK,2026-09-07 09:13:35
BTech,6,2021-22,KCS063,Real Time Systems,https://ryzenstudy.com/papers/aktu-btech-sem-6-kcs063-real-time-systems-2021-22,https://ryzenstudy.com/uploads/1774896894057-REAL_TIME_SYSTEMS_KCS063.pdf,BTech\Sem-06\2021-22\BTech__Sem06__2021-22__KCS063__kcs063-real-time-systems.pdf,BTech__Sem06__2021-22__KCS063__kcs063-real-time-systems.pdf,OK,2026-09-07 09:13:38
BTech,6,2021-22,KECZ602,Control System,https://ryzenstudy.com/papers/aktu-btech-sem-6-kecz602-control-system-2021-22,https://ryzenstudy.com/uploads/1774896891399-CONTROL_SYSTEM_KECZ602.pdf,BTech\Sem-06\2021-22\BTech__Sem06__2021-22__KECZ602__kecz602-control-system.pdf,BTech__Sem06__2021-22__KECZ602__kecz602-control-system.pdf,OK,2026-09-07 09:13:41
BTech,6,2021-22,KME602,Machine Design,https://ryzenstudy.com/papers/aktu-btech-sem-6-machine-design-2021-22,https://ryzenstudy.com/uploads/1774896890768-MACHINE_DESIGN_KME602.pdf,BTech\Sem-06\2021-22\BTech__Sem06__2021-22__KME602__machine-design.pdf,BTech__Sem06__2021-22__KME602__machine-design.pdf,OK,2026-09-07 09:13:44
BTech,6,2022-23,KME-602,Machine Design,https://ryzenstudy.com/papers/aktu-btech-sem-6-machine-design-2022-23,https://ryzenstudy.com/uploads/1774896922623-MACHINE_DESIGN_KME_602.pdf,BTech\Sem-06\2022-23\BTech__Sem06__2022-23__KME-602__machine-design.pdf,BTech__Sem06__2022-23__KME-602__machine-design.pdf,OK,2026-09-07 09:13:46
BTech,6,2022-23,KAI-601,Machine Learning Techniques,https://ryzenstudy.com/papers/aktu-btech-sem-6-machine-learning-techniques-2022-23,https://ryzenstudy.com/uploads/1774896923229-MACHINE_LEARNING_TECHNIQUES_KAI_601.pdf,BTech\Sem-06\2022-23\BTech__Sem06__2022-23__KAI-601__machine-learning-techniques.pdf,BTech__Sem06__2022-23__KAI-601__machine-learning-techniques.pdf,OK,2026-09-07 09:13:49
BTech,6,2023-24,KAI601,Machine Learning Techniques,https://ryzenstudy.com/papers/aktu-btech-sem-6-machine-learning-techniques-2023-24,https://ryzenstudy.com/uploads/1774897116374-KAI601_MACHINE_LEARNING_TECHNIQUES.pdf,BTech\Sem-06\2023-24\BTech__Sem06__2023-24__KAI601__machine-learning-techniques.pdf,BTech__Sem06__2023-24__KAI601__machine-learning-techniques.pdf,OK,2026-09-07 09:13:53
BTech,6,2024-25,BCDS062,Machine Learning Techniques,https://ryzenstudy.com/papers/aktu-btech-sem-6-machine-learning-techniques-2024-25,https://ryzenstudy.com/uploads/1774897139554-BCDS062_MACHINE_LEARNING_TECHNIQUES.pdf,BTech\Sem-06\2024-25\BTech__Sem06__2024-25__BCDS062__machine-learning-techniques.pdf,BTech__Sem06__2024-25__BCDS062__machine-learning-techniques.pdf,OK,2026-09-07 09:13:55
BTech,6,2021-22,KEC061,Microcontroller Embedded System Design,https://ryzenstudy.com/papers/aktu-btech-sem-6-microcontroller-embedded-system-design-2021-22,https://ryzenstudy.com/uploads/1774896891470-MICROCONTROLLER_EMBEDDED_SYSTEM_DESIGN_KEC061.pdf,BTech\Sem-06\2021-22\BTech__Sem06__2021-22__KEC061__microcontroller-embedded-system-design.pdf,BTech__Sem06__2021-22__KEC061__microcontroller-embedded-system-design.pdf,OK,2026-09-07 09:13:58
BTech,6,2021-22,KECZ062,Microcontroller For Embedded System Design,https://ryzenstudy.com/papers/aktu-btech-sem-6-microcontroller-for-embedded-system-design-2021-22,https://ryzenstudy.com/uploads/1774896894128-MICROCONTROLLER_FOR_EMBEDDED_SYSTEM_DESIGN_KECZ062.pdf,BTech\Sem-06\2021-22\BTech__Sem06__2021-22__KECZ062__microcontroller-for-embedded-system-design.pdf,BTech__Sem06__2021-22__KECZ062__microcontroller-for-embedded-system-design.pdf,OK,2026-09-07 09:14:01
BTech,6,2022-23,KEC-061,Microcontrollers Embedded System,https://ryzenstudy.com/papers/aktu-btech-sem-6-microcontrollers-embedded-system-2022-23,https://ryzenstudy.com/uploads/1774896922027-MICROCONTROLLERS_EMBEDDED_SYSTEM_KEC_061.pdf,BTech\Sem-06\2022-23\BTech__Sem06__2022-23__KEC-061__microcontrollers-embedded-system.pdf,BTech__Sem06__2022-23__KEC-061__microcontrollers-embedded-system.pdf,OK,2026-09-07 09:14:04
BTech,6,2024-25,BEE602,Microprocessor,https://ryzenstudy.com/papers/aktu-btech-sem-6-microprocessor-2024-25,https://ryzenstudy.com/uploads/1774897140149-BEE602_MICROPROCESSOR.pdf,BTech\Sem-06\2024-25\BTech__Sem06__2024-25__BEE602__microprocessor.pdf,BTech__Sem06__2024-25__BEE602__microprocessor.pdf,OK,2026-09-07 09:14:07
BTech,6,2023-24,KEE602,Microprocessor And Microcontroller,https://ryzenstudy.com/papers/aktu-btech-sem-6-microprocessor-and-microcontroller-2023-24,https://ryzenstudy.com/uploads/1774897111853-KEE602_MICROPROCESSOR_AND_MICROCONTROLLER.pdf,BTech\Sem-06\2023-24\BTech__Sem06__2023-24__KEE602__microprocessor-and-microcontroller.pdf,BTech__Sem06__2023-24__KEE602__microprocessor-and-microcontroller.pdf,OK,2026-09-07 09:14:12
BTech,6,2024-25,BEC064,Microwave Engineering,https://ryzenstudy.com/papers/aktu-btech-sem-6-microwave-engineering-2024-25,https://ryzenstudy.com/uploads/1774897144412-BEC064_MICROWAVE_ENGINEERING.pdf,BTech\Sem-06\2024-25\BTech__Sem06__2024-25__BEC064__microwave-engineering.pdf,BTech__Sem06__2024-25__BEC064__microwave-engineering.pdf,OK,2026-09-07 09:14:18
BTech,6,2021-22,KME061,Non Destructive Testing,https://ryzenstudy.com/papers/aktu-btech-sem-6-non-destructive-testing-2021-22,https://ryzenstudy.com/uploads/1774896893278-NON_DESTRUCTIVE_TESTING_KME061.pdf,BTech\Sem-06\2021-22\BTech__Sem06__2021-22__KME061__non-destructive-testing.pdf,BTech__Sem06__2021-22__KME061__non-destructive-testing.pdf,OK,2026-09-07 09:14:23
BTech,6,2023-24,KME061,Nondestructive Testing,https://ryzenstudy.com/papers/aktu-btech-sem-6-nondestructive-testing-2023-24,https://ryzenstudy.com/uploads/1774897111970-KME061_NONDESTRUCTIVE_TESTING.pdf,BTech\Sem-06\2023-24\BTech__Sem06__2023-24__KME061__nondestructive-testing.pdf,BTech__Sem06__2023-24__KME061__nondestructive-testing.pdf,OK,2026-09-07 09:14:29
BTech,6,2021-22,KOE064,Object Oriented Programming,https://ryzenstudy.com/papers/aktu-btech-sem-6-object-oriented-programming-2021-22,https://ryzenstudy.com/uploads/1774896892836-OBJECT_ORIENTED_PROGRAMMING_KOE064.pdf,BTech\Sem-06\2021-22\BTech__Sem06__2021-22__KOE064__object-oriented-programming.pdf,BTech__Sem06__2021-22__KOE064__object-oriented-programming.pdf,OK,2026-09-07 09:14:33
BTech,6,2022-23,KOE-064,Object Oriented Programming,https://ryzenstudy.com/papers/aktu-btech-sem-6-object-oriented-programming-2022-23,https://ryzenstudy.com/uploads/1774896922885-OBJECT_ORIENTED_PROGRAMMING_KOE_064.pdf,BTech\Sem-06\2022-23\BTech__Sem06__2022-23__KOE-064__object-oriented-programming.pdf,BTech__Sem06__2022-23__KOE-064__object-oriented-programming.pdf,OK,2026-09-07 09:14:36
BTech,6,2023-24,KOE064,Object Oriented Programming,https://ryzenstudy.com/papers/aktu-btech-sem-6-object-oriented-programming-2023-24,https://ryzenstudy.com/uploads/1774897112340-KOE064_OBJECT_ORIENTED_PROGRAMMING.pdf,BTech\Sem-06\2023-24\BTech__Sem06__2023-24__KOE064__object-oriented-programming.pdf,BTech__Sem06__2023-24__KOE064__object-oriented-programming.pdf,OK,2026-09-07 09:14:39
BTech,6,2024-25,BOE064,Object Oriented Programming,https://ryzenstudy.com/papers/aktu-btech-sem-6-object-oriented-programming-2024-25,https://ryzenstudy.com/uploads/1774897144071-BOE064_OBJECT_ORIENTED_PROGRAMMING.pdf,BTech\Sem-06\2024-25\BTech__Sem06__2024-25__BOE064__object-oriented-programming.pdf,BTech__Sem06__2024-25__BOE064__object-oriented-programming.pdf,OK,2026-09-07 09:14:42
BTech,6,2022-23,KEE-603,Power Electronics,https://ryzenstudy.com/papers/aktu-btech-sem-6-power-electronics-2022-23,https://ryzenstudy.com/uploads/1774896923111-POWER_ELECTRONICS_KEE_603.pdf,BTech\Sem-06\2022-23\BTech__Sem06__2022-23__KEE-603__power-electronics.pdf,BTech__Sem06__2022-23__KEE-603__power-electronics.pdf,OK,2026-09-07 09:14:44
BTech,6,2024-25,BEE603,Power Electronics,https://ryzenstudy.com/papers/aktu-btech-sem-6-power-electronics-2024-25,https://ryzenstudy.com/uploads/1774897142828-BEE603_POWER_ELECTRONICS.pdf,BTech\Sem-06\2024-25\BTech__Sem06__2024-25__BEE603__power-electronics.pdf,BTech__Sem06__2024-25__BEE603__power-electronics.pdf,OK,2026-09-07 09:14:47
BTech,6,2022-23,KEE-601,Power System Ii,https://ryzenstudy.com/papers/aktu-btech-sem-6-power-system-ii-2022-23,https://ryzenstudy.com/uploads/1774896921117-POWER_SYSTEM_II_KEE_601.pdf,BTech\Sem-06\2022-23\BTech__Sem06__2022-23__KEE-601__power-system-ii.pdf,BTech__Sem06__2022-23__KEE-601__power-system-ii.pdf,OK,2026-09-07 09:14:50
BTech,6,2023-24,KEE601,Power System Ii,https://ryzenstudy.com/papers/aktu-btech-sem-6-power-system-ii-2023-24,https://ryzenstudy.com/uploads/1774897115902-KEE601_POWER_SYSTEM_II.pdf,BTech\Sem-06\2023-24\BTech__Sem06__2023-24__KEE601__power-system-ii.pdf,BTech__Sem06__2023-24__KEE601__power-system-ii.pdf,OK,2026-09-07 09:14:53
BTech,6,2024-25,BEE601,Power System Ii,https://ryzenstudy.com/papers/aktu-btech-sem-6-power-system-ii-2024-25,https://ryzenstudy.com/uploads/1774897142943-BEE601_POWER_SYSTEM_II.pdf,BTech\Sem-06\2024-25\BTech__Sem06__2024-25__BEE601__power-system-ii.pdf,BTech__Sem06__2024-25__BEE601__power-system-ii.pdf,OK,2026-09-07 09:14:56
BTech,6,2024-25,BOE061,Quality Control Reliability,https://ryzenstudy.com/papers/aktu-btech-sem-6-quality-control-reliability-2024-25,https://ryzenstudy.com/uploads/1774897142485-BOE061_QUALITY_CONTROL_RELIABILITY.pdf,BTech\Sem-06\2024-25\BTech__Sem06__2024-25__BOE061__quality-control-reliability.pdf,BTech__Sem06__2024-25__BOE061__quality-control-reliability.pdf,OK,2026-09-07 09:14:59
BTech,6,2022-23,KCS-063,Real Time System,https://ryzenstudy.com/papers/aktu-btech-sem-6-real-time-system-2022-23,https://ryzenstudy.com/uploads/1774896922939-REAL_TIME_SYSTEM_KCS_063.pdf,BTech\Sem-06\2022-23\BTech__Sem06__2022-23__KCS-063__real-time-system.pdf,BTech__Sem06__2022-23__KCS-063__real-time-system.pdf,OK,2026-09-07 09:15:02
BTech,6,2021-22,KOE061,Real Time Systems,https://ryzenstudy.com/papers/aktu-btech-sem-6-real-time-systems-2021-22,https://ryzenstudy.com/uploads/1774896893043-REAL_TIME_SYSTEMS_KOE061.pdf,BTech\Sem-06\2021-22\BTech__Sem06__2021-22__KOE061__real-time-systems.pdf,BTech__Sem06__2021-22__KOE061__real-time-systems.pdf,OK,2026-09-07 09:15:05
BTech,6,2022-23,KOE-061,Real Time Systems,https://ryzenstudy.com/papers/aktu-btech-sem-6-real-time-systems-2022-23,https://ryzenstudy.com/uploads/1774896924872-REAL_TIME_SYSTEMS_KOE_061.pdf,BTech\Sem-06\2022-23\BTech__Sem06__2022-23__KOE-061__real-time-systems.pdf,BTech__Sem06__2022-23__KOE-061__real-time-systems.pdf,OK,2026-09-07 09:15:09
BTech,6,2023-24,KOE061,Real Time Systems,https://ryzenstudy.com/papers/aktu-btech-sem-6-real-time-systems-2023-24,https://ryzenstudy.com/uploads/1774897112217-KOE061_REAL_TIME_SYSTEMS.pdf,BTech\Sem-06\2023-24\BTech__Sem06__2023-24__KOE061__real-time-systems.pdf,BTech__Sem06__2023-24__KOE061__real-time-systems.pdf,OK,2026-09-07 09:15:11
BTech,6,2021-22,KME601,Refrigeration And Air Conditioning,https://ryzenstudy.com/papers/aktu-btech-sem-6-refrigeration-and-air-conditioning-2021-22,https://ryzenstudy.com/uploads/1774896892650-REFRIGERATION_AND_AIR_CONDITIONING_KME601.pdf,BTech\Sem-06\2021-22\BTech__Sem06__2021-22__KME601__refrigeration-and-air-conditioning.pdf,BTech__Sem06__2021-22__KME601__refrigeration-and-air-conditioning.pdf,OK,2026-09-07 09:15:16
BTech,6,2022-23,KME-601,Refrigeration And Air Conditioning,https://ryzenstudy.com/papers/aktu-btech-sem-6-refrigeration-and-air-conditioning-2022-23,https://ryzenstudy.com/uploads/1774896924807-REFRIGERATION_AND_AIR_CONDITIONING_KME_601.pdf,BTech\Sem-06\2022-23\BTech__Sem06__2022-23__KME-601__refrigeration-and-air-conditioning.pdf,BTech__Sem06__2022-23__KME-601__refrigeration-and-air-conditioning.pdf,OK,2026-09-07 09:15:19
BTech,6,2023-24,KME601,Refrigeration And Air Conditioning,https://ryzenstudy.com/papers/aktu-btech-sem-6-refrigeration-and-air-conditioning-2023-24,https://ryzenstudy.com/uploads/1774897116493-KME601_REFRIGERATION_AND_AIR_CONDITIONING.pdf,BTech\Sem-06\2023-24\BTech__Sem06__2023-24__KME601__refrigeration-and-air-conditioning.pdf,BTech__Sem06__2023-24__KME601__refrigeration-and-air-conditioning.pdf,OK,2026-09-07 09:15:23
BTech,6,2024-25,BME601,Refrigeration And Air Conditioning,https://ryzenstudy.com/papers/aktu-btech-sem-6-refrigeration-and-air-conditioning-2024-25,https://ryzenstudy.com/uploads/1774897141804-BME601_REFRIGERATION_AND_AIR_CONDITIONING.pdf,BTech\Sem-06\2024-25\BTech__Sem06__2024-25__BME601__refrigeration-and-air-conditioning.pdf,BTech__Sem06__2024-25__BME601__refrigeration-and-air-conditioning.pdf,OK,2026-09-07 09:15:26
BTech,6,2022-23,KCE-063,Repair And Rehabilation Of Structure,https://ryzenstudy.com/papers/aktu-btech-sem-6-repair-and-rehabilation-of-structure-2022-23,https://ryzenstudy.com/uploads/1774896922370-REPAIR_AND_REHABILATION_OF_STRUCTURE_KCE_063.pdf,BTech\Sem-06\2022-23\BTech__Sem06__2022-23__KCE-063__repair-and-rehabilation-of-structure.pdf,BTech__Sem06__2022-23__KCE-063__repair-and-rehabilation-of-structure.pdf,OK,2026-09-07 09:15:29
BTech,6,2021-22,KCE063,Repair And Rehabilitation Of Structures,https://ryzenstudy.com/papers/aktu-btech-sem-6-repair-and-rehabilitation-of-structures-2021-22,https://ryzenstudy.com/uploads/1774896890873-REPAIR_AND_REHABILITATION_OF_STRUCTURES_KCE063.pdf,BTech\Sem-06\2021-22\BTech__Sem06__2021-22__KCE063__repair-and-rehabilitation-of-structures.pdf,BTech__Sem06__2021-22__KCE063__repair-and-rehabilitation-of-structures.pdf,OK,2026-09-07 09:15:32
BTech,6,2023-24,KCE063,Repair And Rehabilitation Of Structures,https://ryzenstudy.com/papers/aktu-btech-sem-6-repair-and-rehabilitation-of-structures-2023-24,https://ryzenstudy.com/uploads/1774897112866-KCE063_REPAIR_AND_REHABILITATION_OF_STRUCTURES.pdf,BTech\Sem-06\2023-24\BTech__Sem06__2023-24__KCE063__repair-and-rehabilitation-of-structures.pdf,BTech__Sem06__2023-24__KCE063__repair-and-rehabilitation-of-structures.pdf,OK,2026-09-07 09:15:35
BTech,6,2024-25,BCE063,Repair And Rehabilitation Of Structures,https://ryzenstudy.com/papers/aktu-btech-sem-6-repair-and-rehabilitation-of-structures-2024-25,https://ryzenstudy.com/uploads/1774897138211-BCE063_REPAIR_AND_REHABILITATION_OF_STRUCTURES.pdf,BTech\Sem-06\2024-25\BTech__Sem06__2024-25__BCE063__repair-and-rehabilitation-of-structures.pdf,BTech__Sem06__2024-25__BCE063__repair-and-rehabilitation-of-structures.pdf,OK,2026-09-07 09:15:38
BTech,6,2024-25,BCE062,River Engineering 1,https://ryzenstudy.com/papers/aktu-btech-sem-6-river-engineering-1-2024-25,https://ryzenstudy.com/uploads/1774897139172-BCE062_RIVER_ENGINEERING_1.pdf,BTech\Sem-06\2024-25\BTech__Sem06__2024-25__BCE062__river-engineering-1.pdf,BTech__Sem06__2024-25__BCE062__river-engineering-1.pdf,OK,2026-09-07 09:15:41
BTech,6,2021-22,KCE062,River Engineering,https://ryzenstudy.com/papers/aktu-btech-sem-6-river-engineering-2021-22,https://ryzenstudy.com/uploads/1774896894195-RIVER_ENGINEERING_KCE062.pdf,BTech\Sem-06\2021-22\BTech__Sem06__2021-22__KCE062__river-engineering.pdf,BTech__Sem06__2021-22__KCE062__river-engineering.pdf,OK,2026-09-07 09:15:45
BTech,6,2022-23,KCE-062,River Engineering,https://ryzenstudy.com/papers/aktu-btech-sem-6-river-engineering-2022-23,https://ryzenstudy.com/uploads/1774896924132-RIVER_ENGINEERING_KCE_062.pdf,BTech\Sem-06\2022-23\BTech__Sem06__2022-23__KCE-062__river-engineering.pdf,BTech__Sem06__2022-23__KCE-062__river-engineering.pdf,OK,2026-09-07 09:15:48
BTech,6,2023-24,KCE062,River Engineering,https://ryzenstudy.com/papers/aktu-btech-sem-6-river-engineering-2023-24,https://ryzenstudy.com/uploads/1774897117122-KCE062_RIVER_ENGINEERING.pdf,BTech\Sem-06\2023-24\BTech__Sem06__2023-24__KCE062__river-engineering.pdf,BTech__Sem06__2023-24__KCE062__river-engineering.pdf,OK,2026-09-07 09:15:51
BTech,6,2024-25,BCE062,River Engineering,https://ryzenstudy.com/papers/aktu-btech-sem-6-river-engineering-2024-25,https://ryzenstudy.com/uploads/1774897138062-BCE062_RIVER_ENGINEERING.pdf,BTech\Sem-06\2024-25\BTech__Sem06__2024-25__BCE062__river-engineering.pdf,BTech__Sem06__2024-25__BCE062__river-engineering.pdf,OK,2026-09-07 09:15:54
BTech,6,2021-22,KEC062,Satellite Communication,https://ryzenstudy.com/papers/aktu-btech-sem-6-satellite-communication-2021-22,https://ryzenstudy.com/uploads/1774896893679-SATELLITE_COMMUNICATION_KEC062.pdf,BTech\Sem-06\2021-22\BTech__Sem06__2021-22__KEC062__satellite-communication.pdf,BTech__Sem06__2021-22__KEC062__satellite-communication.pdf,OK,2026-09-07 09:15:57
BTech,6,2022-23,KEC-062,Satellite Communication,https://ryzenstudy.com/papers/aktu-btech-sem-6-satellite-communication-2022-23,https://ryzenstudy.com/uploads/1774896923412-SATELLITE_COMMUNICATION_KEC_062.pdf,BTech\Sem-06\2022-23\BTech__Sem06__2022-23__KEC-062__satellite-communication.pdf,BTech__Sem06__2022-23__KEC-062__satellite-communication.pdf,OK,2026-09-07 09:16:00
BTech,6,2024-25,BEC061,Satellite Communication,https://ryzenstudy.com/papers/aktu-btech-sem-6-satellite-communication-2024-25,https://ryzenstudy.com/uploads/1774897141701-BEC061_SATELLITE_COMMUNICATION.pdf,BTech\Sem-06\2024-25\BTech__Sem06__2024-25__BEC061__satellite-communication.pdf,BTech__Sem06__2024-25__BEC061__satellite-communication.pdf,OK,2026-09-07 09:16:03
BTech,6,2024-25,BCAM061,Social Media Analytics And Data Analysis,https://ryzenstudy.com/papers/aktu-btech-sem-6-social-media-analytics-and-data-analysis-2024-25,https://ryzenstudy.com/uploads/1774897142596-BCAM061_SOCIAL_MEDIA_ANALYTICS_AND_DATA_ANALYSIS.pdf,BTech\Sem-06\2024-25\BTech__Sem06__2024-25__BCAM061__social-media-analytics-and-data-analysis.pdf,BTech__Sem06__2024-25__BCAM061__social-media-analytics-and-data-analysis.pdf,OK,2026-09-07 09:16:05
BTech,6,2021-22,KCS601,Software Engineering,https://ryzenstudy.com/papers/aktu-btech-sem-6-software-engineering-2021-22,https://ryzenstudy.com/uploads/1774896891541-SOFTWARE_ENGINEERING_KCS601.pdf,BTech\Sem-06\2021-22\BTech__Sem06__2021-22__KCS601__software-engineering.pdf,BTech__Sem06__2021-22__KCS601__software-engineering.pdf,OK,2026-09-07 09:16:08
BTech,6,2022-23,KDS-063,Software Engineering,https://ryzenstudy.com/papers/aktu-btech-sem-6-software-engineering-2022-23,https://ryzenstudy.com/uploads/1774896922198-SOFTWARE_ENGINEERING_KDS_063.pdf,BTech\Sem-06\2022-23\BTech__Sem06__2022-23__KDS-063__software-engineering.pdf,BTech__Sem06__2022-23__KDS-063__software-engineering.pdf,OK,2026-09-07 09:16:11
BTech,6,2023-24,KCS601,Software Engineering,https://ryzenstudy.com/papers/aktu-btech-sem-6-software-engineering-2023-24,https://ryzenstudy.com/uploads/1774897112576-KCS601_SOFTWARE_ENGINEERING.pdf,BTech\Sem-06\2023-24\BTech__Sem06__2023-24__KCS601__software-engineering.pdf,BTech__Sem06__2023-24__KCS601__software-engineering.pdf,OK,2026-09-07 09:16:14
BTech,6,2024-25,BCS601,Software Engineering,https://ryzenstudy.com/papers/aktu-btech-sem-6-software-engineering-2024-25,https://ryzenstudy.com/uploads/1774897137943-BCS601_SOFTWARE_ENGINEERING.pdf,BTech\Sem-06\2024-25\BTech__Sem06__2024-25__BCS601__software-engineering.pdf,BTech__Sem06__2024-25__BCS601__software-engineering.pdf,OK,2026-09-07 09:16:17
BTech,6,2021-22,KOE068,Software Project Management,https://ryzenstudy.com/papers/aktu-btech-sem-6-software-project-management-2021-22,https://ryzenstudy.com/uploads/1774896891962-SOFTWARE_PROJECT_MANAGEMENT_KOE068.pdf,BTech\Sem-06\2021-22\BTech__Sem06__2021-22__KOE068__software-project-management.pdf,BTech__Sem06__2021-22__KOE068__software-project-management.pdf,OK,2026-09-07 09:16:20
BTech,6,2022-23,KOE-068,Software Project Management,https://ryzenstudy.com/papers/aktu-btech-sem-6-software-project-management-2022-23,https://ryzenstudy.com/uploads/1774896923785-SOFTWARE_PROJECT_MANAGEMENT_KOE_068.pdf,BTech\Sem-06\2022-23\BTech__Sem06__2022-23__KOE-068__software-project-management.pdf,BTech__Sem06__2022-23__KOE-068__software-project-management.pdf,OK,2026-09-07 09:16:23
BTech,6,2023-24,KOE068,Software Project Management,https://ryzenstudy.com/papers/aktu-btech-sem-6-software-project-management-2023-24,https://ryzenstudy.com/uploads/1774897116988-KOE068_SOFTWARE_PROJECT_MANAGEMENT.pdf,BTech\Sem-06\2023-24\BTech__Sem06__2023-24__KOE068__software-project-management.pdf,BTech__Sem06__2023-24__KOE068__software-project-management.pdf,OK,2026-09-07 09:16:26
BTech,6,2024-25,BOE068,Software Project Management,https://ryzenstudy.com/papers/aktu-btech-sem-6-software-project-management-2024-25,https://ryzenstudy.com/uploads/1774897140023-BOE068_SOFTWARE_PROJECT_MANAGEMENT.pdf,BTech\Sem-06\2024-25\BTech__Sem06__2024-25__BOE068__software-project-management.pdf,BTech__Sem06__2024-25__BOE068__software-project-management.pdf,OK,2026-09-07 09:16:28
BTech,6,2022-23,KEE-061,Special Electrical Machines,https://ryzenstudy.com/papers/aktu-btech-sem-6-special-electrical-machines-2022-23,https://ryzenstudy.com/uploads/1774896922994-SPECIAL_ELECTRICAL_MACHINES_KEE_061.pdf,BTech\Sem-06\2022-23\BTech__Sem06__2022-23__KEE-061__special-electrical-machines.pdf,BTech__Sem06__2022-23__KEE-061__special-electrical-machines.pdf,OK,2026-09-07 09:16:31
BTech,6,2024-25,BEE061,Special Electrical Machines,https://ryzenstudy.com/papers/aktu-btech-sem-6-special-electrical-machines-2024-25,https://ryzenstudy.com/uploads/1774897137496-BEE061_SPECIAL_ELECTRICAL_MACHINES.pdf,BTech\Sem-06\2024-25\BTech__Sem06__2024-25__BEE061__special-electrical-machines.pdf,BTech__Sem06__2024-25__BEE061__special-electrical-machines.pdf,OK,2026-09-07 09:16:34
BTech,6,2021-22,KME603,Theory Of Machine,https://ryzenstudy.com/papers/aktu-btech-sem-6-theory-of-machine-2021-22,https://ryzenstudy.com/uploads/1774896893760-THEORY_OF_MACHINE_KME603.pdf,BTech\Sem-06\2021-22\BTech__Sem06__2021-22__KME603__theory-of-machine.pdf,BTech__Sem06__2021-22__KME603__theory-of-machine.pdf,OK,2026-09-07 09:16:37
BTech,6,2022-23,KME-603,Theory Of Machine,https://ryzenstudy.com/papers/aktu-btech-sem-6-theory-of-machine-2022-23,https://ryzenstudy.com/uploads/1774896924212-THEORY_OF_MACHINE_KME_603.pdf,BTech\Sem-06\2022-23\BTech__Sem06__2022-23__KME-603__theory-of-machine.pdf,BTech__Sem06__2022-23__KME-603__theory-of-machine.pdf,OK,2026-09-07 09:16:40
BTech,6,2023-24,KME603,Theory Of Machine,https://ryzenstudy.com/papers/aktu-btech-sem-6-theory-of-machine-2023-24,https://ryzenstudy.com/uploads/1774897116750-KME603_THEORY_OF_MACHINE.pdf,BTech\Sem-06\2023-24\BTech__Sem06__2023-24__KME603__theory-of-machine.pdf,BTech__Sem06__2023-24__KME603__theory-of-machine.pdf,OK,2026-09-07 09:16:43
BTech,6,2024-25,BME603,Theory Of Machine,https://ryzenstudy.com/papers/aktu-btech-sem-6-theory-of-machine-2024-25,https://ryzenstudy.com/uploads/1774897138353-BME603_THEORY_OF_MACHINE.pdf,BTech\Sem-06\2024-25\BTech__Sem06__2024-25__BME603__theory-of-machine.pdf,BTech__Sem06__2024-25__BME603__theory-of-machine.pdf,OK,2026-09-07 09:16:46
BTech,6,2021-22,KME604,Tool Design,https://ryzenstudy.com/papers/aktu-btech-sem-6-tool-design-2021-22,https://ryzenstudy.com/uploads/1774896893611-TOOL_DESIGN_KME604.pdf,BTech\Sem-06\2021-22\BTech__Sem06__2021-22__KME604__tool-design.pdf,BTech__Sem06__2021-22__KME604__tool-design.pdf,OK,2026-09-07 09:16:49
BTech,6,2022-23,KME-604,Tool Design,https://ryzenstudy.com/papers/aktu-btech-sem-6-tool-design-2022-23,https://ryzenstudy.com/uploads/1774896923168-TOOL_DESIGN_KME_604.pdf,BTech\Sem-06\2022-23\BTech__Sem06__2022-23__KME-604__tool-design.pdf,BTech__Sem06__2022-23__KME-604__tool-design.pdf,OK,2026-09-07 09:16:52
BTech,6,2023-24,KME604,Tool Design,https://ryzenstudy.com/papers/aktu-btech-sem-6-tool-design-2023-24,https://ryzenstudy.com/uploads/1774897115403-KME604_TOOL_DESIGN.pdf,BTech\Sem-06\2023-24\BTech__Sem06__2023-24__KME604__tool-design.pdf,BTech__Sem06__2023-24__KME604__tool-design.pdf,OK,2026-09-07 09:16:55
BTech,6,2022-23,KCE-602,Transporation Engineering,https://ryzenstudy.com/papers/aktu-btech-sem-6-transporation-engineering-2022-23,https://ryzenstudy.com/uploads/1774896924668-TRANSPORATION_ENGINEERING_KCE_602.pdf,BTech\Sem-06\2022-23\BTech__Sem06__2022-23__KCE-602__transporation-engineering.pdf,BTech__Sem06__2022-23__KCE-602__transporation-engineering.pdf,OK,2026-09-07 09:16:58
BTech,6,2021-22,KCE602,Transportation Engineering,https://ryzenstudy.com/papers/aktu-btech-sem-6-transportation-engineering-2021-22,https://ryzenstudy.com/uploads/1774896894476-TRANSPORTATION_ENGINEERING_KCE602.pdf,BTech\Sem-06\2021-22\BTech__Sem06__2021-22__KCE602__transportation-engineering.pdf,BTech__Sem06__2021-22__KCE602__transportation-engineering.pdf,OK,2026-09-07 09:17:00
BTech,6,2023-24,KCE602,Transportation Engineering,https://ryzenstudy.com/papers/aktu-btech-sem-6-transportation-engineering-2023-24,https://ryzenstudy.com/uploads/1774897112981-KCE602_TRANSPORTATION_ENGINEERING.pdf,BTech\Sem-06\2023-24\BTech__Sem06__2023-24__KCE602__transportation-engineering.pdf,BTech__Sem06__2023-24__KCE602__transportation-engineering.pdf,OK,2026-09-07 09:17:04
BTech,6,2024-25,BCE602,Transportation Engineering,https://ryzenstudy.com/papers/aktu-btech-sem-6-transportation-engineering-2024-25,https://ryzenstudy.com/uploads/1774897138547-BCE602_TRANSPORTATION_ENGINEERING.pdf,BTech\Sem-06\2024-25\BTech__Sem06__2024-25__BCE602__transportation-engineering.pdf,BTech__Sem06__2024-25__BCE602__transportation-engineering.pdf,OK,2026-09-07 09:17:07
BTech,6,2021-22,KME063,Tribology,https://ryzenstudy.com/papers/aktu-btech-sem-6-tribology-2021-22,https://ryzenstudy.com/uploads/1774896893981-TRIBOLOGY_KME063.pdf,BTech\Sem-06\2021-22\BTech__Sem06__2021-22__KME063__tribology.pdf,BTech__Sem06__2021-22__KME063__tribology.pdf,OK,2026-09-07 09:17:10
BTech,6,2023-24,KME063,Tribology,https://ryzenstudy.com/papers/aktu-btech-sem-6-tribology-2023-24,https://ryzenstudy.com/uploads/1774897116257-KME063_TRIBOLOGY.pdf,BTech\Sem-06\2023-24\BTech__Sem06__2023-24__KME063__tribology.pdf,BTech__Sem06__2023-24__KME063__tribology.pdf,OK,2026-09-07 09:17:13
BTech,6,2024-25,BME063,Tribology,https://ryzenstudy.com/papers/aktu-btech-sem-6-tribology-2024-25,https://ryzenstudy.com/uploads/1774897140622-BME063_TRIBOLOGY.pdf,BTech\Sem-06\2024-25\BTech__Sem06__2024-25__BME063__tribology.pdf,BTech__Sem06__2024-25__BME063__tribology.pdf,OK,2026-09-07 09:17:16
BTech,6,2021-22,KOE069,Understanding The Human Being Comprehensively Human Aspirations,https://ryzenstudy.com/papers/aktu-btech-sem-6-understanding-the-human-being-comprehensively-human-aspirations-2021-22,https://ryzenstudy.com/uploads/1774896893835-UNDERSTANDING_THE_HUMAN_BEING_COMPREHENSIVELY_HUMAN_ASPIRATIONS_KOE069.pdf,BTech\Sem-06\2021-22\BTech__Sem06__2021-22__KOE069__understanding-the-human-being-comprehensively-human-aspirations.pdf,BTech__Sem06__2021-22__KOE069__understanding-the-human-being-comprehensively-human-aspirations.pdf,OK,2026-09-07 09:17:18
BTech,6,2023-24,KOE069,Understanding The Human Being Comprehensively Human Aspirations And Its Fulfillment,https://ryzenstudy.com/papers/aktu-btech-sem-6-understanding-the-human-being-comprehensively-human-aspirations-and-its-fulfillment-2023-24,https://ryzenstudy.com/uploads/1774897113224-KOE069_UNDERSTANDING_THE_HUMAN_BEING_COMPREHENSIVELY_HUMAN_ASPIRATIONS_AND_ITS_FULFILLMENT.pdf,BTech\Sem-06\2023-24\BTech__Sem06__2023-24__KOE069__understanding-the-human-being-comprehensively-human-aspirations-and-its-fulfillment.pdf,BTech__Sem06__2023-24__KOE069__understanding-the-human-being-comprehensively-human-aspirations-and-its-fulfillment.pdf,OK,2026-09-07 09:17:21
BTech,6,2022-23,KOE-069,Understanding The Human Being Comprehensively Human Aspirations Its Fulfillment,https://ryzenstudy.com/papers/aktu-btech-sem-6-understanding-the-human-being-comprehensively-human-aspirations-its-fulfillment-2022-23,https://ryzenstudy.com/uploads/1774896922522-UNDERSTANDING_THE_HUMAN_BEING_COMPREHENSIVELY_HUMAN_ASPIRATIONS_ITS_FULFILLMENT_KOE_069.pdf,BTech\Sem-06\2022-23\BTech__Sem06__2022-23__KOE-069__understanding-the-human-being-comprehensively-human-aspirations-its-fulfillment.pdf,BTech__Sem06__2022-23__KOE-069__understanding-the-human-being-comprehensively-human-aspirations-its-fulfillment.pdf,OK,2026-09-07 09:17:24
BTech,6,2024-25,BOE069,Understanding The Human Being Comprehensivelyhuman Aspirations And Its Fulfillment,https://ryzenstudy.com/papers/aktu-btech-sem-6-understanding-the-human-being-comprehensivelyhuman-aspirations-and-its-fulfillment-2024-25,https://ryzenstudy.com/uploads/1774897141091-BOE069_UNDERSTANDING_THE_HUMAN_BEING_COMPREHENSIVELYHUMAN_ASPIRATIONS_AND_ITS_FULFILLMENT.pdf,BTech\Sem-06\2024-25\BTech__Sem06__2024-25__BOE069__understanding-the-human-being-comprehensivelyhuman-aspirations-and-its-fulfillment.pdf,BTech__Sem06__2024-25__BOE069__understanding-the-human-being-comprehensivelyhuman-aspirations-and-its-fulfillment.pdf,OK,2026-09-07 09:17:26
BTech,6,2021-22,KAU062,Vehicle Transport Management,https://ryzenstudy.com/papers/aktu-btech-sem-6-vehicle-transport-management-2021-22,https://ryzenstudy.com/uploads/1774896891893-VEHICLE_TRANSPORT_MANAGEMENT_KAU062.pdf,BTech\Sem-06\2021-22\BTech__Sem06__2021-22__KAU062__vehicle-transport-management.pdf,BTech__Sem06__2021-22__KAU062__vehicle-transport-management.pdf,OK,2026-09-07 09:17:29
BTech,6,2021-22,KCS602,Web Technology,https://ryzenstudy.com/papers/aktu-btech-sem-6-web-technology-2021-22,https://ryzenstudy.com/uploads/1774896893538-WEB_TECHNOLOGY_KCS602.pdf,BTech\Sem-06\2021-22\BTech__Sem06__2021-22__KCS602__web-technology.pdf,BTech__Sem06__2021-22__KCS602__web-technology.pdf,OK,2026-09-07 09:17:32
BTech,6,2022-23,KCS-602,Web Technology,https://ryzenstudy.com/papers/aktu-btech-sem-6-web-technology-2022-23,https://ryzenstudy.com/uploads/1774896921745-WEB_TECHNOLOGY_KCS_602.pdf,BTech\Sem-06\2022-23\BTech__Sem06__2022-23__KCS-602__web-technology.pdf,BTech__Sem06__2022-23__KCS-602__web-technology.pdf,OK,2026-09-07 09:17:35
BTech,7,2022-23,KME071,Additive Manufacturing,https://ryzenstudy.com/papers/aktu-btech-sem-7-additive-manufacturing-2022-23,https://ryzenstudy.com/uploads/1774897364269-ADDITIVE_MANUFACTURING_KME071.pdf,BTech\Sem-07\2022-23\BTech__Sem07__2022-23__KME071__additive-manufacturing.pdf,BTech__Sem07__2022-23__KME071__additive-manufacturing.pdf,OK,2026-09-07 09:17:39
BTech,7,2024-25,KME071,Additive Manufacturing,https://ryzenstudy.com/papers/aktu-btech-sem-7-additive-manufacturing-2024-25,https://ryzenstudy.com/uploads/1774897566969-KME071_ADDITIVE_MANUFACTURING.pdf,BTech\Sem-07\2024-25\BTech__Sem07__2024-25__KME071__additive-manufacturing.pdf,BTech__Sem07__2024-25__KME071__additive-manufacturing.pdf,OK,2026-09-07 09:17:42
BTech,7,2021-22,KCE-073,Advanced Concrete Design,https://ryzenstudy.com/papers/aktu-btech-sem-7-advanced-concrete-design-2021-22,https://ryzenstudy.com/uploads/1774897163873-ADVANCED_CONCRETE_DESIGN_KCE_073.pdf,BTech\Sem-07\2021-22\BTech__Sem07__2021-22__KCE-073__advanced-concrete-design.pdf,BTech__Sem07__2021-22__KCE-073__advanced-concrete-design.pdf,OK,2026-09-07 09:17:45
BTech,7,2022-23,KCE073,Advanced Concrete Design,https://ryzenstudy.com/papers/aktu-btech-sem-7-advanced-concrete-design-2022-23,https://ryzenstudy.com/uploads/1774897363176-ADVANCED_CONCRETE_DESIGN_KCE073.pdf,BTech\Sem-07\2022-23\BTech__Sem07__2022-23__KCE073__advanced-concrete-design.pdf,BTech__Sem07__2022-23__KCE073__advanced-concrete-design.pdf,OK,2026-09-07 09:17:48
BTech,7,2022-23,KEE070,Advanced Micro Processors Micro Controllers,https://ryzenstudy.com/papers/aktu-btech-sem-7-advanced-micro-processors-micro-controllers-2022-23,https://ryzenstudy.com/uploads/1774897363508-ADVANCED_MICRO_PROCESSORS_MICRO_CONTROLLERS_KEE070.pdf,BTech\Sem-07\2022-23\BTech__Sem07__2022-23__KEE070__advanced-micro-processors-micro-controllers.pdf,BTech__Sem07__2022-23__KEE070__advanced-micro-processors-micro-controllers.pdf,OK,2026-09-07 09:17:51
BTech,7,2024-25,KEE070,Advanced Micro Processors Micro Controllers,https://ryzenstudy.com/papers/aktu-btech-sem-7-advanced-micro-processors-micro-controllers-2024-25,https://ryzenstudy.com/uploads/1774897569099-KEE070_ADVANCED_MICRO_PROCESSORS_MICRO_CONTROLLERS.pdf,BTech\Sem-07\2024-25\BTech__Sem07__2024-25__KEE070__advanced-micro-processors-micro-controllers.pdf,BTech__Sem07__2024-25__KEE070__advanced-micro-processors-micro-controllers.pdf,OK,2026-09-07 09:17:54
BTech,7,2023-24,KOT078,Architecting Smart Iot Devices,https://ryzenstudy.com/papers/aktu-btech-sem-7-architecting-smart-iot-devices-2023-24,https://ryzenstudy.com/uploads/1774897446301-KOT078_ARCHITECTING_SMART_IOT_DEVICES.pdf,BTech\Sem-07\2023-24\BTech__Sem07__2023-24__KOT078__architecting-smart-iot-devices.pdf,BTech__Sem07__2023-24__KOT078__architecting-smart-iot-devices.pdf,OK,2026-09-07 09:17:57
BTech,7,2022-23,KCS071,Artificial Intelligence,https://ryzenstudy.com/papers/aktu-btech-sem-7-artificial-intelligence-2022-23,https://ryzenstudy.com/uploads/1774897367133-ARTIFICIAL_INTELLIGENCE_KCS071.pdf,BTech\Sem-07\2022-23\BTech__Sem07__2022-23__KCS071__artificial-intelligence.pdf,BTech__Sem07__2022-23__KCS071__artificial-intelligence.pdf,OK,2026-09-07 09:17:59
BTech,7,2023-24,KCS071,Artificial Intelligence,https://ryzenstudy.com/papers/aktu-btech-sem-7-artificial-intelligence-2023-24,https://ryzenstudy.com/uploads/1774897448521-KCS071_ARTIFICIAL_INTELLIGENCE.pdf,BTech\Sem-07\2023-24\BTech__Sem07__2023-24__KCS071__artificial-intelligence.pdf,BTech__Sem07__2023-24__KCS071__artificial-intelligence.pdf,OK,2026-09-07 09:18:02
BTech,7,2024-25,KDS071,Artificial Intelligence,https://ryzenstudy.com/papers/aktu-btech-sem-7-artificial-intelligence-2024-25,https://ryzenstudy.com/uploads/1774897568946-KDS071_ARTIFICIAL_INTELLIGENCE.pdf,BTech\Sem-07\2024-25\BTech__Sem07__2024-25__KDS071__artificial-intelligence.pdf,BTech__Sem07__2024-25__KDS071__artificial-intelligence.pdf,OK,2026-09-07 09:18:05
BTech,7,2025-26,BCS701,Artificial Intelligence,https://ryzenstudy.com/papers/aktu-btech-sem-7-artificial-intelligence-2025-26,https://ryzenstudy.com/uploads/1774897593590-BCS701_ARTIFICIAL_INTELLIGENCE.pdf,BTech\Sem-07\2025-26\BTech__Sem07__2025-26__BCS701__artificial-intelligence.pdf,BTech__Sem07__2025-26__BCS701__artificial-intelligence.pdf,OK,2026-09-07 09:18:08
BTech,7,2025-26,BCIT701,Cryptography And Network Security,https://ryzenstudy.com/papers/aktu-btech-sem-7-bcit701-cryptography-and-network-security-2025-26,https://ryzenstudy.com/uploads/1774897593096-BCIT701_CRYPTOGRAPHY_AND_NETWORK_SECURITY.pdf,BTech\Sem-07\2025-26\BTech__Sem07__2025-26__BCIT701__bcit701-cryptography-and-network-security.pdf,BTech__Sem07__2025-26__BCIT701__bcit701-cryptography-and-network-security.pdf,OK,2026-09-07 09:18:11
BTech,7,2022-23,KOE072,Bioeconomics,https://ryzenstudy.com/papers/aktu-btech-sem-7-bioeconomics-2022-23,https://ryzenstudy.com/uploads/1774897364738-BIOECONOMICS_KOE072.pdf,BTech\Sem-07\2022-23\BTech__Sem07__2022-23__KOE072__bioeconomics.pdf,BTech__Sem07__2022-23__KOE072__bioeconomics.pdf,OK,2026-09-07 09:18:14
BTech,7,2023-24,KOE072,Bioeconomics,https://ryzenstudy.com/papers/aktu-btech-sem-7-bioeconomics-2023-24,https://ryzenstudy.com/uploads/1774897447145-KOE072_BIOECONOMICS.pdf,BTech\Sem-07\2023-24\BTech__Sem07__2023-24__KOE072__bioeconomics.pdf,BTech__Sem07__2023-24__KOE072__bioeconomics.pdf,OK,2026-09-07 09:18:16
BTech,7,2024-25,KOE072,Bioeconomics,https://ryzenstudy.com/papers/aktu-btech-sem-7-bioeconomics-2024-25,https://ryzenstudy.com/uploads/1774897569986-KOE072_BIOECONOMICS.pdf,BTech\Sem-07\2024-25\BTech__Sem07__2024-25__KOE072__bioeconomics.pdf,BTech__Sem07__2024-25__KOE072__bioeconomics.pdf,OK,2026-09-07 09:18:19
BTech,7,2022-23,KCS714,Blockchain Architecture Design,https://ryzenstudy.com/papers/aktu-btech-sem-7-blockchain-architecture-design-2022-23,https://ryzenstudy.com/uploads/1774897366935-BLOCKCHAIN_ARCHITECTURE_DESIGN_KCS714.pdf,BTech\Sem-07\2022-23\BTech__Sem07__2022-23__KCS714__blockchain-architecture-design.pdf,BTech__Sem07__2022-23__KCS714__blockchain-architecture-design.pdf,OK,2026-09-07 09:18:22
BTech,7,2023-24,KCS714,Blockchain Architecture Design,https://ryzenstudy.com/papers/aktu-btech-sem-7-blockchain-architecture-design-2023-24,https://ryzenstudy.com/uploads/1774897446958-KCS714_BLOCKCHAIN_ARCHITECTURE_DESIGN.pdf,BTech\Sem-07\2023-24\BTech__Sem07__2023-24__KCS714__blockchain-architecture-design.pdf,BTech__Sem07__2023-24__KCS714__blockchain-architecture-design.pdf,OK,2026-09-07 09:18:25
BTech,7,2024-25,KCS714,Blockchain Architecture Design,https://ryzenstudy.com/papers/aktu-btech-sem-7-blockchain-architecture-design-2024-25,https://ryzenstudy.com/uploads/1774897569566-KCS714_BLOCKCHAIN_ARCHITECTURE_DESIGN.pdf,BTech\Sem-07\2024-25\BTech__Sem07__2024-25__KCS714__blockchain-architecture-design.pdf,BTech__Sem07__2024-25__KCS714__blockchain-architecture-design.pdf,OK,2026-09-07 09:18:27
BTech,7,2021-22,KCS-713,Cloud Computing,https://ryzenstudy.com/papers/aktu-btech-sem-7-cloud-computing-2021-22,https://ryzenstudy.com/uploads/1774897163519-CLOUD_COMPUTING_KCS_713.pdf,BTech\Sem-07\2021-22\BTech__Sem07__2021-22__KCS-713__cloud-computing.pdf,BTech__Sem07__2021-22__KCS-713__cloud-computing.pdf,OK,2026-09-07 09:18:30
BTech,7,2022-23,KCS713,Cloud Computing,https://ryzenstudy.com/papers/aktu-btech-sem-7-cloud-computing-2022-23,https://ryzenstudy.com/uploads/1774897365706-CLOUD_COMPUTING_KCS713.pdf,BTech\Sem-07\2022-23\BTech__Sem07__2022-23__KCS713__cloud-computing.pdf,BTech__Sem07__2022-23__KCS713__cloud-computing.pdf,OK,2026-09-07 09:18:33
BTech,7,2023-24,KCS713,Cloud Computing,https://ryzenstudy.com/papers/aktu-btech-sem-7-cloud-computing-2023-24,https://ryzenstudy.com/uploads/1774897446662-KCS713_CLOUD_COMPUTING.pdf,BTech\Sem-07\2023-24\BTech__Sem07__2023-24__KCS713__cloud-computing.pdf,BTech__Sem07__2023-24__KCS713__cloud-computing.pdf,OK,2026-09-07 09:18:36
BTech,7,2024-25,KCS713,Cloud Computing,https://ryzenstudy.com/papers/aktu-btech-sem-7-cloud-computing-2024-25,https://ryzenstudy.com/uploads/1774897568865-KCS713_CLOUD_COMPUTING.pdf,BTech\Sem-07\2024-25\BTech__Sem07__2024-25__KCS713__cloud-computing.pdf,BTech__Sem07__2024-25__KCS713__cloud-computing.pdf,OK,2026-09-07 09:18:38
BTech,7,2025-26,BCS071,Cloud Computing,https://ryzenstudy.com/papers/aktu-btech-sem-7-cloud-computing-2025-26,https://ryzenstudy.com/uploads/1774897593283-BCS071_CLOUD_COMPUTING.pdf,BTech\Sem-07\2025-26\BTech__Sem07__2025-26__BCS071__cloud-computing.pdf,BTech__Sem07__2025-26__BCS071__cloud-computing.pdf,OK,2026-09-07 09:18:41
BTech,7,2023-24,KME075,Computer Graphics And Product Modeling,https://ryzenstudy.com/papers/aktu-btech-sem-7-computer-graphics-and-product-modeling-2023-24,https://ryzenstudy.com/uploads/1774897447223-KME075_COMPUTER_GRAPHICS_AND_PRODUCT_MODELING.pdf,BTech\Sem-07\2023-24\BTech__Sem07__2023-24__KME075__computer-graphics-and-product-modeling.pdf,BTech__Sem07__2023-24__KME075__computer-graphics-and-product-modeling.pdf,OK,2026-09-07 09:18:43
BTech,7,2023-24,KCS074,Cryptography And Network Security,https://ryzenstudy.com/papers/aktu-btech-sem-7-cryptography-and-network-security-2023-24,https://ryzenstudy.com/uploads/1774897446879-KCS074_CRYPTOGRAPHY_AND_NETWORK_SECURITY.pdf,BTech\Sem-07\2023-24\BTech__Sem07__2023-24__KCS074__cryptography-and-network-security.pdf,BTech__Sem07__2023-24__KCS074__cryptography-and-network-security.pdf,OK,2026-09-07 09:18:47
BTech,7,2024-25,KCS074,Cryptography And Network Security,https://ryzenstudy.com/papers/aktu-btech-sem-7-cryptography-and-network-security-2024-25,https://ryzenstudy.com/uploads/1774897569406-KCS074_CRYPTOGRAPHY_AND_NETWORK_SECURITY.pdf,BTech\Sem-07\2024-25\BTech__Sem07__2024-25__KCS074__cryptography-and-network-security.pdf,BTech__Sem07__2024-25__KCS074__cryptography-and-network-security.pdf,OK,2026-09-07 09:18:50
BTech,7,2025-26,BCS072,Cryptography And Network Security,https://ryzenstudy.com/papers/aktu-btech-sem-7-cryptography-and-network-security-2025-26,https://ryzenstudy.com/uploads/1774897592976-BCS072_CRYPTOGRAPHY_AND_NETWORK_SECURITY.pdf,BTech\Sem-07\2025-26\BTech__Sem07__2025-26__BCS072__cryptography-and-network-security.pdf,BTech__Sem07__2025-26__BCS072__cryptography-and-network-security.pdf,OK,2026-09-07 09:18:52
BTech,7,2022-23,KCS074,Cryptography Network Security,https://ryzenstudy.com/papers/aktu-btech-sem-7-cryptography-network-security-2022-23,https://ryzenstudy.com/uploads/1774897366435-CRYPTOGRAPHY_NETWORK_SECURITY_KCS074.pdf,BTech\Sem-07\2022-23\BTech__Sem07__2022-23__KCS074__cryptography-network-security.pdf,BTech__Sem07__2022-23__KCS074__cryptography-network-security.pdf,OK,2026-09-07 09:18:55
BTech,7,2021-22,KCS-074,Cryptograpy Network Security,https://ryzenstudy.com/papers/aktu-btech-sem-7-cryptograpy-network-security-2021-22,https://ryzenstudy.com/uploads/1774897163634-CRYPTOGRAPY_NETWORK_SECURITY_KCS_074.pdf,BTech\Sem-07\2021-22\BTech__Sem07__2021-22__KCS-074__cryptograpy-network-security.pdf,BTech__Sem07__2021-22__KCS-074__cryptograpy-network-security.pdf,OK,2026-09-07 09:18:58
BTech,7,2023-24,KOT077,Data Analytics Fot Iot,https://ryzenstudy.com/papers/aktu-btech-sem-7-data-analytics-fot-iot-2023-24,https://ryzenstudy.com/uploads/1774897448137-KOT077_DATA_ANALYTICS_FOT_IOT.pdf,BTech\Sem-07\2023-24\BTech__Sem07__2023-24__KOT077__data-analytics-fot-iot.pdf,BTech__Sem07__2023-24__KOT077__data-analytics-fot-iot.pdf,OK,2026-09-07 09:19:02
BTech,7,2023-24,KAI075,Data Warehousing And Data Mining,https://ryzenstudy.com/papers/aktu-btech-sem-7-data-warehousing-and-data-mining-2023-24,https://ryzenstudy.com/uploads/1774897446372-KAI075_DATA_WAREHOUSING_AND_DATA_MINING.pdf,BTech\Sem-07\2023-24\BTech__Sem07__2023-24__KAI075__data-warehousing-and-data-mining.pdf,BTech__Sem07__2023-24__KAI075__data-warehousing-and-data-mining.pdf,OK,2026-09-07 09:19:05
BTech,7,2022-23,KCS078,Deep Learning,https://ryzenstudy.com/papers/aktu-btech-sem-7-deep-learning-2022-23,https://ryzenstudy.com/uploads/1774897362799-DEEP_LEARNING_KCS078.pdf,BTech\Sem-07\2022-23\BTech__Sem07__2022-23__KCS078__deep-learning.pdf,BTech__Sem07__2022-23__KCS078__deep-learning.pdf,OK,2026-09-07 09:19:08
BTech,7,2024-25,KCS078,Deep Learning,https://ryzenstudy.com/papers/aktu-btech-sem-7-deep-learning-2024-25,https://ryzenstudy.com/uploads/1774897568562-KCS078_DEEP_LEARNING.pdf,BTech\Sem-07\2024-25\BTech__Sem07__2024-25__KCS078__deep-learning.pdf,BTech__Sem07__2024-25__KCS078__deep-learning.pdf,OK,2026-09-07 09:19:11
BTech,7,2025-26,BAI701,Deep Learning,https://ryzenstudy.com/papers/aktu-btech-sem-7-deep-learning-2025-26,https://ryzenstudy.com/uploads/1774897593165-BAI701_DEEP_LEARNING.pdf,BTech\Sem-07\2025-26\BTech__Sem07__2025-26__BAI701__deep-learning.pdf,BTech__Sem07__2025-26__BAI701__deep-learning.pdf,OK,2026-09-07 09:19:14
BTech,7,2024-25,KEE078,Deregulated Power System,https://ryzenstudy.com/papers/aktu-btech-sem-7-deregulated-power-system-2024-25,https://ryzenstudy.com/uploads/1774897569866-KEE078_DEREGULATED_POWER_SYSTEM.pdf,BTech\Sem-07\2024-25\BTech__Sem07__2024-25__KEE078__deregulated-power-system.pdf,BTech__Sem07__2024-25__KEE078__deregulated-power-system.pdf,OK,2026-09-07 09:19:17
BTech,7,2022-23,KCS075,Design Development Of Applications,https://ryzenstudy.com/papers/aktu-btech-sem-7-design-development-of-applications-2022-23,https://ryzenstudy.com/uploads/1774897364575-DESIGN_DEVELOPMENT_OF_APPLICATIONS_KCS075.pdf,BTech\Sem-07\2022-23\BTech__Sem07__2022-23__KCS075__design-development-of-applications.pdf,BTech__Sem07__2022-23__KCS075__design-development-of-applications.pdf,OK,2026-09-07 09:19:20
BTech,7,2024-25,KCS075,Design Development Of Applications,https://ryzenstudy.com/papers/aktu-btech-sem-7-design-development-of-applications-2024-25,https://ryzenstudy.com/uploads/1774897572082-KCS075_DESIGN_DEVELOPMENT_OF_APPLICATIONS.pdf,BTech\Sem-07\2024-25\BTech__Sem07__2024-25__KCS075__design-development-of-applications.pdf,BTech__Sem07__2024-25__KCS075__design-development-of-applications.pdf,OK,2026-09-07 09:19:23
BTech,7,2022-23,KCE075,Design Of Steel Structures,https://ryzenstudy.com/papers/aktu-btech-sem-7-design-of-steel-structures-2022-23,https://ryzenstudy.com/uploads/1774897366244-DESIGN_OF_STEEL_STRUCTURES_KCE075.pdf,BTech\Sem-07\2022-23\BTech__Sem07__2022-23__KCE075__design-of-steel-structures.pdf,BTech__Sem07__2022-23__KCE075__design-of-steel-structures.pdf,OK,2026-09-07 09:19:26
BTech,7,2022-23,KOE077,Design Thinking,https://ryzenstudy.com/papers/aktu-btech-sem-7-design-thinking-2022-23,https://ryzenstudy.com/uploads/1774897365327-DESIGN_THINKING_KOE077.pdf,BTech\Sem-07\2022-23\BTech__Sem07__2022-23__KOE077__design-thinking.pdf,BTech__Sem07__2022-23__KOE077__design-thinking.pdf,OK,2026-09-07 09:19:29
BTech,7,2023-24,KOE077,Design Thinking,https://ryzenstudy.com/papers/aktu-btech-sem-7-design-thinking-2023-24,https://ryzenstudy.com/uploads/1774897446736-KOE077_DESIGN_THINKING.pdf,BTech\Sem-07\2023-24\BTech__Sem07__2023-24__KOE077__design-thinking.pdf,BTech__Sem07__2023-24__KOE077__design-thinking.pdf,OK,2026-09-07 09:19:32
BTech,7,2024-25,KOE077,Design Thinking,https://ryzenstudy.com/papers/aktu-btech-sem-7-design-thinking-2024-25,https://ryzenstudy.com/uploads/1774897569024-KOE077_DESIGN_THINKING.pdf,BTech\Sem-07\2024-25\BTech__Sem07__2024-25__KOE077__design-thinking.pdf,BTech__Sem07__2024-25__KOE077__design-thinking.pdf,OK,2026-09-07 09:19:36
BTech,7,2025-26,BOE077,Design Thinking,https://ryzenstudy.com/papers/aktu-btech-sem-7-design-thinking-2025-26,https://ryzenstudy.com/uploads/1774897593359-BOE077_DESIGN_THINKING.pdf,BTech\Sem-07\2025-26\BTech__Sem07__2025-26__BOE077__design-thinking.pdf,BTech__Sem07__2025-26__BOE077__design-thinking.pdf,OK,2026-09-07 09:19:39
BTech,7,2022-23,KEC071,Digital Image Processing,https://ryzenstudy.com/papers/aktu-btech-sem-7-digital-image-processing-2022-23,https://ryzenstudy.com/uploads/1774897365048-DIGITAL_IMAGE_PROCESSING_KEC071.pdf,BTech\Sem-07\2022-23\BTech__Sem07__2022-23__KEC071__digital-image-processing.pdf,BTech__Sem07__2022-23__KEC071__digital-image-processing.pdf,OK,2026-09-07 09:19:42
BTech,7,2024-25,KEC071,Digital Image Processing,https://ryzenstudy.com/papers/aktu-btech-sem-7-digital-image-processing-2024-25,https://ryzenstudy.com/uploads/1774897568489-KEC071_DIGITAL_IMAGE_PROCESSING.pdf,BTech\Sem-07\2024-25\BTech__Sem07__2024-25__KEC071__digital-image-processing.pdf,BTech__Sem07__2024-25__KEC071__digital-image-processing.pdf,OK,2026-09-07 09:19:45
BTech,7,2022-23,KCE079,Disaster Preparedness And Management,https://ryzenstudy.com/papers/aktu-btech-sem-7-disaster-preparedness-and-management-2022-23,https://ryzenstudy.com/uploads/1774897365113-DISASTER_PREPAREDNESS_AND_MANAGEMENT_KCE079.pdf,BTech\Sem-07\2022-23\BTech__Sem07__2022-23__KCE079__disaster-preparedness-and-management.pdf,BTech__Sem07__2022-23__KCE079__disaster-preparedness-and-management.pdf,OK,2026-09-07 09:19:48
BTech,7,2024-25,KCE079,Disaster Preparedness And Management,https://ryzenstudy.com/papers/aktu-btech-sem-7-disaster-preparedness-and-management-2024-25,https://ryzenstudy.com/uploads/1774897567199-KCE079_DISASTER_PREPAREDNESS_AND_MANAGEMENT.pdf,BTech\Sem-07\2024-25\BTech__Sem07__2024-25__KCE079__disaster-preparedness-and-management.pdf,BTech__Sem07__2024-25__KCE079__disaster-preparedness-and-management.pdf,OK,2026-09-07 09:19:51
BTech,7,2023-24,KAI079,Distributed Computing System,https://ryzenstudy.com/papers/aktu-btech-sem-7-distributed-computing-system-2023-24,https://ryzenstudy.com/uploads/1774897445434-KAI079_DISTRIBUTED_COMPUTING_SYSTEM.pdf,BTech\Sem-07\2023-24\BTech__Sem07__2023-24__KAI079__distributed-computing-system.pdf,BTech__Sem07__2023-24__KAI079__distributed-computing-system.pdf,OK,2026-09-07 09:19:54
BTech,7,2022-23,KCS077,Distributed Systems,https://ryzenstudy.com/papers/aktu-btech-sem-7-distributed-systems-2022-23,https://ryzenstudy.com/uploads/1774897367328-DISTRIBUTED_SYSTEMS_KCS077.pdf,BTech\Sem-07\2022-23\BTech__Sem07__2022-23__KCS077__distributed-systems.pdf,BTech__Sem07__2022-23__KCS077__distributed-systems.pdf,OK,2026-09-07 09:19:56
BTech,7,2022-23,KEE075,Electric Drives,https://ryzenstudy.com/papers/aktu-btech-sem-7-electric-drives-2022-23,https://ryzenstudy.com/uploads/1774897365260-ELECTRIC_DRIVES_KEE075.pdf,BTech\Sem-07\2022-23\BTech__Sem07__2022-23__KEE075__electric-drives.pdf,BTech__Sem07__2022-23__KEE075__electric-drives.pdf,OK,2026-09-07 09:19:59
BTech,7,2024-25,KEE075,Electric Drives,https://ryzenstudy.com/papers/aktu-btech-sem-7-electric-drives-2024-25,https://ryzenstudy.com/uploads/1774897566811-KEE075_ELECTRIC_DRIVES.pdf,BTech\Sem-07\2024-25\BTech__Sem07__2024-25__KEE075__electric-drives.pdf,BTech__Sem07__2024-25__KEE075__electric-drives.pdf,OK,2026-09-07 09:20:02
BTech,7,2022-23,KEE071,Energy Conservation And Auditing,https://ryzenstudy.com/papers/aktu-btech-sem-7-energy-conservation-and-auditing-2022-23,https://ryzenstudy.com/uploads/1774897366836-ENERGY_CONSERVATION_AND_AUDITING_KEE071.pdf,BTech\Sem-07\2022-23\BTech__Sem07__2022-23__KEE071__energy-conservation-and-auditing.pdf,BTech__Sem07__2022-23__KEE071__energy-conservation-and-auditing.pdf,OK,2026-09-07 09:20:04
BTech,7,2024-25,KEE071,Energy Conservation And Auditing,https://ryzenstudy.com/papers/aktu-btech-sem-7-energy-conservation-and-auditing-2024-25,https://ryzenstudy.com/uploads/1774897570393-KEE071_ENERGY_CONSERVATION_AND_AUDITING.pdf,BTech\Sem-07\2024-25\BTech__Sem07__2024-25__KEE071__energy-conservation-and-auditing.pdf,BTech__Sem07__2024-25__KEE071__energy-conservation-and-auditing.pdf,OK,2026-09-07 09:20:07
BTech,7,2022-23,KOE071,Filter Design,https://ryzenstudy.com/papers/aktu-btech-sem-7-filter-design-2022-23,https://ryzenstudy.com/uploads/1774897366633-FILTER_DESIGN_KOE071.pdf,BTech\Sem-07\2022-23\BTech__Sem07__2022-23__KOE071__filter-design.pdf,BTech__Sem07__2022-23__KOE071__filter-design.pdf,OK,2026-09-07 09:20:10
BTech,7,2023-24,KOE071,Filter Design,https://ryzenstudy.com/papers/aktu-btech-sem-7-filter-design-2023-24,https://ryzenstudy.com/uploads/1774897446525-KOE071_FILTER_DESIGN.pdf,BTech\Sem-07\2023-24\BTech__Sem07__2023-24__KOE071__filter-design.pdf,BTech__Sem07__2023-24__KOE071__filter-design.pdf,OK,2026-09-07 09:20:14
BTech,7,2024-25,KOE071,Filter Design,https://ryzenstudy.com/papers/aktu-btech-sem-7-filter-design-2024-25,https://ryzenstudy.com/uploads/1774897568408-KOE071_FILTER_DESIGN.pdf,BTech\Sem-07\2024-25\BTech__Sem07__2024-25__KOE071__filter-design.pdf,BTech__Sem07__2024-25__KOE071__filter-design.pdf,OK,2026-09-07 09:20:17
BTech,7,2022-23,KCE077,Geosynthetics And Reinforced Soil Structure,https://ryzenstudy.com/papers/aktu-btech-sem-7-geosynthetics-and-reinforced-soil-structure-2022-23,https://ryzenstudy.com/uploads/1774897367263-GEOSYNTHETICS_AND_REINFORCED_SOIL_STRUCTURE_KCE077.pdf,BTech\Sem-07\2022-23\BTech__Sem07__2022-23__KCE077__geosynthetics-and-reinforced-soil-structure.pdf,BTech__Sem07__2022-23__KCE077__geosynthetics-and-reinforced-soil-structure.pdf,OK,2026-09-07 09:20:22
BTech,7,2022-23,KCS073,High Performance Computing,https://ryzenstudy.com/papers/aktu-btech-sem-7-high-performance-computing-2022-23,https://ryzenstudy.com/uploads/1774897364020-HIGH_PERFORMANCE_COMPUTING_KCS073.pdf,BTech\Sem-07\2022-23\BTech__Sem07__2022-23__KCS073__high-performance-computing.pdf,BTech__Sem07__2022-23__KCS073__high-performance-computing.pdf,OK,2026-09-07 09:20:26
BTech,7,2023-24,KCS073,High Performance Computing,https://ryzenstudy.com/papers/aktu-btech-sem-7-high-performance-computing-2023-24,https://ryzenstudy.com/uploads/1774897447770-KCS073_HIGH_PERFORMANCE_COMPUTING.pdf,BTech\Sem-07\2023-24\BTech__Sem07__2023-24__KCS073__high-performance-computing.pdf,BTech__Sem07__2023-24__KCS073__high-performance-computing.pdf,OK,2026-09-07 09:20:29
BTech,7,2024-25,KCS073,High Performance Computing,https://ryzenstudy.com/papers/aktu-btech-sem-7-high-performance-computing-2024-25,https://ryzenstudy.com/uploads/1774897570778-KCS073_HIGH_PERFORMANCE_COMPUTING.pdf,BTech\Sem-07\2024-25\BTech__Sem07__2024-25__KCS073__high-performance-computing.pdf,BTech__Sem07__2024-25__KCS073__high-performance-computing.pdf,OK,2026-09-07 09:20:32
BTech,7,2022-23,KEE073,High Voltage Engineering,https://ryzenstudy.com/papers/aktu-btech-sem-7-high-voltage-engineering-2022-23,https://ryzenstudy.com/uploads/1774897366035-HIGH_VOLTAGE_ENGINEERING_KEE073.pdf,BTech\Sem-07\2022-23\BTech__Sem07__2022-23__KEE073__high-voltage-engineering.pdf,BTech__Sem07__2022-23__KEE073__high-voltage-engineering.pdf,OK,2026-09-07 09:20:35
BTech,7,2024-25,KEE073,High Voltage Engineering,https://ryzenstudy.com/papers/aktu-btech-sem-7-high-voltage-engineering-2024-25,https://ryzenstudy.com/uploads/1774897571077-KEE073_HIGH_VOLTAGE_ENGINEERING.pdf,BTech\Sem-07\2024-25\BTech__Sem07__2024-25__KEE073__high-voltage-engineering.pdf,BTech__Sem07__2024-25__KEE073__high-voltage-engineering.pdf,OK,2026-09-07 09:20:39
BTech,7,2022-23,KME072,Hvac Systems,https://ryzenstudy.com/papers/aktu-btech-sem-7-hvac-systems-2022-23,https://ryzenstudy.com/uploads/1774897364856-HVAC_SYSTEMS_KME072.pdf,BTech\Sem-07\2022-23\BTech__Sem07__2022-23__KME072__hvac-systems.pdf,BTech__Sem07__2022-23__KME072__hvac-systems.pdf,OK,2026-09-07 09:20:42
BTech,7,2024-25,KME072,Hvac Systems,https://ryzenstudy.com/papers/aktu-btech-sem-7-hvac-systems-2024-25,https://ryzenstudy.com/uploads/1774897569254-KME072_HVAC_SYSTEMS.pdf,BTech\Sem-07\2024-25\BTech__Sem07__2024-25__KME072__hvac-systems.pdf,BTech__Sem07__2024-25__KME072__hvac-systems.pdf,OK,2026-09-07 09:20:44
BTech,7,2022-23,KEE072,Hvdc Ac Transmission,https://ryzenstudy.com/papers/aktu-btech-sem-7-hvdc-ac-transmission-2022-23,https://ryzenstudy.com/uploads/1774897363709-HVDC_AC_TRANSMISSION_KEE072.pdf,BTech\Sem-07\2022-23\BTech__Sem07__2022-23__KEE072__hvdc-ac-transmission.pdf,BTech__Sem07__2022-23__KEE072__hvdc-ac-transmission.pdf,OK,2026-09-07 09:20:47
BTech,7,2024-25,KEE072,Hvdc Ac Transmission,https://ryzenstudy.com/papers/aktu-btech-sem-7-hvdc-ac-transmission-2024-25,https://ryzenstudy.com/uploads/1774897569485-KEE072_HVDC_AC_TRANSMISSION.pdf,BTech\Sem-07\2024-25\BTech__Sem07__2024-25__KEE072__hvdc-ac-transmission.pdf,BTech__Sem07__2024-25__KEE072__hvdc-ac-transmission.pdf,OK,2026-09-07 09:20:50
BTech,7,2021-22,KAU-072,Hybrid Vehicle Propulsion,https://ryzenstudy.com/papers/aktu-btech-sem-7-hybrid-vehicle-propulsion-2021-22,https://ryzenstudy.com/uploads/1774897163932-HYBRID_VEHICLE_PROPULSION_KAU_072.pdf,,,NOT_A_PDF,
BTech,7,2022-23,KEC075,Information Theory Coding,https://ryzenstudy.com/papers/aktu-btech-sem-7-information-theory-coding-2022-23,https://ryzenstudy.com/uploads/1774897364987-INFORMATION_THEORY_CODING_KEC075.pdf,BTech\Sem-07\2022-23\BTech__Sem07__2022-23__KEC075__information-theory-coding.pdf,BTech__Sem07__2022-23__KEC075__information-theory-coding.pdf,OK,2026-09-07 09:20:57
BTech,7,2024-25,KEC075,Information Theory Coding,https://ryzenstudy.com/papers/aktu-btech-sem-7-information-theory-coding-2024-25,https://ryzenstudy.com/uploads/1774897568786-KEC075_INFORMATION_THEORY_CODING.pdf,BTech\Sem-07\2024-25\BTech__Sem07__2024-25__KEC075__information-theory-coding.pdf,BTech__Sem07__2024-25__KEC075__information-theory-coding.pdf,OK,2026-09-07 09:21:00
BTech,7,2022-23,KCS712,Internet Of Things,https://ryzenstudy.com/papers/aktu-btech-sem-7-internet-of-things-2022-23,https://ryzenstudy.com/uploads/1774897365192-INTERNET_OF_THINGS_KCS712.pdf,BTech\Sem-07\2022-23\BTech__Sem07__2022-23__KCS712__internet-of-things.pdf,BTech__Sem07__2022-23__KCS712__internet-of-things.pdf,OK,2026-09-07 09:21:03
BTech,7,2023-24,KCS712,Internet Of Things,https://ryzenstudy.com/papers/aktu-btech-sem-7-internet-of-things-2023-24,https://ryzenstudy.com/uploads/1774897446806-KCS712_INTERNET_OF_THINGS.pdf,BTech\Sem-07\2023-24\BTech__Sem07__2023-24__KCS712__internet-of-things.pdf,BTech__Sem07__2023-24__KCS712__internet-of-things.pdf,OK,2026-09-07 09:21:06
BTech,7,2024-25,KCS712,Internet Of Things,https://ryzenstudy.com/papers/aktu-btech-sem-7-internet-of-things-2024-25,https://ryzenstudy.com/uploads/1774897569330-KCS712_INTERNET_OF_THINGS.pdf,BTech\Sem-07\2024-25\BTech__Sem07__2024-25__KCS712__internet-of-things.pdf,BTech__Sem07__2024-25__KCS712__internet-of-things.pdf,OK,2026-09-07 09:21:08
BTech,7,2025-26,BCS070,Internet Of Things,https://ryzenstudy.com/papers/aktu-btech-sem-7-internet-of-things-2025-26,https://ryzenstudy.com/uploads/1774897593504-BCS070_INTERNET_OF_THINGS.pdf,BTech\Sem-07\2025-26\BTech__Sem07__2025-26__BCS070__internet-of-things.pdf,BTech__Sem07__2025-26__BCS070__internet-of-things.pdf,OK,2026-09-07 09:21:11
BTech,7,2022-23,KOE079,Introduction To Womens And Gender Studies,https://ryzenstudy.com/papers/aktu-btech-sem-7-introduction-to-womens-and-gender-studies-2022-23,https://ryzenstudy.com/uploads/1774897363244-INTRODUCTION_TO_WOMENs_AND_GENDER_STUDIES_KOE079.pdf,BTech\Sem-07\2022-23\BTech__Sem07__2022-23__KOE079__introduction-to-womens-and-gender-studies.pdf,BTech__Sem07__2022-23__KOE079__introduction-to-womens-and-gender-studies.pdf,OK,2026-09-07 09:21:14
BTech,7,2023-24,KOE079,Introduction To Womens Gender Studies,https://ryzenstudy.com/papers/aktu-btech-sem-7-introduction-to-womens-gender-studies-2023-24,https://ryzenstudy.com/uploads/1774897446445-KOE079_INTRODUCTION_TO_WOMENS_GENDER_STUDIES.pdf,BTech\Sem-07\2023-24\BTech__Sem07__2023-24__KOE079__introduction-to-womens-gender-studies.pdf,BTech__Sem07__2023-24__KOE079__introduction-to-womens-gender-studies.pdf,OK,2026-09-07 09:21:18
BTech,7,2024-25,KOE079,Introduction To Womens Gender Studies,https://ryzenstudy.com/papers/aktu-btech-sem-7-introduction-to-womens-gender-studies-2024-25,https://ryzenstudy.com/uploads/1774897568301-KOE079_INTRODUCTION_TO_WOMENS_GENDER_STUDIES.pdf,BTech\Sem-07\2024-25\BTech__Sem07__2024-25__KOE079__introduction-to-womens-gender-studies.pdf,BTech__Sem07__2024-25__KOE079__introduction-to-womens-gender-studies.pdf,OK,2026-09-07 09:21:20
BTech,7,2023-24,KOT071,Iot Security,https://ryzenstudy.com/papers/aktu-btech-sem-7-iot-security-2023-24,https://ryzenstudy.com/uploads/1774897446596-KOT071_IOT_SECURITY.pdf,BTech\Sem-07\2023-24\BTech__Sem07__2023-24__KOT071__iot-security.pdf,BTech__Sem07__2023-24__KOT071__iot-security.pdf,OK,2026-09-07 09:21:23
BTech,7,2024-25,KOT071,Iot Security,https://ryzenstudy.com/papers/aktu-btech-sem-7-iot-security-2024-25,https://ryzenstudy.com/uploads/1774897568709-KOT071_IOT_SECURITY.pdf,BTech\Sem-07\2024-25\BTech__Sem07__2024-25__KOT071__iot-security.pdf,BTech__Sem07__2024-25__KOT071__iot-security.pdf,OK,2026-09-07 09:21:26
BTech,7,2023-24,KOT710,Iot System Architecture,https://ryzenstudy.com/papers/aktu-btech-sem-7-iot-system-architecture-2023-24,https://ryzenstudy.com/uploads/1774897447497-KOT710_IOT_SYSTEM_ARCHITECTURE.pdf,BTech\Sem-07\2023-24\BTech__Sem07__2023-24__KOT710__iot-system-architecture.pdf,BTech__Sem07__2023-24__KOT710__iot-system-architecture.pdf,OK,2026-09-07 09:21:29
BTech,7,2024-25,KOT710,Iot System Architecture,https://ryzenstudy.com/papers/aktu-btech-sem-7-iot-system-architecture-2024-25,https://ryzenstudy.com/uploads/1774897570470-KOT710_IOT_SYSTEM_ARCHITECTURE.pdf,BTech\Sem-07\2024-25\BTech__Sem07__2024-25__KOT710__iot-system-architecture.pdf,BTech__Sem07__2024-25__KOT710__iot-system-architecture.pdf,OK,2026-09-07 09:21:32
BTech,7,2021-22,KCE-078,Irrigation And Water Resource Engineering,https://ryzenstudy.com/papers/aktu-btech-sem-7-irrigation-and-water-resource-engineering-2021-22,https://ryzenstudy.com/uploads/1774897163275-IRRIGATION_AND_WATER_RESOURCE_ENGINEERING_KCE_078.pdf,BTech\Sem-07\2021-22\BTech__Sem07__2021-22__KCE-078__irrigation-and-water-resource-engineering.pdf,BTech__Sem07__2021-22__KCE-078__irrigation-and-water-resource-engineering.pdf,OK,2026-09-07 09:21:35
BTech,7,2022-23,KCE078,Irrigation And Water Resource Engineering,https://ryzenstudy.com/papers/aktu-btech-sem-7-irrigation-and-water-resource-engineering-2022-23,https://ryzenstudy.com/uploads/1774897363037-IRRIGATION_AND_WATER_RESOURCE_ENGINEERING_KCE078.pdf,BTech\Sem-07\2022-23\BTech__Sem07__2022-23__KCE078__irrigation-and-water-resource-engineering.pdf,BTech__Sem07__2022-23__KCE078__irrigation-and-water-resource-engineering.pdf,OK,2026-09-07 09:21:38
BTech,7,2024-25,KCS071,Artificial Intelligence,https://ryzenstudy.com/papers/aktu-btech-sem-7-kcs071-artificial-intelligence-2024-25,https://ryzenstudy.com/uploads/1774897571809-KCS071_ARTIFICIAL_INTELLIGENCE.pdf,BTech\Sem-07\2024-25\BTech__Sem07__2024-25__KCS071__kcs071-artificial-intelligence.pdf,BTech__Sem07__2024-25__KCS071__kcs071-artificial-intelligence.pdf,OK,2026-09-07 09:21:41
BTech,7,2023-24,KCS079,Service Oriented Architecture,https://ryzenstudy.com/papers/aktu-btech-sem-7-kcs079-service-oriented-architecture-2023-24,https://ryzenstudy.com/uploads/1774897448591-KCS079_SERVICE_ORIENTED_ARCHITECTURE.pdf,BTech\Sem-07\2023-24\BTech__Sem07__2023-24__KCS079__kcs079-service-oriented-architecture.pdf,BTech__Sem07__2023-24__KCS079__kcs079-service-oriented-architecture.pdf,OK,2026-09-07 09:21:44
BTech,7,2024-25,KCS079,Service Oriented Architecture,https://ryzenstudy.com/papers/aktu-btech-sem-7-kcs079-service-oriented-architecture-2024-25,https://ryzenstudy.com/uploads/1774897571928-KCS079_SERVICE_ORIENTED_ARCHITECTURE.pdf,BTech\Sem-07\2024-25\BTech__Sem07__2024-25__KCS079__kcs079-service-oriented-architecture.pdf,BTech__Sem07__2024-25__KCS079__kcs079-service-oriented-architecture.pdf,OK,2026-09-07 09:21:48
BTech,7,2024-25,KDS078,Deep Learning,https://ryzenstudy.com/papers/aktu-btech-sem-7-kds078-deep-learning-2024-25,https://ryzenstudy.com/uploads/1774897571314-KDS078_DEEP_LEARNING.pdf,BTech\Sem-07\2024-25\BTech__Sem07__2024-25__KDS078__kds078-deep-learning.pdf,BTech__Sem07__2024-25__KDS078__kds078-deep-learning.pdf,OK,2026-09-07 09:21:51
BTech,7,2023-24,KME074,Machine Learning,https://ryzenstudy.com/papers/aktu-btech-sem-7-kme074-machine-learning-2023-24,https://ryzenstudy.com/uploads/1774897447076-KME074_MACHINE_LEARNING.pdf,BTech\Sem-07\2023-24\BTech__Sem07__2023-24__KME074__kme074-machine-learning.pdf,BTech__Sem07__2023-24__KME074__kme074-machine-learning.pdf,OK,2026-09-07 09:21:54
BTech,7,2024-25,KME074,Machine Learning,https://ryzenstudy.com/papers/aktu-btech-sem-7-kme074-machine-learning-2024-25,https://ryzenstudy.com/uploads/1774897569649-KME074_MACHINE_LEARNING.pdf,BTech\Sem-07\2024-25\BTech__Sem07__2024-25__KME074__kme074-machine-learning.pdf,BTech__Sem07__2024-25__KME074__kme074-machine-learning.pdf,OK,2026-09-07 09:21:57
BTech,7,2022-23,KOE073,Machine Learning,https://ryzenstudy.com/papers/aktu-btech-sem-7-koe073-machine-learning-2022-23,https://ryzenstudy.com/uploads/1774897367001-MACHINE_LEARNING_KOE073.pdf,BTech\Sem-07\2022-23\BTech__Sem07__2022-23__KOE073__koe073-machine-learning.pdf,BTech__Sem07__2022-23__KOE073__koe073-machine-learning.pdf,OK,2026-09-07 09:22:00
BTech,7,2024-25,KOT076,Deep Learning,https://ryzenstudy.com/papers/aktu-btech-sem-7-kot076-deep-learning-2024-25,https://ryzenstudy.com/uploads/1774897570307-KOT076_DEEP_LEARNING.pdf,BTech\Sem-07\2024-25\BTech__Sem07__2024-25__KOT076__kot076-deep-learning.pdf,BTech__Sem07__2024-25__KOT076__kot076-deep-learning.pdf,OK,2026-09-07 09:22:03
BTech,7,2022-23,KME074,Machine Learning,https://ryzenstudy.com/papers/aktu-btech-sem-7-machine-learning-2022-23,https://ryzenstudy.com/uploads/1774897365517-MACHINE_LEARNING_KME074.pdf,BTech\Sem-07\2022-23\BTech__Sem07__2022-23__KME074__machine-learning.pdf,BTech__Sem07__2022-23__KME074__machine-learning.pdf,OK,2026-09-07 09:22:06
BTech,7,2023-24,KOE073,Machine Learning,https://ryzenstudy.com/papers/aktu-btech-sem-7-machine-learning-2023-24,https://ryzenstudy.com/uploads/1774897445546-KOE073_MACHINE_LEARNING.pdf,BTech\Sem-07\2023-24\BTech__Sem07__2023-24__KOE073__machine-learning.pdf,BTech__Sem07__2023-24__KOE073__machine-learning.pdf,OK,2026-09-07 09:22:09
BTech,7,2024-25,KOE073,Machine Learning,https://ryzenstudy.com/papers/aktu-btech-sem-7-machine-learning-2024-25,https://ryzenstudy.com/uploads/1774897567043-KOE073_MACHINE_LEARNING.pdf,BTech\Sem-07\2024-25\BTech__Sem07__2024-25__KOE073__machine-learning.pdf,BTech__Sem07__2024-25__KOE073__machine-learning.pdf,OK,2026-09-07 09:22:12
BTech,7,2024-25,KME075,Maintenance Engineering Management,https://ryzenstudy.com/papers/aktu-btech-sem-7-maintenance-engineering-management-2024-25,https://ryzenstudy.com/uploads/1774897567124-KME075_MAINTENANCE_ENGINEERING_MANAGEMENT.pdf,BTech\Sem-07\2024-25\BTech__Sem07__2024-25__KME075__maintenance-engineering-management.pdf,BTech__Sem07__2024-25__KME075__maintenance-engineering-management.pdf,OK,2026-09-07 09:22:15
BTech,7,2022-23,KME073,Mathematical Modeling Of Manufacturing Processes,https://ryzenstudy.com/papers/aktu-btech-sem-7-mathematical-modeling-of-manufacturing-processes-2022-23,https://ryzenstudy.com/uploads/1774897363787-MATHEMATICAL_MODELING_OF_MANUFACTURING_PROCESSES_KME073.pdf,BTech\Sem-07\2022-23\BTech__Sem07__2022-23__KME073__mathematical-modeling-of-manufacturing-processes.pdf,BTech__Sem07__2022-23__KME073__mathematical-modeling-of-manufacturing-processes.pdf,OK,2026-09-07 09:22:18
BTech,7,2023-24,KME073,Mathematical Modeling Of Manufacturing Processes,https://ryzenstudy.com/papers/aktu-btech-sem-7-mathematical-modeling-of-manufacturing-processes-2023-24,https://ryzenstudy.com/uploads/1774897447359-KME073_MATHEMATICAL_MODELING_OF_MANUFACTURING_PROCESSES.pdf,BTech\Sem-07\2023-24\BTech__Sem07__2023-24__KME073__mathematical-modeling-of-manufacturing-processes.pdf,BTech__Sem07__2023-24__KME073__mathematical-modeling-of-manufacturing-processes.pdf,OK,2026-09-07 09:22:22
BTech,7,2024-25,KME073,Mathematical Modeling Of Manufacturing Processes,https://ryzenstudy.com/papers/aktu-btech-sem-7-mathematical-modeling-of-manufacturing-processes-2024-25,https://ryzenstudy.com/uploads/1774897570223-KME073_MATHEMATICAL_MODELING_OF_MANUFACTURING_PROCESSES.pdf,BTech\Sem-07\2024-25\BTech__Sem07__2024-25__KME073__mathematical-modeling-of-manufacturing-processes.pdf,BTech__Sem07__2024-25__KME073__mathematical-modeling-of-manufacturing-processes.pdf,OK,2026-09-07 09:22:24
BTech,7,2022-23,KEC077,Micro Smart Systems,https://ryzenstudy.com/papers/aktu-btech-sem-7-micro-smart-systems-2022-23,https://ryzenstudy.com/uploads/1774897364338-MICRO_SMART_SYSTEMS_KEC077.pdf,BTech\Sem-07\2022-23\BTech__Sem07__2022-23__KEC077__micro-smart-systems.pdf,BTech__Sem07__2022-23__KEC077__micro-smart-systems.pdf,OK,2026-09-07 09:22:28
BTech,7,2024-25,KEC077,Micro Smart Systems,https://ryzenstudy.com/papers/aktu-btech-sem-7-micro-smart-systems-2024-25,https://ryzenstudy.com/uploads/1774897570855-KEC077_MICRO_SMART_SYSTEMS.pdf,BTech\Sem-07\2024-25\BTech__Sem07__2024-25__KEC077__micro-smart-systems.pdf,BTech__Sem07__2024-25__KEC077__micro-smart-systems.pdf,OK,2026-09-07 09:22:32
BTech,7,2022-23,KEC074,Microwave Radar Engineering,https://ryzenstudy.com/papers/aktu-btech-sem-7-microwave-radar-engineering-2022-23,https://ryzenstudy.com/uploads/1774897366705-MICROWAVE_RADAR_ENGINEERING_KEC074.pdf,BTech\Sem-07\2022-23\BTech__Sem07__2022-23__KEC074__microwave-radar-engineering.pdf,BTech__Sem07__2022-23__KEC074__microwave-radar-engineering.pdf,OK,2026-09-07 09:22:35
BTech,7,2024-25,KEC074,Microwave Radar Engineering,https://ryzenstudy.com/papers/aktu-btech-sem-7-microwave-radar-engineering-2024-25,https://ryzenstudy.com/uploads/1774897568074-KEC074_MICROWAVE_RADAR_ENGINEERING.pdf,BTech\Sem-07\2024-25\BTech__Sem07__2024-25__KEC074__microwave-radar-engineering.pdf,BTech__Sem07__2024-25__KEC074__microwave-radar-engineering.pdf,OK,2026-09-07 09:22:38
BTech,7,2023-24,KOT712,Mobile Application Development For Iot,https://ryzenstudy.com/papers/aktu-btech-sem-7-mobile-application-development-for-iot-2023-24,https://ryzenstudy.com/uploads/1774897448249-KOT712_MOBILE_APPLICATION_DEVELOPMENT_FOR_IOT.pdf,BTech\Sem-07\2023-24\BTech__Sem07__2023-24__KOT712__mobile-application-development-for-iot.pdf,BTech__Sem07__2023-24__KOT712__mobile-application-development-for-iot.pdf,OK,2026-09-07 09:22:41
BTech,7,2024-25,KOT712,Mobile Application Development For Iot,https://ryzenstudy.com/papers/aktu-btech-sem-7-mobile-application-development-for-iot-2024-25,https://ryzenstudy.com/uploads/1774897571427-KOT712_MOBILE_APPLICATION_DEVELOPMENT_FOR_IOT.pdf,BTech\Sem-07\2024-25\BTech__Sem07__2024-25__KOT712__mobile-application-development-for-iot.pdf,BTech__Sem07__2024-25__KOT712__mobile-application-development-for-iot.pdf,OK,2026-09-07 09:22:44
BTech,7,2022-23,KCS711,Mobile Computing,https://ryzenstudy.com/papers/aktu-btech-sem-7-mobile-computing-2022-23,https://ryzenstudy.com/uploads/1774897366572-MOBILE_COMPUTING_KCS711.pdf,BTech\Sem-07\2022-23\BTech__Sem07__2022-23__KCS711__mobile-computing.pdf,BTech__Sem07__2022-23__KCS711__mobile-computing.pdf,OK,2026-09-07 09:22:47
BTech,7,2023-24,KCS711,Mobile Computing,https://ryzenstudy.com/papers/aktu-btech-sem-7-mobile-computing-2023-24,https://ryzenstudy.com/uploads/1774897447987-KCS711_MOBILE_COMPUTING.pdf,BTech\Sem-07\2023-24\BTech__Sem07__2023-24__KCS711__mobile-computing.pdf,BTech__Sem07__2023-24__KCS711__mobile-computing.pdf,OK,2026-09-07 09:22:49
BTech,7,2024-25,KCS711,Mobile Computing,https://ryzenstudy.com/papers/aktu-btech-sem-7-mobile-computing-2024-25,https://ryzenstudy.com/uploads/1774897571158-KCS711_MOBILE_COMPUTING.pdf,BTech\Sem-07\2024-25\BTech__Sem07__2024-25__KCS711__mobile-computing.pdf,BTech__Sem07__2024-25__KCS711__mobile-computing.pdf,OK,2026-09-07 09:22:53
BTech,7,2022-23,KCS072,Natural Language Processing,https://ryzenstudy.com/papers/aktu-btech-sem-7-natural-language-processing-2022-23,https://ryzenstudy.com/uploads/1774897364673-NATURAL_LANGUAGE_PROCESSING_KCS072.pdf,BTech\Sem-07\2022-23\BTech__Sem07__2022-23__KCS072__natural-language-processing.pdf,BTech__Sem07__2022-23__KCS072__natural-language-processing.pdf,OK,2026-09-07 09:22:55
BTech,7,2023-24,KCS072,Natural Language Processing,https://ryzenstudy.com/papers/aktu-btech-sem-7-natural-language-processing-2023-24,https://ryzenstudy.com/uploads/1774897447295-KCS072_NATURAL_LANGUAGE_PROCESSING.pdf,BTech\Sem-07\2023-24\BTech__Sem07__2023-24__KCS072__natural-language-processing.pdf,BTech__Sem07__2023-24__KCS072__natural-language-processing.pdf,OK,2026-09-07 09:22:59
BTech,7,2024-25,KCS072,Natural Language Processing,https://ryzenstudy.com/papers/aktu-btech-sem-7-natural-language-processing-2024-25,https://ryzenstudy.com/uploads/1774897570146-KCS072_NATURAL_LANGUAGE_PROCESSING.pdf,BTech\Sem-07\2024-25\BTech__Sem07__2024-25__KCS072__natural-language-processing.pdf,BTech__Sem07__2024-25__KCS072__natural-language-processing.pdf,OK,2026-09-07 09:23:02
BTech,7,2023-24,KOT711,Opearting System For Iot,https://ryzenstudy.com/papers/aktu-btech-sem-7-opearting-system-for-iot-2023-24,https://ryzenstudy.com/uploads/1774897448387-KOT711_OPEARTING_SYSTEM_FOR_IOT.pdf,BTech\Sem-07\2023-24\BTech__Sem07__2023-24__KOT711__opearting-system-for-iot.pdf,BTech__Sem07__2023-24__KOT711__opearting-system-for-iot.pdf,OK,2026-09-07 09:23:05
BTech,7,2021-22,KOE-075,Operations Research,https://ryzenstudy.com/papers/aktu-btech-sem-7-operations-research-2021-22,https://ryzenstudy.com/uploads/1774897163747-OPERATIONS_RESEARCH_KOE_075.pdf,BTech\Sem-07\2021-22\BTech__Sem07__2021-22__KOE-075__operations-research.pdf,BTech__Sem07__2021-22__KOE-075__operations-research.pdf,OK,2026-09-07 09:23:08
BTech,7,2022-23,KOE075,Operations Research,https://ryzenstudy.com/papers/aktu-btech-sem-7-operations-research-2022-23,https://ryzenstudy.com/uploads/1774897365909-OPERATIONS_RESEARCH_KOE075.pdf,BTech\Sem-07\2022-23\BTech__Sem07__2022-23__KOE075__operations-research.pdf,BTech__Sem07__2022-23__KOE075__operations-research.pdf,OK,2026-09-07 09:23:10
BTech,7,2023-24,KOE075,Operations Research,https://ryzenstudy.com/papers/aktu-btech-sem-7-operations-research-2023-24,https://ryzenstudy.com/uploads/1774897445938-KOE075_OPERATIONS_RESEARCH.pdf,BTech\Sem-07\2023-24\BTech__Sem07__2023-24__KOE075__operations-research.pdf,BTech__Sem07__2023-24__KOE075__operations-research.pdf,OK,2026-09-07 09:23:13
BTech,7,2024-25,KOE075,Operations Research,https://ryzenstudy.com/papers/aktu-btech-sem-7-operations-research-2024-25,https://ryzenstudy.com/uploads/1774897567922-KOE075_OPERATIONS_RESEARCH.pdf,BTech\Sem-07\2024-25\BTech__Sem07__2024-25__KOE075__operations-research.pdf,BTech__Sem07__2024-25__KOE075__operations-research.pdf,OK,2026-09-07 09:23:16
BTech,7,2022-23,KEC073,Optical Network,https://ryzenstudy.com/papers/aktu-btech-sem-7-optical-network-2022-23,https://ryzenstudy.com/uploads/1774897364797-OPTICAL_NETWORK_KEC073.pdf,BTech\Sem-07\2022-23\BTech__Sem07__2022-23__KEC073__optical-network.pdf,BTech__Sem07__2022-23__KEC073__optical-network.pdf,OK,2026-09-07 09:23:19
BTech,7,2024-25,KEC073,Optical Network,https://ryzenstudy.com/papers/aktu-btech-sem-7-optical-network-2024-25,https://ryzenstudy.com/uploads/1774897567998-KEC073_OPTICAL_NETWORK.pdf,BTech\Sem-07\2024-25\BTech__Sem07__2024-25__KEC073__optical-network.pdf,BTech__Sem07__2024-25__KEC073__optical-network.pdf,OK,2026-09-07 09:23:22
BTech,7,2023-24,KAI071,Optimization In Machine Learning,https://ryzenstudy.com/papers/aktu-btech-sem-7-optimization-in-machine-learning-2023-24,https://ryzenstudy.com/uploads/1774897448319-KAI071_OPTIMIZATION_IN_MACHINE_LEARNING.pdf,BTech\Sem-07\2023-24\BTech__Sem07__2023-24__KAI071__optimization-in-machine-learning.pdf,BTech__Sem07__2023-24__KAI071__optimization-in-machine-learning.pdf,OK,2026-09-07 09:23:24
BTech,7,2021-22,KME-076,Power Plant Engineering,https://ryzenstudy.com/papers/aktu-btech-sem-7-power-plant-engineering-2021-22,https://ryzenstudy.com/uploads/1774897163159-POWER_PLANT_ENGINEERING_KME_076.pdf,BTech\Sem-07\2021-22\BTech__Sem07__2021-22__KME-076__power-plant-engineering.pdf,BTech__Sem07__2021-22__KME-076__power-plant-engineering.pdf,OK,2026-09-07 09:23:28
BTech,7,2022-23,KME076,Power Plant Engineering,https://ryzenstudy.com/papers/aktu-btech-sem-7-power-plant-engineering-2022-23,https://ryzenstudy.com/uploads/1774897363642-POWER_PLANT_ENGINEERING_KME076.pdf,BTech\Sem-07\2022-23\BTech__Sem07__2022-23__KME076__power-plant-engineering.pdf,BTech__Sem07__2022-23__KME076__power-plant-engineering.pdf,OK,2026-09-07 09:23:30
BTech,7,2023-24,KME076,Power Plant Engineering,https://ryzenstudy.com/papers/aktu-btech-sem-7-power-plant-engineering-2023-24,https://ryzenstudy.com/uploads/1774897445660-KME076_POWER_PLANT_ENGINEERING.pdf,BTech\Sem-07\2023-24\BTech__Sem07__2023-24__KME076__power-plant-engineering.pdf,BTech__Sem07__2023-24__KME076__power-plant-engineering.pdf,OK,2026-09-07 09:23:33
BTech,7,2024-25,KME076,Power Plant Engineering,https://ryzenstudy.com/papers/aktu-btech-sem-7-power-plant-engineering-2024-25,https://ryzenstudy.com/uploads/1774897567478-KME076_POWER_PLANT_ENGINEERING.pdf,BTech\Sem-07\2024-25\BTech__Sem07__2024-25__KME076__power-plant-engineering.pdf,BTech__Sem07__2024-25__KME076__power-plant-engineering.pdf,OK,2026-09-07 09:23:37
BTech,7,2022-23,KEE074,Power Quality And Facts,https://ryzenstudy.com/papers/aktu-btech-sem-7-power-quality-and-facts-2022-23,https://ryzenstudy.com/uploads/1774897365767-POWER_QUALITY_AND_FACTS_KEE074.pdf,BTech\Sem-07\2022-23\BTech__Sem07__2022-23__KEE074__power-quality-and-facts.pdf,BTech__Sem07__2022-23__KEE074__power-quality-and-facts.pdf,OK,2026-09-07 09:23:40
BTech,7,2024-25,KEE074,Power Quality And Facts,https://ryzenstudy.com/papers/aktu-btech-sem-7-power-quality-and-facts-2024-25,https://ryzenstudy.com/uploads/1774897570707-KEE074_POWER_QUALITY_AND_FACTS.pdf,BTech\Sem-07\2024-25\BTech__Sem07__2024-25__KEE074__power-quality-and-facts.pdf,BTech__Sem07__2024-25__KEE074__power-quality-and-facts.pdf,OK,2026-09-07 09:23:43
BTech,7,2022-23,KEE076,Power System Dynamics And Control,https://ryzenstudy.com/papers/aktu-btech-sem-7-power-system-dynamics-and-control-2022-23,https://ryzenstudy.com/uploads/1774897363363-POWER_SYSTEM_DYNAMICS_AND_CONTROL_KEE076.pdf,BTech\Sem-07\2022-23\BTech__Sem07__2022-23__KEE076__power-system-dynamics-and-control.pdf,BTech__Sem07__2022-23__KEE076__power-system-dynamics-and-control.pdf,OK,2026-09-07 09:23:46
BTech,7,2024-25,KEE076,Power System Dynamics And Control,https://ryzenstudy.com/papers/aktu-btech-sem-7-power-system-dynamics-and-control-2024-25,https://ryzenstudy.com/uploads/1774897571502-KEE076_POWER_SYSTEM_DYNAMICS_AND_CONTROL.pdf,BTech\Sem-07\2024-25\BTech__Sem07__2024-25__KEE076__power-system-dynamics-and-control.pdf,BTech__Sem07__2024-25__KEE076__power-system-dynamics-and-control.pdf,OK,2026-09-07 09:23:49
BTech,7,2022-23,KEE077,Power System Protection,https://ryzenstudy.com/papers/aktu-btech-sem-7-power-system-protection-2022-23,https://ryzenstudy.com/uploads/1774897365578-POWER_SYSTEM_PROTECTION_KEE077.pdf,BTech\Sem-07\2022-23\BTech__Sem07__2022-23__KEE077__power-system-protection.pdf,BTech__Sem07__2022-23__KEE077__power-system-protection.pdf,OK,2026-09-07 09:23:52
BTech,7,2024-25,KEE077,Power System Protection,https://ryzenstudy.com/papers/aktu-btech-sem-7-power-system-protection-2024-25,https://ryzenstudy.com/uploads/1774897569176-KEE077_POWER_SYSTEM_PROTECTION.pdf,BTech\Sem-07\2024-25\BTech__Sem07__2024-25__KEE077__power-system-protection.pdf,BTech__Sem07__2024-25__KEE077__power-system-protection.pdf,OK,2026-09-07 09:23:55
BTech,7,2022-23,KHU702,Project Management Entrepreneurship,https://ryzenstudy.com/papers/aktu-btech-sem-7-project-management-entrepreneurship-2022-23,https://ryzenstudy.com/uploads/1774897363108-PROJECT_MANAGEMENT_ENTREPRENEURSHIP_KHU702.pdf,BTech\Sem-07\2022-23\BTech__Sem07__2022-23__KHU702__project-management-entrepreneurship.pdf,BTech__Sem07__2022-23__KHU702__project-management-entrepreneurship.pdf,OK,2026-09-07 09:23:58
BTech,7,2023-24,KHU702,Project Management Entrepreneurship,https://ryzenstudy.com/papers/aktu-btech-sem-7-project-management-entrepreneurship-2023-24,https://ryzenstudy.com/uploads/1774897448738-KHU702_PROJECT_MANAGEMENT_ENTREPRENEURSHIP.pdf,BTech\Sem-07\2023-24\BTech__Sem07__2023-24__KHU702__project-management-entrepreneurship.pdf,BTech__Sem07__2023-24__KHU702__project-management-entrepreneurship.pdf,OK,2026-09-07 09:24:00
BTech,7,2024-25,KHU702,Project Management Entrepreneurship,https://ryzenstudy.com/papers/aktu-btech-sem-7-project-management-entrepreneurship-2024-25,https://ryzenstudy.com/uploads/1774897572006-KHU702_PROJECT_MANAGEMENT_ENTREPRENEURSHIP.pdf,BTech\Sem-07\2024-25\BTech__Sem07__2024-25__KHU702__project-management-entrepreneurship.pdf,BTech__Sem07__2024-25__KHU702__project-management-entrepreneurship.pdf,OK,2026-09-07 09:24:03
BTech,7,2022-23,KCS710,Quantum Computing,https://ryzenstudy.com/papers/aktu-btech-sem-7-quantum-computing-2022-23,https://ryzenstudy.com/uploads/1774897363574-QUANTUM_COMPUTING_KCS710.pdf,BTech\Sem-07\2022-23\BTech__Sem07__2022-23__KCS710__quantum-computing.pdf,BTech__Sem07__2022-23__KCS710__quantum-computing.pdf,OK,2026-09-07 09:24:06
BTech,7,2023-24,KCS710,Quantum Computing,https://ryzenstudy.com/papers/aktu-btech-sem-7-quantum-computing-2023-24,https://ryzenstudy.com/uploads/1774897447704-KCS710_QUANTUM_COMPUTING.pdf,BTech\Sem-07\2023-24\BTech__Sem07__2023-24__KCS710__quantum-computing.pdf,BTech__Sem07__2023-24__KCS710__quantum-computing.pdf,OK,2026-09-07 09:24:09
BTech,7,2024-25,KCS710,Quantum Computing,https://ryzenstudy.com/papers/aktu-btech-sem-7-quantum-computing-2024-25,https://ryzenstudy.com/uploads/1774897570632-KCS710_QUANTUM_COMPUTING.pdf,BTech\Sem-07\2024-25\BTech__Sem07__2024-25__KCS710__quantum-computing.pdf,BTech__Sem07__2024-25__KCS710__quantum-computing.pdf,OK,2026-09-07 09:24:13
BTech,7,2022-23,KCE070,Railway Waterway Snd Airway Engineering,https://ryzenstudy.com/papers/aktu-btech-sem-7-railway-waterway-snd-airway-engineering-2022-23,https://ryzenstudy.com/uploads/1774897365641-RAILWAY_WATERWAY_SND_AIRWAY_ENGINEERING_KCE070.pdf,BTech\Sem-07\2022-23\BTech__Sem07__2022-23__KCE070__railway-waterway-snd-airway-engineering.pdf,BTech__Sem07__2022-23__KCE070__railway-waterway-snd-airway-engineering.pdf,OK,2026-09-07 09:24:15
BTech,7,2023-24,KOT075,Real Time Operating Systems,https://ryzenstudy.com/papers/aktu-btech-sem-7-real-time-operating-systems-2023-24,https://ryzenstudy.com/uploads/1774897447848-KOT075_REAL_TIME_OPERATING_SYSTEMS.pdf,BTech\Sem-07\2023-24\BTech__Sem07__2023-24__KOT075__real-time-operating-systems.pdf,BTech__Sem07__2023-24__KOT075__real-time-operating-systems.pdf,OK,2026-09-07 09:24:20
BTech,7,2024-25,KOT075,Real Time Operating Systems,https://ryzenstudy.com/papers/aktu-btech-sem-7-real-time-operating-systems-2024-25,https://ryzenstudy.com/uploads/1774897570930-KOT075_REAL_TIME_OPERATING_SYSTEMS.pdf,BTech\Sem-07\2024-25\BTech__Sem07__2024-25__KOT075__real-time-operating-systems.pdf,BTech__Sem07__2024-25__KOT075__real-time-operating-systems.pdf,OK,2026-09-07 09:24:23
BTech,7,2021-22,KOE-074,Renewable Energy Resources,https://ryzenstudy.com/papers/aktu-btech-sem-7-renewable-energy-resources-2021-22,https://ryzenstudy.com/uploads/1774897163045-RENEWABLE_ENERGY_RESOURCES_KOE_074.pdf,BTech\Sem-07\2021-22\BTech__Sem07__2021-22__KOE-074__renewable-energy-resources.pdf,BTech__Sem07__2021-22__KOE-074__renewable-energy-resources.pdf,OK,2026-09-07 09:24:25
BTech,7,2022-23,KOE074,Renewable Energy Resources,https://ryzenstudy.com/papers/aktu-btech-sem-7-renewable-energy-resources-2022-23,https://ryzenstudy.com/uploads/1774897365388-RENEWABLE_ENERGY_RESOURCES_KOE074.pdf,BTech\Sem-07\2022-23\BTech__Sem07__2022-23__KOE074__renewable-energy-resources.pdf,BTech__Sem07__2022-23__KOE074__renewable-energy-resources.pdf,OK,2026-09-07 09:24:28
BTech,7,2023-24,KOE074,Renewable Energy Resources,https://ryzenstudy.com/papers/aktu-btech-sem-7-renewable-energy-resources-2023-24,https://ryzenstudy.com/uploads/1774897446151-KOE074_RENEWABLE_ENERGY_RESOURCES.pdf,BTech\Sem-07\2023-24\BTech__Sem07__2023-24__KOE074__renewable-energy-resources.pdf,BTech__Sem07__2023-24__KOE074__renewable-energy-resources.pdf,OK,2026-09-07 09:24:31
BTech,7,2024-25,KOE074,Renewable Energy Resources,https://ryzenstudy.com/papers/aktu-btech-sem-7-renewable-energy-resources-2024-25,https://ryzenstudy.com/uploads/1774897568227-KOE074_RENEWABLE_ENERGY_RESOURCES.pdf,BTech\Sem-07\2024-25\BTech__Sem07__2024-25__KOE074__renewable-energy-resources.pdf,BTech__Sem07__2024-25__KOE074__renewable-energy-resources.pdf,OK,2026-09-07 09:24:34
BTech,7,2025-26,BOE074,Renewable Energy Resources,https://ryzenstudy.com/papers/aktu-btech-sem-7-renewable-energy-resources-2025-26,https://ryzenstudy.com/uploads/1774897593429-BOE074_RENEWABLE_ENERGY_RESOURCES.pdf,BTech\Sem-07\2025-26\BTech__Sem07__2025-26__BOE074__renewable-energy-resources.pdf,BTech__Sem07__2025-26__BOE074__renewable-energy-resources.pdf,OK,2026-09-07 09:24:37
BTech,7,2021-22,KHU-701,Rural Development Administration And Planning,https://ryzenstudy.com/papers/aktu-btech-sem-7-rural-development-administration-and-planning-2021-22,https://ryzenstudy.com/uploads/1774897163396-RURAL_DEVELOPMENT_ADMINISTRATION_AND_PLANNING_KHU_701.pdf,BTech\Sem-07\2021-22\BTech__Sem07__2021-22__KHU-701__rural-development-administration-and-planning.pdf,BTech__Sem07__2021-22__KHU-701__rural-development-administration-and-planning.pdf,OK,2026-09-07 09:24:40
BTech,7,2022-23,KHU701,Rural Development Administration Planning,https://ryzenstudy.com/papers/aktu-btech-sem-7-rural-development-administration-planning-2022-23,https://ryzenstudy.com/uploads/1774897364483-RURAL_DEVELOPMENT_ADMINISTRATION_PLANNING_KHU701.pdf,BTech\Sem-07\2022-23\BTech__Sem07__2022-23__KHU701__rural-development-administration-planning.pdf,BTech__Sem07__2022-23__KHU701__rural-development-administration-planning.pdf,OK,2026-09-07 09:24:43
BTech,7,2023-24,KHU701,Rural Development Administration Planning,https://ryzenstudy.com/papers/aktu-btech-sem-7-rural-development-administration-planning-2023-24,https://ryzenstudy.com/uploads/1774897447919-KHU701_RURAL_DEVELOPMENT_ADMINISTRATION_PLANNING.pdf,BTech\Sem-07\2023-24\BTech__Sem07__2023-24__KHU701__rural-development-administration-planning.pdf,BTech__Sem07__2023-24__KHU701__rural-development-administration-planning.pdf,OK,2026-09-07 09:24:46
BTech,7,2024-25,KHU701,Rural Development Administration Planning,https://ryzenstudy.com/papers/aktu-btech-sem-7-rural-development-administration-planning-2024-25,https://ryzenstudy.com/uploads/1774897571003-KHU701_RURAL_DEVELOPMENT_ADMINISTRATION_PLANNING.pdf,BTech\Sem-07\2024-25\BTech__Sem07__2024-25__KHU701__rural-development-administration-planning.pdf,BTech__Sem07__2024-25__KHU701__rural-development-administration-planning.pdf,OK,2026-09-07 09:24:49
BTech,7,2022-23,KCS079,Service Oriented Architecture,https://ryzenstudy.com/papers/aktu-btech-sem-7-service-oriented-architecture-2022-23,https://ryzenstudy.com/uploads/1774897367065-SERVICE_ORIENTED_ARCHITECTURE_KCS079.pdf,BTech\Sem-07\2022-23\BTech__Sem07__2022-23__KCS079__service-oriented-architecture.pdf,BTech__Sem07__2022-23__KCS079__service-oriented-architecture.pdf,OK,2026-09-07 09:24:52
BTech,7,2023-24,KDS079,Service Oriented Architecture,https://ryzenstudy.com/papers/aktu-btech-sem-7-service-oriented-architecture-2023-24,https://ryzenstudy.com/uploads/1774897448454-KDS079_SERVICE_ORIENTED_ARCHITECTURE.pdf,BTech\Sem-07\2023-24\BTech__Sem07__2023-24__KDS079__service-oriented-architecture.pdf,BTech__Sem07__2023-24__KDS079__service-oriented-architecture.pdf,OK,2026-09-07 09:24:55
BTech,7,2024-25,KDS079,Service Oriented Architecture,https://ryzenstudy.com/papers/aktu-btech-sem-7-service-oriented-architecture-2024-25,https://ryzenstudy.com/uploads/1774897571575-KDS079_SERVICE_ORIENTED_ARCHITECTURE.pdf,BTech\Sem-07\2024-25\BTech__Sem07__2024-25__KDS079__service-oriented-architecture.pdf,BTech__Sem07__2024-25__KDS079__service-oriented-architecture.pdf,OK,2026-09-07 09:24:59
BTech,7,2022-23,KIT071,Soft Wareproject Management,https://ryzenstudy.com/papers/aktu-btech-sem-7-soft-wareproject-management-2022-23,https://ryzenstudy.com/uploads/1774897362958-SOFT_WAREPROJECT_MANAGEMENT_KIT071.pdf,BTech\Sem-07\2022-23\BTech__Sem07__2022-23__KIT071__soft-wareproject-management.pdf,BTech__Sem07__2022-23__KIT071__soft-wareproject-management.pdf,OK,2026-09-07 09:25:02
BTech,7,2023-24,KAI077,Software Engineering,https://ryzenstudy.com/papers/aktu-btech-sem-7-software-engineering-2023-24,https://ryzenstudy.com/uploads/1774897447427-KAI077_SOFTWARE_ENGINEERING.pdf,BTech\Sem-07\2023-24\BTech__Sem07__2023-24__KAI077__software-engineering.pdf,BTech__Sem07__2023-24__KAI077__software-engineering.pdf,OK,2026-09-07 09:25:05
BTech,7,2023-24,KIT071,Software Project Management,https://ryzenstudy.com/papers/aktu-btech-sem-7-software-project-management-2023-24,https://ryzenstudy.com/uploads/1774897447638-KIT071_SOFTWARE_PROJECT_MANAGEMENT.pdf,BTech\Sem-07\2023-24\BTech__Sem07__2023-24__KIT071__software-project-management.pdf,BTech__Sem07__2023-24__KIT071__software-project-management.pdf,OK,2026-09-07 09:25:08
BTech,7,2024-25,KIT071,Software Project Management,https://ryzenstudy.com/papers/aktu-btech-sem-7-software-project-management-2024-25,https://ryzenstudy.com/uploads/1774897570552-KIT071_SOFTWARE_PROJECT_MANAGEMENT.pdf,BTech\Sem-07\2024-25\BTech__Sem07__2024-25__KIT071__software-project-management.pdf,BTech__Sem07__2024-25__KIT071__software-project-management.pdf,OK,2026-09-07 09:25:10
BTech,7,2022-23,KCS076,Software Testing,https://ryzenstudy.com/papers/aktu-btech-sem-7-software-testing-2022-23,https://ryzenstudy.com/uploads/1774897365452-SOFTWARE_TESTING_KCS076.pdf,BTech\Sem-07\2022-23\BTech__Sem07__2022-23__KCS076__software-testing.pdf,BTech__Sem07__2022-23__KCS076__software-testing.pdf,OK,2026-09-07 09:25:14
BTech,7,2022-23,KOE078,Soil Water Conservation Engineering,https://ryzenstudy.com/papers/aktu-btech-sem-7-soil-water-conservation-engineering-2022-23,https://ryzenstudy.com/uploads/1774897366127-SOIL_WATER_CONSERVATION_ENGINEERING_KOE078.pdf,BTech\Sem-07\2022-23\BTech__Sem07__2022-23__KOE078__soil-water-conservation-engineering.pdf,BTech__Sem07__2022-23__KOE078__soil-water-conservation-engineering.pdf,OK,2026-09-07 09:25:17
BTech,7,2023-24,KOE078,Soil Water Conservation Engineering,https://ryzenstudy.com/papers/aktu-btech-sem-7-soil-water-conservation-engineering-2023-24,https://ryzenstudy.com/uploads/1774897445853-KOE078_SOIL_WATER_CONSERVATION_ENGINEERING.pdf,BTech\Sem-07\2023-24\BTech__Sem07__2023-24__KOE078__soil-water-conservation-engineering.pdf,BTech__Sem07__2023-24__KOE078__soil-water-conservation-engineering.pdf,OK,2026-09-07 09:25:20
BTech,7,2024-25,KOE078,Soil Water Conservation Engineering,https://ryzenstudy.com/papers/aktu-btech-sem-7-soil-water-conservation-engineering-2024-25,https://ryzenstudy.com/uploads/1774897567809-KOE078_SOIL_WATER_CONSERVATION_ENGINEERING.pdf,BTech\Sem-07\2024-25\BTech__Sem07__2024-25__KOE078__soil-water-conservation-engineering.pdf,BTech__Sem07__2024-25__KOE078__soil-water-conservation-engineering.pdf,OK,2026-09-07 09:25:23
BTech,7,2022-23,KCE074,Soild Waste Management,https://ryzenstudy.com/papers/aktu-btech-sem-7-soild-waste-management-2022-23,https://ryzenstudy.com/uploads/1774897363437-SOILD_WASTE_MANAGEMENT_KCE074.pdf,BTech\Sem-07\2022-23\BTech__Sem07__2022-23__KCE074__soild-waste-management.pdf,BTech__Sem07__2022-23__KCE074__soild-waste-management.pdf,OK,2026-09-07 09:25:26
BTech,7,2022-23,KEC078,Speech Processing,https://ryzenstudy.com/papers/aktu-btech-sem-7-speech-processing-2022-23,https://ryzenstudy.com/uploads/1774897365969-SPEECH_PROCESSING_KEC078.pdf,BTech\Sem-07\2022-23\BTech__Sem07__2022-23__KEC078__speech-processing.pdf,BTech__Sem07__2022-23__KEC078__speech-processing.pdf,OK,2026-09-07 09:25:29
BTech,7,2024-25,KEC078,Speech Processing,https://ryzenstudy.com/papers/aktu-btech-sem-7-speech-processing-2024-25,https://ryzenstudy.com/uploads/1774897567277-KEC078_SPEECH_PROCESSING.pdf,BTech\Sem-07\2024-25\BTech__Sem07__2024-25__KEC078__speech-processing.pdf,BTech__Sem07__2024-25__KEC078__speech-processing.pdf,OK,2026-09-07 09:25:32
BTech,7,2022-23,KEE078,Subject Name Deregulated Power System,https://ryzenstudy.com/papers/aktu-btech-sem-7-subject-name-deregulated-power-system-2022-23,https://ryzenstudy.com/uploads/1774897364921-SUBJECT_NAME_DEREGULATED_POWER_SYSTEM_KEE078.pdf,BTech\Sem-07\2022-23\BTech__Sem07__2022-23__KEE078__subject-name-deregulated-power-system.pdf,BTech__Sem07__2022-23__KEE078__subject-name-deregulated-power-system.pdf,OK,2026-09-07 09:25:35
BTech,7,2022-23,KCE071,Sustainable Construction Methods,https://ryzenstudy.com/papers/aktu-btech-sem-7-sustainable-construction-methods-2022-23,https://ryzenstudy.com/uploads/1774897366499-SUSTAINABLE_CONSTRUCTION_METHODS_KCE071.pdf,BTech\Sem-07\2022-23\BTech__Sem07__2022-23__KCE071__sustainable-construction-methods.pdf,BTech__Sem07__2022-23__KCE071__sustainable-construction-methods.pdf,OK,2026-09-07 09:25:38
BTech,7,2024-25,KDS073,Text Analysis,https://ryzenstudy.com/papers/aktu-btech-sem-7-text-analysis-2024-25,https://ryzenstudy.com/uploads/1774897568638-KDS073_TEXT_ANALYSIS.pdf,BTech\Sem-07\2024-25\BTech__Sem07__2024-25__KDS073__text-analysis.pdf,BTech__Sem07__2024-25__KDS073__text-analysis.pdf,OK,2026-09-07 09:25:41
BTech,7,2023-24,KAI073,Text Analytics And Natural Langugae Processing,https://ryzenstudy.com/papers/aktu-btech-sem-7-text-analytics-and-natural-langugae-processing-2023-24,https://ryzenstudy.com/uploads/1774897446008-KAI073_TEXT_ANALYTICS_AND_NATURAL_LANGUGAE_PROCESSING.pdf,BTech\Sem-07\2023-24\BTech__Sem07__2023-24__KAI073__text-analytics-and-natural-langugae-processing.pdf,BTech__Sem07__2023-24__KAI073__text-analytics-and-natural-langugae-processing.pdf,OK,2026-09-07 09:25:44
BTech,7,2023-24,KAI076,Time Series Analysis And Forecasting,https://ryzenstudy.com/papers/aktu-btech-sem-7-time-series-analysis-and-forecasting-2023-24,https://ryzenstudy.com/uploads/1774897448659-KAI076_TIME_SERIES_ANALYSIS_AND_FORECASTING.pdf,BTech\Sem-07\2023-24\BTech__Sem07__2023-24__KAI076__time-series-analysis-and-forecasting.pdf,BTech__Sem07__2023-24__KAI076__time-series-analysis-and-forecasting.pdf,OK,2026-09-07 09:25:47
BTech,7,2023-24,KAU074,Trouble Shooting Service Maintenance Repair,https://ryzenstudy.com/papers/aktu-btech-sem-7-trouble-shooting-service-maintenance-repair-2023-24,https://ryzenstudy.com/uploads/1774897447569-KAU074_TROUBLE_SHOOTING_SERVICE_MAINTENANCE_REPAIR.pdf,BTech\Sem-07\2023-24\BTech__Sem07__2023-24__KAU074__trouble-shooting-service-maintenance-repair.pdf,BTech__Sem07__2023-24__KAU074__trouble-shooting-service-maintenance-repair.pdf,OK,2026-09-07 09:25:51
BTech,7,2022-23,KCE076,Urban Transportation Planning,https://ryzenstudy.com/papers/aktu-btech-sem-7-urban-transportation-planning-2022-23,https://ryzenstudy.com/uploads/1774897366370-URBAN_TRANSPORTATION_PLANNING_KCE076.pdf,BTech\Sem-07\2022-23\BTech__Sem07__2022-23__KCE076__urban-transportation-planning.pdf,BTech__Sem07__2022-23__KCE076__urban-transportation-planning.pdf,OK,2026-09-07 09:25:54
BTech,7,2022-23,KEE079,Utilization Of Electrical Energy Electric Traction,https://ryzenstudy.com/papers/aktu-btech-sem-7-utilization-of-electrical-energy-electric-traction-2022-23,https://ryzenstudy.com/uploads/1774897366307-UTILIZATION_OF_ELECTRICAL_ENERGY_ELECTRIC_TRACTION_KEE079.pdf,BTech\Sem-07\2022-23\BTech__Sem07__2022-23__KEE079__utilization-of-electrical-energy-electric-traction.pdf,BTech__Sem07__2022-23__KEE079__utilization-of-electrical-energy-electric-traction.pdf,OK,2026-09-07 09:25:57
BTech,7,2024-25,KEE079,Utilization Of Electrical Energy Electric Traction,https://ryzenstudy.com/papers/aktu-btech-sem-7-utilization-of-electrical-energy-electric-traction-2024-25,https://ryzenstudy.com/uploads/1774897571232-KEE079_UTILIZATION_OF_ELECTRICAL_ENERGY_ELECTRIC_TRACTION.pdf,BTech\Sem-07\2024-25\BTech__Sem07__2024-25__KEE079__utilization-of-electrical-energy-electric-traction.pdf,BTech__Sem07__2024-25__KEE079__utilization-of-electrical-energy-electric-traction.pdf,OK,2026-09-07 09:25:59
BTech,7,2022-23,KAU073,Vehicle Body Engineering Safety,https://ryzenstudy.com/papers/aktu-btech-sem-7-vehicle-body-engineering-safety-2022-23,https://ryzenstudy.com/uploads/1774897364159-VEHICLE_BODY_ENGINEERING_SAFETY_KAU073.pdf,BTech\Sem-07\2022-23\BTech__Sem07__2022-23__KAU073__vehicle-body-engineering-safety.pdf,BTech__Sem07__2022-23__KAU073__vehicle-body-engineering-safety.pdf,OK,2026-09-07 09:26:02
BTech,7,2023-24,KAU073,Vehicle Body Engineering Safety,https://ryzenstudy.com/papers/aktu-btech-sem-7-vehicle-body-engineering-safety-2023-24,https://ryzenstudy.com/uploads/1774897448052-KAU073_VEHICLE_BODY_ENGINEERING_SAFETY.pdf,BTech\Sem-07\2023-24\BTech__Sem07__2023-24__KAU073__vehicle-body-engineering-safety.pdf,BTech__Sem07__2023-24__KAU073__vehicle-body-engineering-safety.pdf,OK,2026-09-07 09:26:05
BTech,7,2022-23,KOE076,Vision For Human Society,https://ryzenstudy.com/papers/aktu-btech-sem-7-vision-for-human-society-2022-23,https://ryzenstudy.com/uploads/1774897363869-VISION_FOR_HUMAN_SOCIETY_KOE076.pdf,BTech\Sem-07\2022-23\BTech__Sem07__2022-23__KOE076__vision-for-human-society.pdf,BTech__Sem07__2022-23__KOE076__vision-for-human-society.pdf,OK,2026-09-07 09:26:08
BTech,7,2023-24,KOE076,Vision For Humane Society,https://ryzenstudy.com/papers/aktu-btech-sem-7-vision-for-humane-society-2023-24,https://ryzenstudy.com/uploads/1774897446080-KOE076_VISION_FOR_HUMANE_SOCIETY.pdf,BTech\Sem-07\2023-24\BTech__Sem07__2023-24__KOE076__vision-for-humane-society.pdf,BTech__Sem07__2023-24__KOE076__vision-for-humane-society.pdf,OK,2026-09-07 09:26:11
BTech,7,2024-25,KOE076,Vision For Humane Society,https://ryzenstudy.com/papers/aktu-btech-sem-7-vision-for-humane-society-2024-25,https://ryzenstudy.com/uploads/1774897568152-KOE076_VISION_FOR_HUMANE_SOCIETY.pdf,BTech\Sem-07\2024-25\BTech__Sem07__2024-25__KOE076__vision-for-humane-society.pdf,BTech__Sem07__2024-25__KOE076__vision-for-humane-society.pdf,OK,2026-09-07 09:26:13
BTech,7,2021-22,KEC-072,Vlsi Design,https://ryzenstudy.com/papers/aktu-btech-sem-7-vlsi-design-2021-22,https://ryzenstudy.com/uploads/1774897162846-VLSI_DESIGN_KEC_072.pdf,BTech\Sem-07\2021-22\BTech__Sem07__2021-22__KEC-072__vlsi-design.pdf,BTech__Sem07__2021-22__KEC-072__vlsi-design.pdf,OK,2026-09-07 09:26:16
BTech,7,2022-23,KEC072,Vlsi Design,https://ryzenstudy.com/papers/aktu-btech-sem-7-vlsi-design-2022-23,https://ryzenstudy.com/uploads/1774897364419-VLSI_DESIGN_KEC072.pdf,BTech\Sem-07\2022-23\BTech__Sem07__2022-23__KEC072__vlsi-design.pdf,BTech__Sem07__2022-23__KEC072__vlsi-design.pdf,OK,2026-09-07 09:26:19
BTech,7,2024-25,KEC072,Vlsi Design,https://ryzenstudy.com/papers/aktu-btech-sem-7-vlsi-design-2024-25,https://ryzenstudy.com/uploads/1774897567590-KEC072_VLSI_DESIGN.pdf,BTech\Sem-07\2024-25\BTech__Sem07__2024-25__KEC072__vlsi-design.pdf,BTech__Sem07__2024-25__KEC072__vlsi-design.pdf,OK,2026-09-07 09:26:22
BTech,7,2025-26,BEC701,Vlsi Design,https://ryzenstudy.com/papers/aktu-btech-sem-7-vlsi-design-2025-26,https://ryzenstudy.com/uploads/1774897593747-BEC701_VLSI_DESIGN.pdf,BTech\Sem-07\2025-26\BTech__Sem07__2025-26__BEC701__vlsi-design.pdf,BTech__Sem07__2025-26__BEC701__vlsi-design.pdf,OK,2026-09-07 09:26:25
BTech,7,2022-23,KEC076,Wireless And Mobile Communication,https://ryzenstudy.com/papers/aktu-btech-sem-7-wireless-and-mobile-communication-2022-23,https://ryzenstudy.com/uploads/1774897367194-WIRELESS_AND_MOBILE_COMMUNICATION_KEC076.pdf,BTech\Sem-07\2022-23\BTech__Sem07__2022-23__KEC076__wireless-and-mobile-communication.pdf,BTech__Sem07__2022-23__KEC076__wireless-and-mobile-communication.pdf,OK,2026-09-07 09:26:28
BTech,7,2021-22,KEC-076,Wireless Mobile Communication,https://ryzenstudy.com/papers/aktu-btech-sem-7-wireless-mobile-communication-2021-22,https://ryzenstudy.com/uploads/1774897164048-WIRELESS_MOBILE_COMMUNICATION_KEC_076.pdf,BTech\Sem-07\2021-22\BTech__Sem07__2021-22__KEC-076__wireless-mobile-communication.pdf,BTech__Sem07__2021-22__KEC-076__wireless-mobile-communication.pdf,OK,2026-09-07 09:26:31
BTech,7,2024-25,KEC076,Wireless Mobile Communication,https://ryzenstudy.com/papers/aktu-btech-sem-7-wireless-mobile-communication-2024-25,https://ryzenstudy.com/uploads/1774897567734-KEC076_WIRELESS_MOBILE_COMMUNICATION.pdf,BTech\Sem-07\2024-25\BTech__Sem07__2024-25__KEC076__wireless-mobile-communication.pdf,BTech__Sem07__2024-25__KEC076__wireless-mobile-communication.pdf,OK,2026-09-07 09:26:34
BTech,7,2025-26,BEC071,Wireless Mobile Communication,https://ryzenstudy.com/papers/aktu-btech-sem-7-wireless-mobile-communication-2025-26,https://ryzenstudy.com/uploads/1774897593674-BEC071_WIRELESS_MOBILE_COMMUNICATION.pdf,BTech\Sem-07\2025-26\BTech__Sem07__2025-26__BEC071__wireless-mobile-communication.pdf,BTech__Sem07__2025-26__BEC071__wireless-mobile-communication.pdf,OK,2026-09-07 09:26:36
BTech,8,2021-22,KOE091,Automation And Robotics,https://ryzenstudy.com/papers/aktu-btech-sem-8-automation-and-robotics-2021-22,https://ryzenstudy.com/uploads/1774897682321-AUTOMATION_AND_ROBOTICS_KOE091.pdf,BTech\Sem-08\2021-22\BTech__Sem08__2021-22__KOE091__automation-and-robotics.pdf,BTech__Sem08__2021-22__KOE091__automation-and-robotics.pdf,OK,2026-09-07 09:26:39
BTech,8,2023-24,KOE091,Automation And Robotics,https://ryzenstudy.com/papers/aktu-btech-sem-8-automation-and-robotics-2023-24,https://ryzenstudy.com/uploads/1774897719039-KOE091_AUTOMATION_AND_ROBOTICS.pdf,BTech\Sem-08\2023-24\BTech__Sem08__2023-24__KOE091__automation-and-robotics.pdf,BTech__Sem08__2023-24__KOE091__automation-and-robotics.pdf,OK,2026-09-07 09:26:42
BTech,8,2024-25,KOE091,Automation And Robotics,https://ryzenstudy.com/papers/aktu-btech-sem-8-automation-and-robotics-2024-25,https://ryzenstudy.com/uploads/1774897733932-KOE091_AUTOMATION_AND_ROBOTICS.pdf,BTech\Sem-08\2024-25\BTech__Sem08__2024-25__KOE091__automation-and-robotics.pdf,BTech__Sem08__2024-25__KOE091__automation-and-robotics.pdf,OK,2026-09-07 09:26:45
BTech,8,2022-23,KOE-091,Automation Robotics,https://ryzenstudy.com/papers/aktu-btech-sem-8-automation-robotics-2022-23,https://ryzenstudy.com/uploads/1774897703261-AUTOMATION_ROBOTICS_KOE_091.pdf,BTech\Sem-08\2022-23\BTech__Sem08__2022-23__KOE-091__automation-robotics.pdf,BTech__Sem08__2022-23__KOE-091__automation-robotics.pdf,OK,2026-09-07 09:26:48
BTech,8,2021-22,KOE097,Big Data,https://ryzenstudy.com/papers/aktu-btech-sem-8-big-data-2021-22,https://ryzenstudy.com/uploads/1774897681649-BIG_DATA_KOE097.pdf,BTech\Sem-08\2021-22\BTech__Sem08__2021-22__KOE097__big-data.pdf,BTech__Sem08__2021-22__KOE097__big-data.pdf,OK,2026-09-07 09:26:51
BTech,8,2022-23,KOE-097,Big Data,https://ryzenstudy.com/papers/aktu-btech-sem-8-big-data-2022-23,https://ryzenstudy.com/uploads/1774897703396-BIG_DATA_KOE_097.pdf,BTech\Sem-08\2022-23\BTech__Sem08__2022-23__KOE-097__big-data.pdf,BTech__Sem08__2022-23__KOE-097__big-data.pdf,OK,2026-09-07 09:26:53
BTech,8,2023-24,KOE097,Big Data,https://ryzenstudy.com/papers/aktu-btech-sem-8-big-data-2023-24,https://ryzenstudy.com/uploads/1774897719486-KOE097_BIG_DATA.pdf,BTech\Sem-08\2023-24\BTech__Sem08__2023-24__KOE097__big-data.pdf,BTech__Sem08__2023-24__KOE097__big-data.pdf,OK,2026-09-07 09:26:56
BTech,8,2024-25,KOE097,Big Data,https://ryzenstudy.com/papers/aktu-btech-sem-8-big-data-2024-25,https://ryzenstudy.com/uploads/1774897734475-KOE097_BIG_DATA.pdf,BTech\Sem-08\2024-25\BTech__Sem08__2024-25__KOE097__big-data.pdf,BTech__Sem08__2024-25__KOE097__big-data.pdf,OK,2026-09-07 09:26:59
BTech,8,2021-22,KOE082,Bio Medical Signal Processing,https://ryzenstudy.com/papers/aktu-btech-sem-8-bio-medical-signal-processing-2021-22,https://ryzenstudy.com/uploads/1774897682740-BIO_MEDICAL_SIGNAL_PROCESSING_KOE082.pdf,BTech\Sem-08\2021-22\BTech__Sem08__2021-22__KOE082__bio-medical-signal-processing.pdf,BTech__Sem08__2021-22__KOE082__bio-medical-signal-processing.pdf,OK,2026-09-07 09:27:02
BTech,8,2023-24,KOE082,Bio Medical Signal Processing,https://ryzenstudy.com/papers/aktu-btech-sem-8-bio-medical-signal-processing-2023-24,https://ryzenstudy.com/uploads/1774897718239-KOE082_BIO_MEDICAL_SIGNAL_PROCESSING.pdf,BTech\Sem-08\2023-24\BTech__Sem08__2023-24__KOE082__bio-medical-signal-processing.pdf,BTech__Sem08__2023-24__KOE082__bio-medical-signal-processing.pdf,OK,2026-09-07 09:27:05
BTech,8,2024-25,KOE082,Bio Medical Signal Processing,https://ryzenstudy.com/papers/aktu-btech-sem-8-bio-medical-signal-processing-2024-25,https://ryzenstudy.com/uploads/1774897733082-KOE082_BIO_MEDICAL_SIGNAL_PROCESSING.pdf,BTech\Sem-08\2024-25\BTech__Sem08__2024-25__KOE082__bio-medical-signal-processing.pdf,BTech__Sem08__2024-25__KOE082__bio-medical-signal-processing.pdf,OK,2026-09-07 09:27:07
BTech,8,2022-23,KOE-082,Biomedical Signal Processing,https://ryzenstudy.com/papers/aktu-btech-sem-8-biomedical-signal-processing-2022-23,https://ryzenstudy.com/uploads/1774897703728-BIOMEDICAL_SIGNAL_PROCESSING_KOE_082.pdf,BTech\Sem-08\2022-23\BTech__Sem08__2022-23__KOE-082__biomedical-signal-processing.pdf,BTech__Sem08__2022-23__KOE-082__biomedical-signal-processing.pdf,OK,2026-09-07 09:27:10
BTech,8,2021-22,KOE081,Cloud Computing,https://ryzenstudy.com/papers/aktu-btech-sem-8-cloud-computing-2021-22,https://ryzenstudy.com/uploads/1774897681855-CLOUD_COMPUTING_KOE081.pdf,BTech\Sem-08\2021-22\BTech__Sem08__2021-22__KOE081__cloud-computing.pdf,BTech__Sem08__2021-22__KOE081__cloud-computing.pdf,OK,2026-09-07 09:27:13
BTech,8,2022-23,KOE-081,Cloud Computing,https://ryzenstudy.com/papers/aktu-btech-sem-8-cloud-computing-2022-23,https://ryzenstudy.com/uploads/1774897703490-CLOUD_COMPUTING_KOE_081.pdf,BTech\Sem-08\2022-23\BTech__Sem08__2022-23__KOE-081__cloud-computing.pdf,BTech__Sem08__2022-23__KOE-081__cloud-computing.pdf,OK,2026-09-07 09:27:16
BTech,8,2023-24,KOE081,Cloud Computing,https://ryzenstudy.com/papers/aktu-btech-sem-8-cloud-computing-2023-24,https://ryzenstudy.com/uploads/1774897719811-KOE081_CLOUD_COMPUTING.pdf,BTech\Sem-08\2023-24\BTech__Sem08__2023-24__KOE081__cloud-computing.pdf,BTech__Sem08__2023-24__KOE081__cloud-computing.pdf,OK,2026-09-07 09:27:19
BTech,8,2024-25,KOE081,Cloud Computing,https://ryzenstudy.com/papers/aktu-btech-sem-8-cloud-computing-2024-25,https://ryzenstudy.com/uploads/1774897734781-KOE081_CLOUD_COMPUTING.pdf,BTech\Sem-08\2024-25\BTech__Sem08__2024-25__KOE081__cloud-computing.pdf,BTech__Sem08__2024-25__KOE081__cloud-computing.pdf,OK,2026-09-07 09:27:21
BTech,8,2021-22,KOE092,Computerized Process Control,https://ryzenstudy.com/papers/aktu-btech-sem-8-computerized-process-control-2021-22,https://ryzenstudy.com/uploads/1774897681788-COMPUTERIZED_PROCESS_CONTROL_KOE092.pdf,BTech\Sem-08\2021-22\BTech__Sem08__2021-22__KOE092__computerized-process-control.pdf,BTech__Sem08__2021-22__KOE092__computerized-process-control.pdf,OK,2026-09-07 09:27:24
BTech,8,2022-23,KOE-092,Computerized Process Control,https://ryzenstudy.com/papers/aktu-btech-sem-8-computerized-process-control-2022-23,https://ryzenstudy.com/uploads/1774897703119-COMPUTERIZED_PROCESS_CONTROL_KOE_092.pdf,BTech\Sem-08\2022-23\BTech__Sem08__2022-23__KOE-092__computerized-process-control.pdf,BTech__Sem08__2022-23__KOE-092__computerized-process-control.pdf,OK,2026-09-07 09:27:27
BTech,8,2023-24,KOE092,Computerized Process Control,https://ryzenstudy.com/papers/aktu-btech-sem-8-computerized-process-control-2023-24,https://ryzenstudy.com/uploads/1774897718647-KOE092_COMPUTERIZED_PROCESS_CONTROL.pdf,BTech\Sem-08\2023-24\BTech__Sem08__2023-24__KOE092__computerized-process-control.pdf,BTech__Sem08__2023-24__KOE092__computerized-process-control.pdf,OK,2026-09-07 09:27:30
BTech,8,2024-25,KOE092,Computerized Process Control,https://ryzenstudy.com/papers/aktu-btech-sem-8-computerized-process-control-2024-25,https://ryzenstudy.com/uploads/1774897733525-KOE092_COMPUTERIZED_PROCESS_CONTROL.pdf,BTech\Sem-08\2024-25\BTech__Sem08__2024-25__KOE092__computerized-process-control.pdf,BTech__Sem08__2024-25__KOE092__computerized-process-control.pdf,OK,2026-09-07 09:27:33
BTech,8,2021-22,KOE093,Data Warehousing Data Mining,https://ryzenstudy.com/papers/aktu-btech-sem-8-data-warehousing-data-mining-2021-22,https://ryzenstudy.com/uploads/1774897681926-DATA_WAREHOUSING_DATA_MINING_KOE093.pdf,BTech\Sem-08\2021-22\BTech__Sem08__2021-22__KOE093__data-warehousing-data-mining.pdf,BTech__Sem08__2021-22__KOE093__data-warehousing-data-mining.pdf,OK,2026-09-07 09:27:36
BTech,8,2022-23,KOE-093,Data Warehousing Data Mining,https://ryzenstudy.com/papers/aktu-btech-sem-8-data-warehousing-data-mining-2022-23,https://ryzenstudy.com/uploads/1774897703186-DATA_WAREHOUSING_DATA_MINING_KOE_093.pdf,BTech\Sem-08\2022-23\BTech__Sem08__2022-23__KOE-093__data-warehousing-data-mining.pdf,BTech__Sem08__2022-23__KOE-093__data-warehousing-data-mining.pdf,OK,2026-09-07 09:27:39
BTech,8,2023-24,KOE093,Data Warehousing Data Mining,https://ryzenstudy.com/papers/aktu-btech-sem-8-data-warehousing-data-mining-2023-24,https://ryzenstudy.com/uploads/1774897719108-KOE093_DATA_WAREHOUSING_DATA_MINING.pdf,BTech\Sem-08\2023-24\BTech__Sem08__2023-24__KOE093__data-warehousing-data-mining.pdf,BTech__Sem08__2023-24__KOE093__data-warehousing-data-mining.pdf,OK,2026-09-07 09:27:42
BTech,8,2024-25,KOE093,Data Warehousing Data Mining,https://ryzenstudy.com/papers/aktu-btech-sem-8-data-warehousing-data-mining-2024-25,https://ryzenstudy.com/uploads/1774897734010-KOE093_DATA_WAREHOUSING_DATA_MINING.pdf,BTech\Sem-08\2024-25\BTech__Sem08__2024-25__KOE093__data-warehousing-data-mining.pdf,BTech__Sem08__2024-25__KOE093__data-warehousing-data-mining.pdf,OK,2026-09-07 09:27:45
BTech,8,2021-22,KOE094,Digital And Social Media Marketing,https://ryzenstudy.com/papers/aktu-btech-sem-8-digital-and-social-media-marketing-2021-22,https://ryzenstudy.com/uploads/1774897682533-DIGITAL_AND_SOCIAL_MEDIA_MARKETING_KOE094.pdf,BTech\Sem-08\2021-22\BTech__Sem08__2021-22__KOE094__digital-and-social-media-marketing.pdf,BTech__Sem08__2021-22__KOE094__digital-and-social-media-marketing.pdf,OK,2026-09-07 09:27:48
BTech,8,2022-23,KOE-094,Digital And Social Media Marketing,https://ryzenstudy.com/papers/aktu-btech-sem-8-digital-and-social-media-marketing-2022-23,https://ryzenstudy.com/uploads/1774897703786-DIGITAL_AND_SOCIAL_MEDIA_MARKETING_KOE_094.pdf,BTech\Sem-08\2022-23\BTech__Sem08__2022-23__KOE-094__digital-and-social-media-marketing.pdf,BTech__Sem08__2022-23__KOE-094__digital-and-social-media-marketing.pdf,OK,2026-09-07 09:27:52
BTech,8,2023-24,KOE094,Digital And Social Media Marketing,https://ryzenstudy.com/papers/aktu-btech-sem-8-digital-and-social-media-marketing-2023-24,https://ryzenstudy.com/uploads/1774897719244-KOE094_DIGITAL_AND_SOCIAL_MEDIA_MARKETING.pdf,BTech\Sem-08\2023-24\BTech__Sem08__2023-24__KOE094__digital-and-social-media-marketing.pdf,BTech__Sem08__2023-24__KOE094__digital-and-social-media-marketing.pdf,OK,2026-09-07 09:27:55
BTech,8,2024-25,KOE094,Digital And Social Media Marketing,https://ryzenstudy.com/papers/aktu-btech-sem-8-digital-and-social-media-marketing-2024-25,https://ryzenstudy.com/uploads/1774897734244-KOE094_DIGITAL_AND_SOCIAL_MEDIA_MARKETING.pdf,BTech\Sem-08\2024-25\BTech__Sem08__2024-25__KOE094__digital-and-social-media-marketing.pdf,BTech__Sem08__2024-25__KOE094__digital-and-social-media-marketing.pdf,OK,2026-09-07 09:27:58
BTech,8,2021-22,KOE090,Electric Vehicles,https://ryzenstudy.com/papers/aktu-btech-sem-8-electric-vehicles-2021-22,https://ryzenstudy.com/uploads/1774897681495-ELECTRIC_VEHICLES_KOE090.pdf,BTech\Sem-08\2021-22\BTech__Sem08__2021-22__KOE090__electric-vehicles.pdf,BTech__Sem08__2021-22__KOE090__electric-vehicles.pdf,OK,2026-09-07 09:28:01
BTech,8,2022-23,KOE-090,Electric Vehicles,https://ryzenstudy.com/papers/aktu-btech-sem-8-electric-vehicles-2022-23,https://ryzenstudy.com/uploads/1774897703898-ELECTRIC_VEHICLES_KOE_090.pdf,BTech\Sem-08\2022-23\BTech__Sem08__2022-23__KOE-090__electric-vehicles.pdf,BTech__Sem08__2022-23__KOE-090__electric-vehicles.pdf,OK,2026-09-07 09:28:04
BTech,8,2023-24,KOE090,Electric Vehicles,https://ryzenstudy.com/papers/aktu-btech-sem-8-electric-vehicles-2023-24,https://ryzenstudy.com/uploads/1774897718831-KOE090_ELECTRIC_VEHICLES.pdf,BTech\Sem-08\2023-24\BTech__Sem08__2023-24__KOE090__electric-vehicles.pdf,BTech__Sem08__2023-24__KOE090__electric-vehicles.pdf,OK,2026-09-07 09:28:07
BTech,8,2024-25,KOE090,Electric Vehicles,https://ryzenstudy.com/papers/aktu-btech-sem-8-electric-vehicles-2024-25,https://ryzenstudy.com/uploads/1774897733670-KOE090_ELECTRIC_VEHICLES.pdf,BTech\Sem-08\2024-25\BTech__Sem08__2024-25__KOE090__electric-vehicles.pdf,BTech__Sem08__2024-25__KOE090__electric-vehicles.pdf,OK,2026-09-07 09:28:09
BTech,8,2021-22,KOE083,Entrepreneurship Development,https://ryzenstudy.com/papers/aktu-btech-sem-8-entrepreneurship-development-2021-22,https://ryzenstudy.com/uploads/1774897682602-ENTREPRENEURSHIP_DEVELOPMENT_KOE083.pdf,BTech\Sem-08\2021-22\BTech__Sem08__2021-22__KOE083__entrepreneurship-development.pdf,BTech__Sem08__2021-22__KOE083__entrepreneurship-development.pdf,OK,2026-09-07 09:28:13
BTech,8,2022-23,KOE-083,Entrepreneurship Development,https://ryzenstudy.com/papers/aktu-btech-sem-8-entrepreneurship-development-2022-23,https://ryzenstudy.com/uploads/1774897704275-ENTREPRENEURSHIP_DEVELOPMENT_KOE_083.pdf,BTech\Sem-08\2022-23\BTech__Sem08__2022-23__KOE-083__entrepreneurship-development.pdf,BTech__Sem08__2022-23__KOE-083__entrepreneurship-development.pdf,OK,2026-09-07 09:28:16
BTech,8,2023-24,KOE083,Entrepreneurship Development,https://ryzenstudy.com/papers/aktu-btech-sem-8-entrepreneurship-development-2023-24,https://ryzenstudy.com/uploads/1774897719380-KOE083_ENTREPRENEURSHIP_DEVELOPMENT.pdf,BTech\Sem-08\2023-24\BTech__Sem08__2023-24__KOE083__entrepreneurship-development.pdf,BTech__Sem08__2023-24__KOE083__entrepreneurship-development.pdf,OK,2026-09-07 09:28:18
BTech,8,2024-25,KOE083,Entrepreneurship Development,https://ryzenstudy.com/papers/aktu-btech-sem-8-entrepreneurship-development-2024-25,https://ryzenstudy.com/uploads/1774897734402-KOE083_ENTREPRENEURSHIP_DEVELOPMENT.pdf,BTech\Sem-08\2024-25\BTech__Sem08__2024-25__KOE083__entrepreneurship-development.pdf,BTech__Sem08__2024-25__KOE083__entrepreneurship-development.pdf,OK,2026-09-07 09:28:21
BTech,8,2022-23,KOE-080,Fundamentals Of Drone Technology,https://ryzenstudy.com/papers/aktu-btech-sem-8-fundamentals-of-drone-technology-2022-23,https://ryzenstudy.com/uploads/1774897703551-FUNDAMENTALS_OF_DRONE_TECHNOLOGY_KOE_080.pdf,BTech\Sem-08\2022-23\BTech__Sem08__2022-23__KOE-080__fundamentals-of-drone-technology.pdf,BTech__Sem08__2022-23__KOE-080__fundamentals-of-drone-technology.pdf,OK,2026-09-07 09:28:24
BTech,8,2023-24,KOE080,Fundamentals Of Drone Technology,https://ryzenstudy.com/papers/aktu-btech-sem-8-fundamentals-of-drone-technology-2023-24,https://ryzenstudy.com/uploads/1774897718564-KOE080_FUNDAMENTALS_OF_DRONE_TECHNOLOGY.pdf,BTech\Sem-08\2023-24\BTech__Sem08__2023-24__KOE080__fundamentals-of-drone-technology.pdf,BTech__Sem08__2023-24__KOE080__fundamentals-of-drone-technology.pdf,OK,2026-09-07 09:28:27
BTech,8,2024-25,KOE080,Fundamentals Of Drone Technology,https://ryzenstudy.com/papers/aktu-btech-sem-8-fundamentals-of-drone-technology-2024-25,https://ryzenstudy.com/uploads/1774897733395-KOE080_FUNDAMENTALS_OF_DRONE_TECHNOLOGY.pdf,BTech\Sem-08\2024-25\BTech__Sem08__2024-25__KOE080__fundamentals-of-drone-technology.pdf,BTech__Sem08__2024-25__KOE080__fundamentals-of-drone-technology.pdf,OK,2026-09-07 09:28:30
BTech,8,2021-22,KOE098,Human Values In Buddha And Jain Darshan,https://ryzenstudy.com/papers/aktu-btech-sem-8-human-values-in-buddha-and-jain-darshan-2021-22,https://ryzenstudy.com/uploads/1774897682671-HUMAN_VALUES_IN_BUDDHA_AND_JAIN_DARSHAN_KOE098.pdf,BTech\Sem-08\2021-22\BTech__Sem08__2021-22__KOE098__human-values-in-buddha-and-jain-darshan.pdf,BTech__Sem08__2021-22__KOE098__human-values-in-buddha-and-jain-darshan.pdf,OK,2026-09-07 09:28:34
BTech,8,2022-23,KOE-098,Human Values In Buddha And Jain Darshan,https://ryzenstudy.com/papers/aktu-btech-sem-8-human-values-in-buddha-and-jain-darshan-2022-23,https://ryzenstudy.com/uploads/1774897703841-HUMAN_VALUES_IN_BUDDHA_AND_JAIN_DARSHAN_KOE_098.pdf,BTech\Sem-08\2022-23\BTech__Sem08__2022-23__KOE-098__human-values-in-buddha-and-jain-darshan.pdf,BTech__Sem08__2022-23__KOE-098__human-values-in-buddha-and-jain-darshan.pdf,OK,2026-09-07 09:28:37
BTech,8,2023-24,KOE098,Human Values In Buddha And Jain Darshan,https://ryzenstudy.com/papers/aktu-btech-sem-8-human-values-in-buddha-and-jain-darshan-2023-24,https://ryzenstudy.com/uploads/1774897718971-KOE098_HUMAN_VALUES_IN_BUDDHA_AND_JAIN_DARSHAN.pdf,BTech\Sem-08\2023-24\BTech__Sem08__2023-24__KOE098__human-values-in-buddha-and-jain-darshan.pdf,BTech__Sem08__2023-24__KOE098__human-values-in-buddha-and-jain-darshan.pdf,OK,2026-09-07 09:28:40
BTech,8,2024-25,KOE098,Human Values In Buddha And Jain Darshan,https://ryzenstudy.com/papers/aktu-btech-sem-8-human-values-in-buddha-and-jain-darshan-2024-25,https://ryzenstudy.com/uploads/1774897733849-KOE098_HUMAN_VALUES_IN_BUDDHA_AND_JAIN_DARSHAN.pdf,BTech\Sem-08\2024-25\BTech__Sem08__2024-25__KOE098__human-values-in-buddha-and-jain-darshan.pdf,BTech__Sem08__2024-25__KOE098__human-values-in-buddha-and-jain-darshan.pdf,OK,2026-09-07 09:28:42
BTech,8,2021-22,KOE089,Human Values In Madhyasth Darshan,https://ryzenstudy.com/papers/aktu-btech-sem-8-human-values-in-madhyasth-darshan-2021-22,https://ryzenstudy.com/uploads/1774897682459-HUMAN_VALUES_IN_MADHYASTH_DARSHAN_KOE089.pdf,BTech\Sem-08\2021-22\BTech__Sem08__2021-22__KOE089__human-values-in-madhyasth-darshan.pdf,BTech__Sem08__2021-22__KOE089__human-values-in-madhyasth-darshan.pdf,OK,2026-09-07 09:28:45
BTech,8,2022-23,KOE-089,Human Values In Madhyasth Darshan,https://ryzenstudy.com/papers/aktu-btech-sem-8-human-values-in-madhyasth-darshan-2022-23,https://ryzenstudy.com/uploads/1774897703609-HUMAN_VALUES_IN_MADHYASTH_DARSHAN_KOE_089.pdf,BTech\Sem-08\2022-23\BTech__Sem08__2022-23__KOE-089__human-values-in-madhyasth-darshan.pdf,BTech__Sem08__2022-23__KOE-089__human-values-in-madhyasth-darshan.pdf,OK,2026-09-07 09:28:49
BTech,8,2023-24,KOE089,Human Values In Madhyasth Darshan,https://ryzenstudy.com/papers/aktu-btech-sem-8-human-values-in-madhyasth-darshan-2023-24,https://ryzenstudy.com/uploads/1774897720037-KOE089_HUMAN_VALUES_IN_MADHYASTH_DARSHAN.pdf,BTech\Sem-08\2023-24\BTech__Sem08__2023-24__KOE089__human-values-in-madhyasth-darshan.pdf,BTech__Sem08__2023-24__KOE089__human-values-in-madhyasth-darshan.pdf,OK,2026-09-07 09:28:52
BTech,8,2024-25,KOE089,Human Values In Madhyasth Darshan,https://ryzenstudy.com/papers/aktu-btech-sem-8-human-values-in-madhyasth-darshan-2024-25,https://ryzenstudy.com/uploads/1774897734861-KOE089_HUMAN_VALUES_IN_MADHYASTH_DARSHAN.pdf,BTech\Sem-08\2024-25\BTech__Sem08__2024-25__KOE089__human-values-in-madhyasth-darshan.pdf,BTech__Sem08__2024-25__KOE089__human-values-in-madhyasth-darshan.pdf,OK,2026-09-07 09:28:55
BTech,8,2022-23,KOE-099,Human Values In Vedic Darsana,https://ryzenstudy.com/papers/aktu-btech-sem-8-human-values-in-vedic-darsana-2022-23,https://ryzenstudy.com/uploads/1774897702946-HUMAN_VALUES_IN_VEDIC_DARSANA_KOE_099.pdf,BTech\Sem-08\2022-23\BTech__Sem08__2022-23__KOE-099__human-values-in-vedic-darsana.pdf,BTech__Sem08__2022-23__KOE-099__human-values-in-vedic-darsana.pdf,OK,2026-09-07 09:28:58
BTech,8,2023-24,KOE099,Human Values In Vedic Darsana,https://ryzenstudy.com/papers/aktu-btech-sem-8-human-values-in-vedic-darsana-2023-24,https://ryzenstudy.com/uploads/1774897719960-KOE099_HUMAN_VALUES_IN_VEDIC_DARSANA.pdf,BTech\Sem-08\2023-24\BTech__Sem08__2023-24__KOE099__human-values-in-vedic-darsana.pdf,BTech__Sem08__2023-24__KOE099__human-values-in-vedic-darsana.pdf,OK,2026-09-07 09:29:01
BTech,8,2021-22,KOE099,Human Values In Vedic Darshan,https://ryzenstudy.com/papers/aktu-btech-sem-8-human-values-in-vedic-darshan-2021-22,https://ryzenstudy.com/uploads/1774897681295-HUMAN_VALUES_IN_VEDIC_DARSHAN_KOE099.pdf,BTech\Sem-08\2021-22\BTech__Sem08__2021-22__KOE099__human-values-in-vedic-darshan.pdf,BTech__Sem08__2021-22__KOE099__human-values-in-vedic-darshan.pdf,OK,2026-09-07 09:29:05
BTech,8,2024-25,KOE099,Human Values In Vedic Darshan,https://ryzenstudy.com/papers/aktu-btech-sem-8-human-values-in-vedic-darshan-2024-25,https://ryzenstudy.com/uploads/1774897734086-KOE099_HUMAN_VALUES_IN_VEDIC_DARSHAN.pdf,BTech\Sem-08\2024-25\BTech__Sem08__2024-25__KOE099__human-values-in-vedic-darshan.pdf,BTech__Sem08__2024-25__KOE099__human-values-in-vedic-darshan.pdf,OK,2026-09-07 09:29:09
BTech,8,2021-22,KOE086,Industrial Optimization Techniques,https://ryzenstudy.com/papers/aktu-btech-sem-8-industrial-optimization-techniques-2021-22,https://ryzenstudy.com/uploads/1774897681721-INDUSTRIAL_OPTIMIZATION_TECHNIQUES_KOE086.pdf,BTech\Sem-08\2021-22\BTech__Sem08__2021-22__KOE086__industrial-optimization-techniques.pdf,BTech__Sem08__2021-22__KOE086__industrial-optimization-techniques.pdf,OK,2026-09-07 09:29:12
BTech,8,2022-23,KOE-086,Industrial Optimization Techniques,https://ryzenstudy.com/papers/aktu-btech-sem-8-industrial-optimization-techniques-2022-23,https://ryzenstudy.com/uploads/1774897704026-INDUSTRIAL_OPTIMIZATION_TECHNIQUES_KOE_086.pdf,BTech\Sem-08\2022-23\BTech__Sem08__2022-23__KOE-086__industrial-optimization-techniques.pdf,BTech__Sem08__2022-23__KOE-086__industrial-optimization-techniques.pdf,OK,2026-09-07 09:29:15
BTech,8,2023-24,KOE086,Industrial Optimization Techniques,https://ryzenstudy.com/papers/aktu-btech-sem-8-industrial-optimization-techniques-2023-24,https://ryzenstudy.com/uploads/1774897719313-KOE086_INDUSTRIAL_OPTIMIZATION_TECHNIQUES.pdf,BTech\Sem-08\2023-24\BTech__Sem08__2023-24__KOE086__industrial-optimization-techniques.pdf,BTech__Sem08__2023-24__KOE086__industrial-optimization-techniques.pdf,OK,2026-09-07 09:29:18
BTech,8,2024-25,KOE086,Industrial Optimization Techniques,https://ryzenstudy.com/papers/aktu-btech-sem-8-industrial-optimization-techniques-2024-25,https://ryzenstudy.com/uploads/1774897734326-KOE086_INDUSTRIAL_OPTIMIZATION_TECHNIQUES.pdf,BTech\Sem-08\2024-25\BTech__Sem08__2024-25__KOE086__industrial-optimization-techniques.pdf,BTech__Sem08__2024-25__KOE086__industrial-optimization-techniques.pdf,OK,2026-09-07 09:29:22
BTech,8,2021-22,KOE084,Introduction To Smart Grid,https://ryzenstudy.com/papers/aktu-btech-sem-8-introduction-to-smart-grid-2021-22,https://ryzenstudy.com/uploads/1774897682252-INTRODUCTION_TO_SMART_GRID_KOE084.pdf,BTech\Sem-08\2021-22\BTech__Sem08__2021-22__KOE084__introduction-to-smart-grid.pdf,BTech__Sem08__2021-22__KOE084__introduction-to-smart-grid.pdf,OK,2026-09-07 09:29:25
BTech,8,2022-23,KOE-084,Introduction To Smart Grid,https://ryzenstudy.com/papers/aktu-btech-sem-8-introduction-to-smart-grid-2022-23,https://ryzenstudy.com/uploads/1774897703961-INTRODUCTION_TO_SMART_GRID_KOE_084.pdf,BTech\Sem-08\2022-23\BTech__Sem08__2022-23__KOE-084__introduction-to-smart-grid.pdf,BTech__Sem08__2022-23__KOE-084__introduction-to-smart-grid.pdf,OK,2026-09-07 09:29:28
BTech,8,2023-24,KOE084,Introduction To Smart Grid,https://ryzenstudy.com/papers/aktu-btech-sem-8-introduction-to-smart-grid-2023-24,https://ryzenstudy.com/uploads/1774897718349-KOE084_INTRODUCTION_TO_SMART_GRID.pdf,BTech\Sem-08\2023-24\BTech__Sem08__2023-24__KOE084__introduction-to-smart-grid.pdf,BTech__Sem08__2023-24__KOE084__introduction-to-smart-grid.pdf,OK,2026-09-07 09:29:31
BTech,8,2024-25,KOE084,Introduction To Smart Grid,https://ryzenstudy.com/papers/aktu-btech-sem-8-introduction-to-smart-grid-2024-25,https://ryzenstudy.com/uploads/1774897733325-KOE084_INTRODUCTION_TO_SMART_GRID.pdf,BTech\Sem-08\2024-25\BTech__Sem08__2024-25__KOE084__introduction-to-smart-grid.pdf,BTech__Sem08__2024-25__KOE084__introduction-to-smart-grid.pdf,OK,2026-09-07 09:29:34
BTech,8,2024-25,KOE096,Modeling And Simulation Of Dynamics Systems,https://ryzenstudy.com/papers/aktu-btech-sem-8-modeling-and-simulation-of-dynamics-systems-2024-25,https://ryzenstudy.com/uploads/1774897732963-KOE096_MODELING_AND_SIMULATION_OF_DYNAMICS_SYSTEMS.pdf,BTech\Sem-08\2024-25\BTech__Sem08__2024-25__KOE096__modeling-and-simulation-of-dynamics-systems.pdf,BTech__Sem08__2024-25__KOE096__modeling-and-simulation-of-dynamics-systems.pdf,OK,2026-09-07 09:29:37
BTech,8,2021-22,KOE095,Modeling Of Field Effect Nano Devices,https://ryzenstudy.com/papers/aktu-btech-sem-8-modeling-of-field-effect-nano-devices-2021-22,https://ryzenstudy.com/uploads/1774897681426-MODELING_OF_FIELD_EFFECT_NANO_DEVICES_KOE095.pdf,BTech\Sem-08\2021-22\BTech__Sem08__2021-22__KOE095__modeling-of-field-effect-nano-devices.pdf,BTech__Sem08__2021-22__KOE095__modeling-of-field-effect-nano-devices.pdf,OK,2026-09-07 09:29:39
BTech,8,2022-23,KOE-095,Modeling Of Field Effect Nano Devices,https://ryzenstudy.com/papers/aktu-btech-sem-8-modeling-of-field-effect-nano-devices-2022-23,https://ryzenstudy.com/uploads/1774897704351-MODELING_OF_FIELD_EFFECT_NANO_DEVICES_KOE_095.pdf,BTech\Sem-08\2022-23\BTech__Sem08__2022-23__KOE-095__modeling-of-field-effect-nano-devices.pdf,BTech__Sem08__2022-23__KOE-095__modeling-of-field-effect-nano-devices.pdf,OK,2026-09-07 09:29:42
BTech,8,2023-24,KOE095,Modeling Of Field Effect Nano Devices,https://ryzenstudy.com/papers/aktu-btech-sem-8-modeling-of-field-effect-nano-devices-2023-24,https://ryzenstudy.com/uploads/1774897718756-KOE095_MODELING_OF_FIELD_EFFECT_NANO_DEVICES.pdf,BTech\Sem-08\2023-24\BTech__Sem08__2023-24__KOE095__modeling-of-field-effect-nano-devices.pdf,BTech__Sem08__2023-24__KOE095__modeling-of-field-effect-nano-devices.pdf,OK,2026-09-07 09:29:45
BTech,8,2024-25,KOE095,Modeling Of Field Effect Nano Devices,https://ryzenstudy.com/papers/aktu-btech-sem-8-modeling-of-field-effect-nano-devices-2024-25,https://ryzenstudy.com/uploads/1774897733601-KOE095_MODELING_OF_FIELD_EFFECT_NANO_DEVICES.pdf,BTech\Sem-08\2024-25\BTech__Sem08__2024-25__KOE095__modeling-of-field-effect-nano-devices.pdf,BTech__Sem08__2024-25__KOE095__modeling-of-field-effect-nano-devices.pdf,OK,2026-09-07 09:29:49
BTech,8,2022-23,KOE-096,Modelling And Simulation Of Dynamic Systems,https://ryzenstudy.com/papers/aktu-btech-sem-8-modelling-and-simulation-of-dynamic-systems-2022-23,https://ryzenstudy.com/uploads/1774897703330-MODELLING_AND_SIMULATION_OF_DYNAMIC_SYSTEMS_KOE_096.pdf,BTech\Sem-08\2022-23\BTech__Sem08__2022-23__KOE-096__modelling-and-simulation-of-dynamic-systems.pdf,BTech__Sem08__2022-23__KOE-096__modelling-and-simulation-of-dynamic-systems.pdf,OK,2026-09-07 09:29:52
BTech,8,2023-24,KOE096,Modelling And Simulation Of Dynamic Systems,https://ryzenstudy.com/papers/aktu-btech-sem-8-modelling-and-simulation-of-dynamic-systems-2023-24,https://ryzenstudy.com/uploads/1774897719885-KOE096_MODELLING_AND_SIMULATION_OF_DYNAMIC_SYSTEMS.pdf,BTech\Sem-08\2023-24\BTech__Sem08__2023-24__KOE096__modelling-and-simulation-of-dynamic-systems.pdf,BTech__Sem08__2023-24__KOE096__modelling-and-simulation-of-dynamic-systems.pdf,OK,2026-09-07 09:29:54
BTech,8,2021-22,KOE088,Natural Language Processing,https://ryzenstudy.com/papers/aktu-btech-sem-8-natural-language-processing-2021-22,https://ryzenstudy.com/uploads/1774897682184-NATURAL_LANGUAGE_PROCESSING_KOE088.pdf,BTech\Sem-08\2021-22\BTech__Sem08__2021-22__KOE088__natural-language-processing.pdf,BTech__Sem08__2021-22__KOE088__natural-language-processing.pdf,OK,2026-09-07 09:29:57
BTech,8,2022-23,KOE-088,Natural Language Processing,https://ryzenstudy.com/papers/aktu-btech-sem-8-natural-language-processing-2022-23,https://ryzenstudy.com/uploads/1774897703666-NATURAL_LANGUAGE_PROCESSING_KOE_088.pdf,BTech\Sem-08\2022-23\BTech__Sem08__2022-23__KOE-088__natural-language-processing.pdf,BTech__Sem08__2022-23__KOE-088__natural-language-processing.pdf,OK,2026-09-07 09:30:00
BTech,8,2023-24,KOE088,Natural Language Processing,https://ryzenstudy.com/papers/aktu-btech-sem-8-natural-language-processing-2023-24,https://ryzenstudy.com/uploads/1774897719178-KOE088_NATURAL_LANGUAGE_PROCESSING.pdf,BTech\Sem-08\2023-24\BTech__Sem08__2023-24__KOE088__natural-language-processing.pdf,BTech__Sem08__2023-24__KOE088__natural-language-processing.pdf,OK,2026-09-07 09:30:03
BTech,8,2024-25,KOE088,Natural Language Processing,https://ryzenstudy.com/papers/aktu-btech-sem-8-natural-language-processing-2024-25,https://ryzenstudy.com/uploads/1774897734166-KOE088_NATURAL_LANGUAGE_PROCESSING.pdf,BTech\Sem-08\2024-25\BTech__Sem08__2024-25__KOE088__natural-language-processing.pdf,BTech__Sem08__2024-25__KOE088__natural-language-processing.pdf,OK,2026-09-07 09:30:06
BTech,8,2022-23,KHU-802,Project Management Enterpreneurship,https://ryzenstudy.com/papers/aktu-btech-sem-8-project-management-enterpreneurship-2022-23,https://ryzenstudy.com/uploads/1774897703054-PROJECT_MANAGEMENT_ENTERPRENEURSHIP_KHU_802.pdf,BTech\Sem-08\2022-23\BTech__Sem08__2022-23__KHU-802__project-management-enterpreneurship.pdf,BTech__Sem08__2022-23__KHU-802__project-management-enterpreneurship.pdf,OK,2026-09-07 09:30:09
BTech,8,2021-22,KHU802,Project Management Entrepreneurship,https://ryzenstudy.com/papers/aktu-btech-sem-8-project-management-entrepreneurship-2021-22,https://ryzenstudy.com/uploads/1774897682111-PROJECT_MANAGEMENT_ENTREPRENEURSHIP_KHU802.pdf,BTech\Sem-08\2021-22\BTech__Sem08__2021-22__KHU802__project-management-entrepreneurship.pdf,BTech__Sem08__2021-22__KHU802__project-management-entrepreneurship.pdf,OK,2026-09-07 09:30:12
BTech,8,2023-24,KHU802,Project Management Entrepreneurship,https://ryzenstudy.com/papers/aktu-btech-sem-8-project-management-entrepreneurship-2023-24,https://ryzenstudy.com/uploads/1774897719601-KHU802_PROJECT_MANAGEMENT_ENTREPRENEURSHIP.pdf,BTech\Sem-08\2023-24\BTech__Sem08__2023-24__KHU802__project-management-entrepreneurship.pdf,BTech__Sem08__2023-24__KHU802__project-management-entrepreneurship.pdf,OK,2026-09-07 09:30:14
BTech,8,2024-25,KHU802,Project Management Entrepreneurship,https://ryzenstudy.com/papers/aktu-btech-sem-8-project-management-entrepreneurship-2024-25,https://ryzenstudy.com/uploads/1774897734550-KHU802_PROJECT_MANAGEMENT_ENTREPRENEURSHIP.pdf,BTech\Sem-08\2024-25\BTech__Sem08__2024-25__KHU802__project-management-entrepreneurship.pdf,BTech__Sem08__2024-25__KHU802__project-management-entrepreneurship.pdf,OK,2026-09-07 09:30:17
BTech,8,2021-22,KOE085,Quality Management,https://ryzenstudy.com/papers/aktu-btech-sem-8-quality-management-2021-22,https://ryzenstudy.com/uploads/1774897681995-QUALITY_MANAGEMENT_KOE085.pdf,BTech\Sem-08\2021-22\BTech__Sem08__2021-22__KOE085__quality-management.pdf,BTech__Sem08__2021-22__KOE085__quality-management.pdf,OK,2026-09-07 09:30:20
BTech,8,2022-23,KOE-085,Quality Management,https://ryzenstudy.com/papers/aktu-btech-sem-8-quality-management-2022-23,https://ryzenstudy.com/uploads/1774897704197-QUALITY_MANAGEMENT_KOE_085.pdf,BTech\Sem-08\2022-23\BTech__Sem08__2022-23__KOE-085__quality-management.pdf,BTech__Sem08__2022-23__KOE-085__quality-management.pdf,OK,2026-09-07 09:30:23
BTech,8,2023-24,KOE085,Quality Management,https://ryzenstudy.com/papers/aktu-btech-sem-8-quality-management-2023-24,https://ryzenstudy.com/uploads/1774897719739-KOE085_QUALITY_MANAGEMENT.pdf,BTech\Sem-08\2023-24\BTech__Sem08__2023-24__KOE085__quality-management.pdf,BTech__Sem08__2023-24__KOE085__quality-management.pdf,OK,2026-09-07 09:30:26
BTech,8,2024-25,KOE085,Quality Management,https://ryzenstudy.com/papers/aktu-btech-sem-8-quality-management-2024-25,https://ryzenstudy.com/uploads/1774897734704-KOE085_QUALITY_MANAGEMENT.pdf,BTech\Sem-08\2024-25\BTech__Sem08__2024-25__KOE085__quality-management.pdf,BTech__Sem08__2024-25__KOE085__quality-management.pdf,OK,2026-09-07 09:30:29
BTech,8,2021-22,KHU801,Rural Development Administration And Planning,https://ryzenstudy.com/papers/aktu-btech-sem-8-rural-development-administration-and-planning-2021-22,https://ryzenstudy.com/uploads/1774897682391-RURAL_DEVELOPMENT_ADMINISTRATION_AND_PLANNING_KHU801.pdf,BTech\Sem-08\2021-22\BTech__Sem08__2021-22__KHU801__rural-development-administration-and-planning.pdf,BTech__Sem08__2021-22__KHU801__rural-development-administration-and-planning.pdf,OK,2026-09-07 09:30:32
BTech,8,2022-23,KHU-801,Rural Development Administration And Planning,https://ryzenstudy.com/papers/aktu-btech-sem-8-rural-development-administration-and-planning-2022-23,https://ryzenstudy.com/uploads/1774897704118-RURAL_DEVELOPMENT_ADMINISTRATION_AND_PLANNING_KHU_801.pdf,BTech\Sem-08\2022-23\BTech__Sem08__2022-23__KHU-801__rural-development-administration-and-planning.pdf,BTech__Sem08__2022-23__KHU-801__rural-development-administration-and-planning.pdf,OK,2026-09-07 09:30:35
BTech,8,2023-24,KHU801,Rural Development Administration And Planning,https://ryzenstudy.com/papers/aktu-btech-sem-8-rural-development-administration-and-planning-2023-24,https://ryzenstudy.com/uploads/1774897718904-KHU801_RURAL_DEVELOPMENT_ADMINISTRATION_AND_PLANNING.pdf,BTech\Sem-08\2023-24\BTech__Sem08__2023-24__KHU801__rural-development-administration-and-planning.pdf,BTech__Sem08__2023-24__KHU801__rural-development-administration-and-planning.pdf,OK,2026-09-07 09:30:38
BTech,8,2024-25,KHU801,Rural Development Administration And Planning,https://ryzenstudy.com/papers/aktu-btech-sem-8-rural-development-administration-and-planning-2024-25,https://ryzenstudy.com/uploads/1774897733738-KHU801_RURAL_DEVELOPMENT_ADMINISTRATION_AND_PLANNING.pdf,BTech\Sem-08\2024-25\BTech__Sem08__2024-25__KHU801__rural-development-administration-and-planning.pdf,BTech__Sem08__2024-25__KHU801__rural-development-administration-and-planning.pdf,OK,2026-09-07 09:30:41
BTech,8,2021-22,KOE087,Virology,https://ryzenstudy.com/papers/aktu-btech-sem-8-virology-2021-22,https://ryzenstudy.com/uploads/1774897681579-VIROLOGY_KOE087.pdf,BTech\Sem-08\2021-22\BTech__Sem08__2021-22__KOE087__virology.pdf,BTech__Sem08__2021-22__KOE087__virology.pdf,OK,2026-09-07 09:30:44
BTech,8,2022-23,KOE-087,Virology,https://ryzenstudy.com/papers/aktu-btech-sem-8-virology-2022-23,https://ryzenstudy.com/uploads/1774897702764-VIROLOGY_KOE_087.pdf,BTech\Sem-08\2022-23\BTech__Sem08__2022-23__KOE-087__virology.pdf,BTech__Sem08__2022-23__KOE-087__virology.pdf,OK,2026-09-07 09:30:47
BTech,8,2023-24,KOE087,Virology,https://ryzenstudy.com/papers/aktu-btech-sem-8-virology-2023-24,https://ryzenstudy.com/uploads/1774897719671-KOE087_VIROLOGY.pdf,BTech\Sem-08\2023-24\BTech__Sem08__2023-24__KOE087__virology.pdf,BTech__Sem08__2023-24__KOE087__virology.pdf,OK,2026-09-07 09:30:51
BTech,8,2024-25,KOE087,Virology,https://ryzenstudy.com/papers/aktu-btech-sem-8-virology-2024-25,https://ryzenstudy.com/uploads/1774897734629-KOE087_VIROLOGY.pdf,BTech\Sem-08\2024-25\BTech__Sem08__2024-25__KOE087__virology.pdf,BTech__Sem08__2024-25__KOE087__virology.pdf,OK,2026-09-07 09:30:54
BPharm,1,2025-26,BP101T,Human Anatomy And Physiology 1,https://ryzenstudy.com/papers/aktu-bpharm-sem-1-human-anatomy-and-physiology-1-2025-26,https://ryzenstudy.com/uploads/1774898270078-BP101T_HUMAN_ANATOMY_AND_PHYSIOLOGY_1.pdf,BPharm\Sem-01\2025-26\BPharm__Sem01__2025-26__BP101T__human-anatomy-and-physiology-1.pdf,BPharm__Sem01__2025-26__BP101T__human-anatomy-and-physiology-1.pdf,OK,2026-09-07 09:30:58
BPharm,1,2022-23,BP-101T,Human Anatomy And Physiology Theory,https://ryzenstudy.com/papers/aktu-bpharm-sem-1-human-anatomy-and-physiology-theory-2022-23,https://ryzenstudy.com/uploads/1774898237437-HUMAN_ANATOMY_AND_PHYSIOLOGY_THEORY_BP_101T.pdf,BPharm\Sem-01\2022-23\BPharm__Sem01__2022-23__BP-101T__human-anatomy-and-physiology-theory.pdf,BPharm__Sem01__2022-23__BP-101T__human-anatomy-and-physiology-theory.pdf,OK,2026-09-07 09:31:00
BPharm,1,2023-24,BP101T,Human Anatomy And Physiology– Theory,https://ryzenstudy.com/papers/aktu-bpharm-sem-1-human-anatomy-and-physiology-theory-2023-24,https://ryzenstudy.com/uploads/1774898245954-BP101T_HUMAN_ANATOMY_AND_PHYSIOLOGY__THEORY.pdf,BPharm\Sem-01\2023-24\BPharm__Sem01__2023-24__BP101T__human-anatomy-and-physiology-theory.pdf,BPharm__Sem01__2023-24__BP101T__human-anatomy-and-physiology-theory.pdf,OK,2026-09-07 09:31:03
BPharm,1,2024-25,BP101T,Human Anatomy And Physiology Theory,https://ryzenstudy.com/papers/aktu-bpharm-sem-1-human-anatomy-and-physiology-theory-2024-25,https://ryzenstudy.com/uploads/1774898257588-BP101T_HUMAN_ANATOMY_AND_PHYSIOLOGY_THEORY.pdf,BPharm\Sem-01\2024-25\BPharm__Sem01__2024-25__BP101T__human-anatomy-and-physiology-theory.pdf,BPharm__Sem01__2024-25__BP101T__human-anatomy-and-physiology-theory.pdf,OK,2026-09-07 09:31:07
BPharm,1,2025-26,BP102T,Pharmaceutial Analysis I 1,https://ryzenstudy.com/papers/aktu-bpharm-sem-1-pharmaceutial-analysis-i-1-2025-26,https://ryzenstudy.com/uploads/1774898269799-BP102T_PHARMACEUTIAL_ANALYSIS_I_1.pdf,BPharm\Sem-01\2025-26\BPharm__Sem01__2025-26__BP102T__pharmaceutial-analysis-i-1.pdf,BPharm__Sem01__2025-26__BP102T__pharmaceutial-analysis-i-1.pdf,OK,2026-09-07 09:31:12
BPharm,1,2022-23,BP-102T,Pharmaceutical Analysis I,https://ryzenstudy.com/papers/aktu-bpharm-sem-1-pharmaceutical-analysis-i-2022-23,https://ryzenstudy.com/uploads/1774898237511-PHARMACEUTICAL_ANALYSIS_I_BP_102T.pdf,BPharm\Sem-01\2022-23\BPharm__Sem01__2022-23__BP-102T__pharmaceutical-analysis-i.pdf,BPharm__Sem01__2022-23__BP-102T__pharmaceutical-analysis-i.pdf,OK,2026-09-07 09:31:15
BPharm,1,2023-24,BP102T,Pharmaceutical Analysisi – Theory,https://ryzenstudy.com/papers/aktu-bpharm-sem-1-pharmaceutical-analysisi-theory-2023-24,https://ryzenstudy.com/uploads/1774898246283-BP102T_PHARMACEUTICAL_ANALYSISI___THEORY.pdf,BPharm\Sem-01\2023-24\BPharm__Sem01__2023-24__BP102T__pharmaceutical-analysisi-theory.pdf,BPharm__Sem01__2023-24__BP102T__pharmaceutical-analysisi-theory.pdf,OK,2026-09-07 09:31:17
BPharm,1,2024-25,BP102T,Pharmaceutical Analysisi Theory,https://ryzenstudy.com/papers/aktu-bpharm-sem-1-pharmaceutical-analysisi-theory-2024-25,https://ryzenstudy.com/uploads/1774898257777-BP102T_PHARMACEUTICAL_ANALYSISI_THEORY.pdf,BPharm\Sem-01\2024-25\BPharm__Sem01__2024-25__BP102T__pharmaceutical-analysisi-theory.pdf,BPharm__Sem01__2024-25__BP102T__pharmaceutical-analysisi-theory.pdf,OK,2026-09-07 09:31:22
BPharm,1,2025-26,BP104T,Pharmaceutical Inorganic Chemistry 1,https://ryzenstudy.com/papers/aktu-bpharm-sem-1-pharmaceutical-inorganic-chemistry-1-2025-26,https://ryzenstudy.com/uploads/1774898269158-BP104T_PHARMACEUTICAL_INORGANIC_CHEMISTRY_1.pdf,BPharm\Sem-01\2025-26\BPharm__Sem01__2025-26__BP104T__pharmaceutical-inorganic-chemistry-1.pdf,BPharm__Sem01__2025-26__BP104T__pharmaceutical-inorganic-chemistry-1.pdf,OK,2026-09-07 09:31:26
BPharm,1,2022-23,BP-104T,Pharmaceutical Inorganic Chemistry,https://ryzenstudy.com/papers/aktu-bpharm-sem-1-pharmaceutical-inorganic-chemistry-2022-23,https://ryzenstudy.com/uploads/1774898237223-PHARMACEUTICAL_INORGANIC_CHEMISTRY_BP_104T.pdf,BPharm\Sem-01\2022-23\BPharm__Sem01__2022-23__BP-104T__pharmaceutical-inorganic-chemistry.pdf,BPharm__Sem01__2022-23__BP-104T__pharmaceutical-inorganic-chemistry.pdf,OK,2026-09-07 09:31:29
BPharm,1,2023-24,BP104T,Pharmaceutical Inorganic Chemistry– Theory,https://ryzenstudy.com/papers/aktu-bpharm-sem-1-pharmaceutical-inorganic-chemistry-theory-2023-24,https://ryzenstudy.com/uploads/1774898246179-BP104T_PHARMACEUTICAL_INORGANIC_CHEMISTRY__THEORY.pdf,BPharm\Sem-01\2023-24\BPharm__Sem01__2023-24__BP104T__pharmaceutical-inorganic-chemistry-theory.pdf,BPharm__Sem01__2023-24__BP104T__pharmaceutical-inorganic-chemistry-theory.pdf,OK,2026-09-07 09:31:33
BPharm,1,2024-25,BP104T,Pharmaceutical Inorganic Chemistry–Theory,https://ryzenstudy.com/papers/aktu-bpharm-sem-1-pharmaceutical-inorganic-chemistry-theory-2024-25,https://ryzenstudy.com/uploads/1774898257103-BP104T_PHARMACEUTICAL_INORGANIC_CHEMISTRY_THEORY.pdf,BPharm\Sem-01\2024-25\BPharm__Sem01__2024-25__BP104T__pharmaceutical-inorganic-chemistry-theory.pdf,BPharm__Sem01__2024-25__BP104T__pharmaceutical-inorganic-chemistry-theory.pdf,OK,2026-09-07 09:31:38
BPharm,1,2025-26,BP103T,Pharmaceutics I 1,https://ryzenstudy.com/papers/aktu-bpharm-sem-1-pharmaceutics-i-1-2025-26,https://ryzenstudy.com/uploads/1774898269482-BP103T_PHARMACEUTICS_I_1.pdf,BPharm\Sem-01\2025-26\BPharm__Sem01__2025-26__BP103T__pharmaceutics-i-1.pdf,BPharm__Sem01__2025-26__BP103T__pharmaceutics-i-1.pdf,OK,2026-09-07 09:31:41
BPharm,1,2022-23,BP-103T,Pharmaceutics I,https://ryzenstudy.com/papers/aktu-bpharm-sem-1-pharmaceutics-i-2022-23,https://ryzenstudy.com/uploads/1774898237330-PHARMACEUTICS_I_BP_103T.pdf,BPharm\Sem-01\2022-23\BPharm__Sem01__2022-23__BP-103T__pharmaceutics-i.pdf,BPharm__Sem01__2022-23__BP-103T__pharmaceutics-i.pdf,OK,2026-09-07 09:31:44
BPharm,1,2023-24,BP103T,Pharmaceutics I – Theory,https://ryzenstudy.com/papers/aktu-bpharm-sem-1-pharmaceutics-i-theory-2023-24,https://ryzenstudy.com/uploads/1774898245846-BP103T_PHARMACEUTICS_I___THEORY.pdf,BPharm\Sem-01\2023-24\BPharm__Sem01__2023-24__BP103T__pharmaceutics-i-theory.pdf,BPharm__Sem01__2023-24__BP103T__pharmaceutics-i-theory.pdf,OK,2026-09-07 09:31:48
BPharm,1,2024-25,BP103T,Pharmaceutics I Theory,https://ryzenstudy.com/papers/aktu-bpharm-sem-1-pharmaceutics-i-theory-2024-25,https://ryzenstudy.com/uploads/1774898257366-BP103T_PHARMACEUTICS_I_THEORY.pdf,BPharm\Sem-01\2024-25\BPharm__Sem01__2024-25__BP103T__pharmaceutics-i-theory.pdf,BPharm__Sem01__2024-25__BP103T__pharmaceutics-i-theory.pdf,OK,2026-09-07 09:31:51
BPharm,2,2021-22,BP-203T,Biochemistry,https://ryzenstudy.com/papers/aktu-bpharm-sem-2-biochemistry-2021-22,https://ryzenstudy.com/uploads/1774898283976-BIOCHEMISTRY_BP_203T_3.pdf,BPharm\Sem-02\2021-22\BPharm__Sem02__2021-22__BP-203T__biochemistry.pdf,BPharm__Sem02__2021-22__BP-203T__biochemistry.pdf,OK,2026-09-07 09:31:54
BPharm,2,2022-23,BP-203T,Biochemistry,https://ryzenstudy.com/papers/aktu-bpharm-sem-2-biochemistry-2022-23,https://ryzenstudy.com/uploads/1774898293878-BIOCHEMISTRY_BP_203T.pdf,BPharm\Sem-02\2022-23\BPharm__Sem02__2022-23__BP-203T__biochemistry.pdf,BPharm__Sem02__2022-23__BP-203T__biochemistry.pdf,OK,2026-09-07 09:31:57
BPharm,2,2023-24,BP203T,Biochemistry,https://ryzenstudy.com/papers/aktu-bpharm-sem-2-biochemistry-2023-24,https://ryzenstudy.com/uploads/1774898303939-BP203T_BIOCHEMISTRY.pdf,BPharm\Sem-02\2023-24\BPharm__Sem02__2023-24__BP203T__biochemistry.pdf,BPharm__Sem02__2023-24__BP203T__biochemistry.pdf,OK,2026-09-07 09:32:00
BPharm,2,2024-25,BP203T,Biochemistry,https://ryzenstudy.com/papers/aktu-bpharm-sem-2-biochemistry-2024-25,https://ryzenstudy.com/uploads/1774898313444-BP203T_BIOCHEMISTRY.pdf,BPharm\Sem-02\2024-25\BPharm__Sem02__2024-25__BP203T__biochemistry.pdf,BPharm__Sem02__2024-25__BP203T__biochemistry.pdf,OK,2026-09-07 09:32:03
BPharm,2,2021-22,BP-201T,Human Anatomy And Physiology Ii,https://ryzenstudy.com/papers/aktu-bpharm-sem-2-human-anatomy-and-physiology-ii-2021-22,https://ryzenstudy.com/uploads/1774898284199-HUMAN_ANATOMY_AND_PHYSIOLOGY_II_BP_201T_1.pdf,BPharm\Sem-02\2021-22\BPharm__Sem02__2021-22__BP-201T__human-anatomy-and-physiology-ii.pdf,BPharm__Sem02__2021-22__BP-201T__human-anatomy-and-physiology-ii.pdf,OK,2026-09-07 09:32:07
BPharm,2,2022-23,BP-201T,Human Anatomy And Physiology Ii,https://ryzenstudy.com/papers/aktu-bpharm-sem-2-human-anatomy-and-physiology-ii-2022-23,https://ryzenstudy.com/uploads/1774898293815-HUMAN_ANATOMY_AND_PHYSIOLOGY_II_BP_201T.pdf,BPharm\Sem-02\2022-23\BPharm__Sem02__2022-23__BP-201T__human-anatomy-and-physiology-ii.pdf,BPharm__Sem02__2022-23__BP-201T__human-anatomy-and-physiology-ii.pdf,OK,2026-09-07 09:32:10
BPharm,2,2023-24,BP201T,Human Anatomy And Physiology Ii,https://ryzenstudy.com/papers/aktu-bpharm-sem-2-human-anatomy-and-physiology-ii-2023-24,https://ryzenstudy.com/uploads/1774898303643-BP201T_HUMAN_ANATOMY_AND_PHYSIOLOGY_II.pdf,BPharm\Sem-02\2023-24\BPharm__Sem02__2023-24__BP201T__human-anatomy-and-physiology-ii.pdf,BPharm__Sem02__2023-24__BP201T__human-anatomy-and-physiology-ii.pdf,OK,2026-09-07 09:32:14
BPharm,2,2024-25,BP201T,Human Anatomy And Physiology Ii,https://ryzenstudy.com/papers/aktu-bpharm-sem-2-human-anatomy-and-physiology-ii-2024-25,https://ryzenstudy.com/uploads/1774898313141-BP201T_HUMAN_ANATOMY_AND_PHYSIOLOGY_II__.pdf,BPharm\Sem-02\2024-25\BPharm__Sem02__2024-25__BP201T__human-anatomy-and-physiology-ii.pdf,BPharm__Sem02__2024-25__BP201T__human-anatomy-and-physiology-ii.pdf,OK,2026-09-07 09:32:17
BPharm,2,2021-22,BP-204T,Pathophysiology,https://ryzenstudy.com/papers/aktu-bpharm-sem-2-pathophysiology-2021-22,https://ryzenstudy.com/uploads/1774898284088-PATHOPHYSIOLOGY_BP_204T_2.pdf,BPharm\Sem-02\2021-22\BPharm__Sem02__2021-22__BP-204T__pathophysiology.pdf,BPharm__Sem02__2021-22__BP-204T__pathophysiology.pdf,OK,2026-09-07 09:32:20
BPharm,2,2022-23,BP-204T,Pathophysiology,https://ryzenstudy.com/papers/aktu-bpharm-sem-2-pathophysiology-2022-23,https://ryzenstudy.com/uploads/1774898293676-PATHOPHYSIOLOGY_BP_204T.pdf,BPharm\Sem-02\2022-23\BPharm__Sem02__2022-23__BP-204T__pathophysiology.pdf,BPharm__Sem02__2022-23__BP-204T__pathophysiology.pdf,OK,2026-09-07 09:32:23
BPharm,2,2023-24,BP204T,Pathophysiology,https://ryzenstudy.com/papers/aktu-bpharm-sem-2-pathophysiology-2023-24,https://ryzenstudy.com/uploads/1774898303518-BP204T_PATHOPHYSIOLOGY.pdf,BPharm\Sem-02\2023-24\BPharm__Sem02__2023-24__BP204T__pathophysiology.pdf,BPharm__Sem02__2023-24__BP204T__pathophysiology.pdf,OK,2026-09-07 09:32:26
BPharm,2,2024-25,BP204T,Pathophysiology,https://ryzenstudy.com/papers/aktu-bpharm-sem-2-pathophysiology-2024-25,https://ryzenstudy.com/uploads/1774898313259-BP204T_PATHOPHYSIOLOGY.pdf,BPharm\Sem-02\2024-25\BPharm__Sem02__2024-25__BP204T__pathophysiology.pdf,BPharm__Sem02__2024-25__BP204T__pathophysiology.pdf,OK,2026-09-07 09:32:30
BPharm,2,2021-22,BP-202T,Pharmaceutical Organic Chemistry I,https://ryzenstudy.com/papers/aktu-bpharm-sem-2-pharmaceutical-organic-chemistry-i-2021-22,https://ryzenstudy.com/uploads/1774898284276-PHARMACEUTICAL_ORGANIC_CHEMISTRY_I_BP_202T_1.pdf,BPharm\Sem-02\2021-22\BPharm__Sem02__2021-22__BP-202T__pharmaceutical-organic-chemistry-i.pdf,BPharm__Sem02__2021-22__BP-202T__pharmaceutical-organic-chemistry-i.pdf,OK,2026-09-07 09:32:32
BPharm,2,2022-23,BP-202T,Pharmaceutical Organic Chemistry I,https://ryzenstudy.com/papers/aktu-bpharm-sem-2-pharmaceutical-organic-chemistry-i-2022-23,https://ryzenstudy.com/uploads/1774898293574-PHARMACEUTICAL_ORGANIC_CHEMISTRY_I_BP_202T.pdf,BPharm\Sem-02\2022-23\BPharm__Sem02__2022-23__BP-202T__pharmaceutical-organic-chemistry-i.pdf,BPharm__Sem02__2022-23__BP-202T__pharmaceutical-organic-chemistry-i.pdf,OK,2026-09-07 09:32:35
BPharm,2,2023-24,BP202T,Pharmaceutical Organic Chemistry I,https://ryzenstudy.com/papers/aktu-bpharm-sem-2-pharmaceutical-organic-chemistry-i-2023-24,https://ryzenstudy.com/uploads/1774898303751-BP202T_PHARMACEUTICAL_ORGANIC_CHEMISTRY_I.pdf,BPharm\Sem-02\2023-24\BPharm__Sem02__2023-24__BP202T__pharmaceutical-organic-chemistry-i.pdf,BPharm__Sem02__2023-24__BP202T__pharmaceutical-organic-chemistry-i.pdf,OK,2026-09-07 09:32:38
BPharm,2,2024-25,BP202T,Pharmaceutical Organic Chemistry I,https://ryzenstudy.com/papers/aktu-bpharm-sem-2-pharmaceutical-organic-chemistry-i-2024-25,https://ryzenstudy.com/uploads/1774898313576-BP202T_PHARMACEUTICAL_ORGANIC_CHEMISTRY_I__.pdf,BPharm\Sem-02\2024-25\BPharm__Sem02__2024-25__BP202T__pharmaceutical-organic-chemistry-i.pdf,BPharm__Sem02__2024-25__BP202T__pharmaceutical-organic-chemistry-i.pdf,OK,2026-09-07 09:32:41
BPharm,3,2021-22,BP-304T,Pharmaceutical Engineering,https://ryzenstudy.com/papers/aktu-bpharm-sem-3-pharmaceutical-engineering-2021-22,https://ryzenstudy.com/uploads/1774898331151-PHARMACEUTICAL_ENGINEERING_BP_304T_1.pdf,BPharm\Sem-03\2021-22\BPharm__Sem03__2021-22__BP-304T__pharmaceutical-engineering.pdf,BPharm__Sem03__2021-22__BP-304T__pharmaceutical-engineering.pdf,OK,2026-09-07 09:32:44
BPharm,3,2022-23,BP-304T,Pharmaceutical Engineering,https://ryzenstudy.com/papers/aktu-bpharm-sem-3-pharmaceutical-engineering-2022-23,https://ryzenstudy.com/uploads/1774898339634-PHARMACEUTICAL_ENGINEERING_BP_304T.pdf,BPharm\Sem-03\2022-23\BPharm__Sem03__2022-23__BP-304T__pharmaceutical-engineering.pdf,BPharm__Sem03__2022-23__BP-304T__pharmaceutical-engineering.pdf,OK,2026-09-07 09:32:47
BPharm,3,2023-24,BP304T,Pharmaceutical Engineering,https://ryzenstudy.com/papers/aktu-bpharm-sem-3-pharmaceutical-engineering-2023-24,https://ryzenstudy.com/uploads/1774898349401-BP304T_PHARMACEUTICAL_ENGINEERING.pdf,BPharm\Sem-03\2023-24\BPharm__Sem03__2023-24__BP304T__pharmaceutical-engineering.pdf,BPharm__Sem03__2023-24__BP304T__pharmaceutical-engineering.pdf,OK,2026-09-07 09:32:50
BPharm,3,2024-25,BP304T,Pharmaceutical Engineering,https://ryzenstudy.com/papers/aktu-bpharm-sem-3-pharmaceutical-engineering-2024-25,https://ryzenstudy.com/uploads/1774898750663-BP304T_PHARMACEUTICAL_ENGINEERING_scaled.pdf,BPharm\Sem-03\2024-25\BPharm__Sem03__2024-25__BP304T__pharmaceutical-engineering.pdf,BPharm__Sem03__2024-25__BP304T__pharmaceutical-engineering.pdf,OK,2026-09-07 09:32:54
BPharm,3,2025-26,BP304T,Pharmaceutical Engineering,https://ryzenstudy.com/papers/aktu-bpharm-sem-3-pharmaceutical-engineering-2025-26,https://ryzenstudy.com/uploads/1774898795489-BP304T_PHARMACEUTICAL_ENGINEERING.pdf,BPharm\Sem-03\2025-26\BPharm__Sem03__2025-26__BP304T__pharmaceutical-engineering.pdf,BPharm__Sem03__2025-26__BP304T__pharmaceutical-engineering.pdf,OK,2026-09-07 09:32:58
BPharm,3,2021-22,BP-303T,Pharmaceutical Microbiology,https://ryzenstudy.com/papers/aktu-bpharm-sem-3-pharmaceutical-microbiology-2021-22,https://ryzenstudy.com/uploads/1774898331269-PHARMACEUTICAL_MICROBIOLOGY_BP_303T_2.pdf,BPharm\Sem-03\2021-22\BPharm__Sem03__2021-22__BP-303T__pharmaceutical-microbiology.pdf,BPharm__Sem03__2021-22__BP-303T__pharmaceutical-microbiology.pdf,OK,2026-09-07 09:33:02
BPharm,3,2022-23,BP-303T,Pharmaceutical Microbiology,https://ryzenstudy.com/papers/aktu-bpharm-sem-3-pharmaceutical-microbiology-2022-23,https://ryzenstudy.com/uploads/1774898339456-PHARMACEUTICAL_MICROBIOLOGY_BP_303T.pdf,BPharm\Sem-03\2022-23\BPharm__Sem03__2022-23__BP-303T__pharmaceutical-microbiology.pdf,BPharm__Sem03__2022-23__BP-303T__pharmaceutical-microbiology.pdf,OK,2026-09-07 09:33:05
BPharm,3,2023-24,BP303T,Pharmaceutical Microbiology,https://ryzenstudy.com/papers/aktu-bpharm-sem-3-pharmaceutical-microbiology-2023-24,https://ryzenstudy.com/uploads/1774898349606-BP303T_PHARMACEUTICAL_MICROBIOLOGY.pdf,BPharm\Sem-03\2023-24\BPharm__Sem03__2023-24__BP303T__pharmaceutical-microbiology.pdf,BPharm__Sem03__2023-24__BP303T__pharmaceutical-microbiology.pdf,OK,2026-09-07 09:33:07
BPharm,3,2024-25,BP303T,Pharmaceutical Microbiology,https://ryzenstudy.com/papers/aktu-bpharm-sem-3-pharmaceutical-microbiology-2024-25,https://ryzenstudy.com/uploads/1774898750888-BP303T_PHARMACEUTICAL_MICROBIOLOGY_scaled.pdf,BPharm\Sem-03\2024-25\BPharm__Sem03__2024-25__BP303T__pharmaceutical-microbiology.pdf,BPharm__Sem03__2024-25__BP303T__pharmaceutical-microbiology.pdf,OK,2026-09-07 09:33:10
BPharm,3,2025-26,BP303T,Pharmaceutical Microbiology,https://ryzenstudy.com/papers/aktu-bpharm-sem-3-pharmaceutical-microbiology-2025-26,https://ryzenstudy.com/uploads/1774898795633-BP303T_PHARMACEUTICAL_MICROBIOLOGY.pdf,BPharm\Sem-03\2025-26\BPharm__Sem03__2025-26__BP303T__pharmaceutical-microbiology.pdf,BPharm__Sem03__2025-26__BP303T__pharmaceutical-microbiology.pdf,OK,2026-09-07 09:33:13
BPharm,3,2021-22,BP-301T,Pharmaceutical Organic Chemistry Ii,https://ryzenstudy.com/papers/aktu-bpharm-sem-3-pharmaceutical-organic-chemistry-ii-2021-22,https://ryzenstudy.com/uploads/1774898331042-PHARMACEUTICAL_ORGANIC_CHEMISTRY_II_BP_301T_2.pdf,BPharm\Sem-03\2021-22\BPharm__Sem03__2021-22__BP-301T__pharmaceutical-organic-chemistry-ii.pdf,BPharm__Sem03__2021-22__BP-301T__pharmaceutical-organic-chemistry-ii.pdf,OK,2026-09-07 09:33:16
BPharm,3,2022-23,BP-301T,Pharmaceutical Organic Chemistry Ii,https://ryzenstudy.com/papers/aktu-bpharm-sem-3-pharmaceutical-organic-chemistry-ii-2022-23,https://ryzenstudy.com/uploads/1774898339561-PHARMACEUTICAL_ORGANIC_CHEMISTRY_II_BP_301T.pdf,BPharm\Sem-03\2022-23\BPharm__Sem03__2022-23__BP-301T__pharmaceutical-organic-chemistry-ii.pdf,BPharm__Sem03__2022-23__BP-301T__pharmaceutical-organic-chemistry-ii.pdf,OK,2026-09-07 09:33:19
BPharm,3,2023-24,BP301T,Pharmaceutical Organic Chemistry Ii,https://ryzenstudy.com/papers/aktu-bpharm-sem-3-pharmaceutical-organic-chemistry-ii-2023-24,https://ryzenstudy.com/uploads/1774898349721-BP301T_PHARMACEUTICAL_ORGANIC_CHEMISTRY_II.pdf,BPharm\Sem-03\2023-24\BPharm__Sem03__2023-24__BP301T__pharmaceutical-organic-chemistry-ii.pdf,BPharm__Sem03__2023-24__BP301T__pharmaceutical-organic-chemistry-ii.pdf,OK,2026-09-07 09:33:23
BPharm,3,2024-25,BP301T,Pharmaceutical Organic Chemistry Ii,https://ryzenstudy.com/papers/aktu-bpharm-sem-3-pharmaceutical-organic-chemistry-ii-2024-25,https://ryzenstudy.com/uploads/1774898751016-BP301T_PHARMACEUTICAL_ORGANIC_CHEMISTRY_II_scaled.pdf,BPharm\Sem-03\2024-25\BPharm__Sem03__2024-25__BP301T__pharmaceutical-organic-chemistry-ii.pdf,BPharm__Sem03__2024-25__BP301T__pharmaceutical-organic-chemistry-ii.pdf,OK,2026-09-07 09:33:26
BPharm,3,2025-26,BP301T,Pharmaceutical Organic Chemistry Ii,https://ryzenstudy.com/papers/aktu-bpharm-sem-3-pharmaceutical-organic-chemistry-ii-2025-26,https://ryzenstudy.com/uploads/1774898795711-BP301T_PHARMACEUTICAL_ORGANIC_CHEMISTRY_II.pdf,BPharm\Sem-03\2025-26\BPharm__Sem03__2025-26__BP301T__pharmaceutical-organic-chemistry-ii.pdf,BPharm__Sem03__2025-26__BP301T__pharmaceutical-organic-chemistry-ii.pdf,OK,2026-09-07 09:33:29
BPharm,3,2021-22,BP-302T,Physical Pharmaceutics I,https://ryzenstudy.com/papers/aktu-bpharm-sem-3-physical-pharmaceutics-i-2021-22,https://ryzenstudy.com/uploads/1774898330888-PHYSICAL_PHARMACEUTICS_I_BP_302T_1.pdf,BPharm\Sem-03\2021-22\BPharm__Sem03__2021-22__BP-302T__physical-pharmaceutics-i.pdf,BPharm__Sem03__2021-22__BP-302T__physical-pharmaceutics-i.pdf,OK,2026-09-07 09:33:31
BPharm,3,2022-23,BP-302T,Physical Pharmaceutics I,https://ryzenstudy.com/papers/aktu-bpharm-sem-3-physical-pharmaceutics-i-2022-23,https://ryzenstudy.com/uploads/1774898339349-PHYSICAL_PHARMACEUTICS_I_BP_302T.pdf,BPharm\Sem-03\2022-23\BPharm__Sem03__2022-23__BP-302T__physical-pharmaceutics-i.pdf,BPharm__Sem03__2022-23__BP-302T__physical-pharmaceutics-i.pdf,OK,2026-09-07 09:33:35
BPharm,3,2023-24,BP302T,Physical Pharmaceutics I,https://ryzenstudy.com/papers/aktu-bpharm-sem-3-physical-pharmaceutics-i-2023-24,https://ryzenstudy.com/uploads/1774898349287-BP302T_PHYSICAL_PHARMACEUTICS_I.pdf,BPharm\Sem-03\2023-24\BPharm__Sem03__2023-24__BP302T__physical-pharmaceutics-i.pdf,BPharm__Sem03__2023-24__BP302T__physical-pharmaceutics-i.pdf,OK,2026-09-07 09:33:37
BPharm,3,2024-25,BP302T,Physical Pharmaceutics I,https://ryzenstudy.com/papers/aktu-bpharm-sem-3-physical-pharmaceutics-i-2024-25,https://ryzenstudy.com/uploads/1774898751095-BP302T_PHYSICAL_PHARMACEUTICS_I_scaled.pdf,BPharm\Sem-03\2024-25\BPharm__Sem03__2024-25__BP302T__physical-pharmaceutics-i.pdf,BPharm__Sem03__2024-25__BP302T__physical-pharmaceutics-i.pdf,OK,2026-09-07 09:33:40
BPharm,3,2025-26,BP302T,Physical Pharmaceutics I,https://ryzenstudy.com/papers/aktu-bpharm-sem-3-physical-pharmaceutics-i-2025-26,https://ryzenstudy.com/uploads/1774898794936-BP302T_PHYSICAL_PHARMACEUTICS_I.pdf,BPharm\Sem-03\2025-26\BPharm__Sem03__2025-26__BP302T__physical-pharmaceutics-i.pdf,BPharm__Sem03__2025-26__BP302T__physical-pharmaceutics-i.pdf,OK,2026-09-07 09:33:44
BPharm,3,2022-23,KVE-301,Universal Human Values,https://ryzenstudy.com/papers/aktu-bpharm-sem-3-universal-human-values-2022-23,https://ryzenstudy.com/uploads/1774898339754-UNIVERSAL_HUMAN_VALUES_KVE_301_1.pdf,BPharm\Sem-03\2022-23\BPharm__Sem03__2022-23__KVE-301__universal-human-values.pdf,BPharm__Sem03__2022-23__KVE-301__universal-human-values.pdf,OK,2026-09-07 09:33:47
BPharm,3,2025-26,KVE301,Universal Human Values Professional,https://ryzenstudy.com/papers/aktu-bpharm-sem-3-universal-human-values-professional-2025-26,https://ryzenstudy.com/uploads/1774898794269-KVE301_UNIVERSAL_HUMAN_VALUES_PROFESSIONAL.pdf,BPharm\Sem-03\2025-26\BPharm__Sem03__2025-26__KVE301__universal-human-values-professional.pdf,BPharm__Sem03__2025-26__KVE301__universal-human-values-professional.pdf,OK,2026-09-07 09:33:51
BPharm,3,2023-24,KVE301,Universal Human Values Professional Ethics,https://ryzenstudy.com/papers/aktu-bpharm-sem-3-universal-human-values-professional-ethics-2023-24,https://ryzenstudy.com/uploads/1774898349158-KVE301_UNIVERSAL_HUMAN_VALUES_PROFESSIONAL_ETHICS.pdf,BPharm\Sem-03\2023-24\BPharm__Sem03__2023-24__KVE301__universal-human-values-professional-ethics.pdf,BPharm__Sem03__2023-24__KVE301__universal-human-values-professional-ethics.pdf,OK,2026-09-07 09:33:54
BPharm,4,2021-22,BP-402T,Medicinal Chemistry 1,https://ryzenstudy.com/papers/aktu-bpharm-sem-4-medicinal-chemistry-1-2021-22,https://ryzenstudy.com/uploads/1774898810511-MEDICINAL_CHEMISTRY_1_BP_402T.pdf,BPharm\Sem-04\2021-22\BPharm__Sem04__2021-22__BP-402T__medicinal-chemistry-1.pdf,BPharm__Sem04__2021-22__BP-402T__medicinal-chemistry-1.pdf,OK,2026-09-07 09:33:57
BPharm,4,2022-23,BP402T,Medicinal Chemistry I,https://ryzenstudy.com/papers/aktu-bpharm-sem-4-medicinal-chemistry-i-2022-23,https://ryzenstudy.com/uploads/1774898820062-MEDICINAL_CHEMISTRY_I_BP402T.pdf,BPharm\Sem-04\2022-23\BPharm__Sem04__2022-23__BP402T__medicinal-chemistry-i.pdf,BPharm__Sem04__2022-23__BP402T__medicinal-chemistry-i.pdf,OK,2026-09-07 09:34:00
BPharm,4,2023-24,BP402T,Medicinal Chemistry I – Theory,https://ryzenstudy.com/papers/aktu-bpharm-sem-4-medicinal-chemistry-i-theory-2023-24,https://ryzenstudy.com/uploads/1774898828442-BP402T_MEDICINAL_CHEMISTRY_I___THEORY.pdf,BPharm\Sem-04\2023-24\BPharm__Sem04__2023-24__BP402T__medicinal-chemistry-i-theory.pdf,BPharm__Sem04__2023-24__BP402T__medicinal-chemistry-i-theory.pdf,OK,2026-09-07 09:34:05
BPharm,4,2024-25,BP402T,Medicinal Chemistry I – Theory,https://ryzenstudy.com/papers/aktu-bpharm-sem-4-medicinal-chemistry-i-theory-2024-25,https://ryzenstudy.com/uploads/1774898839041-BP402T_MEDICINAL_CHEMISTRY_I___THEORY.pdf,BPharm\Sem-04\2024-25\BPharm__Sem04__2024-25__BP402T__medicinal-chemistry-i-theory.pdf,BPharm__Sem04__2024-25__BP402T__medicinal-chemistry-i-theory.pdf,OK,2026-09-07 09:34:08
BPharm,4,2024-25,BP401T,Pharmaceutical Organic Chemistry Iii – Theory,https://ryzenstudy.com/papers/aktu-bpharm-sem-4-pharmaceutical-organic-chemistry-iii-theory-2024-25,https://ryzenstudy.com/uploads/1774898839429-BP401T_PHARMACEUTICAL_ORGANIC_CHEMISTRY_III___THEORY.pdf,BPharm\Sem-04\2024-25\BPharm__Sem04__2024-25__BP401T__pharmaceutical-organic-chemistry-iii-theory.pdf,BPharm__Sem04__2024-25__BP401T__pharmaceutical-organic-chemistry-iii-theory.pdf,OK,2026-09-07 09:34:12
BPharm,4,2022-23,BP401T,Pharmaceutical Organic Chmeistry Iii,https://ryzenstudy.com/papers/aktu-bpharm-sem-4-pharmaceutical-organic-chmeistry-iii-2022-23,https://ryzenstudy.com/uploads/1774898819850-PHARMACEUTICAL_ORGANIC_CHMEISTRY_III_BP401T.pdf,BPharm\Sem-04\2022-23\BPharm__Sem04__2022-23__BP401T__pharmaceutical-organic-chmeistry-iii.pdf,BPharm__Sem04__2022-23__BP401T__pharmaceutical-organic-chmeistry-iii.pdf,OK,2026-09-07 09:34:15
BPharm,4,2023-24,BP401T,Pharmaceutical Organic Chmeistry Iii,https://ryzenstudy.com/papers/aktu-bpharm-sem-4-pharmaceutical-organic-chmeistry-iii-2023-24,https://ryzenstudy.com/uploads/1774898828832-BP401T_PHARMACEUTICAL_ORGANIC_CHMEISTRY_III.pdf,BPharm\Sem-04\2023-24\BPharm__Sem04__2023-24__BP401T__pharmaceutical-organic-chmeistry-iii.pdf,BPharm__Sem04__2023-24__BP401T__pharmaceutical-organic-chmeistry-iii.pdf,OK,2026-09-07 09:34:18
BPharm,4,2023-24,BP405T,Pharmacognosy I,https://ryzenstudy.com/papers/aktu-bpharm-sem-4-pharmacognosy-i-2023-24,https://ryzenstudy.com/uploads/1774898828635-BP405T_PHARMACOGNOSY_I.pdf,BPharm\Sem-04\2023-24\BPharm__Sem04__2023-24__BP405T__pharmacognosy-i.pdf,BPharm__Sem04__2023-24__BP405T__pharmacognosy-i.pdf,OK,2026-09-07 09:34:20
BPharm,4,2022-23,BP405T,Pharmacognosy I Theory,https://ryzenstudy.com/papers/aktu-bpharm-sem-4-pharmacognosy-i-theory-2022-23,https://ryzenstudy.com/uploads/1774898819593-PHARMACOGNOSY_I_THEORY_BP405T.pdf,BPharm\Sem-04\2022-23\BPharm__Sem04__2022-23__BP405T__pharmacognosy-i-theory.pdf,BPharm__Sem04__2022-23__BP405T__pharmacognosy-i-theory.pdf,OK,2026-09-07 09:34:23
BPharm,4,2022-23,BP404T,Pharmacology 1 Theory,https://ryzenstudy.com/papers/aktu-bpharm-sem-4-pharmacology-1-theory-2022-23,https://ryzenstudy.com/uploads/1774898820162-PHARMACOLOGY_1_THEORY_BP404T.pdf,BPharm\Sem-04\2022-23\BPharm__Sem04__2022-23__BP404T__pharmacology-1-theory.pdf,BPharm__Sem04__2022-23__BP404T__pharmacology-1-theory.pdf,OK,2026-09-07 09:34:26
BPharm,4,2021-22,BP-404T,Pharmacology,https://ryzenstudy.com/papers/aktu-bpharm-sem-4-pharmacology-2021-22,https://ryzenstudy.com/uploads/1774898810335-PHARMACOLOGY_BP_404T.pdf,BPharm\Sem-04\2021-22\BPharm__Sem04__2021-22__BP-404T__pharmacology.pdf,BPharm__Sem04__2021-22__BP-404T__pharmacology.pdf,OK,2026-09-07 09:34:29
BPharm,4,2023-24,BP404T,Pharmacology I – Theory,https://ryzenstudy.com/papers/aktu-bpharm-sem-4-pharmacology-i-theory-2023-24,https://ryzenstudy.com/uploads/1774898828914-BP404T_PHARMACOLOGY_I___THEORY.pdf,BPharm\Sem-04\2023-24\BPharm__Sem04__2023-24__BP404T__pharmacology-i-theory.pdf,BPharm__Sem04__2023-24__BP404T__pharmacology-i-theory.pdf,OK,2026-09-07 09:34:32
BPharm,4,2024-25,BP404T,Pharmacology I – Theory,https://ryzenstudy.com/papers/aktu-bpharm-sem-4-pharmacology-i-theory-2024-25,https://ryzenstudy.com/uploads/1774898839351-BP404T_PHARMACOLOGY_I___THEORY.pdf,BPharm\Sem-04\2024-25\BPharm__Sem04__2024-25__BP404T__pharmacology-i-theory.pdf,BPharm__Sem04__2024-25__BP404T__pharmacology-i-theory.pdf,OK,2026-09-07 09:34:35
BPharm,4,2022-23,BP403T,Physical Pharmaceutics Ii,https://ryzenstudy.com/papers/aktu-bpharm-sem-4-physical-pharmaceutics-ii-2022-23,https://ryzenstudy.com/uploads/1774898820234-PHYSICAL_PHARMACEUTICS_II_BP403T.pdf,BPharm\Sem-04\2022-23\BPharm__Sem04__2022-23__BP403T__physical-pharmaceutics-ii.pdf,BPharm__Sem04__2022-23__BP403T__physical-pharmaceutics-ii.pdf,OK,2026-09-07 09:34:38
BPharm,4,2023-24,BP403,Physical Pharmaceutics Ii,https://ryzenstudy.com/papers/aktu-bpharm-sem-4-physical-pharmaceutics-ii-2023-24,https://ryzenstudy.com/uploads/1774898828752-BP403_PHYSICAL_PHARMACEUTICS_II.pdf,BPharm\Sem-04\2023-24\BPharm__Sem04__2023-24__BP403__physical-pharmaceutics-ii.pdf,BPharm__Sem04__2023-24__BP403__physical-pharmaceutics-ii.pdf,OK,2026-09-07 09:34:41
BPharm,4,2024-25,BP403T,Physical Pharmaceutics Ii – Theory,https://ryzenstudy.com/papers/aktu-bpharm-sem-4-physical-pharmaceutics-ii-theory-2024-25,https://ryzenstudy.com/uploads/1774898839237-BP403T_PHYSICAL_PHARMACEUTICS_II___THEORY.pdf,BPharm\Sem-04\2024-25\BPharm__Sem04__2024-25__BP403T__physical-pharmaceutics-ii-theory.pdf,BPharm__Sem04__2024-25__BP403T__physical-pharmaceutics-ii-theory.pdf,OK,2026-09-07 09:34:44
BPharm,5,2021-22,BP-502T,Industrial Pharmacy 1,https://ryzenstudy.com/papers/aktu-bpharm-sem-5-industrial-pharmacy-1-2021-22,https://ryzenstudy.com/uploads/1774898851865-INDUSTRIAL_PHARMACY_1_BP_502T.pdf,BPharm\Sem-05\2021-22\BPharm__Sem05__2021-22__BP-502T__industrial-pharmacy-1.pdf,BPharm__Sem05__2021-22__BP-502T__industrial-pharmacy-1.pdf,OK,2026-09-07 09:34:47
BPharm,5,2022-23,BP502T,Industrial Pharmacy I,https://ryzenstudy.com/papers/aktu-bpharm-sem-5-industrial-pharmacy-i-2022-23,https://ryzenstudy.com/uploads/1774898860841-INDUSTRIAL_PHARMACY_I_BP502T_1.pdf,BPharm\Sem-05\2022-23\BPharm__Sem05__2022-23__BP502T__industrial-pharmacy-i.pdf,BPharm__Sem05__2022-23__BP502T__industrial-pharmacy-i.pdf,OK,2026-09-07 09:34:49
BPharm,5,2023-24,BP502T,Industrial Pharmacy I,https://ryzenstudy.com/papers/aktu-bpharm-sem-5-industrial-pharmacy-i-2023-24,https://ryzenstudy.com/uploads/1774898871199-BP502T_INDUSTRIAL_PHARMACY_I.pdf,BPharm\Sem-05\2023-24\BPharm__Sem05__2023-24__BP502T__industrial-pharmacy-i.pdf,BPharm__Sem05__2023-24__BP502T__industrial-pharmacy-i.pdf,OK,2026-09-07 09:34:54
BPharm,5,2024-25,BP502T,Industrial Pharmacy I,https://ryzenstudy.com/papers/aktu-bpharm-sem-5-industrial-pharmacy-i-2024-25,https://ryzenstudy.com/uploads/1774898881240-BP502T_INDUSTRIAL_PHARMACY_I.pdf,BPharm\Sem-05\2024-25\BPharm__Sem05__2024-25__BP502T__industrial-pharmacy-i.pdf,BPharm__Sem05__2024-25__BP502T__industrial-pharmacy-i.pdf,OK,2026-09-07 09:34:57
BPharm,5,2025-26,BP502T,Industrial Pharmacy I,https://ryzenstudy.com/papers/aktu-bpharm-sem-5-industrial-pharmacy-i-2025-26,https://ryzenstudy.com/uploads/1774898891904-BP502T_INDUSTRIAL_PHARMACY_I.pdf,BPharm\Sem-05\2025-26\BPharm__Sem05__2025-26__BP502T__industrial-pharmacy-i.pdf,BPharm__Sem05__2025-26__BP502T__industrial-pharmacy-i.pdf,OK,2026-09-07 09:35:03
BPharm,5,2021-22,BP-501T,Medicinal Chemistry Ii,https://ryzenstudy.com/papers/aktu-bpharm-sem-5-medicinal-chemistry-ii-2021-22,https://ryzenstudy.com/uploads/1774898852227-MEDICINAL_CHEMISTRY_II_BP_501T.pdf,BPharm\Sem-05\2021-22\BPharm__Sem05__2021-22__BP-501T__medicinal-chemistry-ii.pdf,BPharm__Sem05__2021-22__BP-501T__medicinal-chemistry-ii.pdf,OK,2026-09-07 09:35:06
BPharm,5,2022-23,BP501T,Medicinal Chemistry Ii,https://ryzenstudy.com/papers/aktu-bpharm-sem-5-medicinal-chemistry-ii-2022-23,https://ryzenstudy.com/uploads/1774898861198-MEDICINAL_CHEMISTRY_II_BP501T_1.pdf,BPharm\Sem-05\2022-23\BPharm__Sem05__2022-23__BP501T__medicinal-chemistry-ii.pdf,BPharm__Sem05__2022-23__BP501T__medicinal-chemistry-ii.pdf,OK,2026-09-07 09:35:09
BPharm,5,2023-24,BP501T,Medicinal Chemistry Ii,https://ryzenstudy.com/papers/aktu-bpharm-sem-5-medicinal-chemistry-ii-2023-24,https://ryzenstudy.com/uploads/1774898872016-BP501T_MEDICINAL_CHEMISTRY_II.pdf,BPharm\Sem-05\2023-24\BPharm__Sem05__2023-24__BP501T__medicinal-chemistry-ii.pdf,BPharm__Sem05__2023-24__BP501T__medicinal-chemistry-ii.pdf,OK,2026-09-07 09:35:13
BPharm,5,2024-25,BP501T,Medicinal Chemistry Ii,https://ryzenstudy.com/papers/aktu-bpharm-sem-5-medicinal-chemistry-ii-2024-25,https://ryzenstudy.com/uploads/1774898880636-BP501T_MEDICINAL_CHEMISTRY_II__1_.pdf,BPharm\Sem-05\2024-25\BPharm__Sem05__2024-25__BP501T__medicinal-chemistry-ii.pdf,BPharm__Sem05__2024-25__BP501T__medicinal-chemistry-ii.pdf,OK,2026-09-07 09:35:16
BPharm,5,2025-26,BP501T,Medicinal Chemistry Ii,https://ryzenstudy.com/papers/aktu-bpharm-sem-5-medicinal-chemistry-ii-2025-26,https://ryzenstudy.com/uploads/1774898892420-BP501T_MEDICINAL_CHEMISTRY_II.pdf,BPharm\Sem-05\2025-26\BPharm__Sem05__2025-26__BP501T__medicinal-chemistry-ii.pdf,BPharm__Sem05__2025-26__BP501T__medicinal-chemistry-ii.pdf,OK,2026-09-07 09:35:21
BPharm,5,2021-22,BP-505T,Pharmaceutical Jurisprudence,https://ryzenstudy.com/papers/aktu-bpharm-sem-5-pharmaceutical-jurisprudence-2021-22,https://ryzenstudy.com/uploads/1774898851731-PHARMACEUTICAL_JURISPRUDENCE_BP_505T.pdf,BPharm\Sem-05\2021-22\BPharm__Sem05__2021-22__BP-505T__pharmaceutical-jurisprudence.pdf,BPharm__Sem05__2021-22__BP-505T__pharmaceutical-jurisprudence.pdf,OK,2026-09-07 09:35:24
BPharm,5,2022-23,BP505T,Pharmaceutical Jurisprudence,https://ryzenstudy.com/papers/aktu-bpharm-sem-5-pharmaceutical-jurisprudence-2022-23,https://ryzenstudy.com/uploads/1774898861059-PHARMACEUTICAL_JURISPRUDENCE_BP505T_1.pdf,BPharm\Sem-05\2022-23\BPharm__Sem05__2022-23__BP505T__pharmaceutical-jurisprudence.pdf,BPharm__Sem05__2022-23__BP505T__pharmaceutical-jurisprudence.pdf,OK,2026-09-07 09:35:27
BPharm,5,2023-24,BP505T,Pharmaceutical Jurisprudence,https://ryzenstudy.com/papers/aktu-bpharm-sem-5-pharmaceutical-jurisprudence-2023-24,https://ryzenstudy.com/uploads/1774898871545-BP505T_PHARMACEUTICAL_JURISPRUDENCE.pdf,BPharm\Sem-05\2023-24\BPharm__Sem05__2023-24__BP505T__pharmaceutical-jurisprudence.pdf,BPharm__Sem05__2023-24__BP505T__pharmaceutical-jurisprudence.pdf,OK,2026-09-07 09:35:31
BPharm,5,2024-25,BP505T,Pharmaceutical Jurisprudence,https://ryzenstudy.com/papers/aktu-bpharm-sem-5-pharmaceutical-jurisprudence-2024-25,https://ryzenstudy.com/uploads/1774898881370-BP505T_PHARMACEUTICAL_JURISPRUDENCE.pdf,BPharm\Sem-05\2024-25\BPharm__Sem05__2024-25__BP505T__pharmaceutical-jurisprudence.pdf,BPharm__Sem05__2024-25__BP505T__pharmaceutical-jurisprudence.pdf,OK,2026-09-07 09:35:34
BPharm,5,2025-26,BP505T,Pharmaceutical Jurisprudence Theory,https://ryzenstudy.com/papers/aktu-bpharm-sem-5-pharmaceutical-jurisprudence-theory-2025-26,https://ryzenstudy.com/uploads/1774898890944-BP505T_PHARMACEUTICAL_JURISPRUDENCE_THEORY.pdf,BPharm\Sem-05\2025-26\BPharm__Sem05__2025-26__BP505T__pharmaceutical-jurisprudence-theory.pdf,BPharm__Sem05__2025-26__BP505T__pharmaceutical-jurisprudence-theory.pdf,OK,2026-09-07 09:35:37
BPharm,5,2021-22,BP-504T,Pharmacognosy And Phytochemistry Ii,https://ryzenstudy.com/papers/aktu-bpharm-sem-5-pharmacognosy-and-phytochemistry-ii-2021-22,https://ryzenstudy.com/uploads/1774898852139-PHARMACOGNOSY_AND_PHYTOCHEMISTRY_II_BP_504T.pdf,BPharm\Sem-05\2021-22\BPharm__Sem05__2021-22__BP-504T__pharmacognosy-and-phytochemistry-ii.pdf,BPharm__Sem05__2021-22__BP-504T__pharmacognosy-and-phytochemistry-ii.pdf,OK,2026-09-07 09:35:40
BPharm,5,2025-26,BP504T,Pharmacognosy And Phytochemistry Ii,https://ryzenstudy.com/papers/aktu-bpharm-sem-5-pharmacognosy-and-phytochemistry-ii-2025-26,https://ryzenstudy.com/uploads/1774898890599-BP504T_PHARMACOGNOSY_AND_PHYTOCHEMISTRY_II.pdf,BPharm\Sem-05\2025-26\BPharm__Sem05__2025-26__BP504T__pharmacognosy-and-phytochemistry-ii.pdf,BPharm__Sem05__2025-26__BP504T__pharmacognosy-and-phytochemistry-ii.pdf,OK,2026-09-07 09:35:43
BPharm,5,2022-23,BP504T,Pharmacognosy Ii,https://ryzenstudy.com/papers/aktu-bpharm-sem-5-pharmacognosy-ii-2022-23,https://ryzenstudy.com/uploads/1774898861134-PHARMACOGNOSY_II_BP504T_1.pdf,BPharm\Sem-05\2022-23\BPharm__Sem05__2022-23__BP504T__pharmacognosy-ii.pdf,BPharm__Sem05__2022-23__BP504T__pharmacognosy-ii.pdf,OK,2026-09-07 09:35:46
BPharm,5,2023-24,BP504T,Pharmacognosy Ii,https://ryzenstudy.com/papers/aktu-bpharm-sem-5-pharmacognosy-ii-2023-24,https://ryzenstudy.com/uploads/1774898870810-BP504T_PHARMACOGNOSY_II.pdf,BPharm\Sem-05\2023-24\BPharm__Sem05__2023-24__BP504T__pharmacognosy-ii.pdf,BPharm__Sem05__2023-24__BP504T__pharmacognosy-ii.pdf,OK,2026-09-07 09:35:49
BPharm,5,2024-25,BP504T,Pharmacognosy Ii,https://ryzenstudy.com/papers/aktu-bpharm-sem-5-pharmacognosy-ii-2024-25,https://ryzenstudy.com/uploads/1774898881043-BP504T_PHARMACOGNOSY_II.pdf,BPharm\Sem-05\2024-25\BPharm__Sem05__2024-25__BP504T__pharmacognosy-ii.pdf,BPharm__Sem05__2024-25__BP504T__pharmacognosy-ii.pdf,OK,2026-09-07 09:35:52
BPharm,5,2021-22,BP-503T,Pharmacology Ii,https://ryzenstudy.com/papers/aktu-bpharm-sem-5-pharmacology-ii-2021-22,https://ryzenstudy.com/uploads/1774898852336-Pharmacology_II_BP_503T.pdf,BPharm\Sem-05\2021-22\BPharm__Sem05__2021-22__BP-503T__pharmacology-ii.pdf,BPharm__Sem05__2021-22__BP-503T__pharmacology-ii.pdf,OK,2026-09-07 09:35:55
BPharm,5,2022-23,BP503T,Pharmacology Ii,https://ryzenstudy.com/papers/aktu-bpharm-sem-5-pharmacology-ii-2022-23,https://ryzenstudy.com/uploads/1774898860953-PHARMACOLOGY_II_BP503T_1.pdf,BPharm\Sem-05\2022-23\BPharm__Sem05__2022-23__BP503T__pharmacology-ii.pdf,BPharm__Sem05__2022-23__BP503T__pharmacology-ii.pdf,OK,2026-09-07 09:35:59
BPharm,5,2023-24,BP503T,Pharmacology Ii,https://ryzenstudy.com/papers/aktu-bpharm-sem-5-pharmacology-ii-2023-24,https://ryzenstudy.com/uploads/1774898870545-BP503T_PHARMACOLOGY_II.pdf,BPharm\Sem-05\2023-24\BPharm__Sem05__2023-24__BP503T__pharmacology-ii.pdf,BPharm__Sem05__2023-24__BP503T__pharmacology-ii.pdf,OK,2026-09-07 09:36:02
BPharm,5,2024-25,BP503T,Pharmacology Ii,https://ryzenstudy.com/papers/aktu-bpharm-sem-5-pharmacology-ii-2024-25,https://ryzenstudy.com/uploads/1774898880756-BP503T_PHARMACOLOGY_II.pdf,BPharm\Sem-05\2024-25\BPharm__Sem05__2024-25__BP503T__pharmacology-ii.pdf,BPharm__Sem05__2024-25__BP503T__pharmacology-ii.pdf,OK,2026-09-07 09:36:05
BPharm,5,2025-26,BP503T,Pharmacology Ii,https://ryzenstudy.com/papers/aktu-bpharm-sem-5-pharmacology-ii-2025-26,https://ryzenstudy.com/uploads/1774898891443-BP503T_PHARMACOLOGY_II.pdf,BPharm\Sem-05\2025-26\BPharm__Sem05__2025-26__BP503T__pharmacology-ii.pdf,BPharm__Sem05__2025-26__BP503T__pharmacology-ii.pdf,OK,2026-09-07 09:36:08
BPharm,6,2022-23,BP604T,Biopharmaceutics And Pharmacokinetics,https://ryzenstudy.com/papers/aktu-bpharm-sem-6-biopharmaceutics-and-pharmacokinetics-2022-23,https://ryzenstudy.com/uploads/1774898916305-BIOPHARMACEUTICS_AND_PHARMACOKINETICS_BP604T.pdf,BPharm\Sem-06\2022-23\BPharm__Sem06__2022-23__BP604T__biopharmaceutics-and-pharmacokinetics.pdf,BPharm__Sem06__2022-23__BP604T__biopharmaceutics-and-pharmacokinetics.pdf,OK,2026-09-07 09:36:11
BPharm,6,2023-24,BP604T,Biopharmaceutics And Pharmacokinetics,https://ryzenstudy.com/papers/aktu-bpharm-sem-6-biopharmaceutics-and-pharmacokinetics-2023-24,https://ryzenstudy.com/uploads/1774899021932-BP604T_BIOPHARMACEUTICS_AND_PHARMACOKINETICS_scaled.pdf,BPharm\Sem-06\2023-24\BPharm__Sem06__2023-24__BP604T__biopharmaceutics-and-pharmacokinetics.pdf,BPharm__Sem06__2023-24__BP604T__biopharmaceutics-and-pharmacokinetics.pdf,OK,2026-09-07 09:36:13
BPharm,6,2024-25,BP604T,Biopharmaceutics And Pharmacokinetics,https://ryzenstudy.com/papers/aktu-bpharm-sem-6-biopharmaceutics-and-pharmacokinetics-2024-25,https://ryzenstudy.com/uploads/1774899058711-BP604T_BIOPHARMACEUTICS_AND_PHARMACOKINETICS.pdf,BPharm\Sem-06\2024-25\BPharm__Sem06__2024-25__BP604T__biopharmaceutics-and-pharmacokinetics.pdf,BPharm__Sem06__2024-25__BP604T__biopharmaceutics-and-pharmacokinetics.pdf,OK,2026-09-07 09:36:16
BPharm,6,2022-23,BP603T,Herbal Drug Technology,https://ryzenstudy.com/papers/aktu-bpharm-sem-6-herbal-drug-technology-2022-23,https://ryzenstudy.com/uploads/1774898916503-HERBAL_DRUG_TECHNOLOGY_BP603T.pdf,BPharm\Sem-06\2022-23\BPharm__Sem06__2022-23__BP603T__herbal-drug-technology.pdf,BPharm__Sem06__2022-23__BP603T__herbal-drug-technology.pdf,OK,2026-09-07 09:36:19
BPharm,6,2023-24,BP603T,Herbal Drug Technology,https://ryzenstudy.com/papers/aktu-bpharm-sem-6-herbal-drug-technology-2023-24,https://ryzenstudy.com/uploads/1774899022628-BP603T_HERBAL_DRUG_TECHNOLOGY_scaled.pdf,BPharm\Sem-06\2023-24\BPharm__Sem06__2023-24__BP603T__herbal-drug-technology.pdf,BPharm__Sem06__2023-24__BP603T__herbal-drug-technology.pdf,OK,2026-09-07 09:36:22
BPharm,6,2024-25,BP603T,Herbal Drug Technology Theory,https://ryzenstudy.com/papers/aktu-bpharm-sem-6-herbal-drug-technology-theory-2024-25,https://ryzenstudy.com/uploads/1774899058970-BP603T_HERBAL_DRUG_TECHNOLOGY_THEORY.pdf,BPharm\Sem-06\2024-25\BPharm__Sem06__2024-25__BP603T__herbal-drug-technology-theory.pdf,BPharm__Sem06__2024-25__BP603T__herbal-drug-technology-theory.pdf,OK,2026-09-07 09:36:24
BPharm,6,2022-23,BP-601T,Medicinal Chemistry Iii,https://ryzenstudy.com/papers/aktu-bpharm-sem-6-medicinal-chemistry-iii-2022-23,https://ryzenstudy.com/uploads/1774898916148-Medicinal_Chemistry_III_BP_601T.pdf,BPharm\Sem-06\2022-23\BPharm__Sem06__2022-23__BP-601T__medicinal-chemistry-iii.pdf,BPharm__Sem06__2022-23__BP-601T__medicinal-chemistry-iii.pdf,OK,2026-09-07 09:36:27
BPharm,6,2023-24,BP601T,Medicinal Chemistry Iii,https://ryzenstudy.com/papers/aktu-bpharm-sem-6-medicinal-chemistry-iii-2023-24,https://ryzenstudy.com/uploads/1774899022362-BP601T_MEDICINAL_CHEMISTRY_III_scaled.pdf,BPharm\Sem-06\2023-24\BPharm__Sem06__2023-24__BP601T__medicinal-chemistry-iii.pdf,BPharm__Sem06__2023-24__BP601T__medicinal-chemistry-iii.pdf,OK,2026-09-07 09:36:30
BPharm,6,2024-25,BP601T,Medicinal Chemistry Iii,https://ryzenstudy.com/papers/aktu-bpharm-sem-6-medicinal-chemistry-iii-2024-25,https://ryzenstudy.com/uploads/1774899059266-BP601T_MEDICINAL_CHEMISTRY_III.pdf,BPharm\Sem-06\2024-25\BPharm__Sem06__2024-25__BP601T__medicinal-chemistry-iii.pdf,BPharm__Sem06__2024-25__BP601T__medicinal-chemistry-iii.pdf,OK,2026-09-07 09:36:33
BPharm,6,2021-22,BP605T,Pharmaceutical Biotechnology,https://ryzenstudy.com/papers/aktu-bpharm-sem-6-pharmaceutical-biotechnology-2021-22,https://ryzenstudy.com/uploads/1774898905303-PHARMACEUTICAL_BIOTECHNOLOGY_BP605T_1.pdf,BPharm\Sem-06\2021-22\BPharm__Sem06__2021-22__BP605T__pharmaceutical-biotechnology.pdf,BPharm__Sem06__2021-22__BP605T__pharmaceutical-biotechnology.pdf,OK,2026-09-07 09:36:36
BPharm,6,2022-23,BP605T,Pharmaceutical Biotechnology,https://ryzenstudy.com/papers/aktu-bpharm-sem-6-pharmaceutical-biotechnology-2022-23,https://ryzenstudy.com/uploads/1774898916007-PHARMACEUTICAL_BIOTECHNOLOGY_BP605T.pdf,BPharm\Sem-06\2022-23\BPharm__Sem06__2022-23__BP605T__pharmaceutical-biotechnology.pdf,BPharm__Sem06__2022-23__BP605T__pharmaceutical-biotechnology.pdf,OK,2026-09-07 09:36:39
BPharm,6,2023-24,BP605T,Pharmaceutical Biotechnology,https://ryzenstudy.com/papers/aktu-bpharm-sem-6-pharmaceutical-biotechnology-2023-24,https://ryzenstudy.com/uploads/1774899022268-BP605T_PHARMACEUTICAL_BIOTECHNOLOGY_scaled.pdf,BPharm\Sem-06\2023-24\BPharm__Sem06__2023-24__BP605T__pharmaceutical-biotechnology.pdf,BPharm__Sem06__2023-24__BP605T__pharmaceutical-biotechnology.pdf,OK,2026-09-07 09:36:43
BPharm,6,2024-25,BP605T,Pharmaceutical Biotechnology Theory,https://ryzenstudy.com/papers/aktu-bpharm-sem-6-pharmaceutical-biotechnology-theory-2024-25,https://ryzenstudy.com/uploads/1774899059058-BP605T_PHARMACEUTICAL_BIOTECHNOLOGY_THEORY.pdf,BPharm\Sem-06\2024-25\BPharm__Sem06__2024-25__BP605T__pharmaceutical-biotechnology-theory.pdf,BPharm__Sem06__2024-25__BP605T__pharmaceutical-biotechnology-theory.pdf,OK,2026-09-07 09:36:46
BPharm,6,2022-23,BP602T,Pharmacology Iii,https://ryzenstudy.com/papers/aktu-bpharm-sem-6-pharmacology-iii-2022-23,https://ryzenstudy.com/uploads/1774898916410-PHARMACOLOGY_III_BP602T.pdf,BPharm\Sem-06\2022-23\BPharm__Sem06__2022-23__BP602T__pharmacology-iii.pdf,BPharm__Sem06__2022-23__BP602T__pharmacology-iii.pdf,OK,2026-09-07 09:36:48
BPharm,6,2023-24,BP602T,Pharmacology Iii,https://ryzenstudy.com/papers/aktu-bpharm-sem-6-pharmacology-iii-2023-24,https://ryzenstudy.com/uploads/1774899022805-BP602T_PHARMACOLOGY_III_scaled.pdf,BPharm\Sem-06\2023-24\BPharm__Sem06__2023-24__BP602T__pharmacology-iii.pdf,BPharm__Sem06__2023-24__BP602T__pharmacology-iii.pdf,OK,2026-09-07 09:36:51
BPharm,6,2024-25,BP602T,Pharmacology Iii,https://ryzenstudy.com/papers/aktu-bpharm-sem-6-pharmacology-iii-2024-25,https://ryzenstudy.com/uploads/1774899058855-BP602T_PHARMACOLOGY_III.pdf,BPharm\Sem-06\2024-25\BPharm__Sem06__2024-25__BP602T__pharmacology-iii.pdf,BPharm__Sem06__2024-25__BP602T__pharmacology-iii.pdf,OK,2026-09-07 09:36:54
BPharm,6,2022-23,BP-606T,Quality Assurance,https://ryzenstudy.com/papers/aktu-bpharm-sem-6-quality-assurance-2022-23,https://ryzenstudy.com/uploads/1774898915901-QUALITY_ASSURANCE_BP_606T.pdf,BPharm\Sem-06\2022-23\BPharm__Sem06__2022-23__BP-606T__quality-assurance.pdf,BPharm__Sem06__2022-23__BP-606T__quality-assurance.pdf,OK,2026-09-07 09:36:57
BPharm,6,2023-24,BP606T,Quality Assurance,https://ryzenstudy.com/papers/aktu-bpharm-sem-6-quality-assurance-2023-24,https://ryzenstudy.com/uploads/1774899022162-BP606T_QUALITY_ASSURANCE_scaled.pdf,BPharm\Sem-06\2023-24\BPharm__Sem06__2023-24__BP606T__quality-assurance.pdf,BPharm__Sem06__2023-24__BP606T__quality-assurance.pdf,OK,2026-09-07 09:37:00
BPharm,6,2024-25,BP606T,Quality Assurance– Theory,https://ryzenstudy.com/papers/aktu-bpharm-sem-6-quality-assurance-theory-2024-25,https://ryzenstudy.com/uploads/1774899059355-BP606T_QUALITY_ASSURANCE__THEORY.pdf,BPharm\Sem-06\2024-25\BPharm__Sem06__2024-25__BP606T__quality-assurance-theory.pdf,BPharm__Sem06__2024-25__BP606T__quality-assurance-theory.pdf,OK,2026-09-07 09:37:03
BPharm,7,2021-22,BP-702T,Industrial Pharmacy Ii,https://ryzenstudy.com/papers/aktu-bpharm-sem-7-industrial-pharmacy-ii-2021-22,https://ryzenstudy.com/uploads/1774899073632-INDUSTRIAL_PHARMACY_II_BP_702T_1.pdf,BPharm\Sem-07\2021-22\BPharm__Sem07__2021-22__BP-702T__industrial-pharmacy-ii.pdf,BPharm__Sem07__2021-22__BP-702T__industrial-pharmacy-ii.pdf,OK,2026-09-07 09:37:07
BPharm,7,2022-23,BP702T,Industrial Pharmacy Ii,https://ryzenstudy.com/papers/aktu-bpharm-sem-7-industrial-pharmacy-ii-2022-23,https://ryzenstudy.com/uploads/1774899084373-INDUSTRIAL_PHARMACY_II_BP702T.pdf,BPharm\Sem-07\2022-23\BPharm__Sem07__2022-23__BP702T__industrial-pharmacy-ii.pdf,BPharm__Sem07__2022-23__BP702T__industrial-pharmacy-ii.pdf,OK,2026-09-07 09:37:11
BPharm,7,2024-25,BP702T,Industrial Pharmacy Ii,https://ryzenstudy.com/papers/aktu-bpharm-sem-7-industrial-pharmacy-ii-2024-25,https://ryzenstudy.com/uploads/1774899106604-BP702T_INDUSTRIAL_PHARMACY_II.pdf,BPharm\Sem-07\2024-25\BPharm__Sem07__2024-25__BP702T__industrial-pharmacy-ii.pdf,BPharm__Sem07__2024-25__BP702T__industrial-pharmacy-ii.pdf,OK,2026-09-07 09:37:14
BPharm,7,2025-26,BP702T,Industrial Pharmacy Ii Theory,https://ryzenstudy.com/papers/aktu-bpharm-sem-7-industrial-pharmacy-ii-theory-2025-26,https://ryzenstudy.com/uploads/1774899125918-BP702T_INDUSTRIAL_PHARMACY_II_THEORY.pdf,BPharm\Sem-07\2025-26\BPharm__Sem07__2025-26__BP702T__industrial-pharmacy-ii-theory.pdf,BPharm__Sem07__2025-26__BP702T__industrial-pharmacy-ii-theory.pdf,OK,2026-09-07 09:37:18
BPharm,7,2022-23,BP701T,Instrumental Methods Of Analysis,https://ryzenstudy.com/papers/aktu-bpharm-sem-7-instrumental-methods-of-analysis-2022-23,https://ryzenstudy.com/uploads/1774899084502-INSTRUMENTAL_METHODS_OF_ANALYSIS_BP701T.pdf,BPharm\Sem-07\2022-23\BPharm__Sem07__2022-23__BP701T__instrumental-methods-of-analysis.pdf,BPharm__Sem07__2022-23__BP701T__instrumental-methods-of-analysis.pdf,OK,2026-09-07 09:37:21
BPharm,7,2024-25,BP701T,Instrumental Methods Of Analysis,https://ryzenstudy.com/papers/aktu-bpharm-sem-7-instrumental-methods-of-analysis-2024-25,https://ryzenstudy.com/uploads/1774899106137-BP701T_INSTRUMENTAL_METHODS_OF_ANALYSIS.pdf,BPharm\Sem-07\2024-25\BPharm__Sem07__2024-25__BP701T__instrumental-methods-of-analysis.pdf,BPharm__Sem07__2024-25__BP701T__instrumental-methods-of-analysis.pdf,OK,2026-09-07 09:37:24
BPharm,7,2023-24,BP701T,Instrumental Methods Of Analysis – Theory,https://ryzenstudy.com/papers/aktu-bpharm-sem-7-instrumental-methods-of-analysis-theory-2023-24,https://ryzenstudy.com/uploads/1774899095288-BP701T_INSTRUMENTAL_METHODS_OF_ANALYSIS___THEORY.pdf,BPharm\Sem-07\2023-24\BPharm__Sem07__2023-24__BP701T__instrumental-methods-of-analysis-theory.pdf,BPharm__Sem07__2023-24__BP701T__instrumental-methods-of-analysis-theory.pdf,OK,2026-09-07 09:37:27
BPharm,7,2025-26,BP701T,Instrumental Methods Of Analysis Theory,https://ryzenstudy.com/papers/aktu-bpharm-sem-7-instrumental-methods-of-analysis-theory-2025-26,https://ryzenstudy.com/uploads/1774899126792-BP701T_INSTRUMENTAL_METHODS_OF_ANALYSIS_THEORY.pdf,BPharm\Sem-07\2025-26\BPharm__Sem07__2025-26__BP701T__instrumental-methods-of-analysis-theory.pdf,BPharm__Sem07__2025-26__BP701T__instrumental-methods-of-analysis-theory.pdf,OK,2026-09-07 09:37:31
BPharm,7,2022-23,BP704T,Novel Drug Delivery System Ndds,https://ryzenstudy.com/papers/aktu-bpharm-sem-7-novel-drug-delivery-system-ndds-2022-23,https://ryzenstudy.com/uploads/1774899084261-NOVEL_DRUG_DELIVERY_SYSTEM_NDDS_BP704T.pdf,BPharm\Sem-07\2022-23\BPharm__Sem07__2022-23__BP704T__novel-drug-delivery-system-ndds.pdf,BPharm__Sem07__2022-23__BP704T__novel-drug-delivery-system-ndds.pdf,OK,2026-09-07 09:37:34
BPharm,7,2024-25,BP704T,Novel Drug Delivery System Ndds,https://ryzenstudy.com/papers/aktu-bpharm-sem-7-novel-drug-delivery-system-ndds-2024-25,https://ryzenstudy.com/uploads/1774899106261-BP704T_NOVEL_DRUG_DELIVERY_SYSTEM_NDDS.pdf,BPharm\Sem-07\2024-25\BPharm__Sem07__2024-25__BP704T__novel-drug-delivery-system-ndds.pdf,BPharm__Sem07__2024-25__BP704T__novel-drug-delivery-system-ndds.pdf,OK,2026-09-07 09:37:37
BPharm,7,2023-24,BP704T,Novel Drug Delivery System Ndds – Theory,https://ryzenstudy.com/papers/aktu-bpharm-sem-7-novel-drug-delivery-system-ndds-theory-2023-24,https://ryzenstudy.com/uploads/1774899095143-BP704T_NOVEL_DRUG_DELIVERY_SYSTEM_NDDS___THEORY.pdf,BPharm\Sem-07\2023-24\BPharm__Sem07__2023-24__BP704T__novel-drug-delivery-system-ndds-theory.pdf,BPharm__Sem07__2023-24__BP704T__novel-drug-delivery-system-ndds-theory.pdf,OK,2026-09-07 09:37:41
BPharm,7,2025-26,BP704T,Novel Drug Delivery System Ndds Theory,https://ryzenstudy.com/papers/aktu-bpharm-sem-7-novel-drug-delivery-system-ndds-theory-2025-26,https://ryzenstudy.com/uploads/1774899126289-BP704T_NOVEL_DRUG_DELIVERY_SYSTEM_NDDS_THEORY.pdf,BPharm\Sem-07\2025-26\BPharm__Sem07__2025-26__BP704T__novel-drug-delivery-system-ndds-theory.pdf,BPharm__Sem07__2025-26__BP704T__novel-drug-delivery-system-ndds-theory.pdf,OK,2026-09-07 09:37:46
BPharm,7,2021-22,BP-704T,Novel Drug Delivery Systems Ndds,https://ryzenstudy.com/papers/aktu-bpharm-sem-7-novel-drug-delivery-systems-ndds-2021-22,https://ryzenstudy.com/uploads/1774899073873-NOVEL_DRUG_DELIVERY_SYSTEMS_NDDS_BP_704T_1.pdf,BPharm\Sem-07\2021-22\BPharm__Sem07__2021-22__BP-704T__novel-drug-delivery-systems-ndds.pdf,BPharm__Sem07__2021-22__BP-704T__novel-drug-delivery-systems-ndds.pdf,OK,2026-09-07 09:37:49
BPharm,7,2021-22,BP-703T,Pharmacy Practice,https://ryzenstudy.com/papers/aktu-bpharm-sem-7-pharmacy-practice-2021-22,https://ryzenstudy.com/uploads/1774899074017-PHARMACY_PRACTICE_BP_703T_1.pdf,BPharm\Sem-07\2021-22\BPharm__Sem07__2021-22__BP-703T__pharmacy-practice.pdf,BPharm__Sem07__2021-22__BP-703T__pharmacy-practice.pdf,OK,2026-09-07 09:37:52
BPharm,7,2022-23,BP703T,Pharmacy Practice,https://ryzenstudy.com/papers/aktu-bpharm-sem-7-pharmacy-practice-2022-23,https://ryzenstudy.com/uploads/1774899084577-PHARMACY_PRACTICE_BP703T.pdf,BPharm\Sem-07\2022-23\BPharm__Sem07__2022-23__BP703T__pharmacy-practice.pdf,BPharm__Sem07__2022-23__BP703T__pharmacy-practice.pdf,OK,2026-09-07 09:37:55
BPharm,7,2024-25,BP703T,Pharmacy Practice,https://ryzenstudy.com/papers/aktu-bpharm-sem-7-pharmacy-practice-2024-25,https://ryzenstudy.com/uploads/1774899106685-BP703T_PHARMACY_PRACTICE.pdf,BPharm\Sem-07\2024-25\BPharm__Sem07__2024-25__BP703T__pharmacy-practice.pdf,BPharm__Sem07__2024-25__BP703T__pharmacy-practice.pdf,OK,2026-09-07 09:37:58
BPharm,7,2023-24,BP703T,Pharmacy Practice – Theory,https://ryzenstudy.com/papers/aktu-bpharm-sem-7-pharmacy-practice-theory-2023-24,https://ryzenstudy.com/uploads/1774899095618-BP703T_PHARMACY_PRACTICE___THEORY.pdf,BPharm\Sem-07\2023-24\BPharm__Sem07__2023-24__BP703T__pharmacy-practice-theory.pdf,BPharm__Sem07__2023-24__BP703T__pharmacy-practice-theory.pdf,OK,2026-09-07 09:38:01
BPharm,7,2025-26,BP703T,Pharmacy Practice – Theory,https://ryzenstudy.com/papers/aktu-bpharm-sem-7-pharmacy-practice-theory-2025-26,https://ryzenstudy.com/uploads/1774899126507-BP703T_PHARMACY_PRACTICE___THEORY.pdf,BPharm\Sem-07\2025-26\BPharm__Sem07__2025-26__BP703T__pharmacy-practice-theory.pdf,BPharm__Sem07__2025-26__BP703T__pharmacy-practice-theory.pdf,OK,2026-09-07 09:38:04
BPharm,8,2021-22,BP811ET,Advanced Instrumentation Techniques,https://ryzenstudy.com/papers/aktu-bpharm-sem-8-advanced-instrumentation-techniques-2021-22,https://ryzenstudy.com/uploads/1774899145116-ADVANCED_INSTRUMENTATION_TECHNIQUES_BP811ET_1.pdf,BPharm\Sem-08\2021-22\BPharm__Sem08__2021-22__BP811ET__advanced-instrumentation-techniques.pdf,BPharm__Sem08__2021-22__BP811ET__advanced-instrumentation-techniques.pdf,OK,2026-09-07 09:38:06
BPharm,8,2022-23,BP811ET,Advanced Instrumentation Techniques,https://ryzenstudy.com/papers/aktu-bpharm-sem-8-advanced-instrumentation-techniques-2022-23,https://ryzenstudy.com/uploads/1774899157589-ADVANCED_INSTRUMENTATION_TECHNIQUES_BP811ET.pdf,BPharm\Sem-08\2022-23\BPharm__Sem08__2022-23__BP811ET__advanced-instrumentation-techniques.pdf,BPharm__Sem08__2022-23__BP811ET__advanced-instrumentation-techniques.pdf,OK,2026-09-07 09:38:09
BPharm,8,2021-22,BP801T,Biostatistics And Research Methodology,https://ryzenstudy.com/papers/aktu-bpharm-sem-8-biostatistics-and-research-methodology-2021-22,https://ryzenstudy.com/uploads/1774899144929-BIOSTATISTICS_AND_RESEARCH_METHODOLOGY_BP801T_1.pdf,BPharm\Sem-08\2021-22\BPharm__Sem08__2021-22__BP801T__biostatistics-and-research-methodology.pdf,BPharm__Sem08__2021-22__BP801T__biostatistics-and-research-methodology.pdf,OK,2026-09-07 09:38:12
BPharm,8,2022-23,BP801T,Biostatistics And Research Methodology,https://ryzenstudy.com/papers/aktu-bpharm-sem-8-biostatistics-and-research-methodology-2022-23,https://ryzenstudy.com/uploads/1774899157677-BIOSTATISTICS_AND_RESEARCH_METHODOLOGY_BP801T.pdf,BPharm\Sem-08\2022-23\BPharm__Sem08__2022-23__BP801T__biostatistics-and-research-methodology.pdf,BPharm__Sem08__2022-23__BP801T__biostatistics-and-research-methodology.pdf,OK,2026-09-07 09:38:15
BPharm,8,2023-24,BP801T,Biostatistics And Research Methodology,https://ryzenstudy.com/papers/aktu-bpharm-sem-8-biostatistics-and-research-methodology-2023-24,https://ryzenstudy.com/uploads/1774899168744-BP801T_BIOSTATISTICS_AND_RESEARCH_METHODOLOGY.pdf,BPharm\Sem-08\2023-24\BPharm__Sem08__2023-24__BP801T__biostatistics-and-research-methodology.pdf,BPharm__Sem08__2023-24__BP801T__biostatistics-and-research-methodology.pdf,OK,2026-09-07 09:38:17
BPharm,8,2024-25,BP801T,Biostatistics And Research Methodology,https://ryzenstudy.com/papers/aktu-bpharm-sem-8-biostatistics-and-research-methodology-2024-25,https://ryzenstudy.com/uploads/1774899178374-BP801T_BIOSTATISTICS_AND_RESEARCH_METHODOLOGY__1_.pdf,BPharm\Sem-08\2024-25\BPharm__Sem08__2024-25__BP801T__biostatistics-and-research-methodology.pdf,BPharm__Sem08__2024-25__BP801T__biostatistics-and-research-methodology.pdf,OK,2026-09-07 09:38:20
BPharm,8,2022-23,BP808ET,Cell And Molecular Biology,https://ryzenstudy.com/papers/aktu-bpharm-sem-8-cell-and-molecular-biology-2022-23,https://ryzenstudy.com/uploads/1774899157117-CELL_AND_MOLECULAR_BIOLOGY_BP808ET.pdf,BPharm\Sem-08\2022-23\BPharm__Sem08__2022-23__BP808ET__cell-and-molecular-biology.pdf,BPharm__Sem08__2022-23__BP808ET__cell-and-molecular-biology.pdf,OK,2026-09-07 09:38:23
BPharm,8,2023-24,BP808ET,Cell And Molecular Biology,https://ryzenstudy.com/papers/aktu-bpharm-sem-8-cell-and-molecular-biology-2023-24,https://ryzenstudy.com/uploads/1774899168490-BP808ET_CELL_AND_MOLECULAR_BIOLOGY.pdf,BPharm\Sem-08\2023-24\BPharm__Sem08__2023-24__BP808ET__cell-and-molecular-biology.pdf,BPharm__Sem08__2023-24__BP808ET__cell-and-molecular-biology.pdf,OK,2026-09-07 09:38:26
BPharm,8,2024-25,BP808ET,Cell And Molecular Biology,https://ryzenstudy.com/papers/aktu-bpharm-sem-8-cell-and-molecular-biology-2024-25,https://ryzenstudy.com/uploads/1774899179620-BP808ET_CELL_AND_MOLECULAR_BIOLOGY.pdf,BPharm\Sem-08\2024-25\BPharm__Sem08__2024-25__BP808ET__cell-and-molecular-biology.pdf,BPharm__Sem08__2024-25__BP808ET__cell-and-molecular-biology.pdf,OK,2026-09-07 09:38:29
BPharm,8,2022-23,BP807ET,Computer Aided Drug Design,https://ryzenstudy.com/papers/aktu-bpharm-sem-8-computer-aided-drug-design-2022-23,https://ryzenstudy.com/uploads/1774899157371-COMPUTER_AIDED_DRUG_DESIGN_BP807ET.pdf,BPharm\Sem-08\2022-23\BPharm__Sem08__2022-23__BP807ET__computer-aided-drug-design.pdf,BPharm__Sem08__2022-23__BP807ET__computer-aided-drug-design.pdf,OK,2026-09-07 09:38:32
BPharm,8,2024-25,BP807ET,Computer Aided Drug Design,https://ryzenstudy.com/papers/aktu-bpharm-sem-8-computer-aided-drug-design-2024-25,https://ryzenstudy.com/uploads/1774899179221-BP807ET_COMPUTER_AIDED_DRUG_DESIGN.pdf,BPharm\Sem-08\2024-25\BPharm__Sem08__2024-25__BP807ET__computer-aided-drug-design.pdf,BPharm__Sem08__2024-25__BP807ET__computer-aided-drug-design.pdf,OK,2026-09-07 09:38:36
BPharm,8,2022-23,BP809ET,Cosmetic Science,https://ryzenstudy.com/papers/aktu-bpharm-sem-8-cosmetic-science-2022-23,https://ryzenstudy.com/uploads/1774899156525-COSMETIC_SCIENCE_BP809ET.pdf,BPharm\Sem-08\2022-23\BPharm__Sem08__2022-23__BP809ET__cosmetic-science.pdf,BPharm__Sem08__2022-23__BP809ET__cosmetic-science.pdf,OK,2026-09-07 09:38:39
BPharm,8,2022-23,BP812ET,Dietary Supplements And Nutraceuticals,https://ryzenstudy.com/papers/aktu-bpharm-sem-8-dietary-supplements-and-nutraceuticals-2022-23,https://ryzenstudy.com/uploads/1774899157288-DIETARY_SUPPLEMENTS_AND_NUTRACEUTICALS_BP812ET.pdf,BPharm\Sem-08\2022-23\BPharm__Sem08__2022-23__BP812ET__dietary-supplements-and-nutraceuticals.pdf,BPharm__Sem08__2022-23__BP812ET__dietary-supplements-and-nutraceuticals.pdf,OK,2026-09-07 09:38:41
BPharm,8,2024-25,BP812ET,Dietary Supplements And Nutraceuticals,https://ryzenstudy.com/papers/aktu-bpharm-sem-8-dietary-supplements-and-nutraceuticals-2024-25,https://ryzenstudy.com/uploads/1774899179707-BP812ET_DIETARY_SUPPLEMENTS_AND_NUTRACEUTICALS.pdf,BPharm\Sem-08\2024-25\BPharm__Sem08__2024-25__BP812ET__dietary-supplements-and-nutraceuticals.pdf,BPharm__Sem08__2024-25__BP812ET__dietary-supplements-and-nutraceuticals.pdf,OK,2026-09-07 09:38:45
BPharm,8,2022-23,BP810ET,Experimental Pharmacology,https://ryzenstudy.com/papers/aktu-bpharm-sem-8-experimental-pharmacology-2022-23,https://ryzenstudy.com/uploads/1774899156929-EXPERIMENTAL_PHARMACOLOGY_BP810ET.pdf,BPharm\Sem-08\2022-23\BPharm__Sem08__2022-23__BP810ET__experimental-pharmacology.pdf,BPharm__Sem08__2022-23__BP810ET__experimental-pharmacology.pdf,OK,2026-09-07 09:38:47
BPharm,8,2024-25,BP810ET,Experimental Pharmacology,https://ryzenstudy.com/papers/aktu-bpharm-sem-8-experimental-pharmacology-2024-25,https://ryzenstudy.com/uploads/1774899178973-BP810ET_EXPERIMENTAL_PHARMACOLOGY.pdf,BPharm\Sem-08\2024-25\BPharm__Sem08__2024-25__BP810ET__experimental-pharmacology.pdf,BPharm__Sem08__2024-25__BP810ET__experimental-pharmacology.pdf,OK,2026-09-07 09:38:50
BPharm,8,2023-24,BP803ET,Pharma Marketing Managemen,https://ryzenstudy.com/papers/aktu-bpharm-sem-8-pharma-marketing-managemen-2023-24,https://ryzenstudy.com/uploads/1774899168661-BP803ET_Pharma_Marketing_Managemen.pdf,BPharm\Sem-08\2023-24\BPharm__Sem08__2023-24__BP803ET__pharma-marketing-managemen.pdf,BPharm__Sem08__2023-24__BP803ET__pharma-marketing-managemen.pdf,OK,2026-09-07 09:38:53
BPharm,8,2024-25,BP803ET,Pharma Marketing Management,https://ryzenstudy.com/papers/aktu-bpharm-sem-8-pharma-marketing-management-2024-25,https://ryzenstudy.com/uploads/1774899178555-BP803ET_Pharma_Marketing_Management.pdf,BPharm\Sem-08\2024-25\BPharm__Sem08__2024-25__BP803ET__pharma-marketing-management.pdf,BPharm__Sem08__2024-25__BP803ET__pharma-marketing-management.pdf,OK,2026-09-07 09:38:55
BPharm,8,2021-22,BP803ET,Pharmaceutical Marketing Management,https://ryzenstudy.com/papers/aktu-bpharm-sem-8-pharmaceutical-marketing-management-2021-22,https://ryzenstudy.com/uploads/1774899144395-PHARMACEUTICAL_MARKETING_MANAGEMENT_BP803ET.pdf,BPharm\Sem-08\2021-22\BPharm__Sem08__2021-22__BP803ET__pharmaceutical-marketing-management.pdf,BPharm__Sem08__2021-22__BP803ET__pharmaceutical-marketing-management.pdf,OK,2026-09-07 09:38:58
BPharm,8,2022-23,BP813ET,Pharmaceutical Product Development,https://ryzenstudy.com/papers/aktu-bpharm-sem-8-pharmaceutical-product-development-2022-23,https://ryzenstudy.com/uploads/1774899156839-PHARMACEUTICAL_PRODUCT_DEVELOPMENT_BP813ET.pdf,BPharm\Sem-08\2022-23\BPharm__Sem08__2022-23__BP813ET__pharmaceutical-product-development.pdf,BPharm__Sem08__2022-23__BP813ET__pharmaceutical-product-development.pdf,OK,2026-09-07 09:39:01
BPharm,8,2023-24,BP813ET,Pharmaceutical Product Development,https://ryzenstudy.com/papers/aktu-bpharm-sem-8-pharmaceutical-product-development-2023-24,https://ryzenstudy.com/uploads/1774899168367-BP813ET_Pharmaceutical_Product_Development.pdf,BPharm\Sem-08\2023-24\BPharm__Sem08__2023-24__BP813ET__pharmaceutical-product-development.pdf,BPharm__Sem08__2023-24__BP813ET__pharmaceutical-product-development.pdf,OK,2026-09-07 09:39:04
BPharm,8,2024-25,BP813ET,Pharmaceutical Product Development,https://ryzenstudy.com/papers/aktu-bpharm-sem-8-pharmaceutical-product-development-2024-25,https://ryzenstudy.com/uploads/1774899179542-BP813ET_PHARMACEUTICAL_PRODUCT_DEVELOPMENT.pdf,BPharm\Sem-08\2024-25\BPharm__Sem08__2024-25__BP813ET__pharmaceutical-product-development.pdf,BPharm__Sem08__2024-25__BP813ET__pharmaceutical-product-development.pdf,OK,2026-09-07 09:39:07
BPharm,8,2021-22,BP804ET,Pharmaceutical Regulatory Science,https://ryzenstudy.com/papers/aktu-bpharm-sem-8-pharmaceutical-regulatory-science-2021-22,https://ryzenstudy.com/uploads/1774899144843-PHARMACEUTICAL_REGULATORY_SCIENCE_BP804ET_1.pdf,BPharm\Sem-08\2021-22\BPharm__Sem08__2021-22__BP804ET__pharmaceutical-regulatory-science.pdf,BPharm__Sem08__2021-22__BP804ET__pharmaceutical-regulatory-science.pdf,OK,2026-09-07 09:39:10
BPharm,8,2022-23,BP804ET,Pharmaceutical Regulatory Science,https://ryzenstudy.com/papers/aktu-bpharm-sem-8-pharmaceutical-regulatory-science-2022-23,https://ryzenstudy.com/uploads/1774899157202-PHARMACEUTICAL_REGULATORY_SCIENCE_BP804ET.pdf,BPharm\Sem-08\2022-23\BPharm__Sem08__2022-23__BP804ET__pharmaceutical-regulatory-science.pdf,BPharm__Sem08__2022-23__BP804ET__pharmaceutical-regulatory-science.pdf,OK,2026-09-07 09:39:13
BPharm,8,2021-22,BP805ET,Pharmacovigilance,https://ryzenstudy.com/papers/aktu-bpharm-sem-8-pharmacovigilance-2021-22,https://ryzenstudy.com/uploads/1774899145015-PHARMACOVIGILANCE_BP805ET_1.pdf,BPharm\Sem-08\2021-22\BPharm__Sem08__2021-22__BP805ET__pharmacovigilance.pdf,BPharm__Sem08__2021-22__BP805ET__pharmacovigilance.pdf,OK,2026-09-07 09:39:16
BPharm,8,2022-23,BP805ET,Pharmacovigilance,https://ryzenstudy.com/papers/aktu-bpharm-sem-8-pharmacovigilance-2022-23,https://ryzenstudy.com/uploads/1774899156648-PHARMACOVIGILANCE_BP805ET.pdf,BPharm\Sem-08\2022-23\BPharm__Sem08__2022-23__BP805ET__pharmacovigilance.pdf,BPharm__Sem08__2022-23__BP805ET__pharmacovigilance.pdf,OK,2026-09-07 09:39:19
BPharm,8,2023-24,BP805ET,Pharmacovigilance,https://ryzenstudy.com/papers/aktu-bpharm-sem-8-pharmacovigilance-2023-24,https://ryzenstudy.com/uploads/1774899168586-BP805ET_PHARMACOVIGILANCE.pdf,BPharm\Sem-08\2023-24\BPharm__Sem08__2023-24__BP805ET__pharmacovigilance.pdf,BPharm__Sem08__2023-24__BP805ET__pharmacovigilance.pdf,OK,2026-09-07 09:39:22
BPharm,8,2021-22,BP806ET,Quality Control And Standardization Of Herbal,https://ryzenstudy.com/papers/aktu-bpharm-sem-8-quality-control-and-standardization-of-herbal-2021-22,https://ryzenstudy.com/uploads/1774899144711-QUALITY_CONTROL_AND_STANDARDIZATION_OF_HERBAL_BP806ET.pdf,BPharm\Sem-08\2021-22\BPharm__Sem08__2021-22__BP806ET__quality-control-and-standardization-of-herbal.pdf,BPharm__Sem08__2021-22__BP806ET__quality-control-and-standardization-of-herbal.pdf,OK,2026-09-07 09:39:25
BPharm,8,2023-24,BP806ET,Quality Control And Standardization Of Herbal,https://ryzenstudy.com/papers/aktu-bpharm-sem-8-quality-control-and-standardization-of-herbal-2023-24,https://ryzenstudy.com/uploads/1774899168240-BP806ET_QUALITY_CONTROL_AND_STANDARDIZATION_OF_HERBAL.pdf,BPharm\Sem-08\2023-24\BPharm__Sem08__2023-24__BP806ET__quality-control-and-standardization-of-herbal.pdf,BPharm__Sem08__2023-24__BP806ET__quality-control-and-standardization-of-herbal.pdf,OK,2026-09-07 09:39:27
BPharm,8,2022-23,BP806ET,Quality Control And Standardization Of Herbals,https://ryzenstudy.com/papers/aktu-bpharm-sem-8-quality-control-and-standardization-of-herbals-2022-23,https://ryzenstudy.com/uploads/1774899157478-QUALITY_CONTROL_AND_STANDARDIZATION_OF_HERBALS_BP806ET.pdf,BPharm\Sem-08\2022-23\BPharm__Sem08__2022-23__BP806ET__quality-control-and-standardization-of-herbals.pdf,BPharm__Sem08__2022-23__BP806ET__quality-control-and-standardization-of-herbals.pdf,OK,2026-09-07 09:39:30
BPharm,8,2021-22,BP802T,Social And Preventive Pharmacy,https://ryzenstudy.com/papers/aktu-bpharm-sem-8-social-and-preventive-pharmacy-2021-22,https://ryzenstudy.com/uploads/1774899144185-SOCIAL_AND_PREVENTIVE_PHARMACY_BP802T_1.pdf,BPharm\Sem-08\2021-22\BPharm__Sem08__2021-22__BP802T__social-and-preventive-pharmacy.pdf,BPharm__Sem08__2021-22__BP802T__social-and-preventive-pharmacy.pdf,OK,2026-09-07 09:39:34
BPharm,8,2022-23,BP802T,Social And Preventive Pharmacy,https://ryzenstudy.com/papers/aktu-bpharm-sem-8-social-and-preventive-pharmacy-2022-23,https://ryzenstudy.com/uploads/1774899157033-SOCIAL_AND_PREVENTIVE_PHARMACY_BP802T.pdf,BPharm\Sem-08\2022-23\BPharm__Sem08__2022-23__BP802T__social-and-preventive-pharmacy.pdf,BPharm__Sem08__2022-23__BP802T__social-and-preventive-pharmacy.pdf,OK,2026-09-07 09:39:37
BPharm,8,2023-24,BP802T,Social And Preventive Pharmacy,https://ryzenstudy.com/papers/aktu-bpharm-sem-8-social-and-preventive-pharmacy-2023-24,https://ryzenstudy.com/uploads/1774899168104-BP802T_SOCIAL_AND_PREVENTIVE_PHARMACY.pdf,BPharm\Sem-08\2023-24\BPharm__Sem08__2023-24__BP802T__social-and-preventive-pharmacy.pdf,BPharm__Sem08__2023-24__BP802T__social-and-preventive-pharmacy.pdf,OK,2026-09-07 09:39:40
BPharm,8,2024-25,BP802T,Social And Preventive Pharmacy,https://ryzenstudy.com/papers/aktu-bpharm-sem-8-social-and-preventive-pharmacy-2024-25,https://ryzenstudy.com/uploads/1774899179398-BP802T_SOCIAL_AND_PREVENTIVE_PHARMACY.pdf,BPharm\Sem-08\2024-25\BPharm__Sem08__2024-25__BP802T__social-and-preventive-pharmacy.pdf,BPharm__Sem08__2024-25__BP802T__social-and-preventive-pharmacy.pdf,OK,2026-09-07 09:39:43
MCA,1,2024-25,BMC103,Principles Of Management Communication,https://ryzenstudy.com/papers/aktu-mca-sem-1-bmc103-principles-of-management-communication-2024-25,https://ryzenstudy.com/uploads/1774897957944-BMC103_PRINCIPLES_OF_MANAGEMENT_COMMUNICATION.pdf,MCA\Sem-01\2024-25\MCA__Sem01__2024-25__BMC103__bmc103-principles-of-management-communication.pdf,MCA__Sem01__2024-25__BMC103__bmc103-principles-of-management-communication.pdf,OK,2026-09-07 09:39:46
MCA,1,2021-22,KCA-105,Computer Organization Architecture,https://ryzenstudy.com/papers/aktu-mca-sem-1-computer-organization-architecture-2021-22,https://ryzenstudy.com/uploads/1774897922830-COMPUTER_ORGANIZATION_ARCHITECTURE_KCA_105.pdf,MCA\Sem-01\2021-22\MCA__Sem01__2021-22__KCA-105__computer-organization-architecture.pdf,MCA__Sem01__2021-22__KCA-105__computer-organization-architecture.pdf,OK,2026-09-07 09:39:48
MCA,1,2022-23,KCA-105,Computer Organization Architecture,https://ryzenstudy.com/papers/aktu-mca-sem-1-computer-organization-architecture-2022-23,https://ryzenstudy.com/uploads/1774897933655-COMPUTER_ORGANIZATION_ARCHITECTURE_KCA_105_1.pdf,MCA\Sem-01\2022-23\MCA__Sem01__2022-23__KCA-105__computer-organization-architecture.pdf,MCA__Sem01__2022-23__KCA-105__computer-organization-architecture.pdf,OK,2026-09-07 09:39:51
MCA,1,2023-24,KCA-105,Computer Organization Architecture,https://ryzenstudy.com/papers/aktu-mca-sem-1-computer-organization-architecture-2023-24,https://ryzenstudy.com/uploads/1774897946604-COMPUTER_ORGANIZATION_ARCHITECTURE_KCA_105.pdf,MCA\Sem-01\2023-24\MCA__Sem01__2023-24__KCA-105__computer-organization-architecture.pdf,MCA__Sem01__2023-24__KCA-105__computer-organization-architecture.pdf,OK,2026-09-07 09:39:54
MCA,1,2024-25,BMC105,Computer Organization Architecture,https://ryzenstudy.com/papers/aktu-mca-sem-1-computer-organization-architecture-2024-25,https://ryzenstudy.com/uploads/1774897958234-BMC105_COMPUTER_ORGANIZATION_ARCHITECTURE.pdf,MCA\Sem-01\2024-25\MCA__Sem01__2024-25__BMC105__computer-organization-architecture.pdf,MCA__Sem01__2024-25__BMC105__computer-organization-architecture.pdf,OK,2026-09-07 09:39:57
MCA,1,2025-26,BMC105,Computer Organization Architecture,https://ryzenstudy.com/papers/aktu-mca-sem-1-computer-organization-architecture-2025-26,https://ryzenstudy.com/uploads/1774897972339-BMC105_COMPUTER_ORGANIZATION_ARCHITECTURE.pdf,MCA\Sem-01\2025-26\MCA__Sem01__2025-26__BMC105__computer-organization-architecture.pdf,MCA__Sem01__2025-26__BMC105__computer-organization-architecture.pdf,OK,2026-09-07 09:40:01
MCA,1,2025-26,BMC106,Cyber Security,https://ryzenstudy.com/papers/aktu-mca-sem-1-cyber-security-2025-26,https://ryzenstudy.com/uploads/1774897971951-BMC106_CYBER_SECURITY.pdf,MCA\Sem-01\2025-26\MCA__Sem01__2025-26__BMC106__cyber-security.pdf,MCA__Sem01__2025-26__BMC106__cyber-security.pdf,OK,2026-09-07 09:40:03
MCA,1,2022-23,KCA-104,Discrete Mathematics,https://ryzenstudy.com/papers/aktu-mca-sem-1-discrete-mathematics-2022-23,https://ryzenstudy.com/uploads/1774897933264-DISCRETE_MATHEMATICS_KCA_104.pdf,MCA\Sem-01\2022-23\MCA__Sem01__2022-23__KCA-104__discrete-mathematics.pdf,MCA__Sem01__2022-23__KCA-104__discrete-mathematics.pdf,OK,2026-09-07 09:40:06
MCA,1,2023-24,KCA-104,Discrete Mathematics,https://ryzenstudy.com/papers/aktu-mca-sem-1-discrete-mathematics-2023-24,https://ryzenstudy.com/uploads/1774897944930-DISCRETE_MATHEMATICS_KCA_104.pdf,MCA\Sem-01\2023-24\MCA__Sem01__2023-24__KCA-104__discrete-mathematics.pdf,MCA__Sem01__2023-24__KCA-104__discrete-mathematics.pdf,OK,2026-09-07 09:40:09
MCA,1,2024-25,BMC104,Discrete Mathematics,https://ryzenstudy.com/papers/aktu-mca-sem-1-discrete-mathematics-2024-25,https://ryzenstudy.com/uploads/1774897957630-BMC104_DISCRETE_MATHEMATICS.pdf,MCA\Sem-01\2024-25\MCA__Sem01__2024-25__BMC104__discrete-mathematics.pdf,MCA__Sem01__2024-25__BMC104__discrete-mathematics.pdf,OK,2026-09-07 09:40:12
MCA,1,2025-26,BMC104,Discrete Mathematics,https://ryzenstudy.com/papers/aktu-mca-sem-1-discrete-mathematics-2025-26,https://ryzenstudy.com/uploads/1774897971756-BMC104_DISCRETE_MATHEMATICS.pdf,MCA\Sem-01\2025-26\MCA__Sem01__2025-26__BMC104__discrete-mathematics.pdf,MCA__Sem01__2025-26__BMC104__discrete-mathematics.pdf,OK,2026-09-07 09:40:14
MCA,1,2021-22,CA104,Discrete Mathematics K,https://ryzenstudy.com/papers/aktu-mca-sem-1-discrete-mathematics-k-2021-22,https://ryzenstudy.com/uploads/1774897922682-DISCRETE_MATHEMATICS_K_CA104.pdf,MCA\Sem-01\2021-22\MCA__Sem01__2021-22__CA104__discrete-mathematics-k.pdf,MCA__Sem01__2021-22__CA104__discrete-mathematics-k.pdf,OK,2026-09-07 09:40:18
MCA,1,2022-23,KCA-101,Fundamental Of Computers And Emerging Technologies,https://ryzenstudy.com/papers/aktu-mca-sem-1-fundamental-of-computers-and-emerging-technologies-2022-23,https://ryzenstudy.com/uploads/1774897933374-FUNDAMENTAL_OF_COMPUTERS_AND_EMERGING_TECHNOLOGIES_KCA_101.pdf,MCA\Sem-01\2022-23\MCA__Sem01__2022-23__KCA-101__fundamental-of-computers-and-emerging-technologies.pdf,MCA__Sem01__2022-23__KCA-101__fundamental-of-computers-and-emerging-technologies.pdf,OK,2026-09-07 09:40:21
MCA,1,2021-22,KCA-101,Fundamental Of Computers Emerging Technologies,https://ryzenstudy.com/papers/aktu-mca-sem-1-fundamental-of-computers-emerging-technologies-2021-22,https://ryzenstudy.com/uploads/1774897922391-FUNDAMENTAL_OF_COMPUTERS_EMERGING_TECHNOLOGIES_KCA_101.pdf,MCA\Sem-01\2021-22\MCA__Sem01__2021-22__KCA-101__fundamental-of-computers-emerging-technologies.pdf,MCA__Sem01__2021-22__KCA-101__fundamental-of-computers-emerging-technologies.pdf,OK,2026-09-07 09:40:24
MCA,1,2023-24,KCA-101,Fundamental Of Computers Emerging Technologies,https://ryzenstudy.com/papers/aktu-mca-sem-1-fundamental-of-computers-emerging-technologies-2023-24,https://ryzenstudy.com/uploads/1774897945390-FUNDAMENTAL_OF_COMPUTERS_EMERGING_TECHNOLOGIES_KCA_101.pdf,MCA\Sem-01\2023-24\MCA__Sem01__2023-24__KCA-101__fundamental-of-computers-emerging-technologies.pdf,MCA__Sem01__2023-24__KCA-101__fundamental-of-computers-emerging-technologies.pdf,OK,2026-09-07 09:40:26
MCA,1,2024-25,BMC101,Fundamental Of Computers Emerging Technologies,https://ryzenstudy.com/papers/aktu-mca-sem-1-fundamental-of-computers-emerging-technologies-2024-25,https://ryzenstudy.com/uploads/1774897958423-BMC101_FUNDAMENTAL_OF_COMPUTERS_EMERGING_TECHNOLOGIES.pdf,MCA\Sem-01\2024-25\MCA__Sem01__2024-25__BMC101__fundamental-of-computers-emerging-technologies.pdf,MCA__Sem01__2024-25__BMC101__fundamental-of-computers-emerging-technologies.pdf,OK,2026-09-07 09:40:29
MCA,1,2025-26,BMC101,Fundamental Of Computers Emerging Technologies,https://ryzenstudy.com/papers/aktu-mca-sem-1-fundamental-of-computers-emerging-technologies-2025-26,https://ryzenstudy.com/uploads/1774897972451-BMC101_FUNDAMENTAL_OF_COMPUTERS_EMERGING_TECHNOLOGIES.pdf,MCA\Sem-01\2025-26\MCA__Sem01__2025-26__BMC101__fundamental-of-computers-emerging-technologies.pdf,MCA__Sem01__2025-26__BMC101__fundamental-of-computers-emerging-technologies.pdf,OK,2026-09-07 09:40:32
MCA,1,2024-25,KCA101,Fundamental Of Computers Emerging Technologies,https://ryzenstudy.com/papers/aktu-mca-sem-1-kca101-fundamental-of-computers-emerging-technologies-2024-25,https://ryzenstudy.com/uploads/1774897958728-KCA101_FUNDAMENTAL_OF_COMPUTERS_EMERGING_TECHNOLOGIES.pdf,MCA\Sem-01\2024-25\MCA__Sem01__2024-25__KCA101__kca101-fundamental-of-computers-emerging-technologies.pdf,MCA__Sem01__2024-25__KCA101__kca101-fundamental-of-computers-emerging-technologies.pdf,OK,2026-09-07 09:40:35
MCA,1,2024-25,KCA102,Problem Solving Using C,https://ryzenstudy.com/papers/aktu-mca-sem-1-kca102-problem-solving-using-c-2024-25,https://ryzenstudy.com/uploads/1774897958557-KCA102_PROBLEM_SOLVING_USING_C.pdf,MCA\Sem-01\2024-25\MCA__Sem01__2024-25__KCA102__kca102-problem-solving-using-c.pdf,MCA__Sem01__2024-25__KCA102__kca102-problem-solving-using-c.pdf,OK,2026-09-07 09:40:38
MCA,1,2024-25,KCA104,Discrete Mathematics,https://ryzenstudy.com/papers/aktu-mca-sem-1-kca104-discrete-mathematics-2024-25,https://ryzenstudy.com/uploads/1774897958641-KCA104_DISCRETE_MATHEMATICS.pdf,MCA\Sem-01\2024-25\MCA__Sem01__2024-25__KCA104__kca104-discrete-mathematics.pdf,MCA__Sem01__2024-25__KCA104__kca104-discrete-mathematics.pdf,OK,2026-09-07 09:40:40
MCA,1,2024-25,KCA105,Computer Organization Architecture,https://ryzenstudy.com/papers/aktu-mca-sem-1-kca105-computer-organization-architecture-2024-25,https://ryzenstudy.com/uploads/1774897958347-KCA105_COMPUTER_ORGANIZATION_ARCHITECTURE.pdf,MCA\Sem-01\2024-25\MCA__Sem01__2024-25__KCA105__kca105-computer-organization-architecture.pdf,MCA__Sem01__2024-25__KCA105__kca105-computer-organization-architecture.pdf,OK,2026-09-07 09:40:44
MCA,1,2021-22,KCA103,Principles Of Management Communication,https://ryzenstudy.com/papers/aktu-mca-sem-1-principles-of-management-communication-2021-22,https://ryzenstudy.com/uploads/1774897922756-PRINCIPLES_OF_MANAGEMENT_COMMUNICATION_KCA103.pdf,MCA\Sem-01\2021-22\MCA__Sem01__2021-22__KCA103__principles-of-management-communication.pdf,MCA__Sem01__2021-22__KCA103__principles-of-management-communication.pdf,OK,2026-09-07 09:40:46
MCA,1,2022-23,KCA-103,Principles Of Management Communication,https://ryzenstudy.com/papers/aktu-mca-sem-1-principles-of-management-communication-2022-23,https://ryzenstudy.com/uploads/1774897933733-PRINCIPLES_OF_MANAGEMENT_COMMUNICATION_KCA_103.pdf,MCA\Sem-01\2022-23\MCA__Sem01__2022-23__KCA-103__principles-of-management-communication.pdf,MCA__Sem01__2022-23__KCA-103__principles-of-management-communication.pdf,OK,2026-09-07 09:40:49
MCA,1,2023-24,KCA-103,Principles Of Management Communication,https://ryzenstudy.com/papers/aktu-mca-sem-1-principles-of-management-communication-2023-24,https://ryzenstudy.com/uploads/1774897946229-PRINCIPLES_OF_MANAGEMENT_COMMUNICATION_KCA_103.pdf,MCA\Sem-01\2023-24\MCA__Sem01__2023-24__KCA-103__principles-of-management-communication.pdf,MCA__Sem01__2023-24__KCA-103__principles-of-management-communication.pdf,OK,2026-09-07 09:40:53
MCA,1,2024-25,KCA103,Principles Of Management Communication,https://ryzenstudy.com/papers/aktu-mca-sem-1-principles-of-management-communication-2024-25,https://ryzenstudy.com/uploads/1774897957789-KCA103_PRINCIPLES_OF_MANAGEMENT_COMMUNICATION.pdf,MCA\Sem-01\2024-25\MCA__Sem01__2024-25__KCA103__principles-of-management-communication.pdf,MCA__Sem01__2024-25__KCA103__principles-of-management-communication.pdf,OK,2026-09-07 09:40:56
MCA,1,2025-26,BMC103,Principles Of Management Communication,https://ryzenstudy.com/papers/aktu-mca-sem-1-principles-of-management-communication-2025-26,https://ryzenstudy.com/uploads/1774897972158-BMC103_PRINCIPLES_OF_MANAGEMENT_COMMUNICATION.pdf,MCA\Sem-01\2025-26\MCA__Sem01__2025-26__BMC103__principles-of-management-communication.pdf,MCA__Sem01__2025-26__BMC103__principles-of-management-communication.pdf,OK,2026-09-07 09:40:58
MCA,1,2021-22,KCA-102,Problem Solving Using C,https://ryzenstudy.com/papers/aktu-mca-sem-1-problem-solving-using-c-2021-22,https://ryzenstudy.com/uploads/1774897922542-PROBLEM_SOLVING_USING_C_KCA_102.pdf,MCA\Sem-01\2021-22\MCA__Sem01__2021-22__KCA-102__problem-solving-using-c.pdf,MCA__Sem01__2021-22__KCA-102__problem-solving-using-c.pdf,OK,2026-09-07 09:41:01
MCA,1,2022-23,KCA-102,Problem Solving Using C,https://ryzenstudy.com/papers/aktu-mca-sem-1-problem-solving-using-c-2022-23,https://ryzenstudy.com/uploads/1774897933894-PROBLEM_SOLVING_USING_C_KCA_102_1.pdf,MCA\Sem-01\2022-23\MCA__Sem01__2022-23__KCA-102__problem-solving-using-c.pdf,MCA__Sem01__2022-23__KCA-102__problem-solving-using-c.pdf,OK,2026-09-07 09:41:04
MCA,1,2023-24,KCA-102,Problem Solving Using C,https://ryzenstudy.com/papers/aktu-mca-sem-1-problem-solving-using-c-2023-24,https://ryzenstudy.com/uploads/1774897945514-PROBLEM_SOLVING_USING_C_KCA_102.pdf,MCA\Sem-01\2023-24\MCA__Sem01__2023-24__KCA-102__problem-solving-using-c.pdf,MCA__Sem01__2023-24__KCA-102__problem-solving-using-c.pdf,OK,2026-09-07 09:41:06
MCA,1,2024-25,BMC102,Problem Solving Using C,https://ryzenstudy.com/papers/aktu-mca-sem-1-problem-solving-using-c-2024-25,https://ryzenstudy.com/uploads/1774897958093-BMC102_PROBLEM_SOLVING_USING_C.pdf,MCA\Sem-01\2024-25\MCA__Sem01__2024-25__BMC102__problem-solving-using-c.pdf,MCA__Sem01__2024-25__BMC102__problem-solving-using-c.pdf,OK,2026-09-07 09:41:09
MCA,1,2025-26,BMC102,Problem Solving Using C,https://ryzenstudy.com/papers/aktu-mca-sem-1-problem-solving-using-c-2025-26,https://ryzenstudy.com/uploads/1774897972242-BMC102_PROBLEM_SOLVING_USING_C.pdf,MCA\Sem-01\2025-26\MCA__Sem01__2025-26__BMC102__problem-solving-using-c.pdf,MCA__Sem01__2025-26__BMC102__problem-solving-using-c.pdf,OK,2026-09-07 09:41:12
MCA,2,2024-25,BMC202,Object Oriented Programming,https://ryzenstudy.com/papers/aktu-mca-sem-2-bmc202-object-oriented-programming-2024-25,https://ryzenstudy.com/uploads/1774898028983-BMC202_OBJECT_ORIENTED_PROGRAMMING.pdf,MCA\Sem-02\2024-25\MCA__Sem02__2024-25__BMC202__bmc202-object-oriented-programming.pdf,MCA__Sem02__2024-25__BMC202__bmc202-object-oriented-programming.pdf,OK,2026-09-07 09:41:15
MCA,2,2024-25,BMC203,Operating Systems,https://ryzenstudy.com/papers/aktu-mca-sem-2-bmc203-operating-systems-2024-25,https://ryzenstudy.com/uploads/1774898028907-BMC203_OPERATING_SYSTEMS.pdf,MCA\Sem-02\2024-25\MCA__Sem02__2024-25__BMC203__bmc203-operating-systems.pdf,MCA__Sem02__2024-25__BMC203__bmc203-operating-systems.pdf,OK,2026-09-07 09:41:18
MCA,2,2024-25,BMC204,Database Management Systems,https://ryzenstudy.com/papers/aktu-mca-sem-2-bmc204-database-management-systems-2024-25,https://ryzenstudy.com/uploads/1774898028749-BMC204_DATABASE_MANAGEMENT_SYSTEMS.pdf,MCA\Sem-02\2024-25\MCA__Sem02__2024-25__BMC204__bmc204-database-management-systems.pdf,MCA__Sem02__2024-25__BMC204__bmc204-database-management-systems.pdf,OK,2026-09-07 09:41:21
MCA,2,2024-25,BMC205,Data Structures Analysis Of Algorithms,https://ryzenstudy.com/papers/aktu-mca-sem-2-bmc205-data-structures-analysis-of-algorithms-2024-25,https://ryzenstudy.com/uploads/1774898028822-BMC205_DATA_STRUCTURES_ANALYSIS_OF_ALGORITHMS.pdf,MCA\Sem-02\2024-25\MCA__Sem02__2024-25__BMC205__bmc205-data-structures-analysis-of-algorithms.pdf,MCA__Sem02__2024-25__BMC205__bmc205-data-structures-analysis-of-algorithms.pdf,OK,2026-09-07 09:41:24
MCA,2,2021-22,KCA-A01,Cyber Security,https://ryzenstudy.com/papers/aktu-mca-sem-2-cyber-security-2021-22,https://ryzenstudy.com/uploads/1774897989960-CYBER_SECURITY_KCA_A01.pdf,MCA\Sem-02\2021-22\MCA__Sem02__2021-22__KCA-A01__cyber-security.pdf,MCA__Sem02__2021-22__KCA-A01__cyber-security.pdf,OK,2026-09-07 09:41:27
MCA,2,2022-23,KCA-A01,Cyber Security,https://ryzenstudy.com/papers/aktu-mca-sem-2-cyber-security-2022-23,https://ryzenstudy.com/uploads/1774898001717-CYBER_SECURITY_KCA_A01.pdf,MCA\Sem-02\2022-23\MCA__Sem02__2022-23__KCA-A01__cyber-security.pdf,MCA__Sem02__2022-23__KCA-A01__cyber-security.pdf,OK,2026-09-07 09:41:30
MCA,2,2023-24,KCAA01,Cyber Security,https://ryzenstudy.com/papers/aktu-mca-sem-2-cyber-security-2023-24,https://ryzenstudy.com/uploads/1774898016433-KCAA01_Cyber_Security.pdf,MCA\Sem-02\2023-24\MCA__Sem02__2023-24__KCAA01__cyber-security.pdf,MCA__Sem02__2023-24__KCAA01__cyber-security.pdf,OK,2026-09-07 09:41:33
MCA,2,2021-22,KCA-205,Data Structures Analysis Of Algorithms,https://ryzenstudy.com/papers/aktu-mca-sem-2-data-structures-analysis-of-algorithms-2021-22,https://ryzenstudy.com/uploads/1774897990121-DATA_STRUCTURES_ANALYSIS_OF_ALGORITHMS_KCA_205.pdf,MCA\Sem-02\2021-22\MCA__Sem02__2021-22__KCA-205__data-structures-analysis-of-algorithms.pdf,MCA__Sem02__2021-22__KCA-205__data-structures-analysis-of-algorithms.pdf,OK,2026-09-07 09:41:35
MCA,2,2022-23,KCA-205,Data Structures Analysis Of Algorithms,https://ryzenstudy.com/papers/aktu-mca-sem-2-data-structures-analysis-of-algorithms-2022-23,https://ryzenstudy.com/uploads/1774898001822-DATA_STRUCTURES_ANALYSIS_OF_ALGORITHMS_KCA_205.pdf,MCA\Sem-02\2022-23\MCA__Sem02__2022-23__KCA-205__data-structures-analysis-of-algorithms.pdf,MCA__Sem02__2022-23__KCA-205__data-structures-analysis-of-algorithms.pdf,OK,2026-09-07 09:41:38
MCA,2,2023-24,KCA205,Data Structures Analysis Of Algorithms,https://ryzenstudy.com/papers/aktu-mca-sem-2-data-structures-analysis-of-algorithms-2023-24,https://ryzenstudy.com/uploads/1774898016683-KCA205_Data_Structures_Analysis_of_Algorithms.pdf,MCA\Sem-02\2023-24\MCA__Sem02__2023-24__KCA205__data-structures-analysis-of-algorithms.pdf,MCA__Sem02__2023-24__KCA205__data-structures-analysis-of-algorithms.pdf,OK,2026-09-07 09:41:42
MCA,2,2024-25,KCA205,Data Structures Analysis Of Algorithms,https://ryzenstudy.com/papers/aktu-mca-sem-2-data-structures-analysis-of-algorithms-2024-25,https://ryzenstudy.com/uploads/1774898028597-KCA205_DATA_STRUCTURES_ANALYSIS_OF_ALGORITHMS.pdf,MCA\Sem-02\2024-25\MCA__Sem02__2024-25__KCA205__data-structures-analysis-of-algorithms.pdf,MCA__Sem02__2024-25__KCA205__data-structures-analysis-of-algorithms.pdf,OK,2026-09-07 09:41:45
MCA,2,2021-22,KCA-204,Database Management Systems,https://ryzenstudy.com/papers/aktu-mca-sem-2-database-management-systems-2021-22,https://ryzenstudy.com/uploads/1774897990247-DATABASE_MANAGEMENT_SYSTEMS_KCA_204.pdf,MCA\Sem-02\2021-22\MCA__Sem02__2021-22__KCA-204__database-management-systems.pdf,MCA__Sem02__2021-22__KCA-204__database-management-systems.pdf,OK,2026-09-07 09:41:48
MCA,2,2022-23,KCA-204,Database Management Systems,https://ryzenstudy.com/papers/aktu-mca-sem-2-database-management-systems-2022-23,https://ryzenstudy.com/uploads/1774898001929-DATABASE_MANAGEMENT_SYSTEMS_KCA_204.pdf,MCA\Sem-02\2022-23\MCA__Sem02__2022-23__KCA-204__database-management-systems.pdf,MCA__Sem02__2022-23__KCA-204__database-management-systems.pdf,OK,2026-09-07 09:41:51
MCA,2,2023-24,KCA204,Database Management Systems,https://ryzenstudy.com/papers/aktu-mca-sem-2-database-management-systems-2023-24,https://ryzenstudy.com/uploads/1774898016063-KCA204_Database_Management_Systems.pdf,MCA\Sem-02\2023-24\MCA__Sem02__2023-24__KCA204__database-management-systems.pdf,MCA__Sem02__2023-24__KCA204__database-management-systems.pdf,OK,2026-09-07 09:41:54
MCA,2,2024-25,KCA204,Database Management Systems,https://ryzenstudy.com/papers/aktu-mca-sem-2-database-management-systems-2024-25,https://ryzenstudy.com/uploads/1774898028261-KCA204_DATABASE_MANAGEMENT_SYSTEMS.pdf,MCA\Sem-02\2024-25\MCA__Sem02__2024-25__KCA204__database-management-systems.pdf,MCA__Sem02__2024-25__KCA204__database-management-systems.pdf,OK,2026-09-07 09:41:57
MCA,2,2021-22,KCA-202,Object Oriented Programming,https://ryzenstudy.com/papers/aktu-mca-sem-2-object-oriented-programming-2021-22,https://ryzenstudy.com/uploads/1774897990496-OBJECT_ORIENTED_PROGRAMMING_KCA_202.pdf,MCA\Sem-02\2021-22\MCA__Sem02__2021-22__KCA-202__object-oriented-programming.pdf,MCA__Sem02__2021-22__KCA-202__object-oriented-programming.pdf,OK,2026-09-07 09:42:00
MCA,2,2022-23,KCA-202,Object Oriented Programming,https://ryzenstudy.com/papers/aktu-mca-sem-2-object-oriented-programming-2022-23,https://ryzenstudy.com/uploads/1774898001994-OBJECT_ORIENTED_PROGRAMMING_KCA_202.pdf,MCA\Sem-02\2022-23\MCA__Sem02__2022-23__KCA-202__object-oriented-programming.pdf,MCA__Sem02__2022-23__KCA-202__object-oriented-programming.pdf,OK,2026-09-07 09:42:03
MCA,2,2023-24,KCA202,Object Oriented Programming,https://ryzenstudy.com/papers/aktu-mca-sem-2-object-oriented-programming-2023-24,https://ryzenstudy.com/uploads/1774898016560-KCA202_Object_Oriented_Programming.pdf,MCA\Sem-02\2023-24\MCA__Sem02__2023-24__KCA202__object-oriented-programming.pdf,MCA__Sem02__2023-24__KCA202__object-oriented-programming.pdf,OK,2026-09-07 09:42:06
MCA,2,2024-25,KCA202,Object Oriented Programming,https://ryzenstudy.com/papers/aktu-mca-sem-2-object-oriented-programming-2024-25,https://ryzenstudy.com/uploads/1774898028482-KCA202_OBJECT_ORIENTED_PROGRAMMING.pdf,MCA\Sem-02\2024-25\MCA__Sem02__2024-25__KCA202__object-oriented-programming.pdf,MCA__Sem02__2024-25__KCA202__object-oriented-programming.pdf,OK,2026-09-07 09:42:09
MCA,2,2021-22,KCA-203,Operating Systems,https://ryzenstudy.com/papers/aktu-mca-sem-2-operating-systems-2021-22,https://ryzenstudy.com/uploads/1774897990777-OPERATING_SYSTEMS_KCA_203.pdf,MCA\Sem-02\2021-22\MCA__Sem02__2021-22__KCA-203__operating-systems.pdf,MCA__Sem02__2021-22__KCA-203__operating-systems.pdf,OK,2026-09-07 09:42:12
MCA,2,2022-23,KCA-203,Operating Systems,https://ryzenstudy.com/papers/aktu-mca-sem-2-operating-systems-2022-23,https://ryzenstudy.com/uploads/1774898002176-OPERATING_SYSTEMS_KCA_203.pdf,MCA\Sem-02\2022-23\MCA__Sem02__2022-23__KCA-203__operating-systems.pdf,MCA__Sem02__2022-23__KCA-203__operating-systems.pdf,OK,2026-09-07 09:42:15
MCA,2,2023-24,KCA203,Operating Systems,https://ryzenstudy.com/papers/aktu-mca-sem-2-operating-systems-2023-24,https://ryzenstudy.com/uploads/1774898015947-KCA203_Operating_Systems.pdf,MCA\Sem-02\2023-24\MCA__Sem02__2023-24__KCA203__operating-systems.pdf,MCA__Sem02__2023-24__KCA203__operating-systems.pdf,OK,2026-09-07 09:42:18
MCA,2,2024-25,KCA203,Operating Systems,https://ryzenstudy.com/papers/aktu-mca-sem-2-operating-systems-2024-25,https://ryzenstudy.com/uploads/1774898028129-KCA203_OPERATING_SYSTEMS.pdf,MCA\Sem-02\2024-25\MCA__Sem02__2024-25__KCA203__operating-systems.pdf,MCA__Sem02__2024-25__KCA203__operating-systems.pdf,OK,2026-09-07 09:42:20
MCA,2,2021-22,KCA-201,Theory Of Automata Formal Languages,https://ryzenstudy.com/papers/aktu-mca-sem-2-theory-of-automata-formal-languages-2021-22,https://ryzenstudy.com/uploads/1774897990643-THEORY_OF_AUTOMATA_FORMAL_LANGUAGES_KCA_201.pdf,MCA\Sem-02\2021-22\MCA__Sem02__2021-22__KCA-201__theory-of-automata-formal-languages.pdf,MCA__Sem02__2021-22__KCA-201__theory-of-automata-formal-languages.pdf,OK,2026-09-07 09:42:24
MCA,2,2022-23,KCA-201,Theory Of Automata Formal Languages,https://ryzenstudy.com/papers/aktu-mca-sem-2-theory-of-automata-formal-languages-2022-23,https://ryzenstudy.com/uploads/1774898002068-THEORY_OF_AUTOMATA_FORMAL_LANGUAGES_KCA_201.pdf,MCA\Sem-02\2022-23\MCA__Sem02__2022-23__KCA-201__theory-of-automata-formal-languages.pdf,MCA__Sem02__2022-23__KCA-201__theory-of-automata-formal-languages.pdf,OK,2026-09-07 09:42:26
MCA,2,2023-24,KCA201,Theory Of Automata Formal Languages,https://ryzenstudy.com/papers/aktu-mca-sem-2-theory-of-automata-formal-languages-2023-24,https://ryzenstudy.com/uploads/1774898016292-KCA201_Theory_of_Automata_Formal_Languages.pdf,MCA\Sem-02\2023-24\MCA__Sem02__2023-24__KCA201__theory-of-automata-formal-languages.pdf,MCA__Sem02__2023-24__KCA201__theory-of-automata-formal-languages.pdf,OK,2026-09-07 09:42:29
MCA,2,2024-25,KCA201,Theory Of Automata Formal Languages,https://ryzenstudy.com/papers/aktu-mca-sem-2-theory-of-automata-formal-languages-2024-25,https://ryzenstudy.com/uploads/1774898028403-KCA201_THEORY_OF_AUTOMATA_FORMAL_LANGUAGES.pdf,MCA\Sem-02\2024-25\MCA__Sem02__2024-25__KCA201__theory-of-automata-formal-languages.pdf,MCA__Sem02__2024-25__KCA201__theory-of-automata-formal-languages.pdf,OK,2026-09-07 09:42:32
MCA,2,2024-25,BMC201,Web Technology,https://ryzenstudy.com/papers/aktu-mca-sem-2-web-technology-2024-25,https://ryzenstudy.com/uploads/1774898028677-BMC201_WEB_TECHNOLOGY.pdf,MCA\Sem-02\2024-25\MCA__Sem02__2024-25__BMC201__web-technology.pdf,MCA__Sem02__2024-25__BMC201__web-technology.pdf,OK,2026-09-07 09:42:35
MCA,3,2021-22,KCA-301,Artificial Intelligence,https://ryzenstudy.com/papers/aktu-mca-sem-3-artificial-intelligence-2021-22,https://ryzenstudy.com/uploads/1774898047087-ARTIFICIAL_INTELLIGENCE_KCA_301.pdf,MCA\Sem-03\2021-22\MCA__Sem03__2021-22__KCA-301__artificial-intelligence.pdf,MCA__Sem03__2021-22__KCA-301__artificial-intelligence.pdf,OK,2026-09-07 09:42:38
MCA,3,2022-23,KCA-301,Artificial Intelligence,https://ryzenstudy.com/papers/aktu-mca-sem-3-artificial-intelligence-2022-23,https://ryzenstudy.com/uploads/1774898060599-ARTIFICIAL_INTELLIGENCE_KCA_301_1.pdf,MCA\Sem-03\2022-23\MCA__Sem03__2022-23__KCA-301__artificial-intelligence.pdf,MCA__Sem03__2022-23__KCA-301__artificial-intelligence.pdf,OK,2026-09-07 09:42:41
MCA,3,2023-24,KCA301,Artificial Intelligence,https://ryzenstudy.com/papers/aktu-mca-sem-3-artificial-intelligence-2023-24,https://ryzenstudy.com/uploads/1774898074722-ARTIFICIAL_INTELLIGENCE_KCA301.pdf,MCA\Sem-03\2023-24\MCA__Sem03__2023-24__KCA301__artificial-intelligence.pdf,MCA__Sem03__2023-24__KCA301__artificial-intelligence.pdf,OK,2026-09-07 09:42:44
MCA,3,2024-25,KCA301,Artificial Intelligence,https://ryzenstudy.com/papers/aktu-mca-sem-3-artificial-intelligence-2024-25,https://ryzenstudy.com/uploads/1774898090253-KCA301_ARTIFICIAL_INTELLIGENCE.pdf,MCA\Sem-03\2024-25\MCA__Sem03__2024-25__KCA301__artificial-intelligence.pdf,MCA__Sem03__2024-25__KCA301__artificial-intelligence.pdf,OK,2026-09-07 09:42:47
MCA,3,2025-26,BMC021,Artificial Intellingence,https://ryzenstudy.com/papers/aktu-mca-sem-3-artificial-intellingence-2025-26,https://ryzenstudy.com/uploads/1774898103306-BMC021_ARTIFICIAL_INTELLINGENCE.pdf,MCA\Sem-03\2025-26\MCA__Sem03__2025-26__BMC021__artificial-intellingence.pdf,MCA__Sem03__2025-26__BMC021__artificial-intellingence.pdf,OK,2026-09-07 09:42:49
MCA,3,2021-22,KCA-022,Big Data,https://ryzenstudy.com/papers/aktu-mca-sem-3-big-data-2021-22,https://ryzenstudy.com/uploads/1774898047458-BIG_DATA_KCA_022.pdf,MCA\Sem-03\2021-22\MCA__Sem03__2021-22__KCA-022__big-data.pdf,MCA__Sem03__2021-22__KCA-022__big-data.pdf,OK,2026-09-07 09:42:52
MCA,3,2022-23,KCA-022,Big Data,https://ryzenstudy.com/papers/aktu-mca-sem-3-big-data-2022-23,https://ryzenstudy.com/uploads/1774898060090-BIG_DATA_KCA_022_1.pdf,MCA\Sem-03\2022-23\MCA__Sem03__2022-23__KCA-022__big-data.pdf,MCA__Sem03__2022-23__KCA-022__big-data.pdf,OK,2026-09-07 09:42:54
MCA,3,2023-24,KCA-022,Big Data,https://ryzenstudy.com/papers/aktu-mca-sem-3-big-data-2023-24,https://ryzenstudy.com/uploads/1774898074557-BIG_DATA_KCA_022.pdf,MCA\Sem-03\2023-24\MCA__Sem03__2023-24__KCA-022__big-data.pdf,MCA__Sem03__2023-24__KCA-022__big-data.pdf,OK,2026-09-07 09:42:57
MCA,3,2024-25,KCA022,Big Data,https://ryzenstudy.com/papers/aktu-mca-sem-3-big-data-2024-25,https://ryzenstudy.com/uploads/1774898091061-KCA022_BIG_DATA.pdf,MCA\Sem-03\2024-25\MCA__Sem03__2024-25__KCA022__big-data.pdf,MCA__Sem03__2024-25__KCA022__big-data.pdf,OK,2026-09-07 09:43:00
MCA,3,2021-22,KCA-014,Cloud Computing,https://ryzenstudy.com/papers/aktu-mca-sem-3-cloud-computing-2021-22,https://ryzenstudy.com/uploads/1774898047805-CLOUD_COMPUTING_KCA_014.pdf,MCA\Sem-03\2021-22\MCA__Sem03__2021-22__KCA-014__cloud-computing.pdf,MCA__Sem03__2021-22__KCA-014__cloud-computing.pdf,OK,2026-09-07 09:43:03
MCA,3,2022-23,KCA-014,Cloud Computing,https://ryzenstudy.com/papers/aktu-mca-sem-3-cloud-computing-2022-23,https://ryzenstudy.com/uploads/1774898060673-CLOUD_COMPUTING_KCA_014_1.pdf,MCA\Sem-03\2022-23\MCA__Sem03__2022-23__KCA-014__cloud-computing.pdf,MCA__Sem03__2022-23__KCA-014__cloud-computing.pdf,OK,2026-09-07 09:43:06
MCA,3,2023-24,KCA014,Cloud Computing,https://ryzenstudy.com/papers/aktu-mca-sem-3-cloud-computing-2023-24,https://ryzenstudy.com/uploads/1774898074644-CLOUD_COMPUTING_KCA014.pdf,MCA\Sem-03\2023-24\MCA__Sem03__2023-24__KCA014__cloud-computing.pdf,MCA__Sem03__2023-24__KCA014__cloud-computing.pdf,OK,2026-09-07 09:43:09
MCA,3,2024-25,KCA014,Cloud Computing,https://ryzenstudy.com/papers/aktu-mca-sem-3-cloud-computing-2024-25,https://ryzenstudy.com/uploads/1774898090775-KCA014_CLOUD_COMPUTING.pdf,MCA\Sem-03\2024-25\MCA__Sem03__2024-25__KCA014__cloud-computing.pdf,MCA__Sem03__2024-25__KCA014__cloud-computing.pdf,OK,2026-09-07 09:43:12
MCA,3,2025-26,BMC014,Cloud Computing,https://ryzenstudy.com/papers/aktu-mca-sem-3-cloud-computing-2025-26,https://ryzenstudy.com/uploads/1774898103226-BMC014_CLOUD_COMPUTING.pdf,MCA\Sem-03\2025-26\MCA__Sem03__2025-26__BMC014__cloud-computing.pdf,MCA__Sem03__2025-26__BMC014__cloud-computing.pdf,OK,2026-09-07 09:43:15
MCA,3,2021-22,KCA-015,Compiler Design,https://ryzenstudy.com/papers/aktu-mca-sem-3-compiler-design-2021-22,https://ryzenstudy.com/uploads/1774898048046-COMPILER_DESIGN_KCA_015.pdf,MCA\Sem-03\2021-22\MCA__Sem03__2021-22__KCA-015__compiler-design.pdf,MCA__Sem03__2021-22__KCA-015__compiler-design.pdf,OK,2026-09-07 09:43:18
MCA,3,2022-23,KCA-015,Compiler Design,https://ryzenstudy.com/papers/aktu-mca-sem-3-compiler-design-2022-23,https://ryzenstudy.com/uploads/1774898059975-COMPILER_DESIGN_KCA_015_1.pdf,MCA\Sem-03\2022-23\MCA__Sem03__2022-23__KCA-015__compiler-design.pdf,MCA__Sem03__2022-23__KCA-015__compiler-design.pdf,OK,2026-09-07 09:43:21
MCA,3,2023-24,KCA015,Compiler Design,https://ryzenstudy.com/papers/aktu-mca-sem-3-compiler-design-2023-24,https://ryzenstudy.com/uploads/1774898075112-COMPILER_DESIGN_KCA015.pdf,MCA\Sem-03\2023-24\MCA__Sem03__2023-24__KCA015__compiler-design.pdf,MCA__Sem03__2023-24__KCA015__compiler-design.pdf,OK,2026-09-07 09:43:23
MCA,3,2024-25,KCA015,Compiler Design,https://ryzenstudy.com/papers/aktu-mca-sem-3-compiler-design-2024-25,https://ryzenstudy.com/uploads/1774898091276-KCA015_COMPILER_DESIGN.pdf,MCA\Sem-03\2024-25\MCA__Sem03__2024-25__KCA015__compiler-design.pdf,MCA__Sem03__2024-25__KCA015__compiler-design.pdf,OK,2026-09-07 09:43:27
MCA,3,2021-22,KCA-303,Computer Network,https://ryzenstudy.com/papers/aktu-mca-sem-3-computer-network-2021-22,https://ryzenstudy.com/uploads/1774898047295-COMPUTER_NETWORK_KCA_303.pdf,MCA\Sem-03\2021-22\MCA__Sem03__2021-22__KCA-303__computer-network.pdf,MCA__Sem03__2021-22__KCA-303__computer-network.pdf,OK,2026-09-07 09:43:30
MCA,3,2023-24,KCA-303,Computer Network,https://ryzenstudy.com/papers/aktu-mca-sem-3-computer-network-2023-24,https://ryzenstudy.com/uploads/1774898074393-COMPUTER_NETWORK_KCA_303.pdf,MCA\Sem-03\2023-24\MCA__Sem03__2023-24__KCA-303__computer-network.pdf,MCA__Sem03__2023-24__KCA-303__computer-network.pdf,OK,2026-09-07 09:43:34
MCA,3,2024-25,KCA303,Computer Network,https://ryzenstudy.com/papers/aktu-mca-sem-3-computer-network-2024-25,https://ryzenstudy.com/uploads/1774898090849-KCA303_COMPUTER_NETWORK.pdf,MCA\Sem-03\2024-25\MCA__Sem03__2024-25__KCA303__computer-network.pdf,MCA__Sem03__2024-25__KCA303__computer-network.pdf,OK,2026-09-07 09:43:37
MCA,3,2025-26,BMC303,Computer Network,https://ryzenstudy.com/papers/aktu-mca-sem-3-computer-network-2025-26,https://ryzenstudy.com/uploads/1774898103155-BMC303_COMPUTER_NETWORK.pdf,MCA\Sem-03\2025-26\MCA__Sem03__2025-26__BMC303__computer-network.pdf,MCA__Sem03__2025-26__BMC303__computer-network.pdf,OK,2026-09-07 09:43:40
MCA,3,2022-23,KCA-303,Computer Networks,https://ryzenstudy.com/papers/aktu-mca-sem-3-computer-networks-2022-23,https://ryzenstudy.com/uploads/1774898059849-COMPUTER_NETWORKS_KCA_303.pdf,MCA\Sem-03\2022-23\MCA__Sem03__2022-23__KCA-303__computer-networks.pdf,MCA__Sem03__2022-23__KCA-303__computer-networks.pdf,OK,2026-09-07 09:43:43
MCA,3,2022-23,KCA-011,Cryptography And Network Security,https://ryzenstudy.com/papers/aktu-mca-sem-3-cryptography-and-network-security-2022-23,https://ryzenstudy.com/uploads/1774898060435-CRYPTOGRAPHY_AND_NETWORK_SECURITY_KCA_011.pdf,MCA\Sem-03\2022-23\MCA__Sem03__2022-23__KCA-011__cryptography-and-network-security.pdf,MCA__Sem03__2022-23__KCA-011__cryptography-and-network-security.pdf,OK,2026-09-07 09:43:46
MCA,3,2025-26,BMC011,Cryptography And Network Security,https://ryzenstudy.com/papers/aktu-mca-sem-3-cryptography-and-network-security-2025-26,https://ryzenstudy.com/uploads/1774898103084-BMC011_cryptography_and_network_security.pdf,MCA\Sem-03\2025-26\MCA__Sem03__2025-26__BMC011__cryptography-and-network-security.pdf,MCA__Sem03__2025-26__BMC011__cryptography-and-network-security.pdf,OK,2026-09-07 09:43:49
MCA,3,2021-22,KCA-011,Cryptography Network Security,https://ryzenstudy.com/papers/aktu-mca-sem-3-cryptography-network-security-2021-22,https://ryzenstudy.com/uploads/1774898046898-CRYPTOGRAPHY_NETWORK_SECURITY_KCA_011.pdf,MCA\Sem-03\2021-22\MCA__Sem03__2021-22__KCA-011__cryptography-network-security.pdf,MCA__Sem03__2021-22__KCA-011__cryptography-network-security.pdf,OK,2026-09-07 09:43:52
MCA,3,2023-24,KCA-011,Cryptography Network Security,https://ryzenstudy.com/papers/aktu-mca-sem-3-cryptography-network-security-2023-24,https://ryzenstudy.com/uploads/1774898074061-CRYPTOGRAPHY_NETWORK_SECURITY_KCA_011.pdf,MCA\Sem-03\2023-24\MCA__Sem03__2023-24__KCA-011__cryptography-network-security.pdf,MCA__Sem03__2023-24__KCA-011__cryptography-network-security.pdf,OK,2026-09-07 09:43:55
MCA,3,2024-25,KCA011,Cryptography Network Security,https://ryzenstudy.com/papers/aktu-mca-sem-3-cryptography-network-security-2024-25,https://ryzenstudy.com/uploads/1774898090364-KCA011_CRYPTOGRAPHY_NETWORK_SECURITY.pdf,MCA\Sem-03\2024-25\MCA__Sem03__2024-25__KCA011__cryptography-network-security.pdf,MCA__Sem03__2024-25__KCA011__cryptography-network-security.pdf,OK,2026-09-07 09:43:58
MCA,3,2021-22,KCA-012,Data Warehousing Data Mining,https://ryzenstudy.com/papers/aktu-mca-sem-3-data-warehousing-data-mining-2021-22,https://ryzenstudy.com/uploads/1774898047208-DATA_WAREHOUSING_DATA_MINING_KCA_012.pdf,MCA\Sem-03\2021-22\MCA__Sem03__2021-22__KCA-012__data-warehousing-data-mining.pdf,MCA__Sem03__2021-22__KCA-012__data-warehousing-data-mining.pdf,OK,2026-09-07 09:44:01
MCA,3,2022-23,KCA-012,Data Warehousing Data Mining,https://ryzenstudy.com/papers/aktu-mca-sem-3-data-warehousing-data-mining-2022-23,https://ryzenstudy.com/uploads/1774898060752-DATA_WAREHOUSING_DATA_MINING_KCA_012_1.pdf,MCA\Sem-03\2022-23\MCA__Sem03__2022-23__KCA-012__data-warehousing-data-mining.pdf,MCA__Sem03__2022-23__KCA-012__data-warehousing-data-mining.pdf,OK,2026-09-07 09:44:05
MCA,3,2023-24,KCA-012,Data Warehousing Data Mining,https://ryzenstudy.com/papers/aktu-mca-sem-3-data-warehousing-data-mining-2023-24,https://ryzenstudy.com/uploads/1774898074319-DATA_WAREHOUSING_DATA_MINING_KCA_012.pdf,MCA\Sem-03\2023-24\MCA__Sem03__2023-24__KCA-012__data-warehousing-data-mining.pdf,MCA__Sem03__2023-24__KCA-012__data-warehousing-data-mining.pdf,OK,2026-09-07 09:44:08
MCA,3,2024-25,KCA012,Data Warehousing Data Mining,https://ryzenstudy.com/papers/aktu-mca-sem-3-data-warehousing-data-mining-2024-25,https://ryzenstudy.com/uploads/1774898091347-KCA012_DATA_WAREHOUSING_DATA_MINING.pdf,MCA\Sem-03\2024-25\MCA__Sem03__2024-25__KCA012__data-warehousing-data-mining.pdf,MCA__Sem03__2024-25__KCA012__data-warehousing-data-mining.pdf,OK,2026-09-07 09:44:11
MCA,3,2025-26,BMC012,Data Wirehousing And Date Mining,https://ryzenstudy.com/papers/aktu-mca-sem-3-data-wirehousing-and-date-mining-2025-26,https://ryzenstudy.com/uploads/1774898103453-BMC012_DATA_WIREHOUSING_AND_DATE_MINING.pdf,MCA\Sem-03\2025-26\MCA__Sem03__2025-26__BMC012__data-wirehousing-and-date-mining.pdf,MCA__Sem03__2025-26__BMC012__data-wirehousing-and-date-mining.pdf,OK,2026-09-07 09:44:14
MCA,3,2023-24,KCA-025,Digital Image Processing,https://ryzenstudy.com/papers/aktu-mca-sem-3-digital-image-processing-2023-24,https://ryzenstudy.com/uploads/1774898074476-DIGITAL_IMAGE_PROCESSING_KCA_025.pdf,MCA\Sem-03\2023-24\MCA__Sem03__2023-24__KCA-025__digital-image-processing.pdf,MCA__Sem03__2023-24__KCA-025__digital-image-processing.pdf,OK,2026-09-07 09:44:17
MCA,3,2024-25,KCA025,Digital Image Processing,https://ryzenstudy.com/papers/aktu-mca-sem-3-digital-image-processing-2024-25,https://ryzenstudy.com/uploads/1774898090990-KCA025_DIGITAL_IMAGE_PROCESSING.pdf,MCA\Sem-03\2024-25\MCA__Sem03__2024-25__KCA025__digital-image-processing.pdf,MCA__Sem03__2024-25__KCA025__digital-image-processing.pdf,OK,2026-09-07 09:44:20
MCA,3,2025-26,BMC304,Elementary Mathematics Bridge Course,https://ryzenstudy.com/papers/aktu-mca-sem-3-elementary-mathematics-bridge-course-2025-26,https://ryzenstudy.com/uploads/1774898102973-BMC304_ELEMENTARY_MATHEMATICS_BRIDGE_COURSE.pdf,MCA\Sem-03\2025-26\MCA__Sem03__2025-26__BMC304__elementary-mathematics-bridge-course.pdf,MCA__Sem03__2025-26__BMC304__elementary-mathematics-bridge-course.pdf,OK,2026-09-07 09:44:23
MCA,3,2025-26,BMC301,Python Programming,https://ryzenstudy.com/papers/aktu-mca-sem-3-python-programming-2025-26,https://ryzenstudy.com/uploads/1774898102848-BMC301_PYTHON_PROGRAMMING.pdf,MCA\Sem-03\2025-26\MCA__Sem03__2025-26__BMC301__python-programming.pdf,MCA__Sem03__2025-26__BMC301__python-programming.pdf,OK,2026-09-07 09:44:26
MCA,3,2021-22,KCA-023,Simulation Modeling,https://ryzenstudy.com/papers/aktu-mca-sem-3-simulation-modeling-2021-22,https://ryzenstudy.com/uploads/1774898047006-SIMULATION_MODELING_KCA_023.pdf,MCA\Sem-03\2021-22\MCA__Sem03__2021-22__KCA-023__simulation-modeling.pdf,MCA__Sem03__2021-22__KCA-023__simulation-modeling.pdf,OK,2026-09-07 09:44:28
MCA,3,2022-23,KCA-023,Simulation Modeling,https://ryzenstudy.com/papers/aktu-mca-sem-3-simulation-modeling-2022-23,https://ryzenstudy.com/uploads/1774898060363-SIMULATION_MODELING_KCA_023_1.pdf,MCA\Sem-03\2022-23\MCA__Sem03__2022-23__KCA-023__simulation-modeling.pdf,MCA__Sem03__2022-23__KCA-023__simulation-modeling.pdf,OK,2026-09-07 09:44:32
MCA,3,2023-24,KCA-023,Simulation Modeling,https://ryzenstudy.com/papers/aktu-mca-sem-3-simulation-modeling-2023-24,https://ryzenstudy.com/uploads/1774898074173-SIMULATION_MODELING_KCA_023.pdf,MCA\Sem-03\2023-24\MCA__Sem03__2023-24__KCA-023__simulation-modeling.pdf,MCA__Sem03__2023-24__KCA-023__simulation-modeling.pdf,OK,2026-09-07 09:44:35
MCA,3,2024-25,KCA023,Simulation Modeling,https://ryzenstudy.com/papers/aktu-mca-sem-3-simulation-modeling-2024-25,https://ryzenstudy.com/uploads/1774898091204-KCA023_SIMULATION_MODELING.pdf,MCA\Sem-03\2024-25\MCA__Sem03__2024-25__KCA023__simulation-modeling.pdf,MCA__Sem03__2024-25__KCA023__simulation-modeling.pdf,OK,2026-09-07 09:44:38
MCA,3,2021-22,KCA-302,Software Engineering,https://ryzenstudy.com/papers/aktu-mca-sem-3-software-engineering-2021-22,https://ryzenstudy.com/uploads/1774898047879-SOFTWARE_ENGINEERING_KCA_302.pdf,MCA\Sem-03\2021-22\MCA__Sem03__2021-22__KCA-302__software-engineering.pdf,MCA__Sem03__2021-22__KCA-302__software-engineering.pdf,OK,2026-09-07 09:44:41
MCA,3,2022-23,KCA-302,Software Engineering,https://ryzenstudy.com/papers/aktu-mca-sem-3-software-engineering-2022-23,https://ryzenstudy.com/uploads/1774898060515-SOFTWARE_ENGINEERING_KCA_302_1.pdf,MCA\Sem-03\2022-23\MCA__Sem03__2022-23__KCA-302__software-engineering.pdf,MCA__Sem03__2022-23__KCA-302__software-engineering.pdf,OK,2026-09-07 09:44:44
MCA,3,2023-24,KCA-302,Software Engineering,https://ryzenstudy.com/papers/aktu-mca-sem-3-software-engineering-2023-24,https://ryzenstudy.com/uploads/1774898074808-SOFTWARE_ENGINEERING_KCA_302.pdf,MCA\Sem-03\2023-24\MCA__Sem03__2023-24__KCA-302__software-engineering.pdf,MCA__Sem03__2023-24__KCA-302__software-engineering.pdf,OK,2026-09-07 09:44:48
MCA,3,2024-25,KCA302,Software Engineering,https://ryzenstudy.com/papers/aktu-mca-sem-3-software-engineering-2024-25,https://ryzenstudy.com/uploads/1774898090585-KCA302_SOFTWARE_ENGINEERING.pdf,MCA\Sem-03\2024-25\MCA__Sem03__2024-25__KCA302__software-engineering.pdf,MCA__Sem03__2024-25__KCA302__software-engineering.pdf,OK,2026-09-07 09:44:50
MCA,3,2025-26,BMC302,Software Engineering,https://ryzenstudy.com/papers/aktu-mca-sem-3-software-engineering-2025-26,https://ryzenstudy.com/uploads/1774898103376-BMC302_SOFTWARE_ENGINEERING.pdf,MCA\Sem-03\2025-26\MCA__Sem03__2025-26__BMC302__software-engineering.pdf,MCA__Sem03__2025-26__BMC302__software-engineering.pdf,OK,2026-09-07 09:44:53
MCA,3,2021-22,KCA-013,Software Project Management,https://ryzenstudy.com/papers/aktu-mca-sem-3-software-project-management-2021-22,https://ryzenstudy.com/uploads/1774898047975-SOFTWARE_PROJECT_MANAGEMENT_KCA_013.pdf,MCA\Sem-03\2021-22\MCA__Sem03__2021-22__KCA-013__software-project-management.pdf,MCA__Sem03__2021-22__KCA-013__software-project-management.pdf,OK,2026-09-07 09:44:56
MCA,3,2022-23,KCA-013,Software Project Management,https://ryzenstudy.com/papers/aktu-mca-sem-3-software-project-management-2022-23,https://ryzenstudy.com/uploads/1774898060278-SOFTWARE_PROJECT_MANAGEMENT_KCA_013_1.pdf,MCA\Sem-03\2022-23\MCA__Sem03__2022-23__KCA-013__software-project-management.pdf,MCA__Sem03__2022-23__KCA-013__software-project-management.pdf,OK,2026-09-07 09:44:59
MCA,3,2023-24,KCA-013,Software Project Management,https://ryzenstudy.com/papers/aktu-mca-sem-3-software-project-management-2023-24,https://ryzenstudy.com/uploads/1774898074914-SOFTWARE_PROJECT_MANAGEMENT_KCA_013.pdf,MCA\Sem-03\2023-24\MCA__Sem03__2023-24__KCA-013__software-project-management.pdf,MCA__Sem03__2023-24__KCA-013__software-project-management.pdf,OK,2026-09-07 09:45:02
MCA,3,2024-25,KCA013,Software Project Management,https://ryzenstudy.com/papers/aktu-mca-sem-3-software-project-management-2024-25,https://ryzenstudy.com/uploads/1774898090919-KCA013_SOFTWARE_PROJECT_MANAGEMENT.pdf,MCA\Sem-03\2024-25\MCA__Sem03__2024-25__KCA013__software-project-management.pdf,MCA__Sem03__2024-25__KCA013__software-project-management.pdf,OK,2026-09-07 09:45:04
MCA,3,2021-22,KCA-024,Software Testing Quality Assurance,https://ryzenstudy.com/papers/aktu-mca-sem-3-software-testing-quality-assurance-2021-22,https://ryzenstudy.com/uploads/1774898046785-SOFTWARE_TESTING_QUALITY_ASSURANCE_KCA_024.pdf,MCA\Sem-03\2021-22\MCA__Sem03__2021-22__KCA-024__software-testing-quality-assurance.pdf,MCA__Sem03__2021-22__KCA-024__software-testing-quality-assurance.pdf,OK,2026-09-07 09:45:07
MCA,3,2022-23,KCA-024,Software Testing Quality Assurance,https://ryzenstudy.com/papers/aktu-mca-sem-3-software-testing-quality-assurance-2022-23,https://ryzenstudy.com/uploads/1774898060195-SOFTWARE_TESTING_QUALITY_ASSURANCE_KCA_024_1.pdf,MCA\Sem-03\2022-23\MCA__Sem03__2022-23__KCA-024__software-testing-quality-assurance.pdf,MCA__Sem03__2022-23__KCA-024__software-testing-quality-assurance.pdf,OK,2026-09-07 09:45:10
MCA,3,2023-24,KCA-024,Software Testing Quality Assurance,https://ryzenstudy.com/papers/aktu-mca-sem-3-software-testing-quality-assurance-2023-24,https://ryzenstudy.com/uploads/1774898073912-SOFTWARE_TESTING_QUALITY_ASSURANCE_KCA_024.pdf,MCA\Sem-03\2023-24\MCA__Sem03__2023-24__KCA-024__software-testing-quality-assurance.pdf,MCA__Sem03__2023-24__KCA-024__software-testing-quality-assurance.pdf,OK,2026-09-07 09:45:13
MCA,3,2024-25,KCA024,Software Testing Quality Assurance,https://ryzenstudy.com/papers/aktu-mca-sem-3-software-testing-quality-assurance-2024-25,https://ryzenstudy.com/uploads/1774898090657-KCA024_SOFTWARE_TESTING_QUALITY_ASSURANCE.pdf,MCA\Sem-03\2024-25\MCA__Sem03__2024-25__KCA024__software-testing-quality-assurance.pdf,MCA__Sem03__2024-25__KCA024__software-testing-quality-assurance.pdf,OK,2026-09-07 09:45:16
MCA,3,2021-22,KCA-021,Web Technology,https://ryzenstudy.com/papers/aktu-mca-sem-3-web-technology-2021-22,https://ryzenstudy.com/uploads/1774898047385-WEB_TECHNOLOGY_KCA_021.pdf,MCA\Sem-03\2021-22\MCA__Sem03__2021-22__KCA-021__web-technology.pdf,MCA__Sem03__2021-22__KCA-021__web-technology.pdf,OK,2026-09-07 09:45:18
MCA,3,2022-23,KCA-021,Web Technology,https://ryzenstudy.com/papers/aktu-mca-sem-3-web-technology-2022-23,https://ryzenstudy.com/uploads/1774898060842-WEB_TECHNOLOGY_KCA_021_1.pdf,MCA\Sem-03\2022-23\MCA__Sem03__2022-23__KCA-021__web-technology.pdf,MCA__Sem03__2022-23__KCA-021__web-technology.pdf,OK,2026-09-07 09:45:21
MCA,3,2023-24,KCA021,Web Technology,https://ryzenstudy.com/papers/aktu-mca-sem-3-web-technology-2023-24,https://ryzenstudy.com/uploads/1774898074243-WEB_TECHNOLOGY_KCA021.pdf,MCA\Sem-03\2023-24\MCA__Sem03__2023-24__KCA021__web-technology.pdf,MCA__Sem03__2023-24__KCA021__web-technology.pdf,OK,2026-09-07 09:45:24
MCA,3,2024-25,KCA021,Web Technology,https://ryzenstudy.com/papers/aktu-mca-sem-3-web-technology-2024-25,https://ryzenstudy.com/uploads/1774898091129-KCA021_WEB_TECHNOLOGY.pdf,MCA\Sem-03\2024-25\MCA__Sem03__2024-25__KCA021__web-technology.pdf,MCA__Sem03__2024-25__KCA021__web-technology.pdf,OK,2026-09-07 09:45:27
MCA,4,2021-22,KCA-041,Blockchain Architecture,https://ryzenstudy.com/papers/aktu-mca-sem-4-blockchain-architecture-2021-22,https://ryzenstudy.com/uploads/1774898122876-BLOCKCHAIN_ARCHITECTURE_KCA_041_1.pdf,MCA\Sem-04\2021-22\MCA__Sem04__2021-22__KCA-041__blockchain-architecture.pdf,MCA__Sem04__2021-22__KCA-041__blockchain-architecture.pdf,OK,2026-09-07 09:45:30
MCA,4,2022-23,KCA041,Blockchain Architecture,https://ryzenstudy.com/papers/aktu-mca-sem-4-blockchain-architecture-2022-23,https://ryzenstudy.com/uploads/1774898134112-BLOCKCHAIN_ARCHITECTURE_KCA041.pdf,MCA\Sem-04\2022-23\MCA__Sem04__2022-23__KCA041__blockchain-architecture.pdf,MCA__Sem04__2022-23__KCA041__blockchain-architecture.pdf,OK,2026-09-07 09:45:33
MCA,4,2024-25,KCA041,Blockchain Architecture,https://ryzenstudy.com/papers/aktu-mca-sem-4-blockchain-architecture-2024-25,https://ryzenstudy.com/uploads/1774898201120-KCA041_BLOCKCHAIN_ARCHITECTURE.pdf,MCA\Sem-04\2024-25\MCA__Sem04__2024-25__KCA041__blockchain-architecture.pdf,MCA__Sem04__2024-25__KCA041__blockchain-architecture.pdf,OK,2026-09-07 09:45:35
MCA,4,2021-22,KCA-052,Computer Graphics And Animation,https://ryzenstudy.com/papers/aktu-mca-sem-4-computer-graphics-and-animation-2021-22,https://ryzenstudy.com/uploads/1774898122497-COMPUTER_GRAPHICS_AND_ANIMATION_KCA_052_1.pdf,MCA\Sem-04\2021-22\MCA__Sem04__2021-22__KCA-052__computer-graphics-and-animation.pdf,MCA__Sem04__2021-22__KCA-052__computer-graphics-and-animation.pdf,OK,2026-09-07 09:45:38
MCA,4,2024-25,KCA052,Computer Graphics And Animation,https://ryzenstudy.com/papers/aktu-mca-sem-4-computer-graphics-and-animation-2024-25,https://ryzenstudy.com/uploads/1774898201287-KCA052_COMPUTER_GRAPHICS_AND_ANIMATION.pdf,MCA\Sem-04\2024-25\MCA__Sem04__2024-25__KCA052__computer-graphics-and-animation.pdf,MCA__Sem04__2024-25__KCA052__computer-graphics-and-animation.pdf,OK,2026-09-07 09:45:41
MCA,4,2021-22,KCA-034,Data Analytics,https://ryzenstudy.com/papers/aktu-mca-sem-4-data-analytics-2021-22,https://ryzenstudy.com/uploads/1774898122282-DATA_ANALYTICS_KCA_034_1.pdf,MCA\Sem-04\2021-22\MCA__Sem04__2021-22__KCA-034__data-analytics.pdf,MCA__Sem04__2021-22__KCA-034__data-analytics.pdf,OK,2026-09-07 09:45:45
MCA,4,2024-25,KCA034,Data Analytics,https://ryzenstudy.com/papers/aktu-mca-sem-4-data-analytics-2024-25,https://ryzenstudy.com/uploads/1774898201669-KCA034_DATA_ANALYTICS.pdf,MCA\Sem-04\2024-25\MCA__Sem04__2024-25__KCA034__data-analytics.pdf,MCA__Sem04__2024-25__KCA034__data-analytics.pdf,OK,2026-09-07 09:45:48
MCA,4,2022-23,KCA045,Distributed Database System,https://ryzenstudy.com/papers/aktu-mca-sem-4-distributed-database-system-2022-23,https://ryzenstudy.com/uploads/1774898134350-DISTRIBUTED_DATABASE_SYSTEM_KCA045.pdf,MCA\Sem-04\2022-23\MCA__Sem04__2022-23__KCA045__distributed-database-system.pdf,MCA__Sem04__2022-23__KCA045__distributed-database-system.pdf,OK,2026-09-07 09:45:51
MCA,4,2021-22,KCA-045,Distributed Database Systems,https://ryzenstudy.com/papers/aktu-mca-sem-4-distributed-database-systems-2021-22,https://ryzenstudy.com/uploads/1774898123378-DISTRIBUTED_DATABASE_SYSTEMS_KCA_045_1.pdf,MCA\Sem-04\2021-22\MCA__Sem04__2021-22__KCA-045__distributed-database-systems.pdf,MCA__Sem04__2021-22__KCA-045__distributed-database-systems.pdf,OK,2026-09-07 09:45:54
MCA,4,2024-25,KCA045,Distributed Database Systems,https://ryzenstudy.com/papers/aktu-mca-sem-4-distributed-database-systems-2024-25,https://ryzenstudy.com/uploads/1774898200377-KCA045_DISTRIBUTED_DATABASE_SYSTEMS.pdf,MCA\Sem-04\2024-25\MCA__Sem04__2024-25__KCA045__distributed-database-systems.pdf,MCA__Sem04__2024-25__KCA045__distributed-database-systems.pdf,OK,2026-09-07 09:45:57
MCA,4,2021-22,KCA-043,Internet Of Things,https://ryzenstudy.com/papers/aktu-mca-sem-4-internet-of-things-2021-22,https://ryzenstudy.com/uploads/1774898123097-INTERNET_OF_THINGS_KCA_043_1.pdf,MCA\Sem-04\2021-22\MCA__Sem04__2021-22__KCA-043__internet-of-things.pdf,MCA__Sem04__2021-22__KCA-043__internet-of-things.pdf,OK,2026-09-07 09:46:00
MCA,4,2022-23,KCA043,Internet Of Things,https://ryzenstudy.com/papers/aktu-mca-sem-4-internet-of-things-2022-23,https://ryzenstudy.com/uploads/1774898134216-INTERNET_OF_THINGS_KCA043.pdf,MCA\Sem-04\2022-23\MCA__Sem04__2022-23__KCA043__internet-of-things.pdf,MCA__Sem04__2022-23__KCA043__internet-of-things.pdf,OK,2026-09-07 09:46:02
MCA,4,2023-24,KCS043,Internet Of Things,https://ryzenstudy.com/papers/aktu-mca-sem-4-internet-of-things-2023-24,https://ryzenstudy.com/uploads/1774898144677-KCS043_Internet_of_Things.pdf,MCA\Sem-04\2023-24\MCA__Sem04__2023-24__KCS043__internet-of-things.pdf,MCA__Sem04__2023-24__KCS043__internet-of-things.pdf,OK,2026-09-07 09:46:05
MCA,4,2024-25,KCA043,Internet Of Things,https://ryzenstudy.com/papers/aktu-mca-sem-4-internet-of-things-2024-25,https://ryzenstudy.com/uploads/1774898201519-KCA043_INTERNET_OF_THINGS.pdf,MCA\Sem-04\2024-25\MCA__Sem04__2024-25__KCA043__internet-of-things.pdf,MCA__Sem04__2024-25__KCA043__internet-of-things.pdf,OK,2026-09-07 09:46:08
MCA,4,2021-22,KCA-054,Machine Learning,https://ryzenstudy.com/papers/aktu-mca-sem-4-machine-learning-2021-22,https://ryzenstudy.com/uploads/1774898122951-MACHINE_LEARNING_KCA_054_1.pdf,MCA\Sem-04\2021-22\MCA__Sem04__2021-22__KCA-054__machine-learning.pdf,MCA__Sem04__2021-22__KCA-054__machine-learning.pdf,OK,2026-09-07 09:46:11
MCA,4,2024-25,KCA054,Machine Learning,https://ryzenstudy.com/papers/aktu-mca-sem-4-machine-learning-2024-25,https://ryzenstudy.com/uploads/1774898200913-KCA054_MACHINE_LEARNING.pdf,MCA\Sem-04\2024-25\MCA__Sem04__2024-25__KCA054__machine-learning.pdf,MCA__Sem04__2024-25__KCA054__machine-learning.pdf,OK,2026-09-07 09:46:14
MCA,4,2021-22,KCA-051,Mobile Computing,https://ryzenstudy.com/papers/aktu-mca-sem-4-mobile-computing-2021-22,https://ryzenstudy.com/uploads/1774898122568-MOBILE_COMPUTING_KCA_051_1.pdf,MCA\Sem-04\2021-22\MCA__Sem04__2021-22__KCA-051__mobile-computing.pdf,MCA__Sem04__2021-22__KCA-051__mobile-computing.pdf,OK,2026-09-07 09:46:17
MCA,4,2023-24,KCA051,Mobile Computing,https://ryzenstudy.com/papers/aktu-mca-sem-4-mobile-computing-2023-24,https://ryzenstudy.com/uploads/1774898145085-KCA051_Mobile_Computing.pdf,MCA\Sem-04\2023-24\MCA__Sem04__2023-24__KCA051__mobile-computing.pdf,MCA__Sem04__2023-24__KCA051__mobile-computing.pdf,OK,2026-09-07 09:46:20
MCA,4,2024-25,KCA051,Mobile Computing,https://ryzenstudy.com/papers/aktu-mca-sem-4-mobile-computing-2024-25,https://ryzenstudy.com/uploads/1774898201600-KCA051_MOBILE_COMPUTING.pdf,MCA\Sem-04\2024-25\MCA__Sem04__2024-25__KCA051__mobile-computing.pdf,MCA__Sem04__2024-25__KCA051__mobile-computing.pdf,OK,2026-09-07 09:46:23
MCA,4,2022-23,KCA044,Modern Applicatioin Development,https://ryzenstudy.com/papers/aktu-mca-sem-4-modern-applicatioin-development-2022-23,https://ryzenstudy.com/uploads/1774898134284-MODERN_APPLICATIOIN_DEVELOPMENT_KCA044.pdf,MCA\Sem-04\2022-23\MCA__Sem04__2022-23__KCA044__modern-applicatioin-development.pdf,MCA__Sem04__2022-23__KCA044__modern-applicatioin-development.pdf,OK,2026-09-07 09:46:26
MCA,4,2021-22,KCA-044,Modern Application Development,https://ryzenstudy.com/papers/aktu-mca-sem-4-modern-application-development-2021-22,https://ryzenstudy.com/uploads/1774898122801-MODERN_APPLICATION_DEVELOPMENT_KCA_044_1.pdf,MCA\Sem-04\2021-22\MCA__Sem04__2021-22__KCA-044__modern-application-development.pdf,MCA__Sem04__2021-22__KCA-044__modern-application-development.pdf,OK,2026-09-07 09:46:29
MCA,4,2024-25,KCA044,Modern Application Development,https://ryzenstudy.com/papers/aktu-mca-sem-4-modern-application-development-2024-25,https://ryzenstudy.com/uploads/1774898201006-KCA044_MODERN_APPLICATION_DEVELOPMENT.pdf,MCA\Sem-04\2024-25\MCA__Sem04__2024-25__KCA044__modern-application-development.pdf,MCA__Sem04__2024-25__KCA044__modern-application-development.pdf,OK,2026-09-07 09:46:33
MCA,4,2021-22,KCA-053,Natural Language Processing,https://ryzenstudy.com/papers/aktu-mca-sem-4-natural-language-processing-2021-22,https://ryzenstudy.com/uploads/1774898123269-NATURAL_LANGUAGE_PROCESSING_KCA_053_1.pdf,MCA\Sem-04\2021-22\MCA__Sem04__2021-22__KCA-053__natural-language-processing.pdf,MCA__Sem04__2021-22__KCA-053__natural-language-processing.pdf,OK,2026-09-07 09:46:36
MCA,4,2024-25,KCA053,Natural Language Processing,https://ryzenstudy.com/papers/aktu-mca-sem-4-natural-language-processing-2024-25,https://ryzenstudy.com/uploads/1774898201363-KCA053_NATURAL_LANGUAGE_PROCESSING.pdf,MCA\Sem-04\2024-25\MCA__Sem04__2024-25__KCA053__natural-language-processing.pdf,MCA__Sem04__2024-25__KCA053__natural-language-processing.pdf,OK,2026-09-07 09:46:39
MCA,4,2021-22,KCA-042,Neural Network,https://ryzenstudy.com/papers/aktu-mca-sem-4-neural-network-2021-22,https://ryzenstudy.com/uploads/1774898122646-NEURAL_NETWORK_KCA_042_1.pdf,MCA\Sem-04\2021-22\MCA__Sem04__2021-22__KCA-042__neural-network.pdf,MCA__Sem04__2021-22__KCA-042__neural-network.pdf,OK,2026-09-07 09:46:42
MCA,4,2022-23,KCA042,Neural Network,https://ryzenstudy.com/papers/aktu-mca-sem-4-neural-network-2022-23,https://ryzenstudy.com/uploads/1774898134001-NEURAL_NETWORK_KCA042.pdf,MCA\Sem-04\2022-23\MCA__Sem04__2022-23__KCA042__neural-network.pdf,MCA__Sem04__2022-23__KCA042__neural-network.pdf,OK,2026-09-07 09:46:45
MCA,4,2024-25,KCA042,Neural Network,https://ryzenstudy.com/papers/aktu-mca-sem-4-neural-network-2024-25,https://ryzenstudy.com/uploads/1774898200714-KCA042_NEURAL_NETWORK.pdf,MCA\Sem-04\2024-25\MCA__Sem04__2024-25__KCA042__neural-network.pdf,MCA__Sem04__2024-25__KCA042__neural-network.pdf,OK,2026-09-07 09:46:48
MCA,4,2021-22,KCA-033,Pattern Recognition,https://ryzenstudy.com/papers/aktu-mca-sem-4-pattern-recognition-2021-22,https://ryzenstudy.com/uploads/1774898123171-PATTERN_RECOGNITION_KCA_033_1.pdf,MCA\Sem-04\2021-22\MCA__Sem04__2021-22__KCA-033__pattern-recognition.pdf,MCA__Sem04__2021-22__KCA-033__pattern-recognition.pdf,OK,2026-09-07 09:46:51
MCA,4,2024-25,KCA033,Pattern Recognition,https://ryzenstudy.com/papers/aktu-mca-sem-4-pattern-recognition-2024-25,https://ryzenstudy.com/uploads/1774898200265-KCA033_PATTERN_RECOGNITION.pdf,MCA\Sem-04\2024-25\MCA__Sem04__2024-25__KCA033__pattern-recognition.pdf,MCA__Sem04__2024-25__KCA033__pattern-recognition.pdf,OK,2026-09-07 09:46:54
MCA,4,2021-22,KCA-031,Privacy Security In Online Social Media,https://ryzenstudy.com/papers/aktu-mca-sem-4-privacy-security-in-online-social-media-2021-22,https://ryzenstudy.com/uploads/1774898122388-PRIVACY_SECURITY_IN_ONLINE_SOCIAL_MEDIA_KCA_031_1.pdf,MCA\Sem-04\2021-22\MCA__Sem04__2021-22__KCA-031__privacy-security-in-online-social-media.pdf,MCA__Sem04__2021-22__KCA-031__privacy-security-in-online-social-media.pdf,OK,2026-09-07 09:46:57
MCA,4,2024-25,KCA031,Privacy Security In Online Social Media,https://ryzenstudy.com/papers/aktu-mca-sem-4-privacy-security-in-online-social-media-2024-25,https://ryzenstudy.com/uploads/1774898201784-KCA031_PRIVACY_SECURITY_IN_ONLINE_SOCIAL_MEDIA.pdf,MCA\Sem-04\2024-25\MCA__Sem04__2024-25__KCA031__privacy-security-in-online-social-media.pdf,MCA__Sem04__2024-25__KCA031__privacy-security-in-online-social-media.pdf,OK,2026-09-07 09:47:00
MCA,4,2024-25,KCA055,Quantum Computing,https://ryzenstudy.com/papers/aktu-mca-sem-4-quantum-computing-2024-25,https://ryzenstudy.com/uploads/1774898201437-KCA055_QUANTUM_COMPUTING.pdf,MCA\Sem-04\2024-25\MCA__Sem04__2024-25__KCA055__quantum-computing.pdf,MCA__Sem04__2024-25__KCA055__quantum-computing.pdf,OK,2026-09-07 09:47:03
MCA,4,2021-22,KCA-032,Soft Computing,https://ryzenstudy.com/papers/aktu-mca-sem-4-soft-computing-2021-22,https://ryzenstudy.com/uploads/1774898122727-SOFT_COMPUTING_KCA_032_1.pdf,MCA\Sem-04\2021-22\MCA__Sem04__2021-22__KCA-032__soft-computing.pdf,MCA__Sem04__2021-22__KCA-032__soft-computing.pdf,OK,2026-09-07 09:47:06
MCA,4,2024-25,KCA032,Soft Computing,https://ryzenstudy.com/papers/aktu-mca-sem-4-soft-computing-2024-25,https://ryzenstudy.com/uploads/1774898200792-KCA032_SOFT_COMPUTING.pdf,MCA\Sem-04\2024-25\MCA__Sem04__2024-25__KCA032__soft-computing.pdf,MCA__Sem04__2024-25__KCA032__soft-computing.pdf,OK,2026-09-07 09:47:08
MCA,4,2021-22,KCA-035,Software Quality Engineering,https://ryzenstudy.com/papers/aktu-mca-sem-4-software-quality-engineering-2021-22,https://ryzenstudy.com/uploads/1774898123024-SOFTWARE_QUALITY_ENGINEERING_KCA_035_1.pdf,MCA\Sem-04\2021-22\MCA__Sem04__2021-22__KCA-035__software-quality-engineering.pdf,MCA__Sem04__2021-22__KCA-035__software-quality-engineering.pdf,OK,2026-09-07 09:47:12
MCA,4,2023-24,KCA035,Software Quality Engineering,https://ryzenstudy.com/papers/aktu-mca-sem-4-software-quality-engineering-2023-24,https://ryzenstudy.com/uploads/1774898144813-KCA035_Software_Quality_Engineering.pdf,MCA\Sem-04\2023-24\MCA__Sem04__2023-24__KCA035__software-quality-engineering.pdf,MCA__Sem04__2023-24__KCA035__software-quality-engineering.pdf,OK,2026-09-07 09:47:15
MCA,4,2024-25,KCA035,Software Quality Engineering,https://ryzenstudy.com/papers/aktu-mca-sem-4-software-quality-engineering-2024-25,https://ryzenstudy.com/uploads/1774898201211-KCA035_SOFTWARE_QUALITY_ENGINEERING.pdf,MCA\Sem-04\2024-25\MCA__Sem04__2024-25__KCA035__software-quality-engineering.pdf,MCA__Sem04__2024-25__KCA035__software-quality-engineering.pdf,OK,2026-09-07 09:47:18
BTech,3,2024-25,BAS303,Mathematics Iv,https://ryzenstudy.com/papers/aktu-btech-sem-3-mathematics-iv-2024-25,https://ryzenstudy.com/uploads/1774896266713-BAS303_MATHEMATICS_IV.pdf,BTech\Sem-03\2024-25\BTech__Sem03__2024-25__BAS303__mathematics-iv.pdf,BTech__Sem03__2024-25__BAS303__mathematics-iv.pdf,OK,2026-09-08 10:50:21
BTech,3,2025-26,BAS303,Mathematics Iv,https://ryzenstudy.com/papers/aktu-btech-sem-3-mathematics-iv-2025-26,https://ryzenstudy.com/uploads/1774896282874-BAS303_MATHEMATICS_IV.pdf,BTech\Sem-03\2025-26\BTech__Sem03__2025-26__BAS303__mathematics-iv.pdf,BTech__Sem03__2025-26__BAS303__mathematics-iv.pdf,OK,2026-09-08 10:50:24
BTech,3,2022-23,KAS-304,Mathematics V,https://ryzenstudy.com/papers/aktu-btech-sem-3-mathematics-v-2022-23,https://ryzenstudy.com/uploads/1774896218433-MATHEMATICS_V_KAS_304.pdf,BTech\Sem-03\2022-23\BTech__Sem03__2022-23__KAS-304__mathematics-v.pdf,BTech__Sem03__2022-23__KAS-304__mathematics-v.pdf,OK,2026-09-08 10:50:27
BTech,3,2025-26,BAS304,Mathematics V,https://ryzenstudy.com/papers/aktu-btech-sem-3-mathematics-v-2025-26,https://ryzenstudy.com/uploads/1774896282274-BAS304_MATHEMATICS_V.pdf,BTech\Sem-03\2025-26\BTech__Sem03__2025-26__BAS304__mathematics-v.pdf,BTech__Sem03__2025-26__BAS304__mathematics-v.pdf,OK,2026-09-08 10:50:30
BTech,3,2021-22,KAS-302,Mathemativs Iv,https://ryzenstudy.com/papers/aktu-btech-sem-3-mathemativs-iv-2021-22,https://ryzenstudy.com/uploads/1774895925595-MATHEMATIVS_IV_KAS_302.pdf,BTech\Sem-03\2021-22\BTech__Sem03__2021-22__KAS-302__mathemativs-iv.pdf,BTech__Sem03__2021-22__KAS-302__mathemativs-iv.pdf,OK,2026-09-08 10:50:33
BTech,3,2021-22,KAS-304,Mathemativs V,https://ryzenstudy.com/papers/aktu-btech-sem-3-mathemativs-v-2021-22,https://ryzenstudy.com/uploads/1774895926489-MATHEMATIVS_V_KAS_304.pdf,BTech\Sem-03\2021-22\BTech__Sem03__2021-22__KAS-304__mathemativs-v.pdf,BTech__Sem03__2021-22__KAS-304__mathemativs-v.pdf,OK,2026-09-08 10:50:36
BTech,3,2023-24,BEC303,Network Analysis And Synthesis,https://ryzenstudy.com/papers/aktu-btech-sem-3-network-analysis-and-synthesis-2023-24,https://ryzenstudy.com/uploads/1774896252039-BEC303_NETWORK_ANALYSIS_AND_SYNTHESIS.pdf,BTech\Sem-03\2023-24\BTech__Sem03__2023-24__BEC303__network-analysis-and-synthesis.pdf,BTech__Sem03__2023-24__BEC303__network-analysis-and-synthesis.pdf,OK,2026-09-08 10:50:40
BTech,3,2025-26,BEC303,Network Analysis And Synthesis,https://ryzenstudy.com/papers/aktu-btech-sem-3-network-analysis-and-synthesis-2025-26,https://ryzenstudy.com/uploads/1774896283036-BEC303_NETWORK_ANALYSIS_AND_SYNTHESIS.pdf,BTech\Sem-03\2025-26\BTech__Sem03__2025-26__BEC303__network-analysis-and-synthesis.pdf,BTech__Sem03__2025-26__BEC303__network-analysis-and-synthesis.pdf,OK,2026-09-08 10:50:43
BTech,3,2022-23,KEC-303,Network Analysis Synthesis,https://ryzenstudy.com/papers/aktu-btech-sem-3-network-analysis-synthesis-2022-23,https://ryzenstudy.com/uploads/1774896219685-NETWORK_ANALYSIS_SYNTHESIS_KEC_303.pdf,BTech\Sem-03\2022-23\BTech__Sem03__2022-23__KEC-303__network-analysis-synthesis.pdf,BTech__Sem03__2022-23__KEC-303__network-analysis-synthesis.pdf,OK,2026-09-08 10:50:46
BTech,3,2021-22,KNC-302,Python Programming,https://ryzenstudy.com/papers/aktu-btech-sem-3-python-programming-2021-22,https://ryzenstudy.com/uploads/1774895925289-PYTHON_PROGRAMMING_KNC_302_2.pdf,BTech\Sem-03\2021-22\BTech__Sem03__2021-22__KNC-302__python-programming.pdf,BTech__Sem03__2021-22__KNC-302__python-programming.pdf,OK,2026-09-08 10:50:50
BTech,3,2022-23,KNC-302,Python Programming,https://ryzenstudy.com/papers/aktu-btech-sem-3-python-programming-2022-23,https://ryzenstudy.com/uploads/1774896218110-PYTHON_PROGRAMMING_KNC_302.pdf,BTech\Sem-03\2022-23\BTech__Sem03__2022-23__KNC-302__python-programming.pdf,BTech__Sem03__2022-23__KNC-302__python-programming.pdf,OK,2026-09-08 10:50:53
BTech,3,2023-24,BCC302,Python Programming,https://ryzenstudy.com/papers/aktu-btech-sem-3-python-programming-2023-24,https://ryzenstudy.com/uploads/1774896251901-BCC302_PYTHON_PROGRAMMING.pdf,BTech\Sem-03\2023-24\BTech__Sem03__2023-24__BCC302__python-programming.pdf,BTech__Sem03__2023-24__BCC302__python-programming.pdf,OK,2026-09-08 10:50:56
BTech,3,2024-25,BCC302,Python Programming,https://ryzenstudy.com/papers/aktu-btech-sem-3-python-programming-2024-25,https://ryzenstudy.com/uploads/1774896266786-BCC302_PYTHON_PROGRAMMING.pdf,BTech\Sem-03\2024-25\BTech__Sem03__2024-25__BCC302__python-programming.pdf,BTech__Sem03__2024-25__BCC302__python-programming.pdf,OK,2026-09-08 10:51:00
BTech,3,2025-26,BCC302,Python Programming,https://ryzenstudy.com/papers/aktu-btech-sem-3-python-programming-2025-26,https://ryzenstudy.com/uploads/1774896282945-BCC302_PYTHON_PROGRAMMING.pdf,BTech\Sem-03\2025-26\BTech__Sem03__2025-26__BCC302__python-programming.pdf,BTech__Sem03__2025-26__BCC302__python-programming.pdf,OK,2026-09-08 10:51:03
BTech,3,2021-22,KOE-034,Sensor And Instrumentation,https://ryzenstudy.com/papers/aktu-btech-sem-3-sensor-and-instrumentation-2021-22,https://ryzenstudy.com/uploads/1774895926161-SENSOR_AND_INSTRUMENTATION_KOE_034_2.pdf,BTech\Sem-03\2021-22\BTech__Sem03__2021-22__KOE-034__sensor-and-instrumentation.pdf,BTech__Sem03__2021-22__KOE-034__sensor-and-instrumentation.pdf,OK,2026-09-08 10:51:06
BTech,3,2022-23,KOE-034,Sensor And Instrumentation,https://ryzenstudy.com/papers/aktu-btech-sem-3-sensor-and-instrumentation-2022-23,https://ryzenstudy.com/uploads/1774896218875-SENSOR_AND_INSTRUMENTATION_KOE_034.pdf,BTech\Sem-03\2022-23\BTech__Sem03__2022-23__KOE-034__sensor-and-instrumentation.pdf,BTech__Sem03__2022-23__KOE-034__sensor-and-instrumentation.pdf,OK,2026-09-08 10:51:09
BTech,3,2023-24,BOE305,Sensor Instrumentation,https://ryzenstudy.com/papers/aktu-btech-sem-3-sensor-instrumentation-2023-24,https://ryzenstudy.com/uploads/1774896251336-BOE305_SENSOR_INSTRUMENTATION.pdf,BTech\Sem-03\2023-24\BTech__Sem03__2023-24__BOE305__sensor-instrumentation.pdf,BTech__Sem03__2023-24__BOE305__sensor-instrumentation.pdf,OK,2026-09-08 10:51:13
BTech,3,2024-25,BOE305,Sensor Instrumentation,https://ryzenstudy.com/papers/aktu-btech-sem-3-sensor-instrumentation-2024-25,https://ryzenstudy.com/uploads/1774896266566-BOE305_SENSOR_INSTRUMENTATION.pdf,BTech\Sem-03\2024-25\BTech__Sem03__2024-25__BOE305__sensor-instrumentation.pdf,BTech__Sem03__2024-25__BOE305__sensor-instrumentation.pdf,OK,2026-09-08 10:51:16
BTech,3,2025-26,BOE305,Sensor Instrumentation,https://ryzenstudy.com/papers/aktu-btech-sem-3-sensor-instrumentation-2025-26,https://ryzenstudy.com/uploads/1774896282522-BOE305_SENSOR_INSTRUMENTATION.pdf,BTech\Sem-03\2025-26\BTech__Sem03__2025-26__BOE305__sensor-instrumentation.pdf,BTech__Sem03__2025-26__BOE305__sensor-instrumentation.pdf,OK,2026-09-08 10:51:20
BTech,3,2021-22,KCE302,Surveying And Geomatics,https://ryzenstudy.com/papers/aktu-btech-sem-3-surveying-and-geomatics-2021-22,https://ryzenstudy.com/uploads/6f6d0ef9-e68d-4f4e-b22e-62a2b1ac25c5.pdf,BTech\Sem-03\2021-22\BTech__Sem03__2021-22__KCE302__surveying-and-geomatics.pdf,BTech__Sem03__2021-22__KCE302__surveying-and-geomatics.pdf,OK,2026-09-08 10:51:23
BTech,3,2023-24,BCE302,Surveying And Geomatics,https://ryzenstudy.com/papers/aktu-btech-sem-3-surveying-and-geomatics-2023-24,https://ryzenstudy.com/uploads/1774896251474-BCE302_SURVEYING_AND_GEOMATICS.pdf,BTech\Sem-03\2023-24\BTech__Sem03__2023-24__BCE302__surveying-and-geomatics.pdf,BTech__Sem03__2023-24__BCE302__surveying-and-geomatics.pdf,OK,2026-09-08 10:51:27
BTech,3,2022-23,KCE-302,Surveying And Geometics,https://ryzenstudy.com/papers/aktu-btech-sem-3-surveying-and-geometics-2022-23,https://ryzenstudy.com/uploads/1774896218689-SURVEYING_AND_GEOMETICS_KCE_302.pdf,BTech\Sem-03\2022-23\BTech__Sem03__2022-23__KCE-302__surveying-and-geometics.pdf,BTech__Sem03__2022-23__KCE-302__surveying-and-geometics.pdf,OK,2026-09-08 10:51:30
BTech,3,2021-22,KAS-301,Technical Communication,https://ryzenstudy.com/papers/aktu-btech-sem-3-technical-communication-2021-22,https://ryzenstudy.com/uploads/1774895926074-TECHNICAL_COMMUNICATION_KAS_301_2.pdf,BTech\Sem-03\2021-22\BTech__Sem03__2021-22__KAS-301__technical-communication.pdf,BTech__Sem03__2021-22__KAS-301__technical-communication.pdf,OK,2026-09-08 10:51:33
BTech,3,2022-23,KAS-301,Technical Communication,https://ryzenstudy.com/papers/aktu-btech-sem-3-technical-communication-2022-23,https://ryzenstudy.com/uploads/1774896218177-Technical_Communication_KAS_301.pdf,BTech\Sem-03\2022-23\BTech__Sem03__2022-23__KAS-301__technical-communication.pdf,BTech__Sem03__2022-23__KAS-301__technical-communication.pdf,OK,2026-09-08 10:51:36
BTech,3,2023-24,BAS301,Technical Communication,https://ryzenstudy.com/papers/aktu-btech-sem-3-technical-communication-2023-24,https://ryzenstudy.com/uploads/1774896250994-BAS301_TECHNICAL_COMMUNICATION.pdf,BTech\Sem-03\2023-24\BTech__Sem03__2023-24__BAS301__technical-communication.pdf,BTech__Sem03__2023-24__BAS301__technical-communication.pdf,OK,2026-09-08 10:51:39
BTech,3,2024-25,BAS301,Technical Communication,https://ryzenstudy.com/papers/aktu-btech-sem-3-technical-communication-2024-25,https://ryzenstudy.com/uploads/1774896266854-BAS301_TECHNICAL_COMMUNICATION__1_.pdf,BTech\Sem-03\2024-25\BTech__Sem03__2024-25__BAS301__technical-communication.pdf,BTech__Sem03__2024-25__BAS301__technical-communication.pdf,OK,2026-09-08 10:51:42
BTech,3,2025-26,BAS301,Technical Communication,https://ryzenstudy.com/papers/aktu-btech-sem-3-technical-communication-2025-26,https://ryzenstudy.com/uploads/1774896282126-BAS301_TECHNICAL_COMMUNICATION.pdf,BTech\Sem-03\2025-26\BTech__Sem03__2025-26__BAS301__technical-communication.pdf,BTech__Sem03__2025-26__BAS301__technical-communication.pdf,OK,2026-09-08 10:51:46
BTech,3,2021-22,KME-301,Thermodynamics,https://ryzenstudy.com/papers/aktu-btech-sem-3-thermodynamics-2021-22,https://ryzenstudy.com/uploads/1774895925885-THERMODYNAMICS_KME_301_2.pdf,BTech\Sem-03\2021-22\BTech__Sem03__2021-22__KME-301__thermodynamics.pdf,BTech__Sem03__2021-22__KME-301__thermodynamics.pdf,OK,2026-09-08 10:51:49
BTech,3,2022-23,KME-301,Thermodynamics,https://ryzenstudy.com/papers/aktu-btech-sem-3-thermodynamics-2022-23,https://ryzenstudy.com/uploads/1774896218608-THERMODYNAMICS_KME_301.pdf,BTech\Sem-03\2022-23\BTech__Sem03__2022-23__KME-301__thermodynamics.pdf,BTech__Sem03__2022-23__KME-301__thermodynamics.pdf,OK,2026-09-08 10:51:53
BTech,3,2023-24,BME301,Thermodynamics,https://ryzenstudy.com/papers/aktu-btech-sem-3-thermodynamics-2023-24,https://ryzenstudy.com/uploads/1774896251536-BME301_THERMODYNAMICS.pdf,BTech\Sem-03\2023-24\BTech__Sem03__2023-24__BME301__thermodynamics.pdf,BTech__Sem03__2023-24__BME301__thermodynamics.pdf,OK,2026-09-08 10:51:56
BTech,3,2025-26,BME301,Thermodynamics,https://ryzenstudy.com/papers/aktu-btech-sem-3-thermodynamics-2025-26,https://ryzenstudy.com/uploads/1774896282717-BME301_THERMODYNAMICS.pdf,BTech\Sem-03\2025-26\BTech__Sem03__2025-26__BME301__thermodynamics.pdf,BTech__Sem03__2025-26__BME301__thermodynamics.pdf,OK,2026-09-08 10:51:59
BTech,3,2021-22,KVE-301,Universal Human Values,https://ryzenstudy.com/papers/aktu-btech-sem-3-universal-human-values-2021-22,https://ryzenstudy.com/uploads/1774895926750-UNIVERSAL_HUMAN_VALUES_KVE_301_1.pdf,BTech\Sem-03\2021-22\BTech__Sem03__2021-22__KVE-301__universal-human-values.pdf,BTech__Sem03__2021-22__KVE-301__universal-human-values.pdf,OK,2026-09-08 10:52:03
BTech,3,2022-23,KVE-301,Universal Human Values,https://ryzenstudy.com/papers/aktu-btech-sem-3-universal-human-values-2022-23,https://ryzenstudy.com/uploads/1774896218783-UNIVERSAL_HUMAN_VALUES_KVE_301.pdf,BTech\Sem-03\2022-23\BTech__Sem03__2022-23__KVE-301__universal-human-values.pdf,BTech__Sem03__2022-23__KVE-301__universal-human-values.pdf,OK,2026-09-08 10:52:05
BTech,3,2023-24,BVE301,Universal Human Values And Professional Ethics,https://ryzenstudy.com/papers/aktu-btech-sem-3-universal-human-values-and-professional-ethics-2023-24,https://ryzenstudy.com/uploads/1774896250799-BVE301_UNIVERSAL_HUMAN_VALUES_AND_PROFESSIONAL_ETHICS.pdf,BTech\Sem-03\2023-24\BTech__Sem03__2023-24__BVE301__universal-human-values-and-professional-ethics.pdf,BTech__Sem03__2023-24__BVE301__universal-human-values-and-professional-ethics.pdf,OK,2026-09-08 10:52:09
BTech,3,2024-25,BVE301,Universal Human Values And Professional Ethics,https://ryzenstudy.com/papers/aktu-btech-sem-3-universal-human-values-and-professional-ethics-2024-25,https://ryzenstudy.com/uploads/1774896266422-BVE301_UNIVERSAL_HUMAN_VALUES_AND_PROFESSIONAL_ETHICS.pdf,BTech\Sem-03\2024-25\BTech__Sem03__2024-25__BVE301__universal-human-values-and-professional-ethics.pdf,BTech__Sem03__2024-25__BVE301__universal-human-values-and-professional-ethics.pdf,OK,2026-09-08 10:52:12
BTech,3,2025-26,BVE301,Universal Human Values And Professional Ethics,https://ryzenstudy.com/papers/aktu-btech-sem-3-universal-human-values-and-professional-ethics-2025-26,https://ryzenstudy.com/uploads/1774896282051-BVE301_UNIVERSAL_HUMAN_VALUES_AND_PROFESSIONAL_ETHICS.pdf,BTech\Sem-03\2025-26\BTech__Sem03__2025-26__BVE301__universal-human-values-and-professional-ethics.pdf,BTech__Sem03__2025-26__BVE301__universal-human-values-and-professional-ethics.pdf,OK,2026-09-08 10:52:16
BTech,4,2021-22,KEC402,Analog Circuits,https://ryzenstudy.com/papers/aktu-btech-sem-4-analog-circuits-2021-22,https://ryzenstudy.com/uploads/1774896443987-ANALOG_CIRCUITS_KEC402.pdf,BTech\Sem-04\2021-22\BTech__Sem04__2021-22__KEC402__analog-circuits.pdf,BTech__Sem04__2021-22__KEC402__analog-circuits.pdf,OK,2026-09-08 10:52:19
BTech,4,2022-23,KEC-402,Analog Circuits,https://ryzenstudy.com/papers/aktu-btech-sem-4-analog-circuits-2022-23,https://ryzenstudy.com/uploads/1774896466513-ANALOG_CIRCUITS_KEC_402.pdf,BTech\Sem-04\2022-23\BTech__Sem04__2022-23__KEC-402__analog-circuits.pdf,BTech__Sem04__2022-23__KEC-402__analog-circuits.pdf,OK,2026-09-08 10:52:22
BTech,4,2023-24,BEC402,Analog Circuits,https://ryzenstudy.com/papers/aktu-btech-sem-4-analog-circuits-2023-24,https://ryzenstudy.com/uploads/1774896483060-BEC402_ANALOG_CIRCUITS.pdf,BTech\Sem-04\2023-24\BTech__Sem04__2023-24__BEC402__analog-circuits.pdf,BTech__Sem04__2023-24__BEC402__analog-circuits.pdf,OK,2026-09-08 10:52:25
BTech,4,2024-25,BEC402,Analog Circuits,https://ryzenstudy.com/papers/aktu-btech-sem-4-analog-circuits-2024-25,https://ryzenstudy.com/uploads/1774896502623-BEC402_ANALOG_CIRCUITS.pdf,BTech\Sem-04\2024-25\BTech__Sem04__2024-25__BEC402__analog-circuits.pdf,BTech__Sem04__2024-25__BEC402__analog-circuits.pdf,OK,2026-09-08 10:52:28
BTech,4,2025-26,BEC402,Analog Circuits,https://ryzenstudy.com/papers/aktu-btech-sem-4-analog-circuits-2025-26,https://ryzenstudy.com/uploads/1783939519114vtnxd-BEC402_ANALOG_CIRCUITS.pdf,BTech\Sem-04\2025-26\BTech__Sem04__2025-26__BEC402__analog-circuits.pdf,BTech__Sem04__2025-26__BEC402__analog-circuits.pdf,OK,2026-09-08 10:52:32
BTech,4,2021-22,KOE047,Analog Electronics,https://ryzenstudy.com/papers/aktu-btech-sem-4-analog-electronics-2021-22,https://ryzenstudy.com/uploads/1774896444559-ANALOG_ELECTRONICS_KOE047.pdf,BTech\Sem-04\2021-22\BTech__Sem04__2021-22__KOE047__analog-electronics.pdf,BTech__Sem04__2021-22__KOE047__analog-electronics.pdf,OK,2026-09-08 10:52:35
BTech,4,2022-23,KOE-047,Analog Electronics,https://ryzenstudy.com/papers/aktu-btech-sem-4-analog-electronics-2022-23,https://ryzenstudy.com/uploads/1774896467410-ANALOG_ELECTRONICS_KOE_047.pdf,BTech\Sem-04\2022-23\BTech__Sem04__2022-23__KOE-047__analog-electronics.pdf,BTech__Sem04__2022-23__KOE-047__analog-electronics.pdf,OK,2026-09-08 10:52:38
BTech,4,2023-24,BOE408,Analog Electronics Circuits,https://ryzenstudy.com/papers/aktu-btech-sem-4-analog-electronics-circuits-2023-24,https://ryzenstudy.com/uploads/1774896483707-BOE408_ANALOG_ELECTRONICS_CIRCUITS.pdf,BTech\Sem-04\2023-24\BTech__Sem04__2023-24__BOE408__analog-electronics-circuits.pdf,BTech__Sem04__2023-24__BOE408__analog-electronics-circuits.pdf,OK,2026-09-08 10:52:41
BTech,4,2024-25,BOE408,Analog Electronics Circuits,https://ryzenstudy.com/papers/aktu-btech-sem-4-analog-electronics-circuits-2024-25,https://ryzenstudy.com/uploads/1774896503460-BOE408_ANALOG_ELECTRONICS_CIRCUITS.pdf,BTech\Sem-04\2024-25\BTech__Sem04__2024-25__BOE408__analog-electronics-circuits.pdf,BTech__Sem04__2024-25__BOE408__analog-electronics-circuits.pdf,OK,2026-09-08 10:52:44
BTech,4,2025-26,BOE408,Analog Electronics Circuits,https://ryzenstudy.com/papers/aktu-btech-sem-4-analog-electronics-circuits-2025-26,https://ryzenstudy.com/uploads/1783939519129z5yvh-BOE408_ANALOG_ELECTRONICS_CIRCUITS.pdf,BTech\Sem-04\2025-26\BTech__Sem04__2025-26__BOE408__analog-electronics-circuits.pdf,BTech__Sem04__2025-26__BOE408__analog-electronics-circuits.pdf,OK,2026-09-08 10:52:47
BTech,4,2021-22,KME401,Applied Thermodynamics,https://ryzenstudy.com/papers/aktu-btech-sem-4-applied-thermodynamics-2021-22,https://ryzenstudy.com/uploads/1774896444151-APPLIED_THERMODYNAMICS_KME401.pdf,BTech\Sem-04\2021-22\BTech__Sem04__2021-22__KME401__applied-thermodynamics.pdf,BTech__Sem04__2021-22__KME401__applied-thermodynamics.pdf,OK,2026-09-08 10:52:51
BTech,4,2022-23,KME-401,Applied Thermodynamics,https://ryzenstudy.com/papers/aktu-btech-sem-4-applied-thermodynamics-2022-23,https://ryzenstudy.com/uploads/1774896466827-APPLIED_THERMODYNAMICS_KME_401.pdf,BTech\Sem-04\2022-23\BTech__Sem04__2022-23__KME-401__applied-thermodynamics.pdf,BTech__Sem04__2022-23__KME-401__applied-thermodynamics.pdf,OK,2026-09-08 10:52:54
BTech,4,2023-24,BME401,Applied Thermodynamics,https://ryzenstudy.com/papers/aktu-btech-sem-4-applied-thermodynamics-2023-24,https://ryzenstudy.com/uploads/1774896483496-BME401_APPLIED_THERMODYNAMICS.pdf,BTech\Sem-04\2023-24\BTech__Sem04__2023-24__BME401__applied-thermodynamics.pdf,BTech__Sem04__2023-24__BME401__applied-thermodynamics.pdf,OK,2026-09-08 10:52:57
BTech,4,2024-25,BME401,Applied Thermodynamics,https://ryzenstudy.com/papers/aktu-btech-sem-4-applied-thermodynamics-2024-25,https://ryzenstudy.com/uploads/1774896502957-BME401_APPLIED_THERMODYNAMICS.pdf,BTech\Sem-04\2024-25\BTech__Sem04__2024-25__BME401__applied-thermodynamics.pdf,BTech__Sem04__2024-25__BME401__applied-thermodynamics.pdf,OK,2026-09-08 10:53:00
BTech,4,2025-26,BME401,Applied Thermodynamics,https://ryzenstudy.com/papers/aktu-btech-sem-4-applied-thermodynamics-2025-26,https://ryzenstudy.com/uploads/1783939519119jybjx-BME401_APPLIED_THERMODYNAMICS.pdf,BTech\Sem-04\2025-26\BTech__Sem04__2025-26__BME401__applied-thermodynamics.pdf,BTech__Sem04__2025-26__BME401__applied-thermodynamics.pdf,OK,2026-09-08 10:53:04
BTech,4,2023-24,BOE402,Automation And Robotics,https://ryzenstudy.com/papers/aktu-btech-sem-4-automation-and-robotics-2023-24,https://ryzenstudy.com/uploads/1774896484859-BOE402_AUTOMATION_AND_ROBOTICS.pdf,BTech\Sem-04\2023-24\BTech__Sem04__2023-24__BOE402__automation-and-robotics.pdf,BTech__Sem04__2023-24__BOE402__automation-and-robotics.pdf,OK,2026-09-08 10:53:07
BTech,4,2024-25,BOE402,Automation And Robotics,https://ryzenstudy.com/papers/aktu-btech-sem-4-automation-and-robotics-2024-25,https://ryzenstudy.com/uploads/1774896504603-BOE402_AUTOMATION_AND_ROBOTICS.pdf,BTech\Sem-04\2024-25\BTech__Sem04__2024-25__BOE402__automation-and-robotics.pdf,BTech__Sem04__2024-25__BOE402__automation-and-robotics.pdf,OK,2026-09-08 10:53:10
BTech,4,2025-26,BOE402,Automation And Robotics,https://ryzenstudy.com/papers/aktu-btech-sem-4-automation-and-robotics-2025-26,https://ryzenstudy.com/uploads/1783939519123yrcz6-BOE402_AUTOMATION_AND_ROBOTICS.pdf,BTech\Sem-04\2025-26\BTech__Sem04__2025-26__BOE402__automation-and-robotics.pdf,BTech__Sem04__2025-26__BOE402__automation-and-robotics.pdf,OK,2026-09-08 10:53:14
BTech,4,2022-23,KOE-045,Basic Data Structure Algorithms,https://ryzenstudy.com/papers/aktu-btech-sem-4-basic-data-structure-algorithms-2022-23,https://ryzenstudy.com/uploads/1774896467339-BASIC_DATA_STRUCTURE_ALGORITHMS_KOE_045.pdf,BTech\Sem-04\2022-23\BTech__Sem04__2022-23__KOE-045__basic-data-structure-algorithms.pdf,BTech__Sem04__2022-23__KOE-045__basic-data-structure-algorithms.pdf,OK,2026-09-08 10:53:17
BTech,4,2021-22,KOE045,Basic Data Structure And Algorithms,https://ryzenstudy.com/papers/aktu-btech-sem-4-basic-data-structure-and-algorithms-2021-22,https://ryzenstudy.com/uploads/1774896442311-BASIC_DATA_STRUCTURE_AND_ALGORITHMS_KOE045.pdf,BTech\Sem-04\2021-22\BTech__Sem04__2021-22__KOE045__basic-data-structure-and-algorithms.pdf,BTech__Sem04__2021-22__KOE045__basic-data-structure-and-algorithms.pdf,OK,2026-09-08 10:53:20
BTech,4,2023-24,BOE406,Basics Data Structure Algorithms,https://ryzenstudy.com/papers/aktu-btech-sem-4-basics-data-structure-algorithms-2023-24,https://ryzenstudy.com/uploads/1774896485706-BOE406_BASICS_DATA_STRUCTURE_ALGORITHMS.pdf,BTech\Sem-04\2023-24\BTech__Sem04__2023-24__BOE406__basics-data-structure-algorithms.pdf,BTech__Sem04__2023-24__BOE406__basics-data-structure-algorithms.pdf,OK,2026-09-08 10:53:24
BTech,4,2024-25,BOE406,Basics Data Structure Algorithms,https://ryzenstudy.com/papers/aktu-btech-sem-4-basics-data-structure-algorithms-2024-25,https://ryzenstudy.com/uploads/1774896507472-BOE406_BASICS_DATA_STRUCTURE_ALGORITHMS.pdf,BTech\Sem-04\2024-25\BTech__Sem04__2024-25__BOE406__basics-data-structure-algorithms.pdf,BTech__Sem04__2024-25__BOE406__basics-data-structure-algorithms.pdf,OK,2026-09-08 10:53:27
BTech,4,2025-26,BOE406,Basics Data Structure Algorithms,https://ryzenstudy.com/papers/aktu-btech-sem-4-basics-data-structure-algorithms-2025-26,https://ryzenstudy.com/uploads/1783939519127qe0e7-BOE406_BASICS_DATA_STRUCTURE_ALGORITHMS.pdf,BTech\Sem-04\2025-26\BTech__Sem04__2025-26__BOE406__basics-data-structure-algorithms.pdf,BTech__Sem04__2025-26__BOE406__basics-data-structure-algorithms.pdf,OK,2026-09-08 10:53:30
BTech,4,2023-24,BOE407,Basics Of Database Management Systems,https://ryzenstudy.com/papers/aktu-btech-sem-4-basics-of-database-management-systems-2023-24,https://ryzenstudy.com/uploads/1774896484056-BOE407_BASICS_OF_DATABASE_MANAGEMENT_SYSTEMS.pdf,BTech\Sem-04\2023-24\BTech__Sem04__2023-24__BOE407__basics-of-database-management-systems.pdf,BTech__Sem04__2023-24__BOE407__basics-of-database-management-systems.pdf,OK,2026-09-08 10:53:33
BTech,4,2024-25,BOE407,Basics Of Database Management Systems,https://ryzenstudy.com/papers/aktu-btech-sem-4-basics-of-database-management-systems-2024-25,https://ryzenstudy.com/uploads/1774896503624-BOE407_BASICS_OF_DATABASE_MANAGEMENT_SYSTEMS.pdf,BTech\Sem-04\2024-25\BTech__Sem04__2024-25__BOE407__basics-of-database-management-systems.pdf,BTech__Sem04__2024-25__BOE407__basics-of-database-management-systems.pdf,OK,2026-09-08 10:53:37
BTech,4,2025-26,BOE407,Basics Of Database Management Systems,https://ryzenstudy.com/papers/aktu-btech-sem-4-basics-of-database-management-systems-2025-26,https://ryzenstudy.com/uploads/1783939519128ouba7-BOE407_BASICS_OF_DATABASE_MANAGEMENT_SYSTEMS.pdf,BTech\Sem-04\2025-26\BTech__Sem04__2025-26__BOE407__basics-of-database-management-systems.pdf,BTech__Sem04__2025-26__BOE407__basics-of-database-management-systems.pdf,OK,2026-09-08 10:53:40
BTech,4,2024-25,BOE410,Digital Electronics,https://ryzenstudy.com/papers/aktu-btech-sem-4-boe410-digital-electronics-2024-25,https://ryzenstudy.com/uploads/1774896509213-BOE410_DIGITAL_ELECTRONICS.pdf,BTech\Sem-04\2024-25\BTech__Sem04__2024-25__BOE410__boe410-digital-electronics.pdf,BTech__Sem04__2024-25__BOE410__boe410-digital-electronics.pdf,OK,2026-09-08 10:53:43
BTech,4,2025-26,BOE410,Digital Electronics,https://ryzenstudy.com/papers/aktu-btech-sem-4-boe410-digital-electronics-2025-26,https://ryzenstudy.com/uploads/1783939519131ob0bs-BOE410_DIGITAL_ELECTRONICS.pdf,BTech\Sem-04\2025-26\BTech__Sem04__2025-26__BOE410__boe410-digital-electronics.pdf,BTech__Sem04__2025-26__BOE410__boe410-digital-electronics.pdf,OK,2026-09-08 10:53:46
BTech,4,2024-25,BOE414,Building Science And Engineering,https://ryzenstudy.com/papers/aktu-btech-sem-4-building-science-and-engineering-2024-25,https://ryzenstudy.com/uploads/1774896506859-BOE414_BUILDING_SCIENCE_AND_ENGINEERING.pdf,BTech\Sem-04\2024-25\BTech__Sem04__2024-25__BOE414__building-science-and-engineering.pdf,BTech__Sem04__2024-25__BOE414__building-science-and-engineering.pdf,OK,2026-09-08 10:53:50
BTech,4,2025-26,BOE414,Building Science And Engineering,https://ryzenstudy.com/papers/aktu-btech-sem-4-building-science-and-engineering-2025-26,https://ryzenstudy.com/uploads/1783939519135mzqac-BOE414_BUILDING_SCIENCE_AND_ENGINEERING.pdf,BTech\Sem-04\2025-26\BTech__Sem04__2025-26__BOE414__building-science-and-engineering.pdf,BTech__Sem04__2025-26__BOE414__building-science-and-engineering.pdf,OK,2026-09-08 10:53:53
BTech,4,2021-22,KEC401,Communication Engineering,https://ryzenstudy.com/papers/aktu-btech-sem-4-communication-engineering-2021-22,https://ryzenstudy.com/uploads/1774896441872-COMMUNICATION_ENGINEERING_KEC401.pdf,BTech\Sem-04\2021-22\BTech__Sem04__2021-22__KEC401__communication-engineering.pdf,BTech__Sem04__2021-22__KEC401__communication-engineering.pdf,OK,2026-09-08 10:53:56
BTech,4,2022-23,KEC-401,Communication Engineering,https://ryzenstudy.com/papers/aktu-btech-sem-4-communication-engineering-2022-23,https://ryzenstudy.com/uploads/1774896467180-COMMUNICATION_ENGINEERING_KEC_401.pdf,BTech\Sem-04\2022-23\BTech__Sem04__2022-23__KEC-401__communication-engineering.pdf,BTech__Sem04__2022-23__KEC-401__communication-engineering.pdf,OK,2026-09-08 10:53:59
BTech,4,2023-24,BEC401,Communication Engineering,https://ryzenstudy.com/papers/aktu-btech-sem-4-communication-engineering-2023-24,https://ryzenstudy.com/uploads/1774896485086-BEC401_COMMUNICATION_ENGINEERING.pdf,BTech\Sem-04\2023-24\BTech__Sem04__2023-24__BEC401__communication-engineering.pdf,BTech__Sem04__2023-24__BEC401__communication-engineering.pdf,OK,2026-09-08 10:54:02
BTech,4,2024-25,BEC401,Communication Engineering,https://ryzenstudy.com/papers/aktu-btech-sem-4-communication-engineering-2024-25,https://ryzenstudy.com/uploads/1774896504925-BEC401_COMMUNICATION_ENGINEERING.pdf,BTech\Sem-04\2024-25\BTech__Sem04__2024-25__BEC401__communication-engineering.pdf,BTech__Sem04__2024-25__BEC401__communication-engineering.pdf,OK,2026-09-08 10:54:06
BTech,4,2025-26,BEC401,Communication Engineering,https://ryzenstudy.com/papers/aktu-btech-sem-4-communication-engineering-2025-26,https://ryzenstudy.com/uploads/1783939519113zfvie-BEC401_COMMUNICATION_ENGINEERING.pdf,BTech\Sem-04\2025-26\BTech__Sem04__2025-26__BEC401__communication-engineering.pdf,BTech__Sem04__2025-26__BEC401__communication-engineering.pdf,OK,2026-09-08 10:54:09
BTech,4,2021-22,KNC401,Computer System Security,https://ryzenstudy.com/papers/aktu-btech-sem-4-computer-system-security-2021-22,https://ryzenstudy.com/uploads/1774896443733-COMPUTER_SYSTEM_SECURITY_KNC401.pdf,BTech\Sem-04\2021-22\BTech__Sem04__2021-22__KNC401__computer-system-security.pdf,BTech__Sem04__2021-22__KNC401__computer-system-security.pdf,OK,2026-09-08 10:54:12
BTech,4,2022-23,KNC-401,Computer System Security,https://ryzenstudy.com/papers/aktu-btech-sem-4-computer-system-security-2022-23,https://ryzenstudy.com/uploads/1774896466114-COMPUTER_SYSTEM_SECURITY_KNC_401.pdf,BTech\Sem-04\2022-23\BTech__Sem04__2022-23__KNC-401__computer-system-security.pdf,BTech__Sem04__2022-23__KNC-401__computer-system-security.pdf,OK,2026-09-08 10:54:15
BTech,4,2023-24,BCC401,Cyber Security,https://ryzenstudy.com/papers/aktu-btech-sem-4-cyber-security-2023-24,https://ryzenstudy.com/uploads/1774896485885-BCC401_CYBER_SECURITY.pdf,BTech\Sem-04\2023-24\BTech__Sem04__2023-24__BCC401__cyber-security.pdf,BTech__Sem04__2023-24__BCC401__cyber-security.pdf,OK,2026-09-08 10:54:18
BTech,4,2024-25,BCC401,Cyber Security,https://ryzenstudy.com/papers/aktu-btech-sem-4-cyber-security-2024-25,https://ryzenstudy.com/uploads/1774896507668-BCC401_CYBER_SECURITY.pdf,BTech\Sem-04\2024-25\BTech__Sem04__2024-25__BCC401__cyber-security.pdf,BTech__Sem04__2024-25__BCC401__cyber-security.pdf,OK,2026-09-08 10:54:21
BTech,4,2025-26,BCC401,Cyber Security,https://ryzenstudy.com/papers/aktu-btech-sem-4-cyber-security-2025-26,https://ryzenstudy.com/uploads/17839395191077ibvo-BCC401_CYBER_SECURITY.pdf,BTech\Sem-04\2025-26\BTech__Sem04__2025-26__BCC401__cyber-security.pdf,BTech__Sem04__2025-26__BCC401__cyber-security.pdf,OK,2026-09-08 10:54:25
BTech,4,2023-24,BCS409,Design And Analysis Of Algorithm,https://ryzenstudy.com/papers/aktu-btech-sem-4-design-and-analysis-of-algorithm-2023-24,https://ryzenstudy.com/uploads/1774896485798-BCS409_DESIGN_AND_ANALYSIS_OF_ALGORITHM.pdf,BTech\Sem-04\2023-24\BTech__Sem04__2023-24__BCS409__design-and-analysis-of-algorithm.pdf,BTech__Sem04__2023-24__BCS409__design-and-analysis-of-algorithm.pdf,OK,2026-09-08 10:54:28
BTech,4,2025-26,BCS409,Design And Analysis Of Algorithm,https://ryzenstudy.com/papers/aktu-btech-sem-4-design-and-analysis-of-algorithm-2025-26,https://ryzenstudy.com/uploads/1783939519112jv5g9-BCS409_DESIGN_AND_ANALYSIS_OF_ALGORITHM.pdf,BTech\Sem-04\2025-26\BTech__Sem04__2025-26__BCS409__design-and-analysis-of-algorithm.pdf,BTech__Sem04__2025-26__BCS409__design-and-analysis-of-algorithm.pdf,OK,2026-09-08 10:54:31
BTech,4,2021-22,KEE401,Digital Electronics,https://ryzenstudy.com/papers/aktu-btech-sem-4-digital-electronics-2021-22,https://ryzenstudy.com/uploads/1774896444070-DIGITAL_ELECTRONICS_KEE401.pdf,BTech\Sem-04\2021-22\BTech__Sem04__2021-22__KEE401__digital-electronics.pdf,BTech__Sem04__2021-22__KEE401__digital-electronics.pdf,OK,2026-09-08 10:54:34
BTech,4,2022-23,KEE-401,Digital Electronics,https://ryzenstudy.com/papers/aktu-btech-sem-4-digital-electronics-2022-23,https://ryzenstudy.com/uploads/1774896466993-DIGITAL_ELECTRONICS_KEE_401.pdf,BTech\Sem-04\2022-23\BTech__Sem04__2022-23__KEE-401__digital-electronics.pdf,BTech__Sem04__2022-23__KEE-401__digital-electronics.pdf,OK,2026-09-08 10:54:38
BTech,4,2023-24,BEE401,Digital Electronics,https://ryzenstudy.com/papers/aktu-btech-sem-4-digital-electronics-2023-24,https://ryzenstudy.com/uploads/1774896484465-BEE401_DIGITAL_ELECTRONICS.pdf,BTech\Sem-04\2023-24\BTech__Sem04__2023-24__BEE401__digital-electronics.pdf,BTech__Sem04__2023-24__BEE401__digital-electronics.pdf,OK,2026-09-08 10:54:41
BTech,4,2024-25,BEE401,Digital Electronics,https://ryzenstudy.com/papers/aktu-btech-sem-4-digital-electronics-2024-25,https://ryzenstudy.com/uploads/1774896503883-BEE401_DIGITAL_ELECTRONICS.pdf,BTech\Sem-04\2024-25\BTech__Sem04__2024-25__BEE401__digital-electronics.pdf,BTech__Sem04__2024-25__BEE401__digital-electronics.pdf,OK,2026-09-08 10:54:44
BTech,4,2025-26,BEE401,Digital Electronics,https://ryzenstudy.com/papers/aktu-btech-sem-4-digital-electronics-2025-26,https://ryzenstudy.com/uploads/17839395191167k0lq-BEE401_DIGITAL_ELECTRONICS.pdf,BTech\Sem-04\2025-26\BTech__Sem04__2025-26__BEE401__digital-electronics.pdf,BTech__Sem04__2025-26__BEE401__digital-electronics.pdf,OK,2026-09-08 10:54:48
BTech,4,2023-24,BOE401,Electric And Hybrid Vehicles,https://ryzenstudy.com/papers/aktu-btech-sem-4-electric-and-hybrid-vehicles-2023-24,https://ryzenstudy.com/uploads/1774896486470-BOE401_ELECTRIC_AND_HYBRID_VEHICLES.pdf,BTech\Sem-04\2023-24\BTech__Sem04__2023-24__BOE401__electric-and-hybrid-vehicles.pdf,BTech__Sem04__2023-24__BOE401__electric-and-hybrid-vehicles.pdf,OK,2026-09-08 10:54:51
BTech,4,2024-25,BOE401,Electric And Hybrid Vehicles,https://ryzenstudy.com/papers/aktu-btech-sem-4-electric-and-hybrid-vehicles-2024-25,https://ryzenstudy.com/uploads/1774896508806-BOE401_ELECTRIC_AND_HYBRID_VEHICLES.pdf,BTech\Sem-04\2024-25\BTech__Sem04__2024-25__BOE401__electric-and-hybrid-vehicles.pdf,BTech__Sem04__2024-25__BOE401__electric-and-hybrid-vehicles.pdf,OK,2026-09-08 10:54:55
BTech,4,2025-26,BOE401,Electric And Hybrid Vehicles,https://ryzenstudy.com/papers/aktu-btech-sem-4-electric-and-hybrid-vehicles-2025-26,https://ryzenstudy.com/uploads/178393951912282qne-BOE401_ELECTRIC_AND_HYBRID_VEHICLES.pdf,BTech\Sem-04\2025-26\BTech__Sem04__2025-26__BOE401__electric-and-hybrid-vehicles.pdf,BTech__Sem04__2025-26__BOE401__electric-and-hybrid-vehicles.pdf,OK,2026-09-08 10:54:59
BTech,4,2021-22,KEE402,Electrical Machines I,https://ryzenstudy.com/papers/aktu-btech-sem-4-electrical-machines-i-2021-22,https://ryzenstudy.com/uploads/1774896443900-ELECTRICAL_MACHINES_I_KEE402.pdf,BTech\Sem-04\2021-22\BTech__Sem04__2021-22__KEE402__electrical-machines-i.pdf,BTech__Sem04__2021-22__KEE402__electrical-machines-i.pdf,OK,2026-09-08 10:55:02
BTech,4,2022-23,KEE-402,Electrical Machines I,https://ryzenstudy.com/papers/aktu-btech-sem-4-electrical-machines-i-2022-23,https://ryzenstudy.com/uploads/1774896466397-ELECTRICAL_MACHINES_I_KEE_402.pdf,BTech\Sem-04\2022-23\BTech__Sem04__2022-23__KEE-402__electrical-machines-i.pdf,BTech__Sem04__2022-23__KEE-402__electrical-machines-i.pdf,OK,2026-09-08 10:55:05
BTech,4,2023-24,BEE402,Electrical Machines I,https://ryzenstudy.com/papers/aktu-btech-sem-4-electrical-machines-i-2023-24,https://ryzenstudy.com/uploads/1774896484681-BEE402_ELECTRICAL_MACHINES_I.pdf,BTech\Sem-04\2023-24\BTech__Sem04__2023-24__BEE402__electrical-machines-i.pdf,BTech__Sem04__2023-24__BEE402__electrical-machines-i.pdf,OK,2026-09-08 10:55:09
BTech,4,2024-25,BEE402,Electrical Machines I,https://ryzenstudy.com/papers/aktu-btech-sem-4-electrical-machines-i-2024-25,https://ryzenstudy.com/uploads/1774896503969-BEE402_ELECTRICAL_MACHINES_I.pdf,BTech\Sem-04\2024-25\BTech__Sem04__2024-25__BEE402__electrical-machines-i.pdf,BTech__Sem04__2024-25__BEE402__electrical-machines-i.pdf,OK,2026-09-08 10:55:13
BTech,4,2025-26,BEE402,Electrical Machines I,https://ryzenstudy.com/papers/aktu-btech-sem-4-electrical-machines-i-2025-26,https://ryzenstudy.com/uploads/1783939519117cku4c-BEE402_ELECTRICAL_MACHINES_I.pdf,BTech\Sem-04\2025-26\BTech__Sem04__2025-26__BEE402__electrical-machines-i.pdf,BTech__Sem04__2025-26__BEE402__electrical-machines-i.pdf,OK,2026-09-08 10:55:16
BTech,4,2021-22,KEE302,Electrical Measurements Instrumentation,https://ryzenstudy.com/papers/aktu-btech-sem-4-electrical-measurements-instrumentation-2021-22,https://ryzenstudy.com/uploads/3232850e-42ad-4f4a-bef2-7791efc6a4af.pdf,BTech\Sem-04\2021-22\BTech__Sem04__2021-22__KEE302__electrical-measurements-instrumentation.pdf,BTech__Sem04__2021-22__KEE302__electrical-measurements-instrumentation.pdf,OK,2026-09-08 10:55:20
BTech,4,2024-25,KEE302,Electrical Measurements Instrumentation,https://ryzenstudy.com/papers/aktu-btech-sem-4-electrical-measurements-instrumentation-2024-25,https://ryzenstudy.com/uploads/ccea5b66-de65-4ba2-ae2b-371257544039.pdf,BTech\Sem-04\2024-25\BTech__Sem04__2024-25__KEE302__electrical-measurements-instrumentation.pdf,BTech__Sem04__2024-25__KEE302__electrical-measurements-instrumentation.pdf,OK,2026-09-08 10:55:23
BTech,4,2021-22,KOE048,Electronics Engineering,https://ryzenstudy.com/papers/aktu-btech-sem-4-electronics-engineering-2021-22,https://ryzenstudy.com/uploads/1774896444231-ELECTRONICS_ENGINEERING_KOE048.pdf,BTech\Sem-04\2021-22\BTech__Sem04__2021-22__KOE048__electronics-engineering.pdf,BTech__Sem04__2021-22__KOE048__electronics-engineering.pdf,OK,2026-09-08 10:55:26
BTech,4,2022-23,KOE048,Electronics Engineering,https://ryzenstudy.com/papers/aktu-btech-sem-4-electronics-engineering-2022-23,https://ryzenstudy.com/uploads/1774896467742-ELECTRONICS_ENGINEERING_KOE048.pdf,BTech\Sem-04\2022-23\BTech__Sem04__2022-23__KOE048__electronics-engineering.pdf,BTech__Sem04__2022-23__KOE048__electronics-engineering.pdf,OK,2026-09-08 10:55:29
BTech,4,2023-24,BOE409,Electronics Engineering,https://ryzenstudy.com/papers/aktu-btech-sem-4-electronics-engineering-2023-24,https://ryzenstudy.com/uploads/1774896486204-BOE409_ELECTRONICS_ENGINEERING.pdf,BTech\Sem-04\2023-24\BTech__Sem04__2023-24__BOE409__electronics-engineering.pdf,BTech__Sem04__2023-24__BOE409__electronics-engineering.pdf,OK,2026-09-08 10:55:33
BTech,4,2024-25,BOE409,Electronics Engineering,https://ryzenstudy.com/papers/aktu-btech-sem-4-electronics-engineering-2024-25,https://ryzenstudy.com/uploads/1774896508589-BOE409_ELECTRONICS_ENGINEERING.pdf,BTech\Sem-04\2024-25\BTech__Sem04__2024-25__BOE409__electronics-engineering.pdf,BTech__Sem04__2024-25__BOE409__electronics-engineering.pdf,OK,2026-09-08 10:55:36
BTech,4,2025-26,BOE409,Electronics Engineering,https://ryzenstudy.com/papers/aktu-btech-sem-4-electronics-engineering-2025-26,https://ryzenstudy.com/uploads/1783939519130j007z-BOE409_ELECTRONICS_ENGINEERING.pdf,BTech\Sem-04\2025-26\BTech__Sem04__2025-26__BOE409__electronics-engineering.pdf,BTech__Sem04__2025-26__BOE409__electronics-engineering.pdf,OK,2026-09-08 10:55:40
BTech,4,2021-22,KOE043,Energy Science And Engineering,https://ryzenstudy.com/papers/aktu-btech-sem-4-energy-science-and-engineering-2021-22,https://ryzenstudy.com/uploads/1774896443305-ENERGY_SCIENCE_AND_ENGINEERING_KOE043.pdf,BTech\Sem-04\2021-22\BTech__Sem04__2021-22__KOE043__energy-science-and-engineering.pdf,BTech__Sem04__2021-22__KOE043__energy-science-and-engineering.pdf,OK,2026-09-08 10:55:43
BTech,4,2022-23,KOE-043,Energy Science And Engineering,https://ryzenstudy.com/papers/aktu-btech-sem-4-energy-science-and-engineering-2022-23,https://ryzenstudy.com/uploads/1774896466047-ENERGY_SCIENCE_AND_ENGINEERING_KOE_043.pdf,BTech\Sem-04\2022-23\BTech__Sem04__2022-23__KOE-043__energy-science-and-engineering.pdf,BTech__Sem04__2022-23__KOE-043__energy-science-and-engineering.pdf,OK,2026-09-08 10:55:46
BTech,4,2023-24,BOE404,Energy Science Engineering,https://ryzenstudy.com/papers/aktu-btech-sem-4-energy-science-engineering-2023-24,https://ryzenstudy.com/uploads/1774896485628-BOE404_ENERGY_SCIENCE_ENGINEERING.pdf,BTech\Sem-04\2023-24\BTech__Sem04__2023-24__BOE404__energy-science-engineering.pdf,BTech__Sem04__2023-24__BOE404__energy-science-engineering.pdf,OK,2026-09-08 10:55:49
BTech,4,2024-25,BOE404,Energy Science Engineering,https://ryzenstudy.com/papers/aktu-btech-sem-4-energy-science-engineering-2024-25,https://ryzenstudy.com/uploads/1774896506501-BOE404_ENERGY_SCIENCE_ENGINEERING.pdf,BTech\Sem-04\2024-25\BTech__Sem04__2024-25__BOE404__energy-science-engineering.pdf,BTech__Sem04__2024-25__BOE404__energy-science-engineering.pdf,OK,2026-09-08 10:55:53
BTech,4,2025-26,BOE404,Energy Science Engineering,https://ryzenstudy.com/papers/aktu-btech-sem-4-energy-science-engineering-2025-26,https://ryzenstudy.com/uploads/1783939519125ovizx-BOE404_ENERGY_SCIENCE_ENGINEERING.pdf,BTech\Sem-04\2025-26\BTech__Sem04__2025-26__BOE404__energy-science-engineering.pdf,BTech__Sem04__2025-26__BOE404__energy-science-engineering.pdf,OK,2026-09-08 10:55:57
BTech,4,2022-23,KAS-402,Engineering Mathematics Iv,https://ryzenstudy.com/papers/aktu-btech-sem-4-engineering-mathematics-iv-2022-23,https://ryzenstudy.com/uploads/1774896465727-ENGINEERING_MATHEMATICS_IV_KAS_402.pdf,BTech\Sem-04\2022-23\BTech__Sem04__2022-23__KAS-402__engineering-mathematics-iv.pdf,BTech__Sem04__2022-23__KAS-402__engineering-mathematics-iv.pdf,OK,2026-09-08 10:56:00
BTech,4,2021-22,KOE041,Engineering Mechanics,https://ryzenstudy.com/papers/aktu-btech-sem-4-engineering-mechanics-2021-22,https://ryzenstudy.com/uploads/1774896442817-ENGINEERING_MECHANICS_KOE041.pdf,BTech\Sem-04\2021-22\BTech__Sem04__2021-22__KOE041__engineering-mechanics.pdf,BTech__Sem04__2021-22__KOE041__engineering-mechanics.pdf,OK,2026-09-08 10:56:03
BTech,4,2022-23,KOE-041,Engineering Mechanics,https://ryzenstudy.com/papers/aktu-btech-sem-4-engineering-mechanics-2022-23,https://ryzenstudy.com/uploads/1774896466594-ENGINEERING_MECHANICS_KOE_041.pdf,BTech\Sem-04\2022-23\BTech__Sem04__2022-23__KOE-041__engineering-mechanics.pdf,BTech__Sem04__2022-23__KOE-041__engineering-mechanics.pdf,OK,2026-09-08 10:56:07
BTech,4,2023-24,BME402,Engineering Mechanics Strength Material,https://ryzenstudy.com/papers/aktu-btech-sem-4-engineering-mechanics-strength-material-2023-24,https://ryzenstudy.com/uploads/1774896484989-BME402_ENGINEERING_MECHANICS_STRENGTH_MATERIAL.pdf,BTech\Sem-04\2023-24\BTech__Sem04__2023-24__BME402__engineering-mechanics-strength-material.pdf,BTech__Sem04__2023-24__BME402__engineering-mechanics-strength-material.pdf,OK,2026-09-08 10:56:11
BTech,4,2024-25,BME402,Engineering Mechanics Strength Material,https://ryzenstudy.com/papers/aktu-btech-sem-4-engineering-mechanics-strength-material-2024-25,https://ryzenstudy.com/uploads/1774896504745-BME402_ENGINEERING_MECHANICS_STRENGTH_MATERIAL.pdf,BTech\Sem-04\2024-25\BTech__Sem04__2024-25__BME402__engineering-mechanics-strength-material.pdf,BTech__Sem04__2024-25__BME402__engineering-mechanics-strength-material.pdf,OK,2026-09-08 10:56:14
BTech,4,2025-26,BME402,Engineering Mechanics Strength Material,https://ryzenstudy.com/papers/aktu-btech-sem-4-engineering-mechanics-strength-material-2025-26,https://ryzenstudy.com/uploads/1783939519120vt0gz-BME402_ENGINEERING_MECHANICS_STRENGTH_MATERIAL.pdf,BTech\Sem-04\2025-26\BTech__Sem04__2025-26__BME402__engineering-mechanics-strength-material.pdf,BTech__Sem04__2025-26__BME402__engineering-mechanics-strength-material.pdf,OK,2026-09-08 10:56:18
BTech,4,2024-25,BOE413,Food Science And Nutrition,https://ryzenstudy.com/papers/aktu-btech-sem-4-food-science-and-nutrition-2024-25,https://ryzenstudy.com/uploads/1774896506075-BOE413_FOOD_SCIENCE_AND_NUTRITION.pdf,BTech\Sem-04\2024-25\BTech__Sem04__2024-25__BOE413__food-science-and-nutrition.pdf,BTech__Sem04__2024-25__BOE413__food-science-and-nutrition.pdf,OK,2026-09-08 10:56:21
BTech,4,2025-26,BOE413,Food Science And Nutrition,https://ryzenstudy.com/papers/aktu-btech-sem-4-food-science-and-nutrition-2025-26,https://ryzenstudy.com/uploads/1783939519134uz45i-BOE413_FOOD_SCIENCE_AND_NUTRITION.pdf,BTech\Sem-04\2025-26\BTech__Sem04__2025-26__BOE413__food-science-and-nutrition.pdf,BTech__Sem04__2025-26__BOE413__food-science-and-nutrition.pdf,OK,2026-09-08 10:56:25
BTech,4,2021-22,KCE403,Hydraulic Engineering And Machines,https://ryzenstudy.com/papers/aktu-btech-sem-4-hydraulic-engineering-and-machines-2021-22,https://ryzenstudy.com/uploads/1774896443550-HYDRAULIC_ENGINEERING_AND_MACHINES_KCE403.pdf,BTech\Sem-04\2021-22\BTech__Sem04__2021-22__KCE403__hydraulic-engineering-and-machines.pdf,BTech__Sem04__2021-22__KCE403__hydraulic-engineering-and-machines.pdf,OK,2026-09-08 10:56:28
BTech,4,2023-24,BCE403,Hydraulic Engineering And Machines,https://ryzenstudy.com/papers/aktu-btech-sem-4-hydraulic-engineering-and-machines-2023-24,https://ryzenstudy.com/uploads/1774896485165-BCE403_HYDRAULIC_ENGINEERING_AND_MACHINES.pdf,BTech\Sem-04\2023-24\BTech__Sem04__2023-24__BCE403__hydraulic-engineering-and-machines.pdf,BTech__Sem04__2023-24__BCE403__hydraulic-engineering-and-machines.pdf,OK,2026-09-08 10:56:31
BTech,4,2024-25,BCE403,Hydraulic Engineering And Machines,https://ryzenstudy.com/papers/aktu-btech-sem-4-hydraulic-engineering-and-machines-2024-25,https://ryzenstudy.com/uploads/1774896505093-BCE403_HYDRAULIC_ENGINEERING_AND_MACHINES.pdf,BTech\Sem-04\2024-25\BTech__Sem04__2024-25__BCE403__hydraulic-engineering-and-machines.pdf,BTech__Sem04__2024-25__BCE403__hydraulic-engineering-and-machines.pdf,OK,2026-09-08 10:56:34
BTech,4,2022-23,KCE-403,Hydraulic Engineering Machines,https://ryzenstudy.com/papers/aktu-btech-sem-4-hydraulic-engineering-machines-2022-23,https://ryzenstudy.com/uploads/1774896466253-HYDRAULIC_ENGINEERING_MACHINES_KCE_403.pdf,BTech\Sem-04\2022-23\BTech__Sem04__2022-23__KCE-403__hydraulic-engineering-machines.pdf,BTech__Sem04__2022-23__KCE-403__hydraulic-engineering-machines.pdf,OK,2026-09-08 10:56:37
BTech,4,2021-22,KOE046,Introduction To Soft Computing,https://ryzenstudy.com/papers/aktu-btech-sem-4-introduction-to-soft-computing-2021-22,https://ryzenstudy.com/uploads/1774896443064-INTRODUCTION_TO_SOFT_COMPUTING_KOE046_unlocked.pdf,BTech\Sem-04\2021-22\BTech__Sem04__2021-22__KOE046__introduction-to-soft-computing.pdf,BTech__Sem04__2021-22__KOE046__introduction-to-soft-computing.pdf,OK,2026-09-08 10:56:40
BTech,4,2022-23,KOE-046,Introduction To Soft Computing,https://ryzenstudy.com/papers/aktu-btech-sem-4-introduction-to-soft-computing-2022-23,https://ryzenstudy.com/uploads/1774896465554-INTRODUCTION_TO_SOFT_COMPUTING_KOE_046.pdf,BTech\Sem-04\2022-23\BTech__Sem04__2022-23__KOE-046__introduction-to-soft-computing.pdf,BTech__Sem04__2022-23__KOE-046__introduction-to-soft-computing.pdf,OK,2026-09-08 10:56:43
BTech,4,2021-22,KCE402,Introduction To Solid Mechanics,https://ryzenstudy.com/papers/aktu-btech-sem-4-introduction-to-solid-mechanics-2021-22,https://ryzenstudy.com/uploads/1774896443469-INTRODUCTION_TO_SOLID_MECHANICS_KCE402.pdf,BTech\Sem-04\2021-22\BTech__Sem04__2021-22__KCE402__introduction-to-solid-mechanics.pdf,BTech__Sem04__2021-22__KCE402__introduction-to-solid-mechanics.pdf,OK,2026-09-08 10:56:47
BTech,4,2022-23,KCE-402,Introduction To Solid Mechanics,https://ryzenstudy.com/papers/aktu-btech-sem-4-introduction-to-solid-mechanics-2022-23,https://ryzenstudy.com/uploads/1774896467486-INTRODUCTION_TO_SOLID_MECHANICS_KCE_402.pdf,BTech\Sem-04\2022-23\BTech__Sem04__2022-23__KCE-402__introduction-to-solid-mechanics.pdf,BTech__Sem04__2022-23__KCE-402__introduction-to-solid-mechanics.pdf,OK,2026-09-08 10:56:50
BTech,4,2023-24,BCE402,Introduction To Solid Mechanics,https://ryzenstudy.com/papers/aktu-btech-sem-4-introduction-to-solid-mechanics-2023-24,https://ryzenstudy.com/uploads/1774896485428-BCE402_INTRODUCTION_TO_SOLID_MECHANICS.pdf,BTech\Sem-04\2023-24\BTech__Sem04__2023-24__BCE402__introduction-to-solid-mechanics.pdf,BTech__Sem04__2023-24__BCE402__introduction-to-solid-mechanics.pdf,OK,2026-09-08 10:56:54
BTech,4,2024-25,BCE402,Introduction To Solid Mechanics,https://ryzenstudy.com/papers/aktu-btech-sem-4-introduction-to-solid-mechanics-2024-25,https://ryzenstudy.com/uploads/1774896505837-BCE402_INTRODUCTION_TO_SOLID_MECHANICS.pdf,BTech\Sem-04\2024-25\BTech__Sem04__2024-25__BCE402__introduction-to-solid-mechanics.pdf,BTech__Sem04__2024-25__BCE402__introduction-to-solid-mechanics.pdf,OK,2026-09-08 10:56:57
BTech,4,2022-23,KME-402,Engineering Mechanics,https://ryzenstudy.com/papers/aktu-btech-sem-4-kme-402-engineering-mechanics-2022-23,https://ryzenstudy.com/uploads/1774896466684-ENGINEERING_MECHANICS_KME_402.pdf,BTech\Sem-04\2022-23\BTech__Sem04__2022-23__KME-402__kme-402-engineering-mechanics.pdf,BTech__Sem04__2022-23__KME-402__kme-402-engineering-mechanics.pdf,OK,2026-09-08 10:57:00
BTech,4,2021-22,KME402,Engineering Mechanics,https://ryzenstudy.com/papers/aktu-btech-sem-4-kme402-engineering-mechanics-2021-22,https://ryzenstudy.com/uploads/1774896443650-ENGINEERING_MECHANICS_KME402.pdf,BTech\Sem-04\2021-22\BTech__Sem04__2021-22__KME402__kme402-engineering-mechanics.pdf,BTech__Sem04__2021-22__KME402__kme402-engineering-mechanics.pdf,OK,2026-09-08 10:57:04
BTech,4,2022-23,KOE-049,Digital Electronics,https://ryzenstudy.com/papers/aktu-btech-sem-4-koe-049-digital-electronics-2022-23,https://ryzenstudy.com/uploads/1774896467256-DIGITAL_ELECTRONICS_KOE_049.pdf,BTech\Sem-04\2022-23\BTech__Sem04__2022-23__KOE-049__koe-049-digital-electronics.pdf,BTech__Sem04__2022-23__KOE-049__koe-049-digital-electronics.pdf,OK,2026-09-08 10:57:07
BTech,4,2021-22,KOE049,Digital Electronics,https://ryzenstudy.com/papers/aktu-btech-sem-4-koe049-digital-electronics-2021-22,https://ryzenstudy.com/uploads/1774896444480-DIGITAL_ELECTRONICS_KOE049.pdf,BTech\Sem-04\2021-22\BTech__Sem04__2021-22__KOE049__koe049-digital-electronics.pdf,BTech__Sem04__2021-22__KOE049__koe049-digital-electronics.pdf,OK,2026-09-08 10:57:10
BTech,4,2024-25,BOE412,Laser System And Applications,https://ryzenstudy.com/papers/aktu-btech-sem-4-laser-system-and-applications-2024-25,https://ryzenstudy.com/uploads/1774896508091-BOE412_LASER_SYSTEM_AND_APPLICATIONS.pdf,BTech\Sem-04\2024-25\BTech__Sem04__2024-25__BOE412__laser-system-and-applications.pdf,BTech__Sem04__2024-25__BOE412__laser-system-and-applications.pdf,OK,2026-09-08 10:57:13
BTech,4,2025-26,BOE412,Laser System And Applications,https://ryzenstudy.com/papers/aktu-btech-sem-4-laser-system-and-applications-2025-26,https://ryzenstudy.com/uploads/1783939519133b8dt3-BOE412_LASER_SYSTEM_AND_APPLICATIONS.pdf,BTech\Sem-04\2025-26\BTech__Sem04__2025-26__BOE412__laser-system-and-applications.pdf,BTech__Sem04__2025-26__BOE412__laser-system-and-applications.pdf,OK,2026-09-08 10:57:18
BTech,4,2021-22,KME403,Manufacturing Processes,https://ryzenstudy.com/papers/aktu-btech-sem-4-manufacturing-processes-2021-22,https://ryzenstudy.com/uploads/1774896442073-MANUFACTURING_PROCESSES_KME403.pdf,BTech\Sem-04\2021-22\BTech__Sem04__2021-22__KME403__manufacturing-processes.pdf,BTech__Sem04__2021-22__KME403__manufacturing-processes.pdf,OK,2026-09-08 10:57:21
BTech,4,2022-23,KME-403,Manufacturing Processes,https://ryzenstudy.com/papers/aktu-btech-sem-4-manufacturing-processes-2022-23,https://ryzenstudy.com/uploads/1774896467590-MANUFACTURING_PROCESSES_KME_403.pdf,BTech\Sem-04\2022-23\BTech__Sem04__2022-23__KME-403__manufacturing-processes.pdf,BTech__Sem04__2022-23__KME-403__manufacturing-processes.pdf,OK,2026-09-08 10:57:24
BTech,4,2023-24,BME403,Manufacturing Processes,https://ryzenstudy.com/papers/aktu-btech-sem-4-manufacturing-processes-2023-24,https://ryzenstudy.com/uploads/1774896485245-BME403_MANUFACTURING_PROCESSES.pdf,BTech\Sem-04\2023-24\BTech__Sem04__2023-24__BME403__manufacturing-processes.pdf,BTech__Sem04__2023-24__BME403__manufacturing-processes.pdf,OK,2026-09-08 10:57:27
BTech,4,2024-25,BME403,Manufacturing Processes,https://ryzenstudy.com/papers/aktu-btech-sem-4-manufacturing-processes-2024-25,https://ryzenstudy.com/uploads/1774896505482-BME403_MANUFACTURING_PROCESSES.pdf,BTech\Sem-04\2024-25\BTech__Sem04__2024-25__BME403__manufacturing-processes.pdf,BTech__Sem04__2024-25__BME403__manufacturing-processes.pdf,OK,2026-09-08 10:57:31
BTech,4,2025-26,BME403,Manufacturing Processes,https://ryzenstudy.com/papers/aktu-btech-sem-4-manufacturing-processes-2025-26,https://ryzenstudy.com/uploads/1783939519121tg20v-BME403_MANUFACTURING_PROCESSES.pdf,BTech\Sem-04\2025-26\BTech__Sem04__2025-26__BME403__manufacturing-processes.pdf,BTech__Sem04__2025-26__BME403__manufacturing-processes.pdf,OK,2026-09-08 10:57:34
BTech,4,2021-22,KOE042,Material Science,https://ryzenstudy.com/papers/aktu-btech-sem-4-material-science-2021-22,https://ryzenstudy.com/uploads/1774896442555-MATERIAL_SCIENCE_KOE042.pdf,BTech\Sem-04\2021-22\BTech__Sem04__2021-22__KOE042__material-science.pdf,BTech__Sem04__2021-22__KOE042__material-science.pdf,OK,2026-09-08 10:57:37
BTech,4,2022-23,KOE-042,Material Science,https://ryzenstudy.com/papers/aktu-btech-sem-4-material-science-2022-23,https://ryzenstudy.com/uploads/1774896466754-MATERIAL_SCIENCE_KOE_042.pdf,BTech\Sem-04\2022-23\BTech__Sem04__2022-23__KOE-042__material-science.pdf,BTech__Sem04__2022-23__KOE-042__material-science.pdf,OK,2026-09-08 10:57:41
BTech,4,2023-24,BOE403,Material Science,https://ryzenstudy.com/papers/aktu-btech-sem-4-material-science-2023-24,https://ryzenstudy.com/uploads/1774896486125-BOE403_MATERIAL_SCIENCE.pdf,BTech\Sem-04\2023-24\BTech__Sem04__2023-24__BOE403__material-science.pdf,BTech__Sem04__2023-24__BOE403__material-science.pdf,OK,2026-09-08 10:57:44
BTech,4,2024-25,BOE403,Material Science,https://ryzenstudy.com/papers/aktu-btech-sem-4-material-science-2024-25,https://ryzenstudy.com/uploads/1774896508235-BOE403_MATERIAL_SCIENCE.pdf,BTech\Sem-04\2024-25\BTech__Sem04__2024-25__BOE403__material-science.pdf,BTech__Sem04__2024-25__BOE403__material-science.pdf,OK,2026-09-08 10:57:47
BTech,4,2025-26,BOE403,Material Science,https://ryzenstudy.com/papers/aktu-btech-sem-4-material-science-2025-26,https://ryzenstudy.com/uploads/1783939519124sg9u7-BOE403_MATERIAL_SCIENCE.pdf,BTech\Sem-04\2025-26\BTech__Sem04__2025-26__BOE403__material-science.pdf,BTech__Sem04__2025-26__BOE403__material-science.pdf,OK,2026-09-08 10:57:52
BTech,4,2022-23,KCE-401,Material Testing And Construction Practices,https://ryzenstudy.com/papers/aktu-btech-sem-4-material-testing-and-construction-practices-2022-23,https://ryzenstudy.com/uploads/1774896465977-MATERIAL_TESTING_AND_CONSTRUCTION_PRACTICES_KCE_401.pdf,BTech\Sem-04\2022-23\BTech__Sem04__2022-23__KCE-401__material-testing-and-construction-practices.pdf,BTech__Sem04__2022-23__KCE-401__material-testing-and-construction-practices.pdf,OK,2026-09-08 10:57:55
BTech,4,2021-22,KCE401,Materials Testing Construction Practices,https://ryzenstudy.com/papers/aktu-btech-sem-4-materials-testing-construction-practices-2021-22,https://ryzenstudy.com/uploads/1774896442898-MATERIALS_TESTING_CONSTRUCTION_PRACTICES_KCE401.pdf,BTech\Sem-04\2021-22\BTech__Sem04__2021-22__KCE401__materials-testing-construction-practices.pdf,BTech__Sem04__2021-22__KCE401__materials-testing-construction-practices.pdf,OK,2026-09-08 10:57:58
BTech,4,2023-24,BCE401,Materials Testing Construction Practices,https://ryzenstudy.com/papers/aktu-btech-sem-4-materials-testing-construction-practices-2023-24,https://ryzenstudy.com/uploads/1774896486661-BCE401_MATERIALS_TESTING_CONSTRUCTION_PRACTICES.pdf,BTech\Sem-04\2023-24\BTech__Sem04__2023-24__BCE401__materials-testing-construction-practices.pdf,BTech__Sem04__2023-24__BCE401__materials-testing-construction-practices.pdf,OK,2026-09-08 10:58:02
BTech,4,2024-25,BCE401,Materials Testing Construction Practices,https://ryzenstudy.com/papers/aktu-btech-sem-4-materials-testing-construction-practices-2024-25,https://ryzenstudy.com/uploads/1774896509358-BCE401_MATERIALS_TESTING_CONSTRUCTION_PRACTICES.pdf,BTech\Sem-04\2024-25\BTech__Sem04__2024-25__BCE401__materials-testing-construction-practices.pdf,BTech__Sem04__2024-25__BCE401__materials-testing-construction-practices.pdf,OK,2026-09-08 10:58:05
BTech,4,2022-23,KAS-403,Mathematics Iii,https://ryzenstudy.com/papers/aktu-btech-sem-4-mathematics-iii-2022-23,https://ryzenstudy.com/uploads/1774896468304-MATHEMATICS_III_KAS_403.pdf,BTech\Sem-04\2022-23\BTech__Sem04__2022-23__KAS-403__mathematics-iii.pdf,BTech__Sem04__2022-23__KAS-403__mathematics-iii.pdf,OK,2026-09-08 10:58:08
BTech,4,2023-24,BAS402,Mathematics –Iii,https://ryzenstudy.com/papers/aktu-btech-sem-4-mathematics-iii-2023-24,https://ryzenstudy.com/uploads/1774896486325-BAS402_MATHEMATICS__III.pdf,BTech\Sem-04\2023-24\BTech__Sem04__2023-24__BAS402__mathematics-iii.pdf,BTech__Sem04__2023-24__BAS402__mathematics-iii.pdf,OK,2026-09-08 10:58:12
BTech,4,2025-26,BAS402,Mathematics Iii,https://ryzenstudy.com/papers/aktu-btech-sem-4-mathematics-iii-2025-26,https://ryzenstudy.com/uploads/1783939519104dly9u-BAS402_MATHEMATICS__III.pdf,BTech\Sem-04\2025-26\BTech__Sem04__2025-26__BAS402__mathematics-iii.pdf,BTech__Sem04__2025-26__BAS402__mathematics-iii.pdf,OK,2026-09-08 10:58:16
BTech,4,2023-24,BAS403,Mathematics –Iv,https://ryzenstudy.com/papers/aktu-btech-sem-4-mathematics-iv-2023-24,https://ryzenstudy.com/uploads/1774896486791-BAS403_MATHEMATICS__IV.pdf,BTech\Sem-04\2023-24\BTech__Sem04__2023-24__BAS403__mathematics-iv.pdf,BTech__Sem04__2023-24__BAS403__mathematics-iv.pdf,OK,2026-09-08 10:58:20
BTech,4,2024-25,BAS403,Mathematics –Iv,https://ryzenstudy.com/papers/aktu-btech-sem-4-mathematics-iv-2024-25,https://ryzenstudy.com/uploads/1774896509527-BAS403_MATHEMATICS__IV.pdf,BTech\Sem-04\2024-25\BTech__Sem04__2024-25__BAS403__mathematics-iv.pdf,BTech__Sem04__2024-25__BAS403__mathematics-iv.pdf,OK,2026-09-08 10:58:23
BTech,4,2025-26,BAS403,Mathematics Iv,https://ryzenstudy.com/papers/aktu-btech-sem-4-mathematics-iv-2025-26,https://ryzenstudy.com/uploads/1783939519105cp761-BAS403_MATHEMATICS__IV.pdf,BTech\Sem-04\2025-26\BTech__Sem04__2025-26__BAS403__mathematics-iv.pdf,BTech__Sem04__2025-26__BAS403__mathematics-iv.pdf,OK,2026-09-08 10:58:27
BTech,4,2022-23,KAS-404,Mathematics V,https://ryzenstudy.com/papers/aktu-btech-sem-4-mathematics-v-2022-23,https://ryzenstudy.com/uploads/1774896465436-MATHEMATICS_V_KAS_404.pdf,BTech\Sem-04\2022-23\BTech__Sem04__2022-23__KAS-404__mathematics-v.pdf,BTech__Sem04__2022-23__KAS-404__mathematics-v.pdf,OK,2026-09-08 10:58:30
BTech,4,2023-24,BAS404,Mathematics V,https://ryzenstudy.com/papers/aktu-btech-sem-4-mathematics-v-2023-24,https://ryzenstudy.com/uploads/1774896485330-BAS404_MATHEMATICS_V.pdf,BTech\Sem-04\2023-24\BTech__Sem04__2023-24__BAS404__mathematics-v.pdf,BTech__Sem04__2023-24__BAS404__mathematics-v.pdf,OK,2026-09-08 10:58:33
BTech,4,2025-26,BAS404,Mathematics V,https://ryzenstudy.com/papers/aktu-btech-sem-4-mathematics-v-2025-26,https://ryzenstudy.com/uploads/1783939519106y13fb-BAS404_MATHEMATICS_V.pdf,BTech\Sem-04\2025-26\BTech__Sem04__2025-26__BAS404__mathematics-v.pdf,BTech__Sem04__2025-26__BAS404__mathematics-v.pdf,OK,2026-09-08 10:58:37
BTech,4,2021-22,KAS403,Maths Iii,https://ryzenstudy.com/papers/aktu-btech-sem-4-maths-iii-2021-22,https://ryzenstudy.com/uploads/1774896444397-MATHS_III_KAS403.pdf,BTech\Sem-04\2021-22\BTech__Sem04__2021-22__KAS403__maths-iii.pdf,BTech__Sem04__2021-22__KAS403__maths-iii.pdf,OK,2026-09-08 10:58:40
BTech,4,2021-22,KAS402,Maths Iv,https://ryzenstudy.com/papers/aktu-btech-sem-4-maths-iv-2021-22,https://ryzenstudy.com/uploads/1774896442638-MATHS_IV_KAS402.pdf,BTech\Sem-04\2021-22\BTech__Sem04__2021-22__KAS402__maths-iv.pdf,BTech__Sem04__2021-22__KAS402__maths-iv.pdf,OK,2026-09-08 10:58:44
BTech,4,2021-22,KCS403,Microprocessor,https://ryzenstudy.com/papers/aktu-btech-sem-4-microprocessor-2021-22,https://ryzenstudy.com/uploads/1774896443819-MICROPROCESSOR_KCS403.pdf,BTech\Sem-04\2021-22\BTech__Sem04__2021-22__KCS403__microprocessor.pdf,BTech__Sem04__2021-22__KCS403__microprocessor.pdf,OK,2026-09-08 10:58:47
BTech,4,2022-23,KCS-403,Microprocessor,https://ryzenstudy.com/papers/aktu-btech-sem-4-microprocessor-2022-23,https://ryzenstudy.com/uploads/1774896465906-MICROPROCESSOR_KCS_403.pdf,BTech\Sem-04\2022-23\BTech__Sem04__2022-23__KCS-403__microprocessor.pdf,BTech__Sem04__2022-23__KCS-403__microprocessor.pdf,OK,2026-09-08 10:58:50
BTech,4,2021-22,KEE403,Networks Analysis Synthesis,https://ryzenstudy.com/papers/aktu-btech-sem-4-networks-analysis-synthesis-2021-22,https://ryzenstudy.com/uploads/1774896442216-NETWORKS_ANALYSIS_SYNTHESIS_KEE403.pdf,BTech\Sem-04\2021-22\BTech__Sem04__2021-22__KEE403__networks-analysis-synthesis.pdf,BTech__Sem04__2021-22__KEE403__networks-analysis-synthesis.pdf,OK,2026-09-08 10:58:53
BTech,4,2022-23,KEE-403,Networks Analysis Synthesis,https://ryzenstudy.com/papers/aktu-btech-sem-4-networks-analysis-synthesis-2022-23,https://ryzenstudy.com/uploads/1774896465646-NETWORKS_ANALYSIS_SYNTHESIS_KEE_403.pdf,BTech\Sem-04\2022-23\BTech__Sem04__2022-23__KEE-403__networks-analysis-synthesis.pdf,BTech__Sem04__2022-23__KEE-403__networks-analysis-synthesis.pdf,OK,2026-09-08 10:58:57
BTech,4,2023-24,BEE403,Networks Analysis Synthesis,https://ryzenstudy.com/papers/aktu-btech-sem-4-networks-analysis-synthesis-2023-24,https://ryzenstudy.com/uploads/1774896486578-BEE403_NETWORKS_ANALYSIS_SYNTHESIS.pdf,BTech\Sem-04\2023-24\BTech__Sem04__2023-24__BEE403__networks-analysis-synthesis.pdf,BTech__Sem04__2023-24__BEE403__networks-analysis-synthesis.pdf,OK,2026-09-08 10:59:00
BTech,4,2024-25,BEE403,Networks Analysis Synthesis,https://ryzenstudy.com/papers/aktu-btech-sem-4-networks-analysis-synthesis-2024-25,https://ryzenstudy.com/uploads/1774896509056-BEE403_NETWORKS_ANALYSIS_SYNTHESIS.pdf,BTech\Sem-04\2024-25\BTech__Sem04__2024-25__BEE403__networks-analysis-synthesis.pdf,BTech__Sem04__2024-25__BEE403__networks-analysis-synthesis.pdf,OK,2026-09-08 10:59:03
BTech,4,2025-26,BEE403,Networks Analysis Synthesis,https://ryzenstudy.com/papers/aktu-btech-sem-4-networks-analysis-synthesis-2025-26,https://ryzenstudy.com/uploads/1783939519118343zr-BEE403_NETWORKS_ANALYSIS_SYNTHESIS.pdf,BTech\Sem-04\2025-26\BTech__Sem04__2025-26__BEE403__networks-analysis-synthesis.pdf,BTech__Sem04__2025-26__BEE403__networks-analysis-synthesis.pdf,OK,2026-09-08 10:59:07
BTech,4,2023-24,BCS403,Object Oriented Programming With Java,https://ryzenstudy.com/papers/aktu-btech-sem-4-object-oriented-programming-with-java-2023-24,https://ryzenstudy.com/uploads/1774896484764-BCS403_OBJECT_ORIENTED_PROGRAMMING_WITH_JAVA.pdf,BTech\Sem-04\2023-24\BTech__Sem04__2023-24__BCS403__object-oriented-programming-with-java.pdf,BTech__Sem04__2023-24__BCS403__object-oriented-programming-with-java.pdf,OK,2026-09-08 10:59:10
BTech,4,2024-25,BCS403,Object Oriented Programming With Java,https://ryzenstudy.com/papers/aktu-btech-sem-4-object-oriented-programming-with-java-2024-25,https://ryzenstudy.com/uploads/1774896505684-BCS403OBJECT_ORIENTED_PROGRAMMING_WITH_JAVA.pdf,BTech\Sem-04\2024-25\BTech__Sem04__2024-25__BCS403__object-oriented-programming-with-java.pdf,BTech__Sem04__2024-25__BCS403__object-oriented-programming-with-java.pdf,OK,2026-09-08 10:59:14
BTech,4,2025-26,BCS403,Object Oriented Programming With Java,https://ryzenstudy.com/papers/aktu-btech-sem-4-object-oriented-programming-with-java-2025-26,https://ryzenstudy.com/uploads/1783939519111hrrkg-BCS403_OBJECT_ORIENTED_PROGRAMMING_WITH_JAVA.pdf,BTech\Sem-04\2025-26\BTech__Sem04__2025-26__BCS403__object-oriented-programming-with-java.pdf,BTech__Sem04__2025-26__BCS403__object-oriented-programming-with-java.pdf,OK,2026-09-08 10:59:17
BTech,4,2023-24,BCS401,Operating System,https://ryzenstudy.com/papers/aktu-btech-sem-4-operating-system-2023-24,https://ryzenstudy.com/uploads/1774896485961-BCS401_OPERATING_SYSTEM.pdf,BTech\Sem-04\2023-24\BTech__Sem04__2023-24__BCS401__operating-system.pdf,BTech__Sem04__2023-24__BCS401__operating-system.pdf,OK,2026-09-08 10:59:21
BTech,4,2024-25,BCS401,Operating System,https://ryzenstudy.com/papers/aktu-btech-sem-4-operating-system-2024-25,https://ryzenstudy.com/uploads/1774896507799-BCS401_OPERATING_SYSTEM.pdf,BTech\Sem-04\2024-25\BTech__Sem04__2024-25__BCS401__operating-system.pdf,BTech__Sem04__2024-25__BCS401__operating-system.pdf,OK,2026-09-08 10:59:24
BTech,4,2025-26,BCS401,Operating System,https://ryzenstudy.com/papers/aktu-btech-sem-4-operating-system-2025-26,https://ryzenstudy.com/uploads/1783939519109kpsu2-BCS401_OPERATING_SYSTEM.pdf,BTech\Sem-04\2025-26\BTech__Sem04__2025-26__BCS401__operating-system.pdf,BTech__Sem04__2025-26__BCS401__operating-system.pdf,OK,2026-09-08 10:59:27
BTech,4,2021-22,KCS401,Operating Systems,https://ryzenstudy.com/papers/aktu-btech-sem-4-operating-systems-2021-22,https://ryzenstudy.com/uploads/1774896442395-OPERATING_SYSTEMS_KCS401.pdf,BTech\Sem-04\2021-22\BTech__Sem04__2021-22__KCS401__operating-systems.pdf,BTech__Sem04__2021-22__KCS401__operating-systems.pdf,OK,2026-09-08 10:59:31
BTech,4,2022-23,KCS-401,Operating Systems,https://ryzenstudy.com/papers/aktu-btech-sem-4-operating-systems-2022-23,https://ryzenstudy.com/uploads/1774896466326-OPERATING_SYSTEMS_KCS_401.pdf,BTech\Sem-04\2022-23\BTech__Sem04__2022-23__KCS-401__operating-systems.pdf,BTech__Sem04__2022-23__KCS-401__operating-systems.pdf,OK,2026-09-08 10:59:34
BTech,4,2024-25,BOE411,Polymer Science And Technology,https://ryzenstudy.com/papers/aktu-btech-sem-4-polymer-science-and-technology-2024-25,https://ryzenstudy.com/uploads/1774896503297-BOE411_POLYMER_SCIENCE_AND_TECHNOLOGY.pdf,BTech\Sem-04\2024-25\BTech__Sem04__2024-25__BOE411__polymer-science-and-technology.pdf,BTech__Sem04__2024-25__BOE411__polymer-science-and-technology.pdf,OK,2026-09-08 10:59:37
BTech,4,2025-26,BOE411,Polymer Science And Technology,https://ryzenstudy.com/papers/aktu-btech-sem-4-polymer-science-and-technology-2025-26,https://ryzenstudy.com/uploads/17839395191323n1dk-BOE411_POLYMER_SCIENCE_AND_TECHNOLOGY.pdf,BTech\Sem-04\2025-26\BTech__Sem04__2025-26__BOE411__polymer-science-and-technology.pdf,BTech__Sem04__2025-26__BOE411__polymer-science-and-technology.pdf,OK,2026-09-08 10:59:41
BTech,4,2021-22,KNC402,Python Programming,https://ryzenstudy.com/papers/aktu-btech-sem-4-python-programming-2021-22,https://ryzenstudy.com/uploads/1774896444641-PYTHON_PROGRAMMING_KNC402.pdf,BTech\Sem-04\2021-22\BTech__Sem04__2021-22__KNC402__python-programming.pdf,BTech__Sem04__2021-22__KNC402__python-programming.pdf,OK,2026-09-08 10:59:44
BTech,4,2022-23,KNC-402,Python Programming,https://ryzenstudy.com/papers/aktu-btech-sem-4-python-programming-2022-23,https://ryzenstudy.com/uploads/1774896466181-PYTHON_PROGRAMMING_KNC_402.pdf,BTech\Sem-04\2022-23\BTech__Sem04__2022-23__KNC-402__python-programming.pdf,BTech__Sem04__2022-23__KNC-402__python-programming.pdf,OK,2026-09-08 10:59:47
BTech,4,2024-25,BCC402,Python Programming,https://ryzenstudy.com/papers/aktu-btech-sem-4-python-programming-2024-25,https://ryzenstudy.com/uploads/1774896503711-BCC402_PYTHON_PROGRAMMING.pdf,BTech\Sem-04\2024-25\BTech__Sem04__2024-25__BCC402__python-programming.pdf,BTech__Sem04__2024-25__BCC402__python-programming.pdf,OK,2026-09-08 10:59:50
BTech,4,2025-26,BCC402,Python Programming,https://ryzenstudy.com/papers/aktu-btech-sem-4-python-programming-2025-26,https://ryzenstudy.com/uploads/17839395191086laxu-BCC402_PYTHON_PROGRAMMING.pdf,BTech\Sem-04\2025-26\BTech__Sem04__2025-26__BCC402__python-programming.pdf,BTech__Sem04__2025-26__BCC402__python-programming.pdf,OK,2026-09-08 10:59:53
BTech,4,2021-22,KOE044,Sensor And Instrumentation,https://ryzenstudy.com/papers/aktu-btech-sem-4-sensor-and-instrumentation-2021-22,https://ryzenstudy.com/uploads/1774896444313-SENSOR_AND_INSTRUMENTATION_KOE044.pdf,BTech\Sem-04\2021-22\BTech__Sem04__2021-22__KOE044__sensor-and-instrumentation.pdf,BTech__Sem04__2021-22__KOE044__sensor-and-instrumentation.pdf,OK,2026-09-08 10:59:57
BTech,4,2023-24,BOE405,Sensor Instrumentation,https://ryzenstudy.com/papers/aktu-btech-sem-4-sensor-instrumentation-2023-24,https://ryzenstudy.com/uploads/1774896486900-BOE405_SENSOR_INSTRUMENTATION.pdf,BTech\Sem-04\2023-24\BTech__Sem04__2023-24__BOE405__sensor-instrumentation.pdf,BTech__Sem04__2023-24__BOE405__sensor-instrumentation.pdf,OK,2026-09-08 11:00:00
BTech,4,2024-25,BOE405,Sensor Instrumentation,https://ryzenstudy.com/papers/aktu-btech-sem-4-sensor-instrumentation-2024-25,https://ryzenstudy.com/uploads/1774896509848-BOE405_SENSOR_INSTRUMENTATION.pdf,BTech\Sem-04\2024-25\BTech__Sem04__2024-25__BOE405__sensor-instrumentation.pdf,BTech__Sem04__2024-25__BOE405__sensor-instrumentation.pdf,OK,2026-09-08 11:00:04
BTech,4,2025-26,BOE405,Sensor Instrumentation,https://ryzenstudy.com/papers/aktu-btech-sem-4-sensor-instrumentation-2025-26,https://ryzenstudy.com/uploads/1783939519126sheol-BOE405_SENSOR_INSTRUMENTATION.pdf,BTech\Sem-04\2025-26\BTech__Sem04__2025-26__BOE405__sensor-instrumentation.pdf,BTech__Sem04__2025-26__BOE405__sensor-instrumentation.pdf,OK,2026-09-08 11:00:07
BTech,4,2022-23,KOE-044,Sensors Instrumentation,https://ryzenstudy.com/papers/aktu-btech-sem-4-sensors-instrumentation-2022-23,https://ryzenstudy.com/uploads/1774896467666-SENSORS_INSTRUMENTATION_KOE_044.pdf,BTech\Sem-04\2022-23\BTech__Sem04__2022-23__KOE-044__sensors-instrumentation.pdf,BTech__Sem04__2022-23__KOE-044__sensors-instrumentation.pdf,OK,2026-09-08 11:00:10
BTech,4,2021-22,KEC403,Signal System,https://ryzenstudy.com/papers/aktu-btech-sem-4-signal-system-2021-22,https://ryzenstudy.com/uploads/1774896443148-SIGNAL_SYSTEM_KEC403.pdf,BTech\Sem-04\2021-22\BTech__Sem04__2021-22__KEC403__signal-system.pdf,BTech__Sem04__2021-22__KEC403__signal-system.pdf,OK,2026-09-08 11:00:14
BTech,4,2022-23,KEC-403,Signal System,https://ryzenstudy.com/papers/aktu-btech-sem-4-signal-system-2022-23,https://ryzenstudy.com/uploads/1774896466902-SIGNAL_SYSTEM_KEC_403.pdf,BTech\Sem-04\2022-23\BTech__Sem04__2022-23__KEC-403__signal-system.pdf,BTech__Sem04__2022-23__KEC-403__signal-system.pdf,OK,2026-09-08 11:00:17
BTech,4,2023-24,BEC403,Signal System,https://ryzenstudy.com/papers/aktu-btech-sem-4-signal-system-2023-24,https://ryzenstudy.com/uploads/1774896486044-BEC403_SIGNAL_SYSTEM.pdf,BTech\Sem-04\2023-24\BTech__Sem04__2023-24__BEC403__signal-system.pdf,BTech__Sem04__2023-24__BEC403__signal-system.pdf,OK,2026-09-08 11:00:21
BTech,4,2024-25,BEC403,Signal System,https://ryzenstudy.com/papers/aktu-btech-sem-4-signal-system-2024-25,https://ryzenstudy.com/uploads/1774896507939-BEC403_SIGNAL_SYSTEM.pdf,BTech\Sem-04\2024-25\BTech__Sem04__2024-25__BEC403__signal-system.pdf,BTech__Sem04__2024-25__BEC403__signal-system.pdf,OK,2026-09-08 11:00:24
BTech,4,2025-26,BEC403,Signal System,https://ryzenstudy.com/papers/aktu-btech-sem-4-signal-system-2025-26,https://ryzenstudy.com/uploads/1783939519115gb27l-BEC403_SIGNAL_SYSTEM.pdf,BTech\Sem-04\2025-26\BTech__Sem04__2025-26__BEC403__signal-system.pdf,BTech__Sem04__2025-26__BEC403__signal-system.pdf,OK,2026-09-08 11:00:27
BTech,4,2021-22,KAS401,Technical Communication,https://ryzenstudy.com/papers/aktu-btech-sem-4-technical-communication-2021-22,https://ryzenstudy.com/uploads/1774896442473-TECHNICAL_COMMUNICATION_KAS401.pdf,BTech\Sem-04\2021-22\BTech__Sem04__2021-22__KAS401__technical-communication.pdf,BTech__Sem04__2021-22__KAS401__technical-communication.pdf,OK,2026-09-08 11:00:30
BTech,4,2022-23,KAS-401,Technical Communication,https://ryzenstudy.com/papers/aktu-btech-sem-4-technical-communication-2022-23,https://ryzenstudy.com/uploads/1774896465799-TECHNICAL_COMMUNICATION_KAS_401.pdf,BTech\Sem-04\2022-23\BTech__Sem04__2022-23__KAS-401__technical-communication.pdf,BTech__Sem04__2022-23__KAS-401__technical-communication.pdf,OK,2026-09-08 11:00:34
BTech,4,2023-24,BAS401,Technical Communication,https://ryzenstudy.com/papers/aktu-btech-sem-4-technical-communication-2023-24,https://ryzenstudy.com/uploads/1774896485527-BAS401_TECHNICAL_COMMUNICATION.pdf,BTech\Sem-04\2023-24\BTech__Sem04__2023-24__BAS401__technical-communication.pdf,BTech__Sem04__2023-24__BAS401__technical-communication.pdf,OK,2026-09-08 11:00:37
BTech,7,2021-22,KAU-072,Hybrid Vehicle Propulsion,https://ryzenstudy.com/papers/aktu-btech-sem-7-hybrid-vehicle-propulsion-2021-22,https://ryzenstudy.com/uploads/1774897163932-HYBRID_VEHICLE_PROPULSION_KAU_072.pdf,,,NOT_A_PDF,
