course,semester,academic_year,subject_slug,url
BBA,Sem 1,2024-25,business-communication,https://ryzenstudy.com/papers/aktu-bba-sem-1-business-communication-2024-25
BBA,Sem 1,2024-25,business-english,https://ryzenstudy.com/papers/aktu-bba-sem-1-business-english-2024-25
BBA,Sem 1,2024-25,business-mathematics,https://ryzenstudy.com/papers/aktu-bba-sem-1-business-mathematics-2024-25
BBA,Sem 1,2024-25,environmental-science,https://ryzenstudy.com/papers/aktu-bba-sem-1-environmental-science-2024-25
BBA,Sem 1,2024-25,financial-accounting,https://ryzenstudy.com/papers/aktu-bba-sem-1-financial-accounting-2024-25
BBA,Sem 1,2024-25,it-application-i,https://ryzenstudy.com/papers/aktu-bba-sem-1-it-application-i-2024-25
BBA,Sem 1,2024-25,principles-of-management,https://ryzenstudy.com/papers/aktu-bba-sem-1-principles-of-management-2024-25
BBA,Sem 1,2025-26,business-communication,https://ryzenstudy.com/papers/aktu-bba-sem-1-business-communication-2025-26
BBA,Sem 1,2025-26,business-english,https://ryzenstudy.com/papers/aktu-bba-sem-1-business-english-2025-26
BBA,Sem 1,2025-26,business-mathematics,https://ryzenstudy.com/papers/aktu-bba-sem-1-business-mathematics-2025-26
BBA,Sem 1,2025-26,environmental-science,https://ryzenstudy.com/papers/aktu-bba-sem-1-environmental-science-2025-26
BBA,Sem 1,2025-26,financial-accounting,https://ryzenstudy.com/papers/aktu-bba-sem-1-financial-accounting-2025-26
BBA,Sem 1,2025-26,it-application-i,https://ryzenstudy.com/papers/aktu-bba-sem-1-it-application-i-2025-26
BBA,Sem 1,2025-26,principles-of-management,https://ryzenstudy.com/papers/aktu-bba-sem-1-principles-of-management-2025-26
BBA,Sem 2,2024-25,basics-of-statistics,https://ryzenstudy.com/papers/aktu-bba-sem-2-basics-of-statistics-2024-25
BBA,Sem 2,2024-25,it-application-ii,https://ryzenstudy.com/papers/aktu-bba-sem-2-it-application-ii-2024-25
BBA,Sem 2,2024-25,management-accounting,https://ryzenstudy.com/papers/aktu-bba-sem-2-management-accounting-2024-25
BBA,Sem 2,2024-25,organizational-behavior,https://ryzenstudy.com/papers/aktu-bba-sem-2-organizational-behavior-2024-25
BBA,Sem 2,2024-25,principals-of-economics,https://ryzenstudy.com/papers/aktu-bba-sem-2-principals-of-economics-2024-25
BBA,Sem 2,2024-25,soft-skills-i,https://ryzenstudy.com/papers/aktu-bba-sem-2-soft-skills-i-2024-25
BBA,Sem 3,2025-26,customer-relationship-management,https://ryzenstudy.com/papers/aktu-bba-sem-3-customer-relationship-management-2025-26
BBA,Sem 3,2025-26,financial-management,https://ryzenstudy.com/papers/aktu-bba-sem-3-financial-management-2025-26
BBA,Sem 3,2025-26,holistic-health-happiness,https://ryzenstudy.com/papers/aktu-bba-sem-3-holistic-health-happiness-2025-26
BBA,Sem 3,2025-26,human-resource-management,https://ryzenstudy.com/papers/aktu-bba-sem-3-human-resource-management-2025-26
BBA,Sem 3,2025-26,marketing-management-i,https://ryzenstudy.com/papers/aktu-bba-sem-3-marketing-management-i-2025-26
BBA,Sem 3,2025-26,quantitative-techniques,https://ryzenstudy.com/papers/aktu-bba-sem-3-quantitative-techniques-2025-26
BBA,Sem 3,2025-26,soft-skills-2,https://ryzenstudy.com/papers/aktu-bba-sem-3-soft-skills-2-2025-26
BCA,Sem 1,2024-25,communication-skills,https://ryzenstudy.com/papers/aktu-bca-sem-1-communication-skills-2024-25
BCA,Sem 1,2024-25,environment-and-ecology,https://ryzenstudy.com/papers/aktu-bca-sem-1-environment-and-ecology-2024-25
BCA,Sem 1,2024-25,fundamentals-of-computer,https://ryzenstudy.com/papers/aktu-bca-sem-1-fundamentals-of-computer-2024-25
BCA,Sem 1,2024-25,mathematical-foundation,https://ryzenstudy.com/papers/aktu-bca-sem-1-mathematical-foundation-2024-25
BCA,Sem 1,2024-25,problem-solving-using-c,https://ryzenstudy.com/papers/aktu-bca-sem-1-problem-solving-using-c-2024-25
BCA,Sem 1,2025-26,communication-skills,https://ryzenstudy.com/papers/aktu-bca-sem-1-communication-skills-2025-26
BCA,Sem 1,2025-26,elementary-mathematics-bridge-course,https://ryzenstudy.com/papers/aktu-bca-sem-1-elementary-mathematics-bridge-course-2025-26
BCA,Sem 1,2025-26,environment-and-ecology,https://ryzenstudy.com/papers/aktu-bca-sem-1-environment-and-ecology-2025-26
BCA,Sem 1,2025-26,fundamentals-of-computer,https://ryzenstudy.com/papers/aktu-bca-sem-1-fundamentals-of-computer-2025-26
BCA,Sem 1,2025-26,information-systems,https://ryzenstudy.com/papers/aktu-bca-sem-1-information-systems-2025-26
BCA,Sem 1,2025-26,mathematical-foundation,https://ryzenstudy.com/papers/aktu-bca-sem-1-mathematical-foundation-2025-26
BCA,Sem 1,2025-26,problem-solving-using-c,https://ryzenstudy.com/papers/aktu-bca-sem-1-problem-solving-using-c-2025-26
BCA,Sem 2,2024-25,data-structure,https://ryzenstudy.com/papers/aktu-bca-sem-2-data-structure-2024-25
BCA,Sem 2,2024-25,digital-electronics,https://ryzenstudy.com/papers/aktu-bca-sem-2-digital-electronics-2024-25
BCA,Sem 2,2024-25,discrete-mathematics,https://ryzenstudy.com/papers/aktu-bca-sem-2-discrete-mathematics-2024-25
BCA,Sem 2,2024-25,information-systems,https://ryzenstudy.com/papers/aktu-bca-sem-2-information-systems-2024-25
BCA,Sem 2,2024-25,professional-communication,https://ryzenstudy.com/papers/aktu-bca-sem-2-professional-communication-2024-25
BCA,Sem 3,2025-26,business-communication,https://ryzenstudy.com/papers/aktu-bca-sem-3-business-communication-2025-26
BCA,Sem 3,2025-26,computer-organization,https://ryzenstudy.com/papers/aktu-bca-sem-3-computer-organization-2025-26
BCA,Sem 3,2025-26,object-oriented-programming-in-c,https://ryzenstudy.com/papers/aktu-bca-sem-3-object-oriented-programming-in-c-2025-26
BCA,Sem 3,2025-26,universal-human-values-and-professional-ethics,https://ryzenstudy.com/papers/aktu-bca-sem-3-universal-human-values-and-professional-ethics-2025-26
BCA,Sem 3,2025-26,web-technology,https://ryzenstudy.com/papers/aktu-bca-sem-3-web-technology-2025-26
BPHARM,Sem 1,2022-23,human-anatomy-and-physiology-theory,https://ryzenstudy.com/papers/aktu-bpharm-sem-1-human-anatomy-and-physiology-theory-2022-23
BPHARM,Sem 1,2022-23,pharmaceutical-analysis-i,https://ryzenstudy.com/papers/aktu-bpharm-sem-1-pharmaceutical-analysis-i-2022-23
BPHARM,Sem 1,2022-23,pharmaceutical-inorganic-chemistry,https://ryzenstudy.com/papers/aktu-bpharm-sem-1-pharmaceutical-inorganic-chemistry-2022-23
BPHARM,Sem 1,2022-23,pharmaceutics-i,https://ryzenstudy.com/papers/aktu-bpharm-sem-1-pharmaceutics-i-2022-23
BPHARM,Sem 1,2023-24,human-anatomy-and-physiology-theory,https://ryzenstudy.com/papers/aktu-bpharm-sem-1-human-anatomy-and-physiology-theory-2023-24
BPHARM,Sem 1,2023-24,pharmaceutical-analysisi-theory,https://ryzenstudy.com/papers/aktu-bpharm-sem-1-pharmaceutical-analysisi-theory-2023-24
BPHARM,Sem 1,2023-24,pharmaceutical-inorganic-chemistry-theory,https://ryzenstudy.com/papers/aktu-bpharm-sem-1-pharmaceutical-inorganic-chemistry-theory-2023-24
BPHARM,Sem 1,2023-24,pharmaceutics-i-theory,https://ryzenstudy.com/papers/aktu-bpharm-sem-1-pharmaceutics-i-theory-2023-24
BPHARM,Sem 1,2024-25,human-anatomy-and-physiology-theory,https://ryzenstudy.com/papers/aktu-bpharm-sem-1-human-anatomy-and-physiology-theory-2024-25
BPHARM,Sem 1,2024-25,pharmaceutical-analysisi-theory,https://ryzenstudy.com/papers/aktu-bpharm-sem-1-pharmaceutical-analysisi-theory-2024-25
BPHARM,Sem 1,2024-25,pharmaceutical-inorganic-chemistry-theory,https://ryzenstudy.com/papers/aktu-bpharm-sem-1-pharmaceutical-inorganic-chemistry-theory-2024-25
BPHARM,Sem 1,2024-25,pharmaceutics-i-theory,https://ryzenstudy.com/papers/aktu-bpharm-sem-1-pharmaceutics-i-theory-2024-25
BPHARM,Sem 1,2025-26,human-anatomy-and-physiology-1,https://ryzenstudy.com/papers/aktu-bpharm-sem-1-human-anatomy-and-physiology-1-2025-26
BPHARM,Sem 1,2025-26,pharmaceutial-analysis-i-1,https://ryzenstudy.com/papers/aktu-bpharm-sem-1-pharmaceutial-analysis-i-1-2025-26
BPHARM,Sem 1,2025-26,pharmaceutical-inorganic-chemistry-1,https://ryzenstudy.com/papers/aktu-bpharm-sem-1-pharmaceutical-inorganic-chemistry-1-2025-26
BPHARM,Sem 1,2025-26,pharmaceutics-i-1,https://ryzenstudy.com/papers/aktu-bpharm-sem-1-pharmaceutics-i-1-2025-26
BPHARM,Sem 2,2021-22,biochemistry,https://ryzenstudy.com/papers/aktu-bpharm-sem-2-biochemistry-2021-22
BPHARM,Sem 2,2021-22,human-anatomy-and-physiology-ii,https://ryzenstudy.com/papers/aktu-bpharm-sem-2-human-anatomy-and-physiology-ii-2021-22
BPHARM,Sem 2,2021-22,pathophysiology,https://ryzenstudy.com/papers/aktu-bpharm-sem-2-pathophysiology-2021-22
BPHARM,Sem 2,2021-22,pharmaceutical-organic-chemistry-i,https://ryzenstudy.com/papers/aktu-bpharm-sem-2-pharmaceutical-organic-chemistry-i-2021-22
BPHARM,Sem 2,2022-23,biochemistry,https://ryzenstudy.com/papers/aktu-bpharm-sem-2-biochemistry-2022-23
BPHARM,Sem 2,2022-23,human-anatomy-and-physiology-ii,https://ryzenstudy.com/papers/aktu-bpharm-sem-2-human-anatomy-and-physiology-ii-2022-23
BPHARM,Sem 2,2022-23,pathophysiology,https://ryzenstudy.com/papers/aktu-bpharm-sem-2-pathophysiology-2022-23
BPHARM,Sem 2,2022-23,pharmaceutical-organic-chemistry-i,https://ryzenstudy.com/papers/aktu-bpharm-sem-2-pharmaceutical-organic-chemistry-i-2022-23
BPHARM,Sem 2,2023-24,biochemistry,https://ryzenstudy.com/papers/aktu-bpharm-sem-2-biochemistry-2023-24
BPHARM,Sem 2,2023-24,human-anatomy-and-physiology-ii,https://ryzenstudy.com/papers/aktu-bpharm-sem-2-human-anatomy-and-physiology-ii-2023-24
BPHARM,Sem 2,2023-24,pathophysiology,https://ryzenstudy.com/papers/aktu-bpharm-sem-2-pathophysiology-2023-24
BPHARM,Sem 2,2023-24,pharmaceutical-organic-chemistry-i,https://ryzenstudy.com/papers/aktu-bpharm-sem-2-pharmaceutical-organic-chemistry-i-2023-24
BPHARM,Sem 2,2024-25,biochemistry,https://ryzenstudy.com/papers/aktu-bpharm-sem-2-biochemistry-2024-25
BPHARM,Sem 2,2024-25,human-anatomy-and-physiology-ii,https://ryzenstudy.com/papers/aktu-bpharm-sem-2-human-anatomy-and-physiology-ii-2024-25
BPHARM,Sem 2,2024-25,pathophysiology,https://ryzenstudy.com/papers/aktu-bpharm-sem-2-pathophysiology-2024-25
BPHARM,Sem 2,2024-25,pharmaceutical-organic-chemistry-i,https://ryzenstudy.com/papers/aktu-bpharm-sem-2-pharmaceutical-organic-chemistry-i-2024-25
BPHARM,Sem 3,2021-22,pharmaceutical-engineering,https://ryzenstudy.com/papers/aktu-bpharm-sem-3-pharmaceutical-engineering-2021-22
BPHARM,Sem 3,2021-22,pharmaceutical-microbiology,https://ryzenstudy.com/papers/aktu-bpharm-sem-3-pharmaceutical-microbiology-2021-22
BPHARM,Sem 3,2021-22,pharmaceutical-organic-chemistry-ii,https://ryzenstudy.com/papers/aktu-bpharm-sem-3-pharmaceutical-organic-chemistry-ii-2021-22
BPHARM,Sem 3,2021-22,physical-pharmaceutics-i,https://ryzenstudy.com/papers/aktu-bpharm-sem-3-physical-pharmaceutics-i-2021-22
BPHARM,Sem 3,2022-23,pharmaceutical-engineering,https://ryzenstudy.com/papers/aktu-bpharm-sem-3-pharmaceutical-engineering-2022-23
BPHARM,Sem 3,2022-23,pharmaceutical-microbiology,https://ryzenstudy.com/papers/aktu-bpharm-sem-3-pharmaceutical-microbiology-2022-23
BPHARM,Sem 3,2022-23,pharmaceutical-organic-chemistry-ii,https://ryzenstudy.com/papers/aktu-bpharm-sem-3-pharmaceutical-organic-chemistry-ii-2022-23
BPHARM,Sem 3,2022-23,physical-pharmaceutics-i,https://ryzenstudy.com/papers/aktu-bpharm-sem-3-physical-pharmaceutics-i-2022-23
BPHARM,Sem 3,2022-23,universal-human-values,https://ryzenstudy.com/papers/aktu-bpharm-sem-3-universal-human-values-2022-23
BPHARM,Sem 3,2023-24,pharmaceutical-engineering,https://ryzenstudy.com/papers/aktu-bpharm-sem-3-pharmaceutical-engineering-2023-24
BPHARM,Sem 3,2023-24,pharmaceutical-microbiology,https://ryzenstudy.com/papers/aktu-bpharm-sem-3-pharmaceutical-microbiology-2023-24
BPHARM,Sem 3,2023-24,pharmaceutical-organic-chemistry-ii,https://ryzenstudy.com/papers/aktu-bpharm-sem-3-pharmaceutical-organic-chemistry-ii-2023-24
BPHARM,Sem 3,2023-24,physical-pharmaceutics-i,https://ryzenstudy.com/papers/aktu-bpharm-sem-3-physical-pharmaceutics-i-2023-24
BPHARM,Sem 3,2023-24,universal-human-values-professional-ethics,https://ryzenstudy.com/papers/aktu-bpharm-sem-3-universal-human-values-professional-ethics-2023-24
BPHARM,Sem 3,2024-25,pharmaceutical-engineering,https://ryzenstudy.com/papers/aktu-bpharm-sem-3-pharmaceutical-engineering-2024-25
BPHARM,Sem 3,2024-25,pharmaceutical-microbiology,https://ryzenstudy.com/papers/aktu-bpharm-sem-3-pharmaceutical-microbiology-2024-25
BPHARM,Sem 3,2024-25,pharmaceutical-organic-chemistry-ii,https://ryzenstudy.com/papers/aktu-bpharm-sem-3-pharmaceutical-organic-chemistry-ii-2024-25
BPHARM,Sem 3,2024-25,physical-pharmaceutics-i,https://ryzenstudy.com/papers/aktu-bpharm-sem-3-physical-pharmaceutics-i-2024-25
BPHARM,Sem 3,2025-26,pharmaceutical-engineering,https://ryzenstudy.com/papers/aktu-bpharm-sem-3-pharmaceutical-engineering-2025-26
BPHARM,Sem 3,2025-26,pharmaceutical-microbiology,https://ryzenstudy.com/papers/aktu-bpharm-sem-3-pharmaceutical-microbiology-2025-26
BPHARM,Sem 3,2025-26,pharmaceutical-organic-chemistry-ii,https://ryzenstudy.com/papers/aktu-bpharm-sem-3-pharmaceutical-organic-chemistry-ii-2025-26
BPHARM,Sem 3,2025-26,physical-pharmaceutics-i,https://ryzenstudy.com/papers/aktu-bpharm-sem-3-physical-pharmaceutics-i-2025-26
BPHARM,Sem 3,2025-26,universal-human-values-professional,https://ryzenstudy.com/papers/aktu-bpharm-sem-3-universal-human-values-professional-2025-26
BPHARM,Sem 4,2021-22,medicinal-chemistry-1,https://ryzenstudy.com/papers/aktu-bpharm-sem-4-medicinal-chemistry-1-2021-22
BPHARM,Sem 4,2021-22,pharmacology,https://ryzenstudy.com/papers/aktu-bpharm-sem-4-pharmacology-2021-22
BPHARM,Sem 4,2022-23,medicinal-chemistry-i,https://ryzenstudy.com/papers/aktu-bpharm-sem-4-medicinal-chemistry-i-2022-23
BPHARM,Sem 4,2022-23,pharmaceutical-organic-chmeistry-iii,https://ryzenstudy.com/papers/aktu-bpharm-sem-4-pharmaceutical-organic-chmeistry-iii-2022-23
BPHARM,Sem 4,2022-23,pharmacognosy-i-theory,https://ryzenstudy.com/papers/aktu-bpharm-sem-4-pharmacognosy-i-theory-2022-23
BPHARM,Sem 4,2022-23,pharmacology-1-theory,https://ryzenstudy.com/papers/aktu-bpharm-sem-4-pharmacology-1-theory-2022-23
BPHARM,Sem 4,2022-23,physical-pharmaceutics-ii,https://ryzenstudy.com/papers/aktu-bpharm-sem-4-physical-pharmaceutics-ii-2022-23
BPHARM,Sem 4,2023-24,medicinal-chemistry-i-theory,https://ryzenstudy.com/papers/aktu-bpharm-sem-4-medicinal-chemistry-i-theory-2023-24
BPHARM,Sem 4,2023-24,pharmaceutical-organic-chmeistry-iii,https://ryzenstudy.com/papers/aktu-bpharm-sem-4-pharmaceutical-organic-chmeistry-iii-2023-24
BPHARM,Sem 4,2023-24,pharmacognosy-i,https://ryzenstudy.com/papers/aktu-bpharm-sem-4-pharmacognosy-i-2023-24
BPHARM,Sem 4,2023-24,pharmacology-i-theory,https://ryzenstudy.com/papers/aktu-bpharm-sem-4-pharmacology-i-theory-2023-24
BPHARM,Sem 4,2023-24,physical-pharmaceutics-ii,https://ryzenstudy.com/papers/aktu-bpharm-sem-4-physical-pharmaceutics-ii-2023-24
BPHARM,Sem 4,2024-25,medicinal-chemistry-i-theory,https://ryzenstudy.com/papers/aktu-bpharm-sem-4-medicinal-chemistry-i-theory-2024-25
BPHARM,Sem 4,2024-25,pharmaceutical-organic-chemistry-iii-theory,https://ryzenstudy.com/papers/aktu-bpharm-sem-4-pharmaceutical-organic-chemistry-iii-theory-2024-25
BPHARM,Sem 4,2024-25,pharmacology-i-theory,https://ryzenstudy.com/papers/aktu-bpharm-sem-4-pharmacology-i-theory-2024-25
BPHARM,Sem 4,2024-25,physical-pharmaceutics-ii-theory,https://ryzenstudy.com/papers/aktu-bpharm-sem-4-physical-pharmaceutics-ii-theory-2024-25
BPHARM,Sem 5,2021-22,industrial-pharmacy-1,https://ryzenstudy.com/papers/aktu-bpharm-sem-5-industrial-pharmacy-1-2021-22
BPHARM,Sem 5,2021-22,medicinal-chemistry-ii,https://ryzenstudy.com/papers/aktu-bpharm-sem-5-medicinal-chemistry-ii-2021-22
BPHARM,Sem 5,2021-22,pharmaceutical-jurisprudence,https://ryzenstudy.com/papers/aktu-bpharm-sem-5-pharmaceutical-jurisprudence-2021-22
BPHARM,Sem 5,2021-22,pharmacognosy-and-phytochemistry-ii,https://ryzenstudy.com/papers/aktu-bpharm-sem-5-pharmacognosy-and-phytochemistry-ii-2021-22
BPHARM,Sem 5,2021-22,pharmacology-ii,https://ryzenstudy.com/papers/aktu-bpharm-sem-5-pharmacology-ii-2021-22
BPHARM,Sem 5,2022-23,industrial-pharmacy-i,https://ryzenstudy.com/papers/aktu-bpharm-sem-5-industrial-pharmacy-i-2022-23
BPHARM,Sem 5,2022-23,medicinal-chemistry-ii,https://ryzenstudy.com/papers/aktu-bpharm-sem-5-medicinal-chemistry-ii-2022-23
BPHARM,Sem 5,2022-23,pharmaceutical-jurisprudence,https://ryzenstudy.com/papers/aktu-bpharm-sem-5-pharmaceutical-jurisprudence-2022-23
BPHARM,Sem 5,2022-23,pharmacognosy-ii,https://ryzenstudy.com/papers/aktu-bpharm-sem-5-pharmacognosy-ii-2022-23
BPHARM,Sem 5,2022-23,pharmacology-ii,https://ryzenstudy.com/papers/aktu-bpharm-sem-5-pharmacology-ii-2022-23
BPHARM,Sem 5,2023-24,industrial-pharmacy-i,https://ryzenstudy.com/papers/aktu-bpharm-sem-5-industrial-pharmacy-i-2023-24
BPHARM,Sem 5,2023-24,medicinal-chemistry-ii,https://ryzenstudy.com/papers/aktu-bpharm-sem-5-medicinal-chemistry-ii-2023-24
BPHARM,Sem 5,2023-24,pharmaceutical-jurisprudence,https://ryzenstudy.com/papers/aktu-bpharm-sem-5-pharmaceutical-jurisprudence-2023-24
BPHARM,Sem 5,2023-24,pharmacognosy-ii,https://ryzenstudy.com/papers/aktu-bpharm-sem-5-pharmacognosy-ii-2023-24
BPHARM,Sem 5,2023-24,pharmacology-ii,https://ryzenstudy.com/papers/aktu-bpharm-sem-5-pharmacology-ii-2023-24
BPHARM,Sem 5,2024-25,industrial-pharmacy-i,https://ryzenstudy.com/papers/aktu-bpharm-sem-5-industrial-pharmacy-i-2024-25
BPHARM,Sem 5,2024-25,medicinal-chemistry-ii,https://ryzenstudy.com/papers/aktu-bpharm-sem-5-medicinal-chemistry-ii-2024-25
BPHARM,Sem 5,2024-25,pharmaceutical-jurisprudence,https://ryzenstudy.com/papers/aktu-bpharm-sem-5-pharmaceutical-jurisprudence-2024-25
BPHARM,Sem 5,2024-25,pharmacognosy-ii,https://ryzenstudy.com/papers/aktu-bpharm-sem-5-pharmacognosy-ii-2024-25
BPHARM,Sem 5,2024-25,pharmacology-ii,https://ryzenstudy.com/papers/aktu-bpharm-sem-5-pharmacology-ii-2024-25
BPHARM,Sem 5,2025-26,industrial-pharmacy-i,https://ryzenstudy.com/papers/aktu-bpharm-sem-5-industrial-pharmacy-i-2025-26
BPHARM,Sem 5,2025-26,medicinal-chemistry-ii,https://ryzenstudy.com/papers/aktu-bpharm-sem-5-medicinal-chemistry-ii-2025-26
BPHARM,Sem 5,2025-26,pharmaceutical-jurisprudence-theory,https://ryzenstudy.com/papers/aktu-bpharm-sem-5-pharmaceutical-jurisprudence-theory-2025-26
BPHARM,Sem 5,2025-26,pharmacognosy-and-phytochemistry-ii,https://ryzenstudy.com/papers/aktu-bpharm-sem-5-pharmacognosy-and-phytochemistry-ii-2025-26
BPHARM,Sem 5,2025-26,pharmacology-ii,https://ryzenstudy.com/papers/aktu-bpharm-sem-5-pharmacology-ii-2025-26
BPHARM,Sem 6,2021-22,pharmaceutical-biotechnology,https://ryzenstudy.com/papers/aktu-bpharm-sem-6-pharmaceutical-biotechnology-2021-22
BPHARM,Sem 6,2022-23,biopharmaceutics-and-pharmacokinetics,https://ryzenstudy.com/papers/aktu-bpharm-sem-6-biopharmaceutics-and-pharmacokinetics-2022-23
BPHARM,Sem 6,2022-23,herbal-drug-technology,https://ryzenstudy.com/papers/aktu-bpharm-sem-6-herbal-drug-technology-2022-23
BPHARM,Sem 6,2022-23,medicinal-chemistry-iii,https://ryzenstudy.com/papers/aktu-bpharm-sem-6-medicinal-chemistry-iii-2022-23
BPHARM,Sem 6,2022-23,pharmaceutical-biotechnology,https://ryzenstudy.com/papers/aktu-bpharm-sem-6-pharmaceutical-biotechnology-2022-23
BPHARM,Sem 6,2022-23,pharmacology-iii,https://ryzenstudy.com/papers/aktu-bpharm-sem-6-pharmacology-iii-2022-23
BPHARM,Sem 6,2022-23,quality-assurance,https://ryzenstudy.com/papers/aktu-bpharm-sem-6-quality-assurance-2022-23
BPHARM,Sem 6,2023-24,biopharmaceutics-and-pharmacokinetics,https://ryzenstudy.com/papers/aktu-bpharm-sem-6-biopharmaceutics-and-pharmacokinetics-2023-24
BPHARM,Sem 6,2023-24,herbal-drug-technology,https://ryzenstudy.com/papers/aktu-bpharm-sem-6-herbal-drug-technology-2023-24
BPHARM,Sem 6,2023-24,medicinal-chemistry-iii,https://ryzenstudy.com/papers/aktu-bpharm-sem-6-medicinal-chemistry-iii-2023-24
BPHARM,Sem 6,2023-24,pharmaceutical-biotechnology,https://ryzenstudy.com/papers/aktu-bpharm-sem-6-pharmaceutical-biotechnology-2023-24
BPHARM,Sem 6,2023-24,pharmacology-iii,https://ryzenstudy.com/papers/aktu-bpharm-sem-6-pharmacology-iii-2023-24
BPHARM,Sem 6,2023-24,quality-assurance,https://ryzenstudy.com/papers/aktu-bpharm-sem-6-quality-assurance-2023-24
BPHARM,Sem 6,2024-25,biopharmaceutics-and-pharmacokinetics,https://ryzenstudy.com/papers/aktu-bpharm-sem-6-biopharmaceutics-and-pharmacokinetics-2024-25
BPHARM,Sem 6,2024-25,herbal-drug-technology-theory,https://ryzenstudy.com/papers/aktu-bpharm-sem-6-herbal-drug-technology-theory-2024-25
BPHARM,Sem 6,2024-25,medicinal-chemistry-iii,https://ryzenstudy.com/papers/aktu-bpharm-sem-6-medicinal-chemistry-iii-2024-25
BPHARM,Sem 6,2024-25,pharmaceutical-biotechnology-theory,https://ryzenstudy.com/papers/aktu-bpharm-sem-6-pharmaceutical-biotechnology-theory-2024-25
BPHARM,Sem 6,2024-25,pharmacology-iii,https://ryzenstudy.com/papers/aktu-bpharm-sem-6-pharmacology-iii-2024-25
BPHARM,Sem 6,2024-25,quality-assurance-theory,https://ryzenstudy.com/papers/aktu-bpharm-sem-6-quality-assurance-theory-2024-25
BPHARM,Sem 7,2021-22,industrial-pharmacy-ii,https://ryzenstudy.com/papers/aktu-bpharm-sem-7-industrial-pharmacy-ii-2021-22
BPHARM,Sem 7,2021-22,novel-drug-delivery-systems-ndds,https://ryzenstudy.com/papers/aktu-bpharm-sem-7-novel-drug-delivery-systems-ndds-2021-22
BPHARM,Sem 7,2021-22,pharmacy-practice,https://ryzenstudy.com/papers/aktu-bpharm-sem-7-pharmacy-practice-2021-22
BPHARM,Sem 7,2022-23,industrial-pharmacy-ii,https://ryzenstudy.com/papers/aktu-bpharm-sem-7-industrial-pharmacy-ii-2022-23
BPHARM,Sem 7,2022-23,instrumental-methods-of-analysis,https://ryzenstudy.com/papers/aktu-bpharm-sem-7-instrumental-methods-of-analysis-2022-23
BPHARM,Sem 7,2022-23,novel-drug-delivery-system-ndds,https://ryzenstudy.com/papers/aktu-bpharm-sem-7-novel-drug-delivery-system-ndds-2022-23
BPHARM,Sem 7,2022-23,pharmacy-practice,https://ryzenstudy.com/papers/aktu-bpharm-sem-7-pharmacy-practice-2022-23
BPHARM,Sem 7,2023-24,instrumental-methods-of-analysis-theory,https://ryzenstudy.com/papers/aktu-bpharm-sem-7-instrumental-methods-of-analysis-theory-2023-24
BPHARM,Sem 7,2023-24,novel-drug-delivery-system-ndds-theory,https://ryzenstudy.com/papers/aktu-bpharm-sem-7-novel-drug-delivery-system-ndds-theory-2023-24
BPHARM,Sem 7,2023-24,pharmacy-practice-theory,https://ryzenstudy.com/papers/aktu-bpharm-sem-7-pharmacy-practice-theory-2023-24
BPHARM,Sem 7,2024-25,industrial-pharmacy-ii,https://ryzenstudy.com/papers/aktu-bpharm-sem-7-industrial-pharmacy-ii-2024-25
BPHARM,Sem 7,2024-25,instrumental-methods-of-analysis,https://ryzenstudy.com/papers/aktu-bpharm-sem-7-instrumental-methods-of-analysis-2024-25
BPHARM,Sem 7,2024-25,novel-drug-delivery-system-ndds,https://ryzenstudy.com/papers/aktu-bpharm-sem-7-novel-drug-delivery-system-ndds-2024-25
BPHARM,Sem 7,2024-25,pharmacy-practice,https://ryzenstudy.com/papers/aktu-bpharm-sem-7-pharmacy-practice-2024-25
BPHARM,Sem 7,2025-26,industrial-pharmacy-ii-theory,https://ryzenstudy.com/papers/aktu-bpharm-sem-7-industrial-pharmacy-ii-theory-2025-26
BPHARM,Sem 7,2025-26,instrumental-methods-of-analysis-theory,https://ryzenstudy.com/papers/aktu-bpharm-sem-7-instrumental-methods-of-analysis-theory-2025-26
BPHARM,Sem 7,2025-26,novel-drug-delivery-system-ndds-theory,https://ryzenstudy.com/papers/aktu-bpharm-sem-7-novel-drug-delivery-system-ndds-theory-2025-26
BPHARM,Sem 7,2025-26,pharmacy-practice-theory,https://ryzenstudy.com/papers/aktu-bpharm-sem-7-pharmacy-practice-theory-2025-26
BPHARM,Sem 8,2021-22,advanced-instrumentation-techniques,https://ryzenstudy.com/papers/aktu-bpharm-sem-8-advanced-instrumentation-techniques-2021-22
BPHARM,Sem 8,2021-22,biostatistics-and-research-methodology,https://ryzenstudy.com/papers/aktu-bpharm-sem-8-biostatistics-and-research-methodology-2021-22
BPHARM,Sem 8,2021-22,pharmaceutical-marketing-management,https://ryzenstudy.com/papers/aktu-bpharm-sem-8-pharmaceutical-marketing-management-2021-22
BPHARM,Sem 8,2021-22,pharmaceutical-regulatory-science,https://ryzenstudy.com/papers/aktu-bpharm-sem-8-pharmaceutical-regulatory-science-2021-22
BPHARM,Sem 8,2021-22,pharmacovigilance,https://ryzenstudy.com/papers/aktu-bpharm-sem-8-pharmacovigilance-2021-22
BPHARM,Sem 8,2021-22,quality-control-and-standardization-of-herbal,https://ryzenstudy.com/papers/aktu-bpharm-sem-8-quality-control-and-standardization-of-herbal-2021-22
BPHARM,Sem 8,2021-22,social-and-preventive-pharmacy,https://ryzenstudy.com/papers/aktu-bpharm-sem-8-social-and-preventive-pharmacy-2021-22
BPHARM,Sem 8,2022-23,advanced-instrumentation-techniques,https://ryzenstudy.com/papers/aktu-bpharm-sem-8-advanced-instrumentation-techniques-2022-23
BPHARM,Sem 8,2022-23,biostatistics-and-research-methodology,https://ryzenstudy.com/papers/aktu-bpharm-sem-8-biostatistics-and-research-methodology-2022-23
BPHARM,Sem 8,2022-23,cell-and-molecular-biology,https://ryzenstudy.com/papers/aktu-bpharm-sem-8-cell-and-molecular-biology-2022-23
BPHARM,Sem 8,2022-23,computer-aided-drug-design,https://ryzenstudy.com/papers/aktu-bpharm-sem-8-computer-aided-drug-design-2022-23
BPHARM,Sem 8,2022-23,cosmetic-science,https://ryzenstudy.com/papers/aktu-bpharm-sem-8-cosmetic-science-2022-23
BPHARM,Sem 8,2022-23,dietary-supplements-and-nutraceuticals,https://ryzenstudy.com/papers/aktu-bpharm-sem-8-dietary-supplements-and-nutraceuticals-2022-23
BPHARM,Sem 8,2022-23,experimental-pharmacology,https://ryzenstudy.com/papers/aktu-bpharm-sem-8-experimental-pharmacology-2022-23
BPHARM,Sem 8,2022-23,pharmaceutical-product-development,https://ryzenstudy.com/papers/aktu-bpharm-sem-8-pharmaceutical-product-development-2022-23
BPHARM,Sem 8,2022-23,pharmaceutical-regulatory-science,https://ryzenstudy.com/papers/aktu-bpharm-sem-8-pharmaceutical-regulatory-science-2022-23
BPHARM,Sem 8,2022-23,pharmacovigilance,https://ryzenstudy.com/papers/aktu-bpharm-sem-8-pharmacovigilance-2022-23
BPHARM,Sem 8,2022-23,quality-control-and-standardization-of-herbals,https://ryzenstudy.com/papers/aktu-bpharm-sem-8-quality-control-and-standardization-of-herbals-2022-23
BPHARM,Sem 8,2022-23,social-and-preventive-pharmacy,https://ryzenstudy.com/papers/aktu-bpharm-sem-8-social-and-preventive-pharmacy-2022-23
BPHARM,Sem 8,2023-24,biostatistics-and-research-methodology,https://ryzenstudy.com/papers/aktu-bpharm-sem-8-biostatistics-and-research-methodology-2023-24
BPHARM,Sem 8,2023-24,cell-and-molecular-biology,https://ryzenstudy.com/papers/aktu-bpharm-sem-8-cell-and-molecular-biology-2023-24
BPHARM,Sem 8,2023-24,pharma-marketing-managemen,https://ryzenstudy.com/papers/aktu-bpharm-sem-8-pharma-marketing-managemen-2023-24
BPHARM,Sem 8,2023-24,pharmaceutical-product-development,https://ryzenstudy.com/papers/aktu-bpharm-sem-8-pharmaceutical-product-development-2023-24
BPHARM,Sem 8,2023-24,pharmacovigilance,https://ryzenstudy.com/papers/aktu-bpharm-sem-8-pharmacovigilance-2023-24
BPHARM,Sem 8,2023-24,quality-control-and-standardization-of-herbal,https://ryzenstudy.com/papers/aktu-bpharm-sem-8-quality-control-and-standardization-of-herbal-2023-24
BPHARM,Sem 8,2023-24,social-and-preventive-pharmacy,https://ryzenstudy.com/papers/aktu-bpharm-sem-8-social-and-preventive-pharmacy-2023-24
BPHARM,Sem 8,2024-25,biostatistics-and-research-methodology,https://ryzenstudy.com/papers/aktu-bpharm-sem-8-biostatistics-and-research-methodology-2024-25
BPHARM,Sem 8,2024-25,cell-and-molecular-biology,https://ryzenstudy.com/papers/aktu-bpharm-sem-8-cell-and-molecular-biology-2024-25
BPHARM,Sem 8,2024-25,computer-aided-drug-design,https://ryzenstudy.com/papers/aktu-bpharm-sem-8-computer-aided-drug-design-2024-25
BPHARM,Sem 8,2024-25,dietary-supplements-and-nutraceuticals,https://ryzenstudy.com/papers/aktu-bpharm-sem-8-dietary-supplements-and-nutraceuticals-2024-25
BPHARM,Sem 8,2024-25,experimental-pharmacology,https://ryzenstudy.com/papers/aktu-bpharm-sem-8-experimental-pharmacology-2024-25
BPHARM,Sem 8,2024-25,pharma-marketing-management,https://ryzenstudy.com/papers/aktu-bpharm-sem-8-pharma-marketing-management-2024-25
BPHARM,Sem 8,2024-25,pharmaceutical-product-development,https://ryzenstudy.com/papers/aktu-bpharm-sem-8-pharmaceutical-product-development-2024-25
BPHARM,Sem 8,2024-25,social-and-preventive-pharmacy,https://ryzenstudy.com/papers/aktu-bpharm-sem-8-social-and-preventive-pharmacy-2024-25
BTECH,Sem 1,2021-22,artificial-intelligence-for-engineers,https://ryzenstudy.com/papers/aktu-btech-sem-1-artificial-intelligence-for-engineers-2021-22
BTECH,Sem 1,2021-22,basic-of-electrical-engineering,https://ryzenstudy.com/papers/aktu-btech-sem-1-basic-of-electrical-engineering-2021-22
BTECH,Sem 1,2021-22,emerging-domain-in-electronics-engineering,https://ryzenstudy.com/papers/aktu-btech-sem-1-emerging-domain-in-electronics-engineering-2021-22
BTECH,Sem 1,2021-22,emerging-technology-for-engineering,https://ryzenstudy.com/papers/aktu-btech-sem-1-emerging-technology-for-engineering-2021-22
BTECH,Sem 1,2021-22,engineering-chemistry,https://ryzenstudy.com/papers/aktu-btech-sem-1-engineering-chemistry-2021-22
BTECH,Sem 1,2021-22,engineering-mathematics-i,https://ryzenstudy.com/papers/aktu-btech-sem-1-engineering-mathematics-i-2021-22
BTECH,Sem 1,2021-22,engineering-physics,https://ryzenstudy.com/papers/aktu-btech-sem-1-engineering-physics-2021-22
BTECH,Sem 1,2021-22,fundamentals-of-mechanical-engineering-mechatronics,https://ryzenstudy.com/papers/aktu-btech-sem-1-fundamentals-of-mechanical-engineering-mechatronics-2021-22
BTECH,Sem 1,2021-22,programming-for-problem-solving,https://ryzenstudy.com/papers/aktu-btech-sem-1-programming-for-problem-solving-2021-22
BTECH,Sem 1,2021-22,soft-skills-i,https://ryzenstudy.com/papers/aktu-btech-sem-1-soft-skills-i-2021-22
BTECH,Sem 1,2022-23,engineering-chemistry,https://ryzenstudy.com/papers/aktu-btech-sem-1-engineering-chemistry-2022-23
BTECH,Sem 1,2022-23,engineering-mathematics-i,https://ryzenstudy.com/papers/aktu-btech-sem-1-engineering-mathematics-i-2022-23
BTECH,Sem 1,2022-23,engineering-physics,https://ryzenstudy.com/papers/aktu-btech-sem-1-engineering-physics-2022-23
BTECH,Sem 1,2022-23,environment-and-ecology,https://ryzenstudy.com/papers/aktu-btech-sem-1-environment-and-ecology-2022-23
BTECH,Sem 1,2022-23,fundamentals-of-electrical-engineering,https://ryzenstudy.com/papers/aktu-btech-sem-1-fundamentals-of-electrical-engineering-2022-23
BTECH,Sem 1,2022-23,fundamentals-of-electronics-engineering,https://ryzenstudy.com/papers/aktu-btech-sem-1-fundamentals-of-electronics-engineering-2022-23
BTECH,Sem 1,2022-23,fundamentals-of-mechanical-engineering,https://ryzenstudy.com/papers/aktu-btech-sem-1-fundamentals-of-mechanical-engineering-2022-23
BTECH,Sem 1,2022-23,programming-for-problem-solving,https://ryzenstudy.com/papers/aktu-btech-sem-1-programming-for-problem-solving-2022-23
BTECH,Sem 1,2022-23,soft-skills,https://ryzenstudy.com/papers/aktu-btech-sem-1-soft-skills-2022-23
BTECH,Sem 1,2023-24,engineering-chemistry,https://ryzenstudy.com/papers/aktu-btech-sem-1-engineering-chemistry-2023-24
BTECH,Sem 1,2023-24,engineering-mathematics-i,https://ryzenstudy.com/papers/aktu-btech-sem-1-engineering-mathematics-i-2023-24
BTECH,Sem 1,2023-24,engineering-physics,https://ryzenstudy.com/papers/aktu-btech-sem-1-engineering-physics-2023-24
BTECH,Sem 1,2023-24,environment-and-ecology,https://ryzenstudy.com/papers/aktu-btech-sem-1-environment-and-ecology-2023-24
BTECH,Sem 1,2023-24,fundamentals-of-electrical-engineering,https://ryzenstudy.com/papers/aktu-btech-sem-1-fundamentals-of-electrical-engineering-2023-24
BTECH,Sem 1,2023-24,fundamentals-of-electronics-engineering,https://ryzenstudy.com/papers/aktu-btech-sem-1-fundamentals-of-electronics-engineering-2023-24
BTECH,Sem 1,2023-24,fundamentals-of-mechanical-engineering,https://ryzenstudy.com/papers/aktu-btech-sem-1-fundamentals-of-mechanical-engineering-2023-24
BTECH,Sem 1,2023-24,programming-for-problem-solving,https://ryzenstudy.com/papers/aktu-btech-sem-1-programming-for-problem-solving-2023-24
BTECH,Sem 1,2023-24,soft-skills,https://ryzenstudy.com/papers/aktu-btech-sem-1-soft-skills-2023-24
BTECH,Sem 1,2024-25,engineering-chemistry,https://ryzenstudy.com/papers/aktu-btech-sem-1-engineering-chemistry-2024-25
BTECH,Sem 1,2024-25,engineering-mathematics-i,https://ryzenstudy.com/papers/aktu-btech-sem-1-engineering-mathematics-i-2024-25
BTECH,Sem 1,2024-25,engineering-physics,https://ryzenstudy.com/papers/aktu-btech-sem-1-engineering-physics-2024-25
BTECH,Sem 1,2024-25,environment-and-ecology,https://ryzenstudy.com/papers/aktu-btech-sem-1-environment-and-ecology-2024-25
BTECH,Sem 1,2024-25,fundamentals-of-electrical-engineering,https://ryzenstudy.com/papers/aktu-btech-sem-1-fundamentals-of-electrical-engineering-2024-25
BTECH,Sem 1,2024-25,fundamentals-of-electronics-engineering,https://ryzenstudy.com/papers/aktu-btech-sem-1-fundamentals-of-electronics-engineering-2024-25
BTECH,Sem 1,2024-25,fundamentals-of-mechanical-engineering,https://ryzenstudy.com/papers/aktu-btech-sem-1-fundamentals-of-mechanical-engineering-2024-25
BTECH,Sem 1,2024-25,programming-for-problem-solving,https://ryzenstudy.com/papers/aktu-btech-sem-1-programming-for-problem-solving-2024-25
BTECH,Sem 1,2024-25,soft-skills,https://ryzenstudy.com/papers/aktu-btech-sem-1-soft-skills-2024-25
BTECH,Sem 1,2025-26,engineering-chemistry,https://ryzenstudy.com/papers/aktu-btech-sem-1-engineering-chemistry-2025-26
BTECH,Sem 1,2025-26,engineering-mathematics-i,https://ryzenstudy.com/papers/aktu-btech-sem-1-engineering-mathematics-i-2025-26
BTECH,Sem 1,2025-26,engineering-physics,https://ryzenstudy.com/papers/aktu-btech-sem-1-engineering-physics-2025-26
BTECH,Sem 1,2025-26,environment-and-ecology,https://ryzenstudy.com/papers/aktu-btech-sem-1-environment-and-ecology-2025-26
BTECH,Sem 1,2025-26,fundamentals-of-electrical-engineering,https://ryzenstudy.com/papers/aktu-btech-sem-1-fundamentals-of-electrical-engineering-2025-26
BTECH,Sem 1,2025-26,fundamentals-of-electronics-engineering,https://ryzenstudy.com/papers/aktu-btech-sem-1-fundamentals-of-electronics-engineering-2025-26
BTECH,Sem 1,2025-26,fundamentals-of-mechanical-engineering,https://ryzenstudy.com/papers/aktu-btech-sem-1-fundamentals-of-mechanical-engineering-2025-26
BTECH,Sem 1,2025-26,programming-for-problem-solving,https://ryzenstudy.com/papers/aktu-btech-sem-1-programming-for-problem-solving-2025-26
BTECH,Sem 1,2025-26,soft-skills,https://ryzenstudy.com/papers/aktu-btech-sem-1-soft-skills-2025-26
BTECH,Sem 2,2021-22,ai-for-engineering,https://ryzenstudy.com/papers/aktu-btech-sem-2-ai-for-engineering-2021-22
BTECH,Sem 2,2021-22,basic-electrical-engineering,https://ryzenstudy.com/papers/aktu-btech-sem-2-basic-electrical-engineering-2021-22
BTECH,Sem 2,2021-22,emerging-domain-in-electronics-engineering,https://ryzenstudy.com/papers/aktu-btech-sem-2-emerging-domain-in-electronics-engineering-2021-22
BTECH,Sem 2,2021-22,emerging-technology-for-engineering,https://ryzenstudy.com/papers/aktu-btech-sem-2-emerging-technology-for-engineering-2021-22
BTECH,Sem 2,2021-22,engineering-chemistry,https://ryzenstudy.com/papers/aktu-btech-sem-2-engineering-chemistry-2021-22
BTECH,Sem 2,2021-22,engineering-mathematics-ii,https://ryzenstudy.com/papers/aktu-btech-sem-2-engineering-mathematics-ii-2021-22
BTECH,Sem 2,2021-22,engineering-physics,https://ryzenstudy.com/papers/aktu-btech-sem-2-engineering-physics-2021-22
BTECH,Sem 2,2021-22,fundamentals-of-mechanical-engineering-mechatronics,https://ryzenstudy.com/papers/aktu-btech-sem-2-fundamentals-of-mechanical-engineering-mechatronics-2021-22
BTECH,Sem 2,2021-22,programming-for-problem-solving,https://ryzenstudy.com/papers/aktu-btech-sem-2-programming-for-problem-solving-2021-22
BTECH,Sem 2,2021-22,soft-skill-ii,https://ryzenstudy.com/papers/aktu-btech-sem-2-soft-skill-ii-2021-22
BTECH,Sem 2,2022-23,engineering-chemistry,https://ryzenstudy.com/papers/aktu-btech-sem-2-engineering-chemistry-2022-23
BTECH,Sem 2,2022-23,engineering-mathematics-ii,https://ryzenstudy.com/papers/aktu-btech-sem-2-engineering-mathematics-ii-2022-23
BTECH,Sem 2,2022-23,engineering-physics,https://ryzenstudy.com/papers/aktu-btech-sem-2-engineering-physics-2022-23
BTECH,Sem 2,2022-23,environment-and-ecology,https://ryzenstudy.com/papers/aktu-btech-sem-2-environment-and-ecology-2022-23
BTECH,Sem 2,2022-23,fundamentals-of-electrical-engineering,https://ryzenstudy.com/papers/aktu-btech-sem-2-fundamentals-of-electrical-engineering-2022-23
BTECH,Sem 2,2022-23,fundamentals-of-electronics-engineering,https://ryzenstudy.com/papers/aktu-btech-sem-2-fundamentals-of-electronics-engineering-2022-23
BTECH,Sem 2,2022-23,fundamentals-of-mechanical-engineering,https://ryzenstudy.com/papers/aktu-btech-sem-2-fundamentals-of-mechanical-engineering-2022-23
BTECH,Sem 2,2022-23,human-values-professional-ethics,https://ryzenstudy.com/papers/aktu-btech-sem-2-human-values-professional-ethics-2022-23
BTECH,Sem 2,2022-23,programming-for-problem-solving,https://ryzenstudy.com/papers/aktu-btech-sem-2-programming-for-problem-solving-2022-23
BTECH,Sem 2,2022-23,soft-skills,https://ryzenstudy.com/papers/aktu-btech-sem-2-soft-skills-2022-23
BTECH,Sem 2,2023-24,engineering-chemistry,https://ryzenstudy.com/papers/aktu-btech-sem-2-engineering-chemistry-2023-24
BTECH,Sem 2,2023-24,engineering-mathematics-ii,https://ryzenstudy.com/papers/aktu-btech-sem-2-engineering-mathematics-ii-2023-24
BTECH,Sem 2,2023-24,engineering-physics,https://ryzenstudy.com/papers/aktu-btech-sem-2-engineering-physics-2023-24
BTECH,Sem 2,2023-24,environment-and-ecology,https://ryzenstudy.com/papers/aktu-btech-sem-2-environment-and-ecology-2023-24
BTECH,Sem 2,2023-24,fundamentals-mechanical-engineering,https://ryzenstudy.com/papers/aktu-btech-sem-2-fundamentals-mechanical-engineering-2023-24
BTECH,Sem 2,2023-24,fundamentals-of-electrical-engineering,https://ryzenstudy.com/papers/aktu-btech-sem-2-fundamentals-of-electrical-engineering-2023-24
BTECH,Sem 2,2023-24,fundamentals-of-electronics-engineering,https://ryzenstudy.com/papers/aktu-btech-sem-2-fundamentals-of-electronics-engineering-2023-24
BTECH,Sem 2,2023-24,programming-for-problem-solving,https://ryzenstudy.com/papers/aktu-btech-sem-2-programming-for-problem-solving-2023-24
BTECH,Sem 2,2023-24,soft-skills,https://ryzenstudy.com/papers/aktu-btech-sem-2-soft-skills-2023-24
BTECH,Sem 2,2024-25,engineering-chemistry,https://ryzenstudy.com/papers/aktu-btech-sem-2-engineering-chemistry-2024-25
BTECH,Sem 2,2024-25,engineering-mathematics-ii,https://ryzenstudy.com/papers/aktu-btech-sem-2-engineering-mathematics-ii-2024-25
BTECH,Sem 2,2024-25,engineering-physics,https://ryzenstudy.com/papers/aktu-btech-sem-2-engineering-physics-2024-25
BTECH,Sem 2,2024-25,environment-and-ecology,https://ryzenstudy.com/papers/aktu-btech-sem-2-environment-and-ecology-2024-25
BTECH,Sem 2,2024-25,fundamentals-of-electrical-engineering,https://ryzenstudy.com/papers/aktu-btech-sem-2-fundamentals-of-electrical-engineering-2024-25
BTECH,Sem 2,2024-25,fundamentals-of-electronics-engineering,https://ryzenstudy.com/papers/aktu-btech-sem-2-fundamentals-of-electronics-engineering-2024-25
BTECH,Sem 2,2024-25,fundamentals-of-mechanical-engineering,https://ryzenstudy.com/papers/aktu-btech-sem-2-fundamentals-of-mechanical-engineering-2024-25
BTECH,Sem 2,2024-25,programming-for-problem-solving,https://ryzenstudy.com/papers/aktu-btech-sem-2-programming-for-problem-solving-2024-25
BTECH,Sem 2,2024-25,soft-skills,https://ryzenstudy.com/papers/aktu-btech-sem-2-soft-skills-2024-25
BTECH,Sem 3,2021-22,analog-electronics,https://ryzenstudy.com/papers/aktu-btech-sem-3-analog-electronics-2021-22
BTECH,Sem 3,2021-22,basic-data-structure-and-algorithms,https://ryzenstudy.com/papers/aktu-btech-sem-3-basic-data-structure-and-algorithms-2021-22
BTECH,Sem 3,2021-22,computer-organization-and-architecture,https://ryzenstudy.com/papers/aktu-btech-sem-3-computer-organization-and-architecture-2021-22
BTECH,Sem 3,2021-22,computer-system-security,https://ryzenstudy.com/papers/aktu-btech-sem-3-computer-system-security-2021-22
BTECH,Sem 3,2021-22,data-structure,https://ryzenstudy.com/papers/aktu-btech-sem-3-data-structure-2021-22
BTECH,Sem 3,2021-22,digital-electronics,https://ryzenstudy.com/papers/aktu-btech-sem-3-digital-electronics-2021-22
BTECH,Sem 3,2021-22,digital-system-design,https://ryzenstudy.com/papers/aktu-btech-sem-3-digital-system-design-2021-22
BTECH,Sem 3,2021-22,discrete-structures-theory-of-logic,https://ryzenstudy.com/papers/aktu-btech-sem-3-discrete-structures-theory-of-logic-2021-22
BTECH,Sem 3,2021-22,electromagnetic-field-theory,https://ryzenstudy.com/papers/aktu-btech-sem-3-electromagnetic-field-theory-2021-22
BTECH,Sem 3,2021-22,electronic-devices,https://ryzenstudy.com/papers/aktu-btech-sem-3-electronic-devices-2021-22
BTECH,Sem 3,2021-22,electronics-engineering,https://ryzenstudy.com/papers/aktu-btech-sem-3-electronics-engineering-2021-22
BTECH,Sem 3,2021-22,energy-science-and-engineering,https://ryzenstudy.com/papers/aktu-btech-sem-3-energy-science-and-engineering-2021-22
BTECH,Sem 3,2021-22,engineering-mechanics,https://ryzenstudy.com/papers/aktu-btech-sem-3-engineering-mechanics-2021-22
BTECH,Sem 3,2021-22,fluid-mechanics,https://ryzenstudy.com/papers/aktu-btech-sem-3-fluid-mechanics-2021-22
BTECH,Sem 3,2021-22,fluid-mechanics-fluid-machines,https://ryzenstudy.com/papers/aktu-btech-sem-3-fluid-mechanics-fluid-machines-2021-22
BTECH,Sem 3,2021-22,human-values-professional-ethics,https://ryzenstudy.com/papers/aktu-btech-sem-3-human-values-professional-ethics-2021-22
BTECH,Sem 3,2021-22,introduction-to-soft-computing,https://ryzenstudy.com/papers/aktu-btech-sem-3-introduction-to-soft-computing-2021-22
BTECH,Sem 3,2021-22,kce301-engineering-mechanics,https://ryzenstudy.com/papers/aktu-btech-sem-3-kce301-engineering-mechanics-2021-22
BTECH,Sem 3,2021-22,material-science,https://ryzenstudy.com/papers/aktu-btech-sem-3-material-science-2021-22
BTECH,Sem 3,2021-22,materials-engineering,https://ryzenstudy.com/papers/aktu-btech-sem-3-materials-engineering-2021-22
BTECH,Sem 3,2021-22,mathematics-iii,https://ryzenstudy.com/papers/aktu-btech-sem-3-mathematics-iii-2021-22
BTECH,Sem 3,2021-22,mathemativs-iv,https://ryzenstudy.com/papers/aktu-btech-sem-3-mathemativs-iv-2021-22
BTECH,Sem 3,2021-22,mathemativs-v,https://ryzenstudy.com/papers/aktu-btech-sem-3-mathemativs-v-2021-22
BTECH,Sem 3,2021-22,python-programming,https://ryzenstudy.com/papers/aktu-btech-sem-3-python-programming-2021-22
BTECH,Sem 3,2021-22,sensor-and-instrumentation,https://ryzenstudy.com/papers/aktu-btech-sem-3-sensor-and-instrumentation-2021-22
BTECH,Sem 3,2021-22,surveying-and-geomatics,https://ryzenstudy.com/papers/aktu-btech-sem-3-surveying-and-geomatics-2021-22
BTECH,Sem 3,2021-22,technical-communication,https://ryzenstudy.com/papers/aktu-btech-sem-3-technical-communication-2021-22
BTECH,Sem 3,2021-22,thermodynamics,https://ryzenstudy.com/papers/aktu-btech-sem-3-thermodynamics-2021-22
BTECH,Sem 3,2021-22,universal-human-values,https://ryzenstudy.com/papers/aktu-btech-sem-3-universal-human-values-2021-22
BTECH,Sem 3,2022-23,analog-electronics,https://ryzenstudy.com/papers/aktu-btech-sem-3-analog-electronics-2022-23
BTECH,Sem 3,2022-23,basic-data-structure-algorithms,https://ryzenstudy.com/papers/aktu-btech-sem-3-basic-data-structure-algorithms-2022-23
BTECH,Sem 3,2022-23,basic-signals-systems,https://ryzenstudy.com/papers/aktu-btech-sem-3-basic-signals-systems-2022-23
BTECH,Sem 3,2022-23,computer-organization-and-architecture,https://ryzenstudy.com/papers/aktu-btech-sem-3-computer-organization-and-architecture-2022-23
BTECH,Sem 3,2022-23,computer-system-security,https://ryzenstudy.com/papers/aktu-btech-sem-3-computer-system-security-2022-23
BTECH,Sem 3,2022-23,data-structure,https://ryzenstudy.com/papers/aktu-btech-sem-3-data-structure-2022-23
BTECH,Sem 3,2022-23,digital-electronics,https://ryzenstudy.com/papers/aktu-btech-sem-3-digital-electronics-2022-23
BTECH,Sem 3,2022-23,digital-system-design,https://ryzenstudy.com/papers/aktu-btech-sem-3-digital-system-design-2022-23
BTECH,Sem 3,2022-23,discrete-structures-theory-of-logic,https://ryzenstudy.com/papers/aktu-btech-sem-3-discrete-structures-theory-of-logic-2022-23
BTECH,Sem 3,2022-23,electrical-measurements-instrumentation,https://ryzenstudy.com/papers/aktu-btech-sem-3-electrical-measurements-instrumentation-2022-23
BTECH,Sem 3,2022-23,electromagnetic-field-theory,https://ryzenstudy.com/papers/aktu-btech-sem-3-electromagnetic-field-theory-2022-23
BTECH,Sem 3,2022-23,electronic-devices,https://ryzenstudy.com/papers/aktu-btech-sem-3-electronic-devices-2022-23
BTECH,Sem 3,2022-23,electronics-engineering,https://ryzenstudy.com/papers/aktu-btech-sem-3-electronics-engineering-2022-23
BTECH,Sem 3,2022-23,energy-science-and-engineering,https://ryzenstudy.com/papers/aktu-btech-sem-3-energy-science-and-engineering-2022-23
BTECH,Sem 3,2022-23,engineering-mechanics,https://ryzenstudy.com/papers/aktu-btech-sem-3-engineering-mechanics-2022-23
BTECH,Sem 3,2022-23,fluid-mechanics,https://ryzenstudy.com/papers/aktu-btech-sem-3-fluid-mechanics-2022-23
BTECH,Sem 3,2022-23,fluid-mechanics-and-fluid-machines,https://ryzenstudy.com/papers/aktu-btech-sem-3-fluid-mechanics-and-fluid-machines-2022-23
BTECH,Sem 3,2022-23,introduction-to-soft-computing,https://ryzenstudy.com/papers/aktu-btech-sem-3-introduction-to-soft-computing-2022-23
BTECH,Sem 3,2022-23,koe-031-engineering-mechanics,https://ryzenstudy.com/papers/aktu-btech-sem-3-koe-031-engineering-mechanics-2022-23
BTECH,Sem 3,2022-23,material-science,https://ryzenstudy.com/papers/aktu-btech-sem-3-material-science-2022-23
BTECH,Sem 3,2022-23,materials-engineering,https://ryzenstudy.com/papers/aktu-btech-sem-3-materials-engineering-2022-23
BTECH,Sem 3,2022-23,mathematics-iii,https://ryzenstudy.com/papers/aktu-btech-sem-3-mathematics-iii-2022-23
BTECH,Sem 3,2022-23,mathematics-iv,https://ryzenstudy.com/papers/aktu-btech-sem-3-mathematics-iv-2022-23
BTECH,Sem 3,2022-23,mathematics-v,https://ryzenstudy.com/papers/aktu-btech-sem-3-mathematics-v-2022-23
BTECH,Sem 3,2022-23,network-analysis-synthesis,https://ryzenstudy.com/papers/aktu-btech-sem-3-network-analysis-synthesis-2022-23
BTECH,Sem 3,2022-23,python-programming,https://ryzenstudy.com/papers/aktu-btech-sem-3-python-programming-2022-23
BTECH,Sem 3,2022-23,sensor-and-instrumentation,https://ryzenstudy.com/papers/aktu-btech-sem-3-sensor-and-instrumentation-2022-23
BTECH,Sem 3,2022-23,surveying-and-geometics,https://ryzenstudy.com/papers/aktu-btech-sem-3-surveying-and-geometics-2022-23
BTECH,Sem 3,2022-23,technical-communication,https://ryzenstudy.com/papers/aktu-btech-sem-3-technical-communication-2022-23
BTECH,Sem 3,2022-23,thermodynamics,https://ryzenstudy.com/papers/aktu-btech-sem-3-thermodynamics-2022-23
BTECH,Sem 3,2022-23,universal-human-values,https://ryzenstudy.com/papers/aktu-btech-sem-3-universal-human-values-2022-23
BTECH,Sem 3,2023-24,analog-electronics-circuits,https://ryzenstudy.com/papers/aktu-btech-sem-3-analog-electronics-circuits-2023-24
BTECH,Sem 3,2023-24,automation-and-robotics,https://ryzenstudy.com/papers/aktu-btech-sem-3-automation-and-robotics-2023-24
BTECH,Sem 3,2023-24,basic-signals-systems,https://ryzenstudy.com/papers/aktu-btech-sem-3-basic-signals-systems-2023-24
BTECH,Sem 3,2023-24,basics-data-structure-algorithms,https://ryzenstudy.com/papers/aktu-btech-sem-3-basics-data-structure-algorithms-2023-24
BTECH,Sem 3,2023-24,basics-of-database-management-systems,https://ryzenstudy.com/papers/aktu-btech-sem-3-basics-of-database-management-systems-2023-24
BTECH,Sem 3,2023-24,computer-organization-and-architecture,https://ryzenstudy.com/papers/aktu-btech-sem-3-computer-organization-and-architecture-2023-24
BTECH,Sem 3,2023-24,cyber-security,https://ryzenstudy.com/papers/aktu-btech-sem-3-cyber-security-2023-24
BTECH,Sem 3,2023-24,data-structure,https://ryzenstudy.com/papers/aktu-btech-sem-3-data-structure-2023-24
BTECH,Sem 3,2023-24,digital-system-design,https://ryzenstudy.com/papers/aktu-btech-sem-3-digital-system-design-2023-24
BTECH,Sem 3,2023-24,discrete-structures-theory-of-logic,https://ryzenstudy.com/papers/aktu-btech-sem-3-discrete-structures-theory-of-logic-2023-24
BTECH,Sem 3,2023-24,electric-and-hybrid-vehicles,https://ryzenstudy.com/papers/aktu-btech-sem-3-electric-and-hybrid-vehicles-2023-24
BTECH,Sem 3,2023-24,electrical-measurements-instrumentation,https://ryzenstudy.com/papers/aktu-btech-sem-3-electrical-measurements-instrumentation-2023-24
BTECH,Sem 3,2023-24,electromagnetic-field-theory,https://ryzenstudy.com/papers/aktu-btech-sem-3-electromagnetic-field-theory-2023-24
BTECH,Sem 3,2023-24,electronic-devices,https://ryzenstudy.com/papers/aktu-btech-sem-3-electronic-devices-2023-24
BTECH,Sem 3,2023-24,electronics-engineering,https://ryzenstudy.com/papers/aktu-btech-sem-3-electronics-engineering-2023-24
BTECH,Sem 3,2023-24,energy-science-engineering,https://ryzenstudy.com/papers/aktu-btech-sem-3-energy-science-engineering-2023-24
BTECH,Sem 3,2023-24,engineering-mechanics,https://ryzenstudy.com/papers/aktu-btech-sem-3-engineering-mechanics-2023-24
BTECH,Sem 3,2023-24,fluid-mechanics,https://ryzenstudy.com/papers/aktu-btech-sem-3-fluid-mechanics-2023-24
BTECH,Sem 3,2023-24,fluid-mechanics-fluid-machines,https://ryzenstudy.com/papers/aktu-btech-sem-3-fluid-mechanics-fluid-machines-2023-24
BTECH,Sem 3,2023-24,material-science,https://ryzenstudy.com/papers/aktu-btech-sem-3-material-science-2023-24
BTECH,Sem 3,2023-24,materials-engineering,https://ryzenstudy.com/papers/aktu-btech-sem-3-materials-engineering-2023-24
BTECH,Sem 3,2023-24,mathematics-iii,https://ryzenstudy.com/papers/aktu-btech-sem-3-mathematics-iii-2023-24
BTECH,Sem 3,2023-24,mathematics-iv,https://ryzenstudy.com/papers/aktu-btech-sem-3-mathematics-iv-2023-24
BTECH,Sem 3,2023-24,network-analysis-and-synthesis,https://ryzenstudy.com/papers/aktu-btech-sem-3-network-analysis-and-synthesis-2023-24
BTECH,Sem 3,2023-24,python-programming,https://ryzenstudy.com/papers/aktu-btech-sem-3-python-programming-2023-24
BTECH,Sem 3,2023-24,sensor-instrumentation,https://ryzenstudy.com/papers/aktu-btech-sem-3-sensor-instrumentation-2023-24
BTECH,Sem 3,2023-24,surveying-and-geomatics,https://ryzenstudy.com/papers/aktu-btech-sem-3-surveying-and-geomatics-2023-24
BTECH,Sem 3,2023-24,technical-communication,https://ryzenstudy.com/papers/aktu-btech-sem-3-technical-communication-2023-24
BTECH,Sem 3,2023-24,thermodynamics,https://ryzenstudy.com/papers/aktu-btech-sem-3-thermodynamics-2023-24
BTECH,Sem 3,2023-24,universal-human-values-and-professional-ethics,https://ryzenstudy.com/papers/aktu-btech-sem-3-universal-human-values-and-professional-ethics-2023-24
BTECH,Sem 3,2024-25,automation-and-robotics,https://ryzenstudy.com/papers/aktu-btech-sem-3-automation-and-robotics-2024-25
BTECH,Sem 3,2024-25,basics-data-structure-algorithms,https://ryzenstudy.com/papers/aktu-btech-sem-3-basics-data-structure-algorithms-2024-25
BTECH,Sem 3,2024-25,basics-of-database-management-systems,https://ryzenstudy.com/papers/aktu-btech-sem-3-basics-of-database-management-systems-2024-25
BTECH,Sem 3,2024-25,building-science-and-engineering,https://ryzenstudy.com/papers/aktu-btech-sem-3-building-science-and-engineering-2024-25
BTECH,Sem 3,2024-25,computer-organization-and-architecture,https://ryzenstudy.com/papers/aktu-btech-sem-3-computer-organization-and-architecture-2024-25
BTECH,Sem 3,2024-25,cyber-security,https://ryzenstudy.com/papers/aktu-btech-sem-3-cyber-security-2024-25
BTECH,Sem 3,2024-25,data-structure,https://ryzenstudy.com/papers/aktu-btech-sem-3-data-structure-2024-25
BTECH,Sem 3,2024-25,digital-electronics,https://ryzenstudy.com/papers/aktu-btech-sem-3-digital-electronics-2024-25
BTECH,Sem 3,2024-25,discrete-structures-theory-of-logic,https://ryzenstudy.com/papers/aktu-btech-sem-3-discrete-structures-theory-of-logic-2024-25
BTECH,Sem 3,2024-25,electric-and-hybrid-vehicles,https://ryzenstudy.com/papers/aktu-btech-sem-3-electric-and-hybrid-vehicles-2024-25
BTECH,Sem 3,2024-25,electrical-measurements-instrumentation,https://ryzenstudy.com/papers/aktu-btech-sem-3-electrical-measurements-instrumentation-2024-25
BTECH,Sem 3,2024-25,electromagnetic-field-theory,https://ryzenstudy.com/papers/aktu-btech-sem-3-electromagnetic-field-theory-2024-25
BTECH,Sem 3,2024-25,energy-science-engineering,https://ryzenstudy.com/papers/aktu-btech-sem-3-energy-science-engineering-2024-25
BTECH,Sem 3,2024-25,food-science-and-nutrition,https://ryzenstudy.com/papers/aktu-btech-sem-3-food-science-and-nutrition-2024-25
BTECH,Sem 3,2024-25,laser-system-and-applications,https://ryzenstudy.com/papers/aktu-btech-sem-3-laser-system-and-applications-2024-25
BTECH,Sem 3,2024-25,material-science,https://ryzenstudy.com/papers/aktu-btech-sem-3-material-science-2024-25
BTECH,Sem 3,2024-25,mathematics-iv,https://ryzenstudy.com/papers/aktu-btech-sem-3-mathematics-iv-2024-25
BTECH,Sem 3,2024-25,python-programming,https://ryzenstudy.com/papers/aktu-btech-sem-3-python-programming-2024-25
BTECH,Sem 3,2024-25,sensor-instrumentation,https://ryzenstudy.com/papers/aktu-btech-sem-3-sensor-instrumentation-2024-25
BTECH,Sem 3,2024-25,technical-communication,https://ryzenstudy.com/papers/aktu-btech-sem-3-technical-communication-2024-25
BTECH,Sem 3,2024-25,universal-human-values-and-professional-ethics,https://ryzenstudy.com/papers/aktu-btech-sem-3-universal-human-values-and-professional-ethics-2024-25
BTECH,Sem 3,2025-26,basic-signals-systems,https://ryzenstudy.com/papers/aktu-btech-sem-3-basic-signals-systems-2025-26
BTECH,Sem 3,2025-26,computer-organization-and-architecture,https://ryzenstudy.com/papers/aktu-btech-sem-3-computer-organization-and-architecture-2025-26
BTECH,Sem 3,2025-26,cyber-security,https://ryzenstudy.com/papers/aktu-btech-sem-3-cyber-security-2025-26
BTECH,Sem 3,2025-26,data-structure,https://ryzenstudy.com/papers/aktu-btech-sem-3-data-structure-2025-26
BTECH,Sem 3,2025-26,digital-electronics,https://ryzenstudy.com/papers/aktu-btech-sem-3-digital-electronics-2025-26
BTECH,Sem 3,2025-26,digital-system-design,https://ryzenstudy.com/papers/aktu-btech-sem-3-digital-system-design-2025-26
BTECH,Sem 3,2025-26,discrete-structures-theory-of-logic,https://ryzenstudy.com/papers/aktu-btech-sem-3-discrete-structures-theory-of-logic-2025-26
BTECH,Sem 3,2025-26,electronic-devices,https://ryzenstudy.com/papers/aktu-btech-sem-3-electronic-devices-2025-26
BTECH,Sem 3,2025-26,energy-science-engineering,https://ryzenstudy.com/papers/aktu-btech-sem-3-energy-science-engineering-2025-26
BTECH,Sem 3,2025-26,fluid-mechanics-fluid-machines,https://ryzenstudy.com/papers/aktu-btech-sem-3-fluid-mechanics-fluid-machines-2025-26
BTECH,Sem 3,2025-26,materials-engineering,https://ryzenstudy.com/papers/aktu-btech-sem-3-materials-engineering-2025-26
BTECH,Sem 3,2025-26,mathematics-iv,https://ryzenstudy.com/papers/aktu-btech-sem-3-mathematics-iv-2025-26
BTECH,Sem 3,2025-26,mathematics-v,https://ryzenstudy.com/papers/aktu-btech-sem-3-mathematics-v-2025-26
BTECH,Sem 3,2025-26,network-analysis-and-synthesis,https://ryzenstudy.com/papers/aktu-btech-sem-3-network-analysis-and-synthesis-2025-26
BTECH,Sem 3,2025-26,python-programming,https://ryzenstudy.com/papers/aktu-btech-sem-3-python-programming-2025-26
BTECH,Sem 3,2025-26,sensor-instrumentation,https://ryzenstudy.com/papers/aktu-btech-sem-3-sensor-instrumentation-2025-26
BTECH,Sem 3,2025-26,technical-communication,https://ryzenstudy.com/papers/aktu-btech-sem-3-technical-communication-2025-26
BTECH,Sem 3,2025-26,thermodynamics,https://ryzenstudy.com/papers/aktu-btech-sem-3-thermodynamics-2025-26
BTECH,Sem 3,2025-26,universal-human-values-and-professional-ethics,https://ryzenstudy.com/papers/aktu-btech-sem-3-universal-human-values-and-professional-ethics-2025-26
BTECH,Sem 4,2021-22,analog-circuits,https://ryzenstudy.com/papers/aktu-btech-sem-4-analog-circuits-2021-22
BTECH,Sem 4,2021-22,analog-electronics,https://ryzenstudy.com/papers/aktu-btech-sem-4-analog-electronics-2021-22
BTECH,Sem 4,2021-22,applied-thermodynamics,https://ryzenstudy.com/papers/aktu-btech-sem-4-applied-thermodynamics-2021-22
BTECH,Sem 4,2021-22,basic-data-structure-and-algorithms,https://ryzenstudy.com/papers/aktu-btech-sem-4-basic-data-structure-and-algorithms-2021-22
BTECH,Sem 4,2021-22,communication-engineering,https://ryzenstudy.com/papers/aktu-btech-sem-4-communication-engineering-2021-22
BTECH,Sem 4,2021-22,computer-system-security,https://ryzenstudy.com/papers/aktu-btech-sem-4-computer-system-security-2021-22
BTECH,Sem 4,2021-22,digital-electronics,https://ryzenstudy.com/papers/aktu-btech-sem-4-digital-electronics-2021-22
BTECH,Sem 4,2021-22,electrical-machines-i,https://ryzenstudy.com/papers/aktu-btech-sem-4-electrical-machines-i-2021-22
BTECH,Sem 4,2021-22,electrical-measurements-instrumentation,https://ryzenstudy.com/papers/aktu-btech-sem-4-electrical-measurements-instrumentation-2021-22
BTECH,Sem 4,2021-22,electronics-engineering,https://ryzenstudy.com/papers/aktu-btech-sem-4-electronics-engineering-2021-22
BTECH,Sem 4,2021-22,energy-science-and-engineering,https://ryzenstudy.com/papers/aktu-btech-sem-4-energy-science-and-engineering-2021-22
BTECH,Sem 4,2021-22,engineering-mechanics,https://ryzenstudy.com/papers/aktu-btech-sem-4-engineering-mechanics-2021-22
BTECH,Sem 4,2021-22,hydraulic-engineering-and-machines,https://ryzenstudy.com/papers/aktu-btech-sem-4-hydraulic-engineering-and-machines-2021-22
BTECH,Sem 4,2021-22,introduction-to-soft-computing,https://ryzenstudy.com/papers/aktu-btech-sem-4-introduction-to-soft-computing-2021-22
BTECH,Sem 4,2021-22,introduction-to-solid-mechanics,https://ryzenstudy.com/papers/aktu-btech-sem-4-introduction-to-solid-mechanics-2021-22
BTECH,Sem 4,2021-22,kme402-engineering-mechanics,https://ryzenstudy.com/papers/aktu-btech-sem-4-kme402-engineering-mechanics-2021-22
BTECH,Sem 4,2021-22,koe049-digital-electronics,https://ryzenstudy.com/papers/aktu-btech-sem-4-koe049-digital-electronics-2021-22
BTECH,Sem 4,2021-22,manufacturing-processes,https://ryzenstudy.com/papers/aktu-btech-sem-4-manufacturing-processes-2021-22
BTECH,Sem 4,2021-22,material-science,https://ryzenstudy.com/papers/aktu-btech-sem-4-material-science-2021-22
BTECH,Sem 4,2021-22,materials-testing-construction-practices,https://ryzenstudy.com/papers/aktu-btech-sem-4-materials-testing-construction-practices-2021-22
BTECH,Sem 4,2021-22,maths-iii,https://ryzenstudy.com/papers/aktu-btech-sem-4-maths-iii-2021-22
BTECH,Sem 4,2021-22,maths-iv,https://ryzenstudy.com/papers/aktu-btech-sem-4-maths-iv-2021-22
BTECH,Sem 4,2021-22,microprocessor,https://ryzenstudy.com/papers/aktu-btech-sem-4-microprocessor-2021-22
BTECH,Sem 4,2021-22,networks-analysis-synthesis,https://ryzenstudy.com/papers/aktu-btech-sem-4-networks-analysis-synthesis-2021-22
BTECH,Sem 4,2021-22,operating-systems,https://ryzenstudy.com/papers/aktu-btech-sem-4-operating-systems-2021-22
BTECH,Sem 4,2021-22,python-programming,https://ryzenstudy.com/papers/aktu-btech-sem-4-python-programming-2021-22
BTECH,Sem 4,2021-22,sensor-and-instrumentation,https://ryzenstudy.com/papers/aktu-btech-sem-4-sensor-and-instrumentation-2021-22
BTECH,Sem 4,2021-22,signal-system,https://ryzenstudy.com/papers/aktu-btech-sem-4-signal-system-2021-22
BTECH,Sem 4,2021-22,technical-communication,https://ryzenstudy.com/papers/aktu-btech-sem-4-technical-communication-2021-22
BTECH,Sem 4,2021-22,theory-of-automata-and-formal-languages,https://ryzenstudy.com/papers/aktu-btech-sem-4-theory-of-automata-and-formal-languages-2021-22
BTECH,Sem 4,2021-22,universal-human-values,https://ryzenstudy.com/papers/aktu-btech-sem-4-universal-human-values-2021-22
BTECH,Sem 4,2021-22,web-designing,https://ryzenstudy.com/papers/aktu-btech-sem-4-web-designing-2021-22
BTECH,Sem 4,2022-23,analog-circuits,https://ryzenstudy.com/papers/aktu-btech-sem-4-analog-circuits-2022-23
BTECH,Sem 4,2022-23,analog-electronics,https://ryzenstudy.com/papers/aktu-btech-sem-4-analog-electronics-2022-23
BTECH,Sem 4,2022-23,applied-thermodynamics,https://ryzenstudy.com/papers/aktu-btech-sem-4-applied-thermodynamics-2022-23
BTECH,Sem 4,2022-23,basic-data-structure-algorithms,https://ryzenstudy.com/papers/aktu-btech-sem-4-basic-data-structure-algorithms-2022-23
BTECH,Sem 4,2022-23,communication-engineering,https://ryzenstudy.com/papers/aktu-btech-sem-4-communication-engineering-2022-23
BTECH,Sem 4,2022-23,computer-system-security,https://ryzenstudy.com/papers/aktu-btech-sem-4-computer-system-security-2022-23
BTECH,Sem 4,2022-23,digital-electronics,https://ryzenstudy.com/papers/aktu-btech-sem-4-digital-electronics-2022-23
BTECH,Sem 4,2022-23,electrical-machines-i,https://ryzenstudy.com/papers/aktu-btech-sem-4-electrical-machines-i-2022-23
BTECH,Sem 4,2022-23,electronics-engineering,https://ryzenstudy.com/papers/aktu-btech-sem-4-electronics-engineering-2022-23
BTECH,Sem 4,2022-23,energy-science-and-engineering,https://ryzenstudy.com/papers/aktu-btech-sem-4-energy-science-and-engineering-2022-23
BTECH,Sem 4,2022-23,engineering-mathematics-iv,https://ryzenstudy.com/papers/aktu-btech-sem-4-engineering-mathematics-iv-2022-23
BTECH,Sem 4,2022-23,engineering-mechanics,https://ryzenstudy.com/papers/aktu-btech-sem-4-engineering-mechanics-2022-23
BTECH,Sem 4,2022-23,hydraulic-engineering-machines,https://ryzenstudy.com/papers/aktu-btech-sem-4-hydraulic-engineering-machines-2022-23
BTECH,Sem 4,2022-23,introduction-to-soft-computing,https://ryzenstudy.com/papers/aktu-btech-sem-4-introduction-to-soft-computing-2022-23
BTECH,Sem 4,2022-23,introduction-to-solid-mechanics,https://ryzenstudy.com/papers/aktu-btech-sem-4-introduction-to-solid-mechanics-2022-23
BTECH,Sem 4,2022-23,kme-402-engineering-mechanics,https://ryzenstudy.com/papers/aktu-btech-sem-4-kme-402-engineering-mechanics-2022-23
BTECH,Sem 4,2022-23,koe-049-digital-electronics,https://ryzenstudy.com/papers/aktu-btech-sem-4-koe-049-digital-electronics-2022-23
BTECH,Sem 4,2022-23,manufacturing-processes,https://ryzenstudy.com/papers/aktu-btech-sem-4-manufacturing-processes-2022-23
BTECH,Sem 4,2022-23,material-science,https://ryzenstudy.com/papers/aktu-btech-sem-4-material-science-2022-23
BTECH,Sem 4,2022-23,material-testing-and-construction-practices,https://ryzenstudy.com/papers/aktu-btech-sem-4-material-testing-and-construction-practices-2022-23
BTECH,Sem 4,2022-23,mathematics-iii,https://ryzenstudy.com/papers/aktu-btech-sem-4-mathematics-iii-2022-23
BTECH,Sem 4,2022-23,mathematics-v,https://ryzenstudy.com/papers/aktu-btech-sem-4-mathematics-v-2022-23
BTECH,Sem 4,2022-23,microprocessor,https://ryzenstudy.com/papers/aktu-btech-sem-4-microprocessor-2022-23
BTECH,Sem 4,2022-23,networks-analysis-synthesis,https://ryzenstudy.com/papers/aktu-btech-sem-4-networks-analysis-synthesis-2022-23
BTECH,Sem 4,2022-23,operating-systems,https://ryzenstudy.com/papers/aktu-btech-sem-4-operating-systems-2022-23
BTECH,Sem 4,2022-23,python-programming,https://ryzenstudy.com/papers/aktu-btech-sem-4-python-programming-2022-23
BTECH,Sem 4,2022-23,sensors-instrumentation,https://ryzenstudy.com/papers/aktu-btech-sem-4-sensors-instrumentation-2022-23
BTECH,Sem 4,2022-23,signal-system,https://ryzenstudy.com/papers/aktu-btech-sem-4-signal-system-2022-23
BTECH,Sem 4,2022-23,technical-communication,https://ryzenstudy.com/papers/aktu-btech-sem-4-technical-communication-2022-23
BTECH,Sem 4,2022-23,theory-of-automata-and-formal-languages,https://ryzenstudy.com/papers/aktu-btech-sem-4-theory-of-automata-and-formal-languages-2022-23
BTECH,Sem 4,2022-23,universal-human-values,https://ryzenstudy.com/papers/aktu-btech-sem-4-universal-human-values-2022-23
BTECH,Sem 4,2022-23,web-designing,https://ryzenstudy.com/papers/aktu-btech-sem-4-web-designing-2022-23
BTECH,Sem 4,2023-24,analog-circuits,https://ryzenstudy.com/papers/aktu-btech-sem-4-analog-circuits-2023-24
BTECH,Sem 4,2023-24,analog-electronics-circuits,https://ryzenstudy.com/papers/aktu-btech-sem-4-analog-electronics-circuits-2023-24
BTECH,Sem 4,2023-24,applied-thermodynamics,https://ryzenstudy.com/papers/aktu-btech-sem-4-applied-thermodynamics-2023-24
BTECH,Sem 4,2023-24,automation-and-robotics,https://ryzenstudy.com/papers/aktu-btech-sem-4-automation-and-robotics-2023-24
BTECH,Sem 4,2023-24,basics-data-structure-algorithms,https://ryzenstudy.com/papers/aktu-btech-sem-4-basics-data-structure-algorithms-2023-24
BTECH,Sem 4,2023-24,basics-of-database-management-systems,https://ryzenstudy.com/papers/aktu-btech-sem-4-basics-of-database-management-systems-2023-24
BTECH,Sem 4,2023-24,communication-engineering,https://ryzenstudy.com/papers/aktu-btech-sem-4-communication-engineering-2023-24
BTECH,Sem 4,2023-24,cyber-security,https://ryzenstudy.com/papers/aktu-btech-sem-4-cyber-security-2023-24
BTECH,Sem 4,2023-24,design-and-analysis-of-algorithm,https://ryzenstudy.com/papers/aktu-btech-sem-4-design-and-analysis-of-algorithm-2023-24
BTECH,Sem 4,2023-24,digital-electronics,https://ryzenstudy.com/papers/aktu-btech-sem-4-digital-electronics-2023-24
BTECH,Sem 4,2023-24,electric-and-hybrid-vehicles,https://ryzenstudy.com/papers/aktu-btech-sem-4-electric-and-hybrid-vehicles-2023-24
BTECH,Sem 4,2023-24,electrical-machines-i,https://ryzenstudy.com/papers/aktu-btech-sem-4-electrical-machines-i-2023-24
BTECH,Sem 4,2023-24,electronics-engineering,https://ryzenstudy.com/papers/aktu-btech-sem-4-electronics-engineering-2023-24
BTECH,Sem 4,2023-24,energy-science-engineering,https://ryzenstudy.com/papers/aktu-btech-sem-4-energy-science-engineering-2023-24
BTECH,Sem 4,2023-24,engineering-mechanics-strength-material,https://ryzenstudy.com/papers/aktu-btech-sem-4-engineering-mechanics-strength-material-2023-24
BTECH,Sem 4,2023-24,hydraulic-engineering-and-machines,https://ryzenstudy.com/papers/aktu-btech-sem-4-hydraulic-engineering-and-machines-2023-24
BTECH,Sem 4,2023-24,introduction-to-solid-mechanics,https://ryzenstudy.com/papers/aktu-btech-sem-4-introduction-to-solid-mechanics-2023-24
BTECH,Sem 4,2023-24,manufacturing-processes,https://ryzenstudy.com/papers/aktu-btech-sem-4-manufacturing-processes-2023-24
BTECH,Sem 4,2023-24,material-science,https://ryzenstudy.com/papers/aktu-btech-sem-4-material-science-2023-24
BTECH,Sem 4,2023-24,materials-testing-construction-practices,https://ryzenstudy.com/papers/aktu-btech-sem-4-materials-testing-construction-practices-2023-24
BTECH,Sem 4,2023-24,mathematics-iii,https://ryzenstudy.com/papers/aktu-btech-sem-4-mathematics-iii-2023-24
BTECH,Sem 4,2023-24,mathematics-iv,https://ryzenstudy.com/papers/aktu-btech-sem-4-mathematics-iv-2023-24
BTECH,Sem 4,2023-24,mathematics-v,https://ryzenstudy.com/papers/aktu-btech-sem-4-mathematics-v-2023-24
BTECH,Sem 4,2023-24,networks-analysis-synthesis,https://ryzenstudy.com/papers/aktu-btech-sem-4-networks-analysis-synthesis-2023-24
BTECH,Sem 4,2023-24,object-oriented-programming-with-java,https://ryzenstudy.com/papers/aktu-btech-sem-4-object-oriented-programming-with-java-2023-24
BTECH,Sem 4,2023-24,operating-system,https://ryzenstudy.com/papers/aktu-btech-sem-4-operating-system-2023-24
BTECH,Sem 4,2023-24,sensor-instrumentation,https://ryzenstudy.com/papers/aktu-btech-sem-4-sensor-instrumentation-2023-24
BTECH,Sem 4,2023-24,signal-system,https://ryzenstudy.com/papers/aktu-btech-sem-4-signal-system-2023-24
BTECH,Sem 4,2023-24,technical-communication,https://ryzenstudy.com/papers/aktu-btech-sem-4-technical-communication-2023-24
BTECH,Sem 4,2023-24,theory-of-automata-and-formal-languages,https://ryzenstudy.com/papers/aktu-btech-sem-4-theory-of-automata-and-formal-languages-2023-24
BTECH,Sem 4,2023-24,universal-human-values-professional-ethics,https://ryzenstudy.com/papers/aktu-btech-sem-4-universal-human-values-professional-ethics-2023-24
BTECH,Sem 4,2024-25,analog-circuits,https://ryzenstudy.com/papers/aktu-btech-sem-4-analog-circuits-2024-25
BTECH,Sem 4,2024-25,analog-electronics-circuits,https://ryzenstudy.com/papers/aktu-btech-sem-4-analog-electronics-circuits-2024-25
BTECH,Sem 4,2024-25,applied-thermodynamics,https://ryzenstudy.com/papers/aktu-btech-sem-4-applied-thermodynamics-2024-25
BTECH,Sem 4,2024-25,automation-and-robotics,https://ryzenstudy.com/papers/aktu-btech-sem-4-automation-and-robotics-2024-25
BTECH,Sem 4,2024-25,basics-data-structure-algorithms,https://ryzenstudy.com/papers/aktu-btech-sem-4-basics-data-structure-algorithms-2024-25
BTECH,Sem 4,2024-25,basics-of-database-management-systems,https://ryzenstudy.com/papers/aktu-btech-sem-4-basics-of-database-management-systems-2024-25
BTECH,Sem 4,2024-25,boe410-digital-electronics,https://ryzenstudy.com/papers/aktu-btech-sem-4-boe410-digital-electronics-2024-25
BTECH,Sem 4,2024-25,building-science-and-engineering,https://ryzenstudy.com/papers/aktu-btech-sem-4-building-science-and-engineering-2024-25
BTECH,Sem 4,2024-25,communication-engineering,https://ryzenstudy.com/papers/aktu-btech-sem-4-communication-engineering-2024-25
BTECH,Sem 4,2024-25,cyber-security,https://ryzenstudy.com/papers/aktu-btech-sem-4-cyber-security-2024-25
BTECH,Sem 4,2024-25,digital-electronics,https://ryzenstudy.com/papers/aktu-btech-sem-4-digital-electronics-2024-25
BTECH,Sem 4,2024-25,electric-and-hybrid-vehicles,https://ryzenstudy.com/papers/aktu-btech-sem-4-electric-and-hybrid-vehicles-2024-25
BTECH,Sem 4,2024-25,electrical-machines-i,https://ryzenstudy.com/papers/aktu-btech-sem-4-electrical-machines-i-2024-25
BTECH,Sem 4,2024-25,electrical-measurements-instrumentation,https://ryzenstudy.com/papers/aktu-btech-sem-4-electrical-measurements-instrumentation-2024-25
BTECH,Sem 4,2024-25,electronics-engineering,https://ryzenstudy.com/papers/aktu-btech-sem-4-electronics-engineering-2024-25
BTECH,Sem 4,2024-25,energy-science-engineering,https://ryzenstudy.com/papers/aktu-btech-sem-4-energy-science-engineering-2024-25
BTECH,Sem 4,2024-25,engineering-mechanics-strength-material,https://ryzenstudy.com/papers/aktu-btech-sem-4-engineering-mechanics-strength-material-2024-25
BTECH,Sem 4,2024-25,food-science-and-nutrition,https://ryzenstudy.com/papers/aktu-btech-sem-4-food-science-and-nutrition-2024-25
BTECH,Sem 4,2024-25,hydraulic-engineering-and-machines,https://ryzenstudy.com/papers/aktu-btech-sem-4-hydraulic-engineering-and-machines-2024-25
BTECH,Sem 4,2024-25,introduction-to-solid-mechanics,https://ryzenstudy.com/papers/aktu-btech-sem-4-introduction-to-solid-mechanics-2024-25
BTECH,Sem 4,2024-25,laser-system-and-applications,https://ryzenstudy.com/papers/aktu-btech-sem-4-laser-system-and-applications-2024-25
BTECH,Sem 4,2024-25,manufacturing-processes,https://ryzenstudy.com/papers/aktu-btech-sem-4-manufacturing-processes-2024-25
BTECH,Sem 4,2024-25,material-science,https://ryzenstudy.com/papers/aktu-btech-sem-4-material-science-2024-25
BTECH,Sem 4,2024-25,materials-testing-construction-practices,https://ryzenstudy.com/papers/aktu-btech-sem-4-materials-testing-construction-practices-2024-25
BTECH,Sem 4,2024-25,mathematics-iv,https://ryzenstudy.com/papers/aktu-btech-sem-4-mathematics-iv-2024-25
BTECH,Sem 4,2024-25,networks-analysis-synthesis,https://ryzenstudy.com/papers/aktu-btech-sem-4-networks-analysis-synthesis-2024-25
BTECH,Sem 4,2024-25,object-oriented-programming-with-java,https://ryzenstudy.com/papers/aktu-btech-sem-4-object-oriented-programming-with-java-2024-25
BTECH,Sem 4,2024-25,operating-system,https://ryzenstudy.com/papers/aktu-btech-sem-4-operating-system-2024-25
BTECH,Sem 4,2024-25,polymer-science-and-technology,https://ryzenstudy.com/papers/aktu-btech-sem-4-polymer-science-and-technology-2024-25
BTECH,Sem 4,2024-25,python-programming,https://ryzenstudy.com/papers/aktu-btech-sem-4-python-programming-2024-25
BTECH,Sem 4,2024-25,sensor-instrumentation,https://ryzenstudy.com/papers/aktu-btech-sem-4-sensor-instrumentation-2024-25
BTECH,Sem 4,2024-25,signal-system,https://ryzenstudy.com/papers/aktu-btech-sem-4-signal-system-2024-25
BTECH,Sem 4,2024-25,technical-communication,https://ryzenstudy.com/papers/aktu-btech-sem-4-technical-communication-2024-25
BTECH,Sem 4,2024-25,theory-of-automata-and-formal-languages,https://ryzenstudy.com/papers/aktu-btech-sem-4-theory-of-automata-and-formal-languages-2024-25
BTECH,Sem 4,2024-25,universal-human-values-professional-ethics,https://ryzenstudy.com/papers/aktu-btech-sem-4-universal-human-values-professional-ethics-2024-25
BTECH,Sem 4,2025-26,analog-circuits,https://ryzenstudy.com/papers/aktu-btech-sem-4-analog-circuits-2025-26
BTECH,Sem 4,2025-26,analog-electronics-circuits,https://ryzenstudy.com/papers/aktu-btech-sem-4-analog-electronics-circuits-2025-26
BTECH,Sem 4,2025-26,applied-thermodynamics,https://ryzenstudy.com/papers/aktu-btech-sem-4-applied-thermodynamics-2025-26
BTECH,Sem 4,2025-26,automation-and-robotics,https://ryzenstudy.com/papers/aktu-btech-sem-4-automation-and-robotics-2025-26
BTECH,Sem 4,2025-26,basics-data-structure-algorithms,https://ryzenstudy.com/papers/aktu-btech-sem-4-basics-data-structure-algorithms-2025-26
BTECH,Sem 4,2025-26,basics-of-database-management-systems,https://ryzenstudy.com/papers/aktu-btech-sem-4-basics-of-database-management-systems-2025-26
BTECH,Sem 4,2025-26,boe410-digital-electronics,https://ryzenstudy.com/papers/aktu-btech-sem-4-boe410-digital-electronics-2025-26
BTECH,Sem 4,2025-26,building-science-and-engineering,https://ryzenstudy.com/papers/aktu-btech-sem-4-building-science-and-engineering-2025-26
BTECH,Sem 4,2025-26,communication-engineering,https://ryzenstudy.com/papers/aktu-btech-sem-4-communication-engineering-2025-26
BTECH,Sem 4,2025-26,cyber-security,https://ryzenstudy.com/papers/aktu-btech-sem-4-cyber-security-2025-26
BTECH,Sem 4,2025-26,design-and-analysis-of-algorithm,https://ryzenstudy.com/papers/aktu-btech-sem-4-design-and-analysis-of-algorithm-2025-26
BTECH,Sem 4,2025-26,digital-electronics,https://ryzenstudy.com/papers/aktu-btech-sem-4-digital-electronics-2025-26
BTECH,Sem 4,2025-26,electric-and-hybrid-vehicles,https://ryzenstudy.com/papers/aktu-btech-sem-4-electric-and-hybrid-vehicles-2025-26
BTECH,Sem 4,2025-26,electrical-machines-i,https://ryzenstudy.com/papers/aktu-btech-sem-4-electrical-machines-i-2025-26
BTECH,Sem 4,2025-26,electronics-engineering,https://ryzenstudy.com/papers/aktu-btech-sem-4-electronics-engineering-2025-26
BTECH,Sem 4,2025-26,energy-science-engineering,https://ryzenstudy.com/papers/aktu-btech-sem-4-energy-science-engineering-2025-26
BTECH,Sem 4,2025-26,engineering-mechanics-strength-material,https://ryzenstudy.com/papers/aktu-btech-sem-4-engineering-mechanics-strength-material-2025-26
BTECH,Sem 4,2025-26,food-science-and-nutrition,https://ryzenstudy.com/papers/aktu-btech-sem-4-food-science-and-nutrition-2025-26
BTECH,Sem 4,2025-26,laser-system-and-applications,https://ryzenstudy.com/papers/aktu-btech-sem-4-laser-system-and-applications-2025-26
BTECH,Sem 4,2025-26,manufacturing-processes,https://ryzenstudy.com/papers/aktu-btech-sem-4-manufacturing-processes-2025-26
BTECH,Sem 4,2025-26,material-science,https://ryzenstudy.com/papers/aktu-btech-sem-4-material-science-2025-26
BTECH,Sem 4,2025-26,mathematics-iii,https://ryzenstudy.com/papers/aktu-btech-sem-4-mathematics-iii-2025-26
BTECH,Sem 4,2025-26,mathematics-iv,https://ryzenstudy.com/papers/aktu-btech-sem-4-mathematics-iv-2025-26
BTECH,Sem 4,2025-26,mathematics-v,https://ryzenstudy.com/papers/aktu-btech-sem-4-mathematics-v-2025-26
BTECH,Sem 4,2025-26,networks-analysis-synthesis,https://ryzenstudy.com/papers/aktu-btech-sem-4-networks-analysis-synthesis-2025-26
BTECH,Sem 4,2025-26,object-oriented-programming-with-java,https://ryzenstudy.com/papers/aktu-btech-sem-4-object-oriented-programming-with-java-2025-26
BTECH,Sem 4,2025-26,operating-system,https://ryzenstudy.com/papers/aktu-btech-sem-4-operating-system-2025-26
BTECH,Sem 4,2025-26,polymer-science-and-technology,https://ryzenstudy.com/papers/aktu-btech-sem-4-polymer-science-and-technology-2025-26
BTECH,Sem 4,2025-26,python-programming,https://ryzenstudy.com/papers/aktu-btech-sem-4-python-programming-2025-26
BTECH,Sem 4,2025-26,sensor-instrumentation,https://ryzenstudy.com/papers/aktu-btech-sem-4-sensor-instrumentation-2025-26
BTECH,Sem 4,2025-26,signal-system,https://ryzenstudy.com/papers/aktu-btech-sem-4-signal-system-2025-26
BTECH,Sem 4,2025-26,technical-communication,https://ryzenstudy.com/papers/aktu-btech-sem-4-technical-communication-2025-26
BTECH,Sem 4,2025-26,theory-of-automata-and-formal-languages,https://ryzenstudy.com/papers/aktu-btech-sem-4-theory-of-automata-and-formal-languages-2025-26
BTECH,Sem 4,2025-26,universal-human-values-professional-ethics,https://ryzenstudy.com/papers/aktu-btech-sem-4-universal-human-values-professional-ethics-2025-26
BTECH,Sem 5,2020-21,statistical-computing,https://ryzenstudy.com/papers/aktu-btech-sem-5-statistical-computing-2020-21
BTECH,Sem 5,2021-22,advance-welding,https://ryzenstudy.com/papers/aktu-btech-sem-5-advance-welding-2021-22
BTECH,Sem 5,2021-22,application-of-soft-computing,https://ryzenstudy.com/papers/aktu-btech-sem-5-application-of-soft-computing-2021-22
BTECH,Sem 5,2021-22,compiler-design,https://ryzenstudy.com/papers/aktu-btech-sem-5-compiler-design-2021-22
BTECH,Sem 5,2021-22,computer-graphics,https://ryzenstudy.com/papers/aktu-btech-sem-5-computer-graphics-2021-22
BTECH,Sem 5,2021-22,constitution-of-india-law-and-engineering,https://ryzenstudy.com/papers/aktu-btech-sem-5-constitution-of-india-law-and-engineering-2021-22
BTECH,Sem 5,2021-22,control-system,https://ryzenstudy.com/papers/aktu-btech-sem-5-control-system-2021-22
BTECH,Sem 5,2021-22,data-analytics,https://ryzenstudy.com/papers/aktu-btech-sem-5-data-analytics-2021-22
BTECH,Sem 5,2021-22,database-management-system,https://ryzenstudy.com/papers/aktu-btech-sem-5-database-management-system-2021-22
BTECH,Sem 5,2021-22,design-and-analysis-of-algorithm,https://ryzenstudy.com/papers/aktu-btech-sem-5-design-and-analysis-of-algorithm-2021-22
BTECH,Sem 5,2021-22,digital-signal-processing,https://ryzenstudy.com/papers/aktu-btech-sem-5-digital-signal-processing-2021-22
BTECH,Sem 5,2021-22,electrical-machines-ii,https://ryzenstudy.com/papers/aktu-btech-sem-5-electrical-machines-ii-2021-22
BTECH,Sem 5,2021-22,heat-and-mass-transfer,https://ryzenstudy.com/papers/aktu-btech-sem-5-heat-and-mass-transfer-2021-22
BTECH,Sem 5,2021-22,ic-engine-fuel-and-lubrication,https://ryzenstudy.com/papers/aktu-btech-sem-5-ic-engine-fuel-and-lubrication-2021-22
BTECH,Sem 5,2021-22,industrial-engineering,https://ryzenstudy.com/papers/aktu-btech-sem-5-industrial-engineering-2021-22
BTECH,Sem 5,2021-22,integrated-circuits,https://ryzenstudy.com/papers/aktu-btech-sem-5-integrated-circuits-2021-22
BTECH,Sem 5,2021-22,machine-learning-techniques,https://ryzenstudy.com/papers/aktu-btech-sem-5-machine-learning-techniques-2021-22
BTECH,Sem 5,2021-22,microprocessors-and-microcontrollers,https://ryzenstudy.com/papers/aktu-btech-sem-5-microprocessors-and-microcontrollers-2021-22
BTECH,Sem 5,2021-22,object-oriented-system-design,https://ryzenstudy.com/papers/aktu-btech-sem-5-object-oriented-system-design-2021-22
BTECH,Sem 5,2021-22,optical-communication,https://ryzenstudy.com/papers/aktu-btech-sem-5-optical-communication-2021-22
BTECH,Sem 5,2021-22,power-system-i,https://ryzenstudy.com/papers/aktu-btech-sem-5-power-system-i-2021-22
BTECH,Sem 5,2021-22,sensors-and-transducers-de-i,https://ryzenstudy.com/papers/aktu-btech-sem-5-sensors-and-transducers-de-i-2021-22
BTECH,Sem 5,2021-22,strength-of-materials,https://ryzenstudy.com/papers/aktu-btech-sem-5-strength-of-materials-2021-22
BTECH,Sem 5,2021-22,vlsi-technology,https://ryzenstudy.com/papers/aktu-btech-sem-5-vlsi-technology-2021-22
BTECH,Sem 5,2021-22,web-technology,https://ryzenstudy.com/papers/aktu-btech-sem-5-web-technology-2021-22
BTECH,Sem 5,2022-23,advance-digital-design-using-verilog,https://ryzenstudy.com/papers/aktu-btech-sem-5-advance-digital-design-using-verilog-2022-23
BTECH,Sem 5,2022-23,advance-semiconductor-device,https://ryzenstudy.com/papers/aktu-btech-sem-5-advance-semiconductor-device-2022-23
BTECH,Sem 5,2022-23,advance-welding,https://ryzenstudy.com/papers/aktu-btech-sem-5-advance-welding-2022-23
BTECH,Sem 5,2022-23,air-and-noise-pollution-control,https://ryzenstudy.com/papers/aktu-btech-sem-5-air-and-noise-pollution-control-2022-23
BTECH,Sem 5,2022-23,analog-and-digital-communication,https://ryzenstudy.com/papers/aktu-btech-sem-5-analog-and-digital-communication-2022-23
BTECH,Sem 5,2022-23,application-of-soft-computing,https://ryzenstudy.com/papers/aktu-btech-sem-5-application-of-soft-computing-2022-23
BTECH,Sem 5,2022-23,artificial-intelligence,https://ryzenstudy.com/papers/aktu-btech-sem-5-artificial-intelligence-2022-23
BTECH,Sem 5,2022-23,augmented-and-virtual-reality,https://ryzenstudy.com/papers/aktu-btech-sem-5-augmented-and-virtual-reality-2022-23
BTECH,Sem 5,2022-23,business-intelligence-and-analytic,https://ryzenstudy.com/papers/aktu-btech-sem-5-business-intelligence-and-analytic-2022-23
BTECH,Sem 5,2022-23,compiler-design,https://ryzenstudy.com/papers/aktu-btech-sem-5-compiler-design-2022-23
BTECH,Sem 5,2022-23,computer-architecture-and-organization,https://ryzenstudy.com/papers/aktu-btech-sem-5-computer-architecture-and-organization-2022-23
BTECH,Sem 5,2022-23,computer-graphics,https://ryzenstudy.com/papers/aktu-btech-sem-5-computer-graphics-2022-23
BTECH,Sem 5,2022-23,computer-integrated-manufacturing,https://ryzenstudy.com/papers/aktu-btech-sem-5-computer-integrated-manufacturing-2022-23
BTECH,Sem 5,2022-23,concrete-technology,https://ryzenstudy.com/papers/aktu-btech-sem-5-concrete-technology-2022-23
BTECH,Sem 5,2022-23,constitution-of-india-law-and-engineering,https://ryzenstudy.com/papers/aktu-btech-sem-5-constitution-of-india-law-and-engineering-2022-23
BTECH,Sem 5,2022-23,control-system,https://ryzenstudy.com/papers/aktu-btech-sem-5-control-system-2022-23
BTECH,Sem 5,2022-23,data-analytics,https://ryzenstudy.com/papers/aktu-btech-sem-5-data-analytics-2022-23
BTECH,Sem 5,2022-23,database-management-system,https://ryzenstudy.com/papers/aktu-btech-sem-5-database-management-system-2022-23
BTECH,Sem 5,2022-23,design-analysis-of-algorithm,https://ryzenstudy.com/papers/aktu-btech-sem-5-design-analysis-of-algorithm-2022-23
BTECH,Sem 5,2022-23,digital-signal-processing,https://ryzenstudy.com/papers/aktu-btech-sem-5-digital-signal-processing-2022-23
BTECH,Sem 5,2022-23,electrical-machine-ii,https://ryzenstudy.com/papers/aktu-btech-sem-5-electrical-machine-ii-2022-23
BTECH,Sem 5,2022-23,electronic-instrumentation-measurements,https://ryzenstudy.com/papers/aktu-btech-sem-5-electronic-instrumentation-measurements-2022-23
BTECH,Sem 5,2022-23,electronic-switching,https://ryzenstudy.com/papers/aktu-btech-sem-5-electronic-switching-2022-23
BTECH,Sem 5,2022-23,electronics-switching,https://ryzenstudy.com/papers/aktu-btech-sem-5-electronics-switching-2022-23
BTECH,Sem 5,2022-23,engineering-geology,https://ryzenstudy.com/papers/aktu-btech-sem-5-engineering-geology-2022-23
BTECH,Sem 5,2022-23,engineering-hydrology,https://ryzenstudy.com/papers/aktu-btech-sem-5-engineering-hydrology-2022-23
BTECH,Sem 5,2022-23,finite-element-methods,https://ryzenstudy.com/papers/aktu-btech-sem-5-finite-element-methods-2022-23
BTECH,Sem 5,2022-23,fuels-and-combustion,https://ryzenstudy.com/papers/aktu-btech-sem-5-fuels-and-combustion-2022-23
BTECH,Sem 5,2022-23,geotechnical-engineering,https://ryzenstudy.com/papers/aktu-btech-sem-5-geotechnical-engineering-2022-23
BTECH,Sem 5,2022-23,gis-and-advance-remote-sensing,https://ryzenstudy.com/papers/aktu-btech-sem-5-gis-and-advance-remote-sensing-2022-23
BTECH,Sem 5,2022-23,heat-and-mass-transfer,https://ryzenstudy.com/papers/aktu-btech-sem-5-heat-and-mass-transfer-2022-23
BTECH,Sem 5,2022-23,human-computer-interface,https://ryzenstudy.com/papers/aktu-btech-sem-5-human-computer-interface-2022-23
BTECH,Sem 5,2022-23,i-c-engines-fuels-lubrication,https://ryzenstudy.com/papers/aktu-btech-sem-5-i-c-engines-fuels-lubrication-2022-23
BTECH,Sem 5,2022-23,indian-tradition-culture-and-society,https://ryzenstudy.com/papers/aktu-btech-sem-5-indian-tradition-culture-and-society-2022-23
BTECH,Sem 5,2022-23,industrial-electronics,https://ryzenstudy.com/papers/aktu-btech-sem-5-industrial-electronics-2022-23
BTECH,Sem 5,2022-23,industrial-engineering,https://ryzenstudy.com/papers/aktu-btech-sem-5-industrial-engineering-2022-23
BTECH,Sem 5,2022-23,integrated-circuits,https://ryzenstudy.com/papers/aktu-btech-sem-5-integrated-circuits-2022-23
BTECH,Sem 5,2022-23,introduction-to-data-analytics-and-visualization,https://ryzenstudy.com/papers/aktu-btech-sem-5-introduction-to-data-analytics-and-visualization-2022-23
BTECH,Sem 5,2022-23,introduction-to-internet-of-things,https://ryzenstudy.com/papers/aktu-btech-sem-5-introduction-to-internet-of-things-2022-23
BTECH,Sem 5,2022-23,kcs502-compiler-design,https://ryzenstudy.com/papers/aktu-btech-sem-5-kcs502-compiler-design-2022-23
BTECH,Sem 5,2022-23,kec503-digital-signal-processing,https://ryzenstudy.com/papers/aktu-btech-sem-5-kec503-digital-signal-processing-2022-23
BTECH,Sem 5,2022-23,machine-learning-techniques,https://ryzenstudy.com/papers/aktu-btech-sem-5-machine-learning-techniques-2022-23
BTECH,Sem 5,2022-23,mechanical-vibrations,https://ryzenstudy.com/papers/aktu-btech-sem-5-mechanical-vibrations-2022-23
BTECH,Sem 5,2022-23,mechatronics-systems,https://ryzenstudy.com/papers/aktu-btech-sem-5-mechatronics-systems-2022-23
BTECH,Sem 5,2022-23,microprocessor-microcontroller,https://ryzenstudy.com/papers/aktu-btech-sem-5-microprocessor-microcontroller-2022-23
BTECH,Sem 5,2022-23,modern-construction-materials,https://ryzenstudy.com/papers/aktu-btech-sem-5-modern-construction-materials-2022-23
BTECH,Sem 5,2022-23,natural-language-processing,https://ryzenstudy.com/papers/aktu-btech-sem-5-natural-language-processing-2022-23
BTECH,Sem 5,2022-23,neural-networks-fuzzy-system,https://ryzenstudy.com/papers/aktu-btech-sem-5-neural-networks-fuzzy-system-2022-23
BTECH,Sem 5,2022-23,object-oriented-system-design-with-c,https://ryzenstudy.com/papers/aktu-btech-sem-5-object-oriented-system-design-with-c-2022-23
BTECH,Sem 5,2022-23,open-channel-flow,https://ryzenstudy.com/papers/aktu-btech-sem-5-open-channel-flow-2022-23
BTECH,Sem 5,2022-23,optical-communication,https://ryzenstudy.com/papers/aktu-btech-sem-5-optical-communication-2022-23
BTECH,Sem 5,2022-23,optimization-technique,https://ryzenstudy.com/papers/aktu-btech-sem-5-optimization-technique-2022-23
BTECH,Sem 5,2022-23,power-system-i,https://ryzenstudy.com/papers/aktu-btech-sem-5-power-system-i-2022-23
BTECH,Sem 5,2022-23,privacy-and-security-in-iot,https://ryzenstudy.com/papers/aktu-btech-sem-5-privacy-and-security-in-iot-2022-23
BTECH,Sem 5,2022-23,programming-data-structures-and-algorithms-using-python,https://ryzenstudy.com/papers/aktu-btech-sem-5-programming-data-structures-and-algorithms-using-python-2022-23
BTECH,Sem 5,2022-23,programming-interfacing-with-microcontrollers,https://ryzenstudy.com/papers/aktu-btech-sem-5-programming-interfacing-with-microcontrollers-2022-23
BTECH,Sem 5,2022-23,quantity-estimation-and-construction-management,https://ryzenstudy.com/papers/aktu-btech-sem-5-quantity-estimation-and-construction-management-2022-23
BTECH,Sem 5,2022-23,sensor-and-instrumentation-technologies-for-civil-engineering-applicatiom,https://ryzenstudy.com/papers/aktu-btech-sem-5-sensor-and-instrumentation-technologies-for-civil-engineering-applicatiom-2022-23
BTECH,Sem 5,2022-23,sensors-actuators-and-signal-processing,https://ryzenstudy.com/papers/aktu-btech-sem-5-sensors-actuators-and-signal-processing-2022-23
BTECH,Sem 5,2022-23,strength-of-materials,https://ryzenstudy.com/papers/aktu-btech-sem-5-strength-of-materials-2022-23
BTECH,Sem 5,2022-23,structural-analysis,https://ryzenstudy.com/papers/aktu-btech-sem-5-structural-analysis-2022-23
BTECH,Sem 5,2022-23,vlsi-technology,https://ryzenstudy.com/papers/aktu-btech-sem-5-vlsi-technology-2022-23
BTECH,Sem 5,2022-23,web-designing,https://ryzenstudy.com/papers/aktu-btech-sem-5-web-designing-2022-23
BTECH,Sem 5,2022-23,web-technology,https://ryzenstudy.com/papers/aktu-btech-sem-5-web-technology-2022-23
BTECH,Sem 5,2023-24,advance-digital-design-using-verilog,https://ryzenstudy.com/papers/aktu-btech-sem-5-advance-digital-design-using-verilog-2023-24
BTECH,Sem 5,2023-24,advance-semiconductor-device,https://ryzenstudy.com/papers/aktu-btech-sem-5-advance-semiconductor-device-2023-24
BTECH,Sem 5,2023-24,advance-welding,https://ryzenstudy.com/papers/aktu-btech-sem-5-advance-welding-2023-24
BTECH,Sem 5,2023-24,air-and-noise-pollution-control,https://ryzenstudy.com/papers/aktu-btech-sem-5-air-and-noise-pollution-control-2023-24
BTECH,Sem 5,2023-24,application-of-soft-computing,https://ryzenstudy.com/papers/aktu-btech-sem-5-application-of-soft-computing-2023-24
BTECH,Sem 5,2023-24,artificial-intelligence,https://ryzenstudy.com/papers/aktu-btech-sem-5-artificial-intelligence-2023-24
BTECH,Sem 5,2023-24,automobile-engines-combustion,https://ryzenstudy.com/papers/aktu-btech-sem-5-automobile-engines-combustion-2023-24
BTECH,Sem 5,2023-24,automotive-chassis-and-suspension,https://ryzenstudy.com/papers/aktu-btech-sem-5-automotive-chassis-and-suspension-2023-24
BTECH,Sem 5,2023-24,business-intelligence-and-analytics,https://ryzenstudy.com/papers/aktu-btech-sem-5-business-intelligence-and-analytics-2023-24
BTECH,Sem 5,2023-24,cloud-computing,https://ryzenstudy.com/papers/aktu-btech-sem-5-cloud-computing-2023-24
BTECH,Sem 5,2023-24,compiler-design,https://ryzenstudy.com/papers/aktu-btech-sem-5-compiler-design-2023-24
BTECH,Sem 5,2023-24,computer-architecture-and-organization,https://ryzenstudy.com/papers/aktu-btech-sem-5-computer-architecture-and-organization-2023-24
BTECH,Sem 5,2023-24,computer-graphics,https://ryzenstudy.com/papers/aktu-btech-sem-5-computer-graphics-2023-24
BTECH,Sem 5,2023-24,computer-integrated-manufacturing,https://ryzenstudy.com/papers/aktu-btech-sem-5-computer-integrated-manufacturing-2023-24
BTECH,Sem 5,2023-24,concrete-technology,https://ryzenstudy.com/papers/aktu-btech-sem-5-concrete-technology-2023-24
BTECH,Sem 5,2023-24,constitution-of-india-law-and-engineering,https://ryzenstudy.com/papers/aktu-btech-sem-5-constitution-of-india-law-and-engineering-2023-24
BTECH,Sem 5,2023-24,control-system,https://ryzenstudy.com/papers/aktu-btech-sem-5-control-system-2023-24
BTECH,Sem 5,2023-24,data-analytics,https://ryzenstudy.com/papers/aktu-btech-sem-5-data-analytics-2023-24
BTECH,Sem 5,2023-24,data-base-management-system,https://ryzenstudy.com/papers/aktu-btech-sem-5-data-base-management-system-2023-24
BTECH,Sem 5,2023-24,design-and-analysis-of-algorithm,https://ryzenstudy.com/papers/aktu-btech-sem-5-design-and-analysis-of-algorithm-2023-24
BTECH,Sem 5,2023-24,digital-signal-processing,https://ryzenstudy.com/papers/aktu-btech-sem-5-digital-signal-processing-2023-24
BTECH,Sem 5,2023-24,distributed-system,https://ryzenstudy.com/papers/aktu-btech-sem-5-distributed-system-2023-24
BTECH,Sem 5,2023-24,electrical-machines-ii,https://ryzenstudy.com/papers/aktu-btech-sem-5-electrical-machines-ii-2023-24
BTECH,Sem 5,2023-24,electrical-standards-and-engineering-practices,https://ryzenstudy.com/papers/aktu-btech-sem-5-electrical-standards-and-engineering-practices-2023-24
BTECH,Sem 5,2023-24,electronic-instrumentation-and-measurements,https://ryzenstudy.com/papers/aktu-btech-sem-5-electronic-instrumentation-and-measurements-2023-24
BTECH,Sem 5,2023-24,electronics-switching,https://ryzenstudy.com/papers/aktu-btech-sem-5-electronics-switching-2023-24
BTECH,Sem 5,2023-24,embedded-systems-and-real-time-operating-system,https://ryzenstudy.com/papers/aktu-btech-sem-5-embedded-systems-and-real-time-operating-system-2023-24
BTECH,Sem 5,2023-24,engineering-geology,https://ryzenstudy.com/papers/aktu-btech-sem-5-engineering-geology-2023-24
BTECH,Sem 5,2023-24,engineering-hydrology,https://ryzenstudy.com/papers/aktu-btech-sem-5-engineering-hydrology-2023-24
BTECH,Sem 5,2023-24,fuels-and-combustion,https://ryzenstudy.com/papers/aktu-btech-sem-5-fuels-and-combustion-2023-24
BTECH,Sem 5,2023-24,geotechnical-engineering,https://ryzenstudy.com/papers/aktu-btech-sem-5-geotechnical-engineering-2023-24
BTECH,Sem 5,2023-24,gis-and-advance-remote-sensing,https://ryzenstudy.com/papers/aktu-btech-sem-5-gis-and-advance-remote-sensing-2023-24
BTECH,Sem 5,2023-24,heat-and-mass-transfer,https://ryzenstudy.com/papers/aktu-btech-sem-5-heat-and-mass-transfer-2023-24
BTECH,Sem 5,2023-24,i-c-engine-fuels-lubrication,https://ryzenstudy.com/papers/aktu-btech-sem-5-i-c-engine-fuels-lubrication-2023-24
BTECH,Sem 5,2023-24,indian-tradition-culture-and-society,https://ryzenstudy.com/papers/aktu-btech-sem-5-indian-tradition-culture-and-society-2023-24
BTECH,Sem 5,2023-24,industrial-automation-and-control,https://ryzenstudy.com/papers/aktu-btech-sem-5-industrial-automation-and-control-2023-24
BTECH,Sem 5,2023-24,industrial-electronics,https://ryzenstudy.com/papers/aktu-btech-sem-5-industrial-electronics-2023-24
BTECH,Sem 5,2023-24,industrial-engineering,https://ryzenstudy.com/papers/aktu-btech-sem-5-industrial-engineering-2023-24
BTECH,Sem 5,2023-24,integrated-circuits,https://ryzenstudy.com/papers/aktu-btech-sem-5-integrated-circuits-2023-24
BTECH,Sem 5,2023-24,intelligent-database-system,https://ryzenstudy.com/papers/aktu-btech-sem-5-intelligent-database-system-2023-24
BTECH,Sem 5,2023-24,introduction-to-data-analytics-and-visualization,https://ryzenstudy.com/papers/aktu-btech-sem-5-introduction-to-data-analytics-and-visualization-2023-24
BTECH,Sem 5,2023-24,introduction-to-internet-of-things,https://ryzenstudy.com/papers/aktu-btech-sem-5-introduction-to-internet-of-things-2023-24
BTECH,Sem 5,2023-24,kit052-compiler-design,https://ryzenstudy.com/papers/aktu-btech-sem-5-kit052-compiler-design-2023-24
BTECH,Sem 5,2023-24,kme053-quantity-estimation-and-construction-management,https://ryzenstudy.com/papers/aktu-btech-sem-5-kme053-quantity-estimation-and-construction-management-2023-24
BTECH,Sem 5,2023-24,machine-learning-techniques,https://ryzenstudy.com/papers/aktu-btech-sem-5-machine-learning-techniques-2023-24
BTECH,Sem 5,2023-24,mathematical-foundation-ai-ml-and-data-science,https://ryzenstudy.com/papers/aktu-btech-sem-5-mathematical-foundation-ai-ml-and-data-science-2023-24
BTECH,Sem 5,2023-24,mechanical-vibrations,https://ryzenstudy.com/papers/aktu-btech-sem-5-mechanical-vibrations-2023-24
BTECH,Sem 5,2023-24,mechatronics-systems,https://ryzenstudy.com/papers/aktu-btech-sem-5-mechatronics-systems-2023-24
BTECH,Sem 5,2023-24,microprocessor-microcontroller,https://ryzenstudy.com/papers/aktu-btech-sem-5-microprocessor-microcontroller-2023-24
BTECH,Sem 5,2023-24,modern-construction-materials,https://ryzenstudy.com/papers/aktu-btech-sem-5-modern-construction-materials-2023-24
BTECH,Sem 5,2023-24,natural-language-processing,https://ryzenstudy.com/papers/aktu-btech-sem-5-natural-language-processing-2023-24
BTECH,Sem 5,2023-24,object-oriented-system-design-with-c,https://ryzenstudy.com/papers/aktu-btech-sem-5-object-oriented-system-design-with-c-2023-24
BTECH,Sem 5,2023-24,open-channel-flow,https://ryzenstudy.com/papers/aktu-btech-sem-5-open-channel-flow-2023-24
BTECH,Sem 5,2023-24,optical-communication,https://ryzenstudy.com/papers/aktu-btech-sem-5-optical-communication-2023-24
BTECH,Sem 5,2023-24,power-system-i,https://ryzenstudy.com/papers/aktu-btech-sem-5-power-system-i-2023-24
BTECH,Sem 5,2023-24,privacy-and-security-in-iot,https://ryzenstudy.com/papers/aktu-btech-sem-5-privacy-and-security-in-iot-2023-24
BTECH,Sem 5,2023-24,programming-and-interfacing-with-microcontrollers,https://ryzenstudy.com/papers/aktu-btech-sem-5-programming-and-interfacing-with-microcontrollers-2023-24
BTECH,Sem 5,2023-24,programming-data-structures-and-algorithms-using-python,https://ryzenstudy.com/papers/aktu-btech-sem-5-programming-data-structures-and-algorithms-using-python-2023-24
BTECH,Sem 5,2023-24,quantity-estimation-and-construction-management,https://ryzenstudy.com/papers/aktu-btech-sem-5-quantity-estimation-and-construction-management-2023-24
BTECH,Sem 5,2023-24,robotics,https://ryzenstudy.com/papers/aktu-btech-sem-5-robotics-2023-24
BTECH,Sem 5,2023-24,sensor-and-instrumentation-technologies-for-civil-engineering,https://ryzenstudy.com/papers/aktu-btech-sem-5-sensor-and-instrumentation-technologies-for-civil-engineering-2023-24
BTECH,Sem 5,2023-24,sensors-and-transducers,https://ryzenstudy.com/papers/aktu-btech-sem-5-sensors-and-transducers-2023-24
BTECH,Sem 5,2023-24,statistical-computing,https://ryzenstudy.com/papers/aktu-btech-sem-5-statistical-computing-2023-24
BTECH,Sem 5,2023-24,stream-processing-and-analytics,https://ryzenstudy.com/papers/aktu-btech-sem-5-stream-processing-and-analytics-2023-24
BTECH,Sem 5,2023-24,strength-of-material,https://ryzenstudy.com/papers/aktu-btech-sem-5-strength-of-material-2023-24
BTECH,Sem 5,2023-24,structural-analysis,https://ryzenstudy.com/papers/aktu-btech-sem-5-structural-analysis-2023-24
BTECH,Sem 5,2023-24,vlsi-technology,https://ryzenstudy.com/papers/aktu-btech-sem-5-vlsi-technology-2023-24
BTECH,Sem 5,2023-24,wearable-computing-mixed-reality-and-internet-of-everything,https://ryzenstudy.com/papers/aktu-btech-sem-5-wearable-computing-mixed-reality-and-internet-of-everything-2023-24
BTECH,Sem 5,2023-24,web-designing,https://ryzenstudy.com/papers/aktu-btech-sem-5-web-designing-2023-24
BTECH,Sem 5,2024-25,advance-manufacturing-processes,https://ryzenstudy.com/papers/aktu-btech-sem-5-advance-manufacturing-processes-2024-25
BTECH,Sem 5,2024-25,analog-digital-communication,https://ryzenstudy.com/papers/aktu-btech-sem-5-analog-digital-communication-2024-25
BTECH,Sem 5,2024-25,application-of-soft-computing,https://ryzenstudy.com/papers/aktu-btech-sem-5-application-of-soft-computing-2024-25
BTECH,Sem 5,2024-25,artificial-intelligence,https://ryzenstudy.com/papers/aktu-btech-sem-5-artificial-intelligence-2024-25
BTECH,Sem 5,2024-25,bcit054-artificial-intelligence,https://ryzenstudy.com/papers/aktu-btech-sem-5-bcit054-artificial-intelligence-2024-25
BTECH,Sem 5,2024-25,bee057-digital-signal-processing,https://ryzenstudy.com/papers/aktu-btech-sem-5-bee057-digital-signal-processing-2024-25
BTECH,Sem 5,2024-25,bio-medical-sensors-instrumentation,https://ryzenstudy.com/papers/aktu-btech-sem-5-bio-medical-sensors-instrumentation-2024-25
BTECH,Sem 5,2024-25,bio-medical-signal-processing,https://ryzenstudy.com/papers/aktu-btech-sem-5-bio-medical-signal-processing-2024-25
BTECH,Sem 5,2024-25,business-intelligence-and-analytics,https://ryzenstudy.com/papers/aktu-btech-sem-5-business-intelligence-and-analytics-2024-25
BTECH,Sem 5,2024-25,cloud-computing,https://ryzenstudy.com/papers/aktu-btech-sem-5-cloud-computing-2024-25
BTECH,Sem 5,2024-25,cmos-analog-vlsi-design,https://ryzenstudy.com/papers/aktu-btech-sem-5-cmos-analog-vlsi-design-2024-25
BTECH,Sem 5,2024-25,computer-graphics,https://ryzenstudy.com/papers/aktu-btech-sem-5-computer-graphics-2024-25
BTECH,Sem 5,2024-25,computer-vision,https://ryzenstudy.com/papers/aktu-btech-sem-5-computer-vision-2024-25
BTECH,Sem 5,2024-25,concrete-technology,https://ryzenstudy.com/papers/aktu-btech-sem-5-concrete-technology-2024-25
BTECH,Sem 5,2024-25,constitution-of-india,https://ryzenstudy.com/papers/aktu-btech-sem-5-constitution-of-india-2024-25
BTECH,Sem 5,2024-25,control-system,https://ryzenstudy.com/papers/aktu-btech-sem-5-control-system-2024-25
BTECH,Sem 5,2024-25,data-analytics,https://ryzenstudy.com/papers/aktu-btech-sem-5-data-analytics-2024-25
BTECH,Sem 5,2024-25,database-management-system,https://ryzenstudy.com/papers/aktu-btech-sem-5-database-management-system-2024-25
BTECH,Sem 5,2024-25,design-and-analysis-of-algorithm,https://ryzenstudy.com/papers/aktu-btech-sem-5-design-and-analysis-of-algorithm-2024-25
BTECH,Sem 5,2024-25,digital-signal-processing,https://ryzenstudy.com/papers/aktu-btech-sem-5-digital-signal-processing-2024-25
BTECH,Sem 5,2024-25,electrical-machines-ii,https://ryzenstudy.com/papers/aktu-btech-sem-5-electrical-machines-ii-2024-25
BTECH,Sem 5,2024-25,electronics-switching,https://ryzenstudy.com/papers/aktu-btech-sem-5-electronics-switching-2024-25
BTECH,Sem 5,2024-25,engineering-geology,https://ryzenstudy.com/papers/aktu-btech-sem-5-engineering-geology-2024-25
BTECH,Sem 5,2024-25,essence-of-indian-traditional-knowledge,https://ryzenstudy.com/papers/aktu-btech-sem-5-essence-of-indian-traditional-knowledge-2024-25
BTECH,Sem 5,2024-25,geotechnical-engineering,https://ryzenstudy.com/papers/aktu-btech-sem-5-geotechnical-engineering-2024-25
BTECH,Sem 5,2024-25,heat-mass-transfer,https://ryzenstudy.com/papers/aktu-btech-sem-5-heat-mass-transfer-2024-25
BTECH,Sem 5,2024-25,i-c-engines-fuels-lubrication,https://ryzenstudy.com/papers/aktu-btech-sem-5-i-c-engines-fuels-lubrication-2024-25
BTECH,Sem 5,2024-25,image-processing,https://ryzenstudy.com/papers/aktu-btech-sem-5-image-processing-2024-25
BTECH,Sem 5,2024-25,industrial-automation-and-control,https://ryzenstudy.com/papers/aktu-btech-sem-5-industrial-automation-and-control-2024-25
BTECH,Sem 5,2024-25,industrial-engineering,https://ryzenstudy.com/papers/aktu-btech-sem-5-industrial-engineering-2024-25
BTECH,Sem 5,2024-25,integrated-circuits,https://ryzenstudy.com/papers/aktu-btech-sem-5-integrated-circuits-2024-25
BTECH,Sem 5,2024-25,intelligent-systems-and-robotics,https://ryzenstudy.com/papers/aktu-btech-sem-5-intelligent-systems-and-robotics-2024-25
BTECH,Sem 5,2024-25,introduction-to-data-analytics-and-visualization,https://ryzenstudy.com/papers/aktu-btech-sem-5-introduction-to-data-analytics-and-visualization-2024-25
BTECH,Sem 5,2024-25,iot-architecture-and-protocols,https://ryzenstudy.com/papers/aktu-btech-sem-5-iot-architecture-and-protocols-2024-25
BTECH,Sem 5,2024-25,iot-architecture-communication-technology-its-applications,https://ryzenstudy.com/papers/aktu-btech-sem-5-iot-architecture-communication-technology-its-applications-2024-25
BTECH,Sem 5,2024-25,machine-design,https://ryzenstudy.com/papers/aktu-btech-sem-5-machine-design-2024-25
BTECH,Sem 5,2024-25,machine-learning-techniques,https://ryzenstudy.com/papers/aktu-btech-sem-5-machine-learning-techniques-2024-25
BTECH,Sem 5,2024-25,mathematical-foundation-ai-ml-and-data-science,https://ryzenstudy.com/papers/aktu-btech-sem-5-mathematical-foundation-ai-ml-and-data-science-2024-25
BTECH,Sem 5,2024-25,mechanical-vibrations,https://ryzenstudy.com/papers/aktu-btech-sem-5-mechanical-vibrations-2024-25
BTECH,Sem 5,2024-25,mechatronics-systems,https://ryzenstudy.com/papers/aktu-btech-sem-5-mechatronics-systems-2024-25
BTECH,Sem 5,2024-25,microprocessor-microcontroller,https://ryzenstudy.com/papers/aktu-btech-sem-5-microprocessor-microcontroller-2024-25
BTECH,Sem 5,2024-25,modern-construction-materials,https://ryzenstudy.com/papers/aktu-btech-sem-5-modern-construction-materials-2024-25
BTECH,Sem 5,2024-25,natural-language-processing,https://ryzenstudy.com/papers/aktu-btech-sem-5-natural-language-processing-2024-25
BTECH,Sem 5,2024-25,neural-networks-fuzzy-system,https://ryzenstudy.com/papers/aktu-btech-sem-5-neural-networks-fuzzy-system-2024-25
BTECH,Sem 5,2024-25,object-oriented-system-design-with-c,https://ryzenstudy.com/papers/aktu-btech-sem-5-object-oriented-system-design-with-c-2024-25
BTECH,Sem 5,2024-25,optical-communication,https://ryzenstudy.com/papers/aktu-btech-sem-5-optical-communication-2024-25
BTECH,Sem 5,2024-25,power-system-i,https://ryzenstudy.com/papers/aktu-btech-sem-5-power-system-i-2024-25
BTECH,Sem 5,2024-25,privacy-and-security-in-iot,https://ryzenstudy.com/papers/aktu-btech-sem-5-privacy-and-security-in-iot-2024-25
BTECH,Sem 5,2024-25,programming-and-interfacing-with-microcontrollers,https://ryzenstudy.com/papers/aktu-btech-sem-5-programming-and-interfacing-with-microcontrollers-2024-25
BTECH,Sem 5,2024-25,quantity-estimation-and-construction-management,https://ryzenstudy.com/papers/aktu-btech-sem-5-quantity-estimation-and-construction-management-2024-25
BTECH,Sem 5,2024-25,robotics,https://ryzenstudy.com/papers/aktu-btech-sem-5-robotics-2024-25
BTECH,Sem 5,2024-25,sensors-and-transducers,https://ryzenstudy.com/papers/aktu-btech-sem-5-sensors-and-transducers-2024-25
BTECH,Sem 5,2024-25,structural-analysis,https://ryzenstudy.com/papers/aktu-btech-sem-5-structural-analysis-2024-25
BTECH,Sem 5,2024-25,turbo-machines,https://ryzenstudy.com/papers/aktu-btech-sem-5-turbo-machines-2024-25
BTECH,Sem 5,2024-25,vlsi-technology,https://ryzenstudy.com/papers/aktu-btech-sem-5-vlsi-technology-2024-25
BTECH,Sem 5,2024-25,web-technology,https://ryzenstudy.com/papers/aktu-btech-sem-5-web-technology-2024-25
BTECH,Sem 5,2025-26,application-of-soft-computing,https://ryzenstudy.com/papers/aktu-btech-sem-5-application-of-soft-computing-2025-26
BTECH,Sem 5,2025-26,artificial-intelligence,https://ryzenstudy.com/papers/aktu-btech-sem-5-artificial-intelligence-2025-26
BTECH,Sem 5,2025-26,cloud-computing,https://ryzenstudy.com/papers/aktu-btech-sem-5-cloud-computing-2025-26
BTECH,Sem 5,2025-26,constitution-of-india,https://ryzenstudy.com/papers/aktu-btech-sem-5-constitution-of-india-2025-26
BTECH,Sem 5,2025-26,data-analytics,https://ryzenstudy.com/papers/aktu-btech-sem-5-data-analytics-2025-26
BTECH,Sem 5,2025-26,database-management-system,https://ryzenstudy.com/papers/aktu-btech-sem-5-database-management-system-2025-26
BTECH,Sem 5,2025-26,design-and-analysis-of-algorithm,https://ryzenstudy.com/papers/aktu-btech-sem-5-design-and-analysis-of-algorithm-2025-26
BTECH,Sem 5,2025-26,digital-signal-processing,https://ryzenstudy.com/papers/aktu-btech-sem-5-digital-signal-processing-2025-26
BTECH,Sem 5,2025-26,essence-of-indian-traditional-knowledge,https://ryzenstudy.com/papers/aktu-btech-sem-5-essence-of-indian-traditional-knowledge-2025-26
BTECH,Sem 5,2025-26,heat-mass-transfer,https://ryzenstudy.com/papers/aktu-btech-sem-5-heat-mass-transfer-2025-26
BTECH,Sem 5,2025-26,i-c-engines-fuels-lubrication,https://ryzenstudy.com/papers/aktu-btech-sem-5-i-c-engines-fuels-lubrication-2025-26
BTECH,Sem 5,2025-26,image-processing,https://ryzenstudy.com/papers/aktu-btech-sem-5-image-processing-2025-26
BTECH,Sem 5,2025-26,industrial-engineering,https://ryzenstudy.com/papers/aktu-btech-sem-5-industrial-engineering-2025-26
BTECH,Sem 5,2025-26,integrated-circuits,https://ryzenstudy.com/papers/aktu-btech-sem-5-integrated-circuits-2025-26
BTECH,Sem 5,2025-26,introduction-to-data-analytics-and-visualization,https://ryzenstudy.com/papers/aktu-btech-sem-5-introduction-to-data-analytics-and-visualization-2025-26
BTECH,Sem 5,2025-26,machine-design,https://ryzenstudy.com/papers/aktu-btech-sem-5-machine-design-2025-26
BTECH,Sem 5,2025-26,machine-learning-techniques,https://ryzenstudy.com/papers/aktu-btech-sem-5-machine-learning-techniques-2025-26
BTECH,Sem 5,2025-26,mathematical-foundation-ai-ml-and-data-science,https://ryzenstudy.com/papers/aktu-btech-sem-5-mathematical-foundation-ai-ml-and-data-science-2025-26
BTECH,Sem 5,2025-26,mechatronics-systems,https://ryzenstudy.com/papers/aktu-btech-sem-5-mechatronics-systems-2025-26
BTECH,Sem 5,2025-26,microprocessor-microcontroller,https://ryzenstudy.com/papers/aktu-btech-sem-5-microprocessor-microcontroller-2025-26
BTECH,Sem 5,2025-26,object-oriented-system-design-with-c,https://ryzenstudy.com/papers/aktu-btech-sem-5-object-oriented-system-design-with-c-2025-26
BTECH,Sem 5,2025-26,optical-communication,https://ryzenstudy.com/papers/aktu-btech-sem-5-optical-communication-2025-26
BTECH,Sem 5,2025-26,vlsi-technology,https://ryzenstudy.com/papers/aktu-btech-sem-5-vlsi-technology-2025-26
BTECH,Sem 5,2025-26,web-technology,https://ryzenstudy.com/papers/aktu-btech-sem-5-web-technology-2025-26
BTECH,Sem 6,2021-22,advance-structural-analysis,https://ryzenstudy.com/papers/aktu-btech-sem-6-advance-structural-analysis-2021-22
BTECH,Sem 6,2021-22,analog-signal-processing,https://ryzenstudy.com/papers/aktu-btech-sem-6-analog-signal-processing-2021-22
BTECH,Sem 6,2021-22,antenna-and-wave-propagation,https://ryzenstudy.com/papers/aktu-btech-sem-6-antenna-and-wave-propagation-2021-22
BTECH,Sem 6,2021-22,artificial-intelligence,https://ryzenstudy.com/papers/aktu-btech-sem-6-artificial-intelligence-2021-22
BTECH,Sem 6,2021-22,automotive-electrical-and-electronics,https://ryzenstudy.com/papers/aktu-btech-sem-6-automotive-electrical-and-electronics-2021-22
BTECH,Sem 6,2021-22,basics-of-data-base-management-system,https://ryzenstudy.com/papers/aktu-btech-sem-6-basics-of-data-base-management-system-2021-22
BTECH,Sem 6,2021-22,big-data,https://ryzenstudy.com/papers/aktu-btech-sem-6-big-data-2021-22
BTECH,Sem 6,2021-22,blockchain-architecture-design,https://ryzenstudy.com/papers/aktu-btech-sem-6-blockchain-architecture-design-2021-22
BTECH,Sem 6,2021-22,computer-based-numerical-techniques,https://ryzenstudy.com/papers/aktu-btech-sem-6-computer-based-numerical-techniques-2021-22
BTECH,Sem 6,2021-22,computer-networks,https://ryzenstudy.com/papers/aktu-btech-sem-6-computer-networks-2021-22
BTECH,Sem 6,2021-22,constitution-of-india-law-engineering,https://ryzenstudy.com/papers/aktu-btech-sem-6-constitution-of-india-law-engineering-2021-22
BTECH,Sem 6,2021-22,control-system,https://ryzenstudy.com/papers/aktu-btech-sem-6-control-system-2021-22
BTECH,Sem 6,2021-22,data-analytics,https://ryzenstudy.com/papers/aktu-btech-sem-6-data-analytics-2021-22
BTECH,Sem 6,2021-22,data-communication-networks,https://ryzenstudy.com/papers/aktu-btech-sem-6-data-communication-networks-2021-22
BTECH,Sem 6,2021-22,data-compression,https://ryzenstudy.com/papers/aktu-btech-sem-6-data-compression-2021-22
BTECH,Sem 6,2021-22,design-and-analysis-of-algorithm,https://ryzenstudy.com/papers/aktu-btech-sem-6-design-and-analysis-of-algorithm-2021-22
BTECH,Sem 6,2021-22,design-of-concrete-structures,https://ryzenstudy.com/papers/aktu-btech-sem-6-design-of-concrete-structures-2021-22
BTECH,Sem 6,2021-22,digital-communication,https://ryzenstudy.com/papers/aktu-btech-sem-6-digital-communication-2021-22
BTECH,Sem 6,2021-22,embedded-system,https://ryzenstudy.com/papers/aktu-btech-sem-6-embedded-system-2021-22
BTECH,Sem 6,2021-22,environmental-engineering,https://ryzenstudy.com/papers/aktu-btech-sem-6-environmental-engineering-2021-22
BTECH,Sem 6,2021-22,gas-dynamics-and-jet-propulsion,https://ryzenstudy.com/papers/aktu-btech-sem-6-gas-dynamics-and-jet-propulsion-2021-22
BTECH,Sem 6,2021-22,gis-remote-sensing,https://ryzenstudy.com/papers/aktu-btech-sem-6-gis-remote-sensing-2021-22
BTECH,Sem 6,2021-22,idea-to-business-model,https://ryzenstudy.com/papers/aktu-btech-sem-6-idea-to-business-model-2021-22
BTECH,Sem 6,2021-22,image-processing,https://ryzenstudy.com/papers/aktu-btech-sem-6-image-processing-2021-22
BTECH,Sem 6,2021-22,indian-tradition-culture-society,https://ryzenstudy.com/papers/aktu-btech-sem-6-indian-tradition-culture-society-2021-22
BTECH,Sem 6,2021-22,introduction-to-mems,https://ryzenstudy.com/papers/aktu-btech-sem-6-introduction-to-mems-2021-22
BTECH,Sem 6,2021-22,kcs063-real-time-systems,https://ryzenstudy.com/papers/aktu-btech-sem-6-kcs063-real-time-systems-2021-22
BTECH,Sem 6,2021-22,kecz602-control-system,https://ryzenstudy.com/papers/aktu-btech-sem-6-kecz602-control-system-2021-22
BTECH,Sem 6,2021-22,machine-design,https://ryzenstudy.com/papers/aktu-btech-sem-6-machine-design-2021-22
BTECH,Sem 6,2021-22,microcontroller-embedded-system-design,https://ryzenstudy.com/papers/aktu-btech-sem-6-microcontroller-embedded-system-design-2021-22
BTECH,Sem 6,2021-22,microcontroller-for-embedded-system-design,https://ryzenstudy.com/papers/aktu-btech-sem-6-microcontroller-for-embedded-system-design-2021-22
BTECH,Sem 6,2021-22,non-destructive-testing,https://ryzenstudy.com/papers/aktu-btech-sem-6-non-destructive-testing-2021-22
BTECH,Sem 6,2021-22,object-oriented-programming,https://ryzenstudy.com/papers/aktu-btech-sem-6-object-oriented-programming-2021-22
BTECH,Sem 6,2021-22,real-time-systems,https://ryzenstudy.com/papers/aktu-btech-sem-6-real-time-systems-2021-22
BTECH,Sem 6,2021-22,refrigeration-and-air-conditioning,https://ryzenstudy.com/papers/aktu-btech-sem-6-refrigeration-and-air-conditioning-2021-22
BTECH,Sem 6,2021-22,repair-and-rehabilitation-of-structures,https://ryzenstudy.com/papers/aktu-btech-sem-6-repair-and-rehabilitation-of-structures-2021-22
BTECH,Sem 6,2021-22,river-engineering,https://ryzenstudy.com/papers/aktu-btech-sem-6-river-engineering-2021-22
BTECH,Sem 6,2021-22,satellite-communication,https://ryzenstudy.com/papers/aktu-btech-sem-6-satellite-communication-2021-22
BTECH,Sem 6,2021-22,software-engineering,https://ryzenstudy.com/papers/aktu-btech-sem-6-software-engineering-2021-22
BTECH,Sem 6,2021-22,software-project-management,https://ryzenstudy.com/papers/aktu-btech-sem-6-software-project-management-2021-22
BTECH,Sem 6,2021-22,theory-of-machine,https://ryzenstudy.com/papers/aktu-btech-sem-6-theory-of-machine-2021-22
BTECH,Sem 6,2021-22,tool-design,https://ryzenstudy.com/papers/aktu-btech-sem-6-tool-design-2021-22
BTECH,Sem 6,2021-22,transportation-engineering,https://ryzenstudy.com/papers/aktu-btech-sem-6-transportation-engineering-2021-22
BTECH,Sem 6,2021-22,tribology,https://ryzenstudy.com/papers/aktu-btech-sem-6-tribology-2021-22
BTECH,Sem 6,2021-22,understanding-the-human-being-comprehensively-human-aspirations,https://ryzenstudy.com/papers/aktu-btech-sem-6-understanding-the-human-being-comprehensively-human-aspirations-2021-22
BTECH,Sem 6,2021-22,vehicle-transport-management,https://ryzenstudy.com/papers/aktu-btech-sem-6-vehicle-transport-management-2021-22
BTECH,Sem 6,2021-22,web-technology,https://ryzenstudy.com/papers/aktu-btech-sem-6-web-technology-2021-22
BTECH,Sem 6,2022-23,advance-structural-analysis,https://ryzenstudy.com/papers/aktu-btech-sem-6-advance-structural-analysis-2022-23
BTECH,Sem 6,2022-23,advanced-machine-learning,https://ryzenstudy.com/papers/aktu-btech-sem-6-advanced-machine-learning-2022-23
BTECH,Sem 6,2022-23,analog-signal-processing,https://ryzenstudy.com/papers/aktu-btech-sem-6-analog-signal-processing-2022-23
BTECH,Sem 6,2022-23,antenna-and-wave-propagation,https://ryzenstudy.com/papers/aktu-btech-sem-6-antenna-and-wave-propagation-2022-23
BTECH,Sem 6,2022-23,artificial-intelligence,https://ryzenstudy.com/papers/aktu-btech-sem-6-artificial-intelligence-2022-23
BTECH,Sem 6,2022-23,basics-of-data-base-management-system,https://ryzenstudy.com/papers/aktu-btech-sem-6-basics-of-data-base-management-system-2022-23
BTECH,Sem 6,2022-23,big-data,https://ryzenstudy.com/papers/aktu-btech-sem-6-big-data-2022-23
BTECH,Sem 6,2022-23,big-data-and-analytics,https://ryzenstudy.com/papers/aktu-btech-sem-6-big-data-and-analytics-2022-23
BTECH,Sem 6,2022-23,blockchain-architecture-design,https://ryzenstudy.com/papers/aktu-btech-sem-6-blockchain-architecture-design-2022-23
BTECH,Sem 6,2022-23,computer-based-numerical-techniques,https://ryzenstudy.com/papers/aktu-btech-sem-6-computer-based-numerical-techniques-2022-23
BTECH,Sem 6,2022-23,computer-networks,https://ryzenstudy.com/papers/aktu-btech-sem-6-computer-networks-2022-23
BTECH,Sem 6,2022-23,constitution-of-india-law-engineering,https://ryzenstudy.com/papers/aktu-btech-sem-6-constitution-of-india-law-engineering-2022-23
BTECH,Sem 6,2022-23,control-system,https://ryzenstudy.com/papers/aktu-btech-sem-6-control-system-2022-23
BTECH,Sem 6,2022-23,data-analytics,https://ryzenstudy.com/papers/aktu-btech-sem-6-data-analytics-2022-23
BTECH,Sem 6,2022-23,data-communication-networks,https://ryzenstudy.com/papers/aktu-btech-sem-6-data-communication-networks-2022-23
BTECH,Sem 6,2022-23,data-compression,https://ryzenstudy.com/papers/aktu-btech-sem-6-data-compression-2022-23
BTECH,Sem 6,2022-23,design-of-concrete-structures,https://ryzenstudy.com/papers/aktu-btech-sem-6-design-of-concrete-structures-2022-23
BTECH,Sem 6,2022-23,digital-communication,https://ryzenstudy.com/papers/aktu-btech-sem-6-digital-communication-2022-23
BTECH,Sem 6,2022-23,digital-control-system,https://ryzenstudy.com/papers/aktu-btech-sem-6-digital-control-system-2022-23
BTECH,Sem 6,2022-23,electric-and-hybrid-vehicles,https://ryzenstudy.com/papers/aktu-btech-sem-6-electric-and-hybrid-vehicles-2022-23
BTECH,Sem 6,2022-23,embedded-system,https://ryzenstudy.com/papers/aktu-btech-sem-6-embedded-system-2022-23
BTECH,Sem 6,2022-23,environmental-engineering,https://ryzenstudy.com/papers/aktu-btech-sem-6-environmental-engineering-2022-23
BTECH,Sem 6,2022-23,foundation-design,https://ryzenstudy.com/papers/aktu-btech-sem-6-foundation-design-2022-23
BTECH,Sem 6,2022-23,gis-remote-sensing,https://ryzenstudy.com/papers/aktu-btech-sem-6-gis-remote-sensing-2022-23
BTECH,Sem 6,2022-23,image-analytics,https://ryzenstudy.com/papers/aktu-btech-sem-6-image-analytics-2022-23
BTECH,Sem 6,2022-23,image-processing,https://ryzenstudy.com/papers/aktu-btech-sem-6-image-processing-2022-23
BTECH,Sem 6,2022-23,indian-traditions-culture-and-society,https://ryzenstudy.com/papers/aktu-btech-sem-6-indian-traditions-culture-and-society-2022-23
BTECH,Sem 6,2022-23,introduction-to-mems,https://ryzenstudy.com/papers/aktu-btech-sem-6-introduction-to-mems-2022-23
BTECH,Sem 6,2022-23,iot-architecture-and-protocols,https://ryzenstudy.com/papers/aktu-btech-sem-6-iot-architecture-and-protocols-2022-23
BTECH,Sem 6,2022-23,kcs-601-software-engineering,https://ryzenstudy.com/papers/aktu-btech-sem-6-kcs-601-software-engineering-2022-23
BTECH,Sem 6,2022-23,machine-design,https://ryzenstudy.com/papers/aktu-btech-sem-6-machine-design-2022-23
BTECH,Sem 6,2022-23,machine-learning-techniques,https://ryzenstudy.com/papers/aktu-btech-sem-6-machine-learning-techniques-2022-23
BTECH,Sem 6,2022-23,microcontrollers-embedded-system,https://ryzenstudy.com/papers/aktu-btech-sem-6-microcontrollers-embedded-system-2022-23
BTECH,Sem 6,2022-23,object-oriented-programming,https://ryzenstudy.com/papers/aktu-btech-sem-6-object-oriented-programming-2022-23
BTECH,Sem 6,2022-23,power-electronics,https://ryzenstudy.com/papers/aktu-btech-sem-6-power-electronics-2022-23
BTECH,Sem 6,2022-23,power-system-ii,https://ryzenstudy.com/papers/aktu-btech-sem-6-power-system-ii-2022-23
BTECH,Sem 6,2022-23,real-time-system,https://ryzenstudy.com/papers/aktu-btech-sem-6-real-time-system-2022-23
BTECH,Sem 6,2022-23,real-time-systems,https://ryzenstudy.com/papers/aktu-btech-sem-6-real-time-systems-2022-23
BTECH,Sem 6,2022-23,refrigeration-and-air-conditioning,https://ryzenstudy.com/papers/aktu-btech-sem-6-refrigeration-and-air-conditioning-2022-23
BTECH,Sem 6,2022-23,repair-and-rehabilation-of-structure,https://ryzenstudy.com/papers/aktu-btech-sem-6-repair-and-rehabilation-of-structure-2022-23
BTECH,Sem 6,2022-23,river-engineering,https://ryzenstudy.com/papers/aktu-btech-sem-6-river-engineering-2022-23
BTECH,Sem 6,2022-23,satellite-communication,https://ryzenstudy.com/papers/aktu-btech-sem-6-satellite-communication-2022-23
BTECH,Sem 6,2022-23,software-engineering,https://ryzenstudy.com/papers/aktu-btech-sem-6-software-engineering-2022-23
BTECH,Sem 6,2022-23,software-project-management,https://ryzenstudy.com/papers/aktu-btech-sem-6-software-project-management-2022-23
BTECH,Sem 6,2022-23,special-electrical-machines,https://ryzenstudy.com/papers/aktu-btech-sem-6-special-electrical-machines-2022-23
BTECH,Sem 6,2022-23,theory-of-machine,https://ryzenstudy.com/papers/aktu-btech-sem-6-theory-of-machine-2022-23
BTECH,Sem 6,2022-23,tool-design,https://ryzenstudy.com/papers/aktu-btech-sem-6-tool-design-2022-23
BTECH,Sem 6,2022-23,transporation-engineering,https://ryzenstudy.com/papers/aktu-btech-sem-6-transporation-engineering-2022-23
BTECH,Sem 6,2022-23,understanding-the-human-being-comprehensively-human-aspirations-its-fulfillment,https://ryzenstudy.com/papers/aktu-btech-sem-6-understanding-the-human-being-comprehensively-human-aspirations-its-fulfillment-2022-23
BTECH,Sem 6,2022-23,web-technology,https://ryzenstudy.com/papers/aktu-btech-sem-6-web-technology-2022-23
BTECH,Sem 6,2023-24,advance-structural-analysis,https://ryzenstudy.com/papers/aktu-btech-sem-6-advance-structural-analysis-2023-24
BTECH,Sem 6,2023-24,antenna-and-wave-propagation,https://ryzenstudy.com/papers/aktu-btech-sem-6-antenna-and-wave-propagation-2023-24
BTECH,Sem 6,2023-24,artificial-intelligence,https://ryzenstudy.com/papers/aktu-btech-sem-6-artificial-intelligence-2023-24
BTECH,Sem 6,2023-24,basics-of-data-base-management-system,https://ryzenstudy.com/papers/aktu-btech-sem-6-basics-of-data-base-management-system-2023-24
BTECH,Sem 6,2023-24,big-data,https://ryzenstudy.com/papers/aktu-btech-sem-6-big-data-2023-24
BTECH,Sem 6,2023-24,big-data-and-analytics,https://ryzenstudy.com/papers/aktu-btech-sem-6-big-data-and-analytics-2023-24
BTECH,Sem 6,2023-24,computer-based-numerical-techniques,https://ryzenstudy.com/papers/aktu-btech-sem-6-computer-based-numerical-techniques-2023-24
BTECH,Sem 6,2023-24,computer-networks,https://ryzenstudy.com/papers/aktu-btech-sem-6-computer-networks-2023-24
BTECH,Sem 6,2023-24,constitution-of-india-law-and-engineering,https://ryzenstudy.com/papers/aktu-btech-sem-6-constitution-of-india-law-and-engineering-2023-24
BTECH,Sem 6,2023-24,control-system,https://ryzenstudy.com/papers/aktu-btech-sem-6-control-system-2023-24
BTECH,Sem 6,2023-24,data-compression,https://ryzenstudy.com/papers/aktu-btech-sem-6-data-compression-2023-24
BTECH,Sem 6,2023-24,digital-communication,https://ryzenstudy.com/papers/aktu-btech-sem-6-digital-communication-2023-24
BTECH,Sem 6,2023-24,embedded-system,https://ryzenstudy.com/papers/aktu-btech-sem-6-embedded-system-2023-24
BTECH,Sem 6,2023-24,foundation-design,https://ryzenstudy.com/papers/aktu-btech-sem-6-foundation-design-2023-24
BTECH,Sem 6,2023-24,gas-dynamics-and-jet-propulsion,https://ryzenstudy.com/papers/aktu-btech-sem-6-gas-dynamics-and-jet-propulsion-2023-24
BTECH,Sem 6,2023-24,gis-remote-sensing,https://ryzenstudy.com/papers/aktu-btech-sem-6-gis-remote-sensing-2023-24
BTECH,Sem 6,2023-24,idea-to-business-model,https://ryzenstudy.com/papers/aktu-btech-sem-6-idea-to-business-model-2023-24
BTECH,Sem 6,2023-24,indian-tradition-culture-and-society,https://ryzenstudy.com/papers/aktu-btech-sem-6-indian-tradition-culture-and-society-2023-24
BTECH,Sem 6,2023-24,introduction-to-mems,https://ryzenstudy.com/papers/aktu-btech-sem-6-introduction-to-mems-2023-24
BTECH,Sem 6,2023-24,iot-architecture-and-protocols,https://ryzenstudy.com/papers/aktu-btech-sem-6-iot-architecture-and-protocols-2023-24
BTECH,Sem 6,2023-24,machine-learning-techniques,https://ryzenstudy.com/papers/aktu-btech-sem-6-machine-learning-techniques-2023-24
BTECH,Sem 6,2023-24,microprocessor-and-microcontroller,https://ryzenstudy.com/papers/aktu-btech-sem-6-microprocessor-and-microcontroller-2023-24
BTECH,Sem 6,2023-24,nondestructive-testing,https://ryzenstudy.com/papers/aktu-btech-sem-6-nondestructive-testing-2023-24
BTECH,Sem 6,2023-24,object-oriented-programming,https://ryzenstudy.com/papers/aktu-btech-sem-6-object-oriented-programming-2023-24
BTECH,Sem 6,2023-24,power-system-ii,https://ryzenstudy.com/papers/aktu-btech-sem-6-power-system-ii-2023-24
BTECH,Sem 6,2023-24,real-time-systems,https://ryzenstudy.com/papers/aktu-btech-sem-6-real-time-systems-2023-24
BTECH,Sem 6,2023-24,refrigeration-and-air-conditioning,https://ryzenstudy.com/papers/aktu-btech-sem-6-refrigeration-and-air-conditioning-2023-24
BTECH,Sem 6,2023-24,repair-and-rehabilitation-of-structures,https://ryzenstudy.com/papers/aktu-btech-sem-6-repair-and-rehabilitation-of-structures-2023-24
BTECH,Sem 6,2023-24,river-engineering,https://ryzenstudy.com/papers/aktu-btech-sem-6-river-engineering-2023-24
BTECH,Sem 6,2023-24,software-engineering,https://ryzenstudy.com/papers/aktu-btech-sem-6-software-engineering-2023-24
BTECH,Sem 6,2023-24,software-project-management,https://ryzenstudy.com/papers/aktu-btech-sem-6-software-project-management-2023-24
BTECH,Sem 6,2023-24,theory-of-machine,https://ryzenstudy.com/papers/aktu-btech-sem-6-theory-of-machine-2023-24
BTECH,Sem 6,2023-24,tool-design,https://ryzenstudy.com/papers/aktu-btech-sem-6-tool-design-2023-24
BTECH,Sem 6,2023-24,transportation-engineering,https://ryzenstudy.com/papers/aktu-btech-sem-6-transportation-engineering-2023-24
BTECH,Sem 6,2023-24,tribology,https://ryzenstudy.com/papers/aktu-btech-sem-6-tribology-2023-24
BTECH,Sem 6,2023-24,understanding-the-human-being-comprehensively-human-aspirations-and-its-fulfillment,https://ryzenstudy.com/papers/aktu-btech-sem-6-understanding-the-human-being-comprehensively-human-aspirations-and-its-fulfillment-2023-24
BTECH,Sem 6,2024-25,advance-structural-analysis,https://ryzenstudy.com/papers/aktu-btech-sem-6-advance-structural-analysis-2024-25
BTECH,Sem 6,2024-25,antenna-and-wave-propagation,https://ryzenstudy.com/papers/aktu-btech-sem-6-antenna-and-wave-propagation-2024-25
BTECH,Sem 6,2024-25,augmented-virtual-reality,https://ryzenstudy.com/papers/aktu-btech-sem-6-augmented-virtual-reality-2024-25
BTECH,Sem 6,2024-25,automotive-electrical-electronics,https://ryzenstudy.com/papers/aktu-btech-sem-6-automotive-electrical-electronics-2024-25
BTECH,Sem 6,2024-25,basics-of-data-base-management-system,https://ryzenstudy.com/papers/aktu-btech-sem-6-basics-of-data-base-management-system-2024-25
BTECH,Sem 6,2024-25,big-data,https://ryzenstudy.com/papers/aktu-btech-sem-6-big-data-2024-25
BTECH,Sem 6,2024-25,bit601-data-analytics,https://ryzenstudy.com/papers/aktu-btech-sem-6-bit601-data-analytics-2024-25
BTECH,Sem 6,2024-25,blockchain-architecture-design,https://ryzenstudy.com/papers/aktu-btech-sem-6-blockchain-architecture-design-2024-25
BTECH,Sem 6,2024-25,cad-cam,https://ryzenstudy.com/papers/aktu-btech-sem-6-cad-cam-2024-25
BTECH,Sem 6,2024-25,cmos-digital-design-technique,https://ryzenstudy.com/papers/aktu-btech-sem-6-cmos-digital-design-technique-2024-25
BTECH,Sem 6,2024-25,cmos-digital-design-techniques,https://ryzenstudy.com/papers/aktu-btech-sem-6-cmos-digital-design-techniques-2024-25
BTECH,Sem 6,2024-25,compilar-design,https://ryzenstudy.com/papers/aktu-btech-sem-6-compilar-design-2024-25
BTECH,Sem 6,2024-25,compiler-design,https://ryzenstudy.com/papers/aktu-btech-sem-6-compiler-design-2024-25
BTECH,Sem 6,2024-25,computational-fluid-dynamics,https://ryzenstudy.com/papers/aktu-btech-sem-6-computational-fluid-dynamics-2024-25
BTECH,Sem 6,2024-25,computer-based-numerical-techniques,https://ryzenstudy.com/papers/aktu-btech-sem-6-computer-based-numerical-techniques-2024-25
BTECH,Sem 6,2024-25,computer-networks,https://ryzenstudy.com/papers/aktu-btech-sem-6-computer-networks-2024-25
BTECH,Sem 6,2024-25,constitution-of-india,https://ryzenstudy.com/papers/aktu-btech-sem-6-constitution-of-india-2024-25
BTECH,Sem 6,2024-25,control-system,https://ryzenstudy.com/papers/aktu-btech-sem-6-control-system-2024-25
BTECH,Sem 6,2024-25,cyber-forensic-analytics,https://ryzenstudy.com/papers/aktu-btech-sem-6-cyber-forensic-analytics-2024-25
BTECH,Sem 6,2024-25,data-analytics,https://ryzenstudy.com/papers/aktu-btech-sem-6-data-analytics-2024-25
BTECH,Sem 6,2024-25,data-communication-networks,https://ryzenstudy.com/papers/aktu-btech-sem-6-data-communication-networks-2024-25
BTECH,Sem 6,2024-25,data-compression,https://ryzenstudy.com/papers/aktu-btech-sem-6-data-compression-2024-25
BTECH,Sem 6,2024-25,data-science-in-iot,https://ryzenstudy.com/papers/aktu-btech-sem-6-data-science-in-iot-2024-25
BTECH,Sem 6,2024-25,design-of-concrete-structures,https://ryzenstudy.com/papers/aktu-btech-sem-6-design-of-concrete-structures-2024-25
BTECH,Sem 6,2024-25,digital-communication,https://ryzenstudy.com/papers/aktu-btech-sem-6-digital-communication-2024-25
BTECH,Sem 6,2024-25,digital-control-system,https://ryzenstudy.com/papers/aktu-btech-sem-6-digital-control-system-2024-25
BTECH,Sem 6,2024-25,digital-marketing,https://ryzenstudy.com/papers/aktu-btech-sem-6-digital-marketing-2024-25
BTECH,Sem 6,2024-25,electric-hybrid-vehicles-technology,https://ryzenstudy.com/papers/aktu-btech-sem-6-electric-hybrid-vehicles-technology-2024-25
BTECH,Sem 6,2024-25,electrical-and-hybrid-vehicles,https://ryzenstudy.com/papers/aktu-btech-sem-6-electrical-and-hybrid-vehicles-2024-25
BTECH,Sem 6,2024-25,electrical-machine-design,https://ryzenstudy.com/papers/aktu-btech-sem-6-electrical-machine-design-2024-25
BTECH,Sem 6,2024-25,embedded-system,https://ryzenstudy.com/papers/aktu-btech-sem-6-embedded-system-2024-25
BTECH,Sem 6,2024-25,energy-harvesting-technologies-and-power-management-for-iot-devices,https://ryzenstudy.com/papers/aktu-btech-sem-6-energy-harvesting-technologies-and-power-management-for-iot-devices-2024-25
BTECH,Sem 6,2024-25,environmental-engineering,https://ryzenstudy.com/papers/aktu-btech-sem-6-environmental-engineering-2024-25
BTECH,Sem 6,2024-25,essence-of-indian-traditional-knowledge,https://ryzenstudy.com/papers/aktu-btech-sem-6-essence-of-indian-traditional-knowledge-2024-25
BTECH,Sem 6,2024-25,g-data-and-analytics,https://ryzenstudy.com/papers/aktu-btech-sem-6-g-data-and-analytics-2024-25
BTECH,Sem 6,2024-25,gis-remote-sensing,https://ryzenstudy.com/papers/aktu-btech-sem-6-gis-remote-sensing-2024-25
BTECH,Sem 6,2024-25,idea-to-business-model,https://ryzenstudy.com/papers/aktu-btech-sem-6-idea-to-business-model-2024-25
BTECH,Sem 6,2024-25,image-analytics,https://ryzenstudy.com/papers/aktu-btech-sem-6-image-analytics-2024-25
BTECH,Sem 6,2024-25,industrial-robotics,https://ryzenstudy.com/papers/aktu-btech-sem-6-industrial-robotics-2024-25
BTECH,Sem 6,2024-25,introduction-to-mems,https://ryzenstudy.com/papers/aktu-btech-sem-6-introduction-to-mems-2024-25
BTECH,Sem 6,2024-25,machine-learning-techniques,https://ryzenstudy.com/papers/aktu-btech-sem-6-machine-learning-techniques-2024-25
BTECH,Sem 6,2024-25,microprocessor,https://ryzenstudy.com/papers/aktu-btech-sem-6-microprocessor-2024-25
BTECH,Sem 6,2024-25,microwave-engineering,https://ryzenstudy.com/papers/aktu-btech-sem-6-microwave-engineering-2024-25
BTECH,Sem 6,2024-25,object-oriented-programming,https://ryzenstudy.com/papers/aktu-btech-sem-6-object-oriented-programming-2024-25
BTECH,Sem 6,2024-25,power-electronics,https://ryzenstudy.com/papers/aktu-btech-sem-6-power-electronics-2024-25
BTECH,Sem 6,2024-25,power-system-ii,https://ryzenstudy.com/papers/aktu-btech-sem-6-power-system-ii-2024-25
BTECH,Sem 6,2024-25,quality-control-reliability,https://ryzenstudy.com/papers/aktu-btech-sem-6-quality-control-reliability-2024-25
BTECH,Sem 6,2024-25,refrigeration-and-air-conditioning,https://ryzenstudy.com/papers/aktu-btech-sem-6-refrigeration-and-air-conditioning-2024-25
BTECH,Sem 6,2024-25,repair-and-rehabilitation-of-structures,https://ryzenstudy.com/papers/aktu-btech-sem-6-repair-and-rehabilitation-of-structures-2024-25
BTECH,Sem 6,2024-25,river-engineering,https://ryzenstudy.com/papers/aktu-btech-sem-6-river-engineering-2024-25
BTECH,Sem 6,2024-25,river-engineering-1,https://ryzenstudy.com/papers/aktu-btech-sem-6-river-engineering-1-2024-25
BTECH,Sem 6,2024-25,satellite-communication,https://ryzenstudy.com/papers/aktu-btech-sem-6-satellite-communication-2024-25
BTECH,Sem 6,2024-25,social-media-analytics-and-data-analysis,https://ryzenstudy.com/papers/aktu-btech-sem-6-social-media-analytics-and-data-analysis-2024-25
BTECH,Sem 6,2024-25,software-engineering,https://ryzenstudy.com/papers/aktu-btech-sem-6-software-engineering-2024-25
BTECH,Sem 6,2024-25,software-project-management,https://ryzenstudy.com/papers/aktu-btech-sem-6-software-project-management-2024-25
BTECH,Sem 6,2024-25,special-electrical-machines,https://ryzenstudy.com/papers/aktu-btech-sem-6-special-electrical-machines-2024-25
BTECH,Sem 6,2024-25,theory-of-machine,https://ryzenstudy.com/papers/aktu-btech-sem-6-theory-of-machine-2024-25
BTECH,Sem 6,2024-25,transportation-engineering,https://ryzenstudy.com/papers/aktu-btech-sem-6-transportation-engineering-2024-25
BTECH,Sem 6,2024-25,tribology,https://ryzenstudy.com/papers/aktu-btech-sem-6-tribology-2024-25
BTECH,Sem 6,2024-25,understanding-the-human-being-comprehensivelyhuman-aspirations-and-its-fulfillment,https://ryzenstudy.com/papers/aktu-btech-sem-6-understanding-the-human-being-comprehensivelyhuman-aspirations-and-its-fulfillment-2024-25
BTECH,Sem 7,2021-22,advanced-concrete-design,https://ryzenstudy.com/papers/aktu-btech-sem-7-advanced-concrete-design-2021-22
BTECH,Sem 7,2021-22,cloud-computing,https://ryzenstudy.com/papers/aktu-btech-sem-7-cloud-computing-2021-22
BTECH,Sem 7,2021-22,cryptograpy-network-security,https://ryzenstudy.com/papers/aktu-btech-sem-7-cryptograpy-network-security-2021-22
BTECH,Sem 7,2021-22,hybrid-vehicle-propulsion,https://ryzenstudy.com/papers/aktu-btech-sem-7-hybrid-vehicle-propulsion-2021-22
BTECH,Sem 7,2021-22,irrigation-and-water-resource-engineering,https://ryzenstudy.com/papers/aktu-btech-sem-7-irrigation-and-water-resource-engineering-2021-22
BTECH,Sem 7,2021-22,operations-research,https://ryzenstudy.com/papers/aktu-btech-sem-7-operations-research-2021-22
BTECH,Sem 7,2021-22,power-plant-engineering,https://ryzenstudy.com/papers/aktu-btech-sem-7-power-plant-engineering-2021-22
BTECH,Sem 7,2021-22,renewable-energy-resources,https://ryzenstudy.com/papers/aktu-btech-sem-7-renewable-energy-resources-2021-22
BTECH,Sem 7,2021-22,rural-development-administration-and-planning,https://ryzenstudy.com/papers/aktu-btech-sem-7-rural-development-administration-and-planning-2021-22
BTECH,Sem 7,2021-22,vlsi-design,https://ryzenstudy.com/papers/aktu-btech-sem-7-vlsi-design-2021-22
BTECH,Sem 7,2021-22,wireless-mobile-communication,https://ryzenstudy.com/papers/aktu-btech-sem-7-wireless-mobile-communication-2021-22
BTECH,Sem 7,2022-23,additive-manufacturing,https://ryzenstudy.com/papers/aktu-btech-sem-7-additive-manufacturing-2022-23
BTECH,Sem 7,2022-23,advanced-concrete-design,https://ryzenstudy.com/papers/aktu-btech-sem-7-advanced-concrete-design-2022-23
BTECH,Sem 7,2022-23,advanced-micro-processors-micro-controllers,https://ryzenstudy.com/papers/aktu-btech-sem-7-advanced-micro-processors-micro-controllers-2022-23
BTECH,Sem 7,2022-23,artificial-intelligence,https://ryzenstudy.com/papers/aktu-btech-sem-7-artificial-intelligence-2022-23
BTECH,Sem 7,2022-23,bioeconomics,https://ryzenstudy.com/papers/aktu-btech-sem-7-bioeconomics-2022-23
BTECH,Sem 7,2022-23,blockchain-architecture-design,https://ryzenstudy.com/papers/aktu-btech-sem-7-blockchain-architecture-design-2022-23
BTECH,Sem 7,2022-23,cloud-computing,https://ryzenstudy.com/papers/aktu-btech-sem-7-cloud-computing-2022-23
BTECH,Sem 7,2022-23,cryptography-network-security,https://ryzenstudy.com/papers/aktu-btech-sem-7-cryptography-network-security-2022-23
BTECH,Sem 7,2022-23,deep-learning,https://ryzenstudy.com/papers/aktu-btech-sem-7-deep-learning-2022-23
BTECH,Sem 7,2022-23,design-development-of-applications,https://ryzenstudy.com/papers/aktu-btech-sem-7-design-development-of-applications-2022-23
BTECH,Sem 7,2022-23,design-of-steel-structures,https://ryzenstudy.com/papers/aktu-btech-sem-7-design-of-steel-structures-2022-23
BTECH,Sem 7,2022-23,design-thinking,https://ryzenstudy.com/papers/aktu-btech-sem-7-design-thinking-2022-23
BTECH,Sem 7,2022-23,digital-image-processing,https://ryzenstudy.com/papers/aktu-btech-sem-7-digital-image-processing-2022-23
BTECH,Sem 7,2022-23,disaster-preparedness-and-management,https://ryzenstudy.com/papers/aktu-btech-sem-7-disaster-preparedness-and-management-2022-23
BTECH,Sem 7,2022-23,distributed-systems,https://ryzenstudy.com/papers/aktu-btech-sem-7-distributed-systems-2022-23
BTECH,Sem 7,2022-23,electric-drives,https://ryzenstudy.com/papers/aktu-btech-sem-7-electric-drives-2022-23
BTECH,Sem 7,2022-23,energy-conservation-and-auditing,https://ryzenstudy.com/papers/aktu-btech-sem-7-energy-conservation-and-auditing-2022-23
BTECH,Sem 7,2022-23,filter-design,https://ryzenstudy.com/papers/aktu-btech-sem-7-filter-design-2022-23
BTECH,Sem 7,2022-23,geosynthetics-and-reinforced-soil-structure,https://ryzenstudy.com/papers/aktu-btech-sem-7-geosynthetics-and-reinforced-soil-structure-2022-23
BTECH,Sem 7,2022-23,high-performance-computing,https://ryzenstudy.com/papers/aktu-btech-sem-7-high-performance-computing-2022-23
BTECH,Sem 7,2022-23,high-voltage-engineering,https://ryzenstudy.com/papers/aktu-btech-sem-7-high-voltage-engineering-2022-23
BTECH,Sem 7,2022-23,hvac-systems,https://ryzenstudy.com/papers/aktu-btech-sem-7-hvac-systems-2022-23
BTECH,Sem 7,2022-23,hvdc-ac-transmission,https://ryzenstudy.com/papers/aktu-btech-sem-7-hvdc-ac-transmission-2022-23
BTECH,Sem 7,2022-23,information-theory-coding,https://ryzenstudy.com/papers/aktu-btech-sem-7-information-theory-coding-2022-23
BTECH,Sem 7,2022-23,internet-of-things,https://ryzenstudy.com/papers/aktu-btech-sem-7-internet-of-things-2022-23
BTECH,Sem 7,2022-23,introduction-to-womens-and-gender-studies,https://ryzenstudy.com/papers/aktu-btech-sem-7-introduction-to-womens-and-gender-studies-2022-23
BTECH,Sem 7,2022-23,irrigation-and-water-resource-engineering,https://ryzenstudy.com/papers/aktu-btech-sem-7-irrigation-and-water-resource-engineering-2022-23
BTECH,Sem 7,2022-23,koe073-machine-learning,https://ryzenstudy.com/papers/aktu-btech-sem-7-koe073-machine-learning-2022-23
BTECH,Sem 7,2022-23,machine-learning,https://ryzenstudy.com/papers/aktu-btech-sem-7-machine-learning-2022-23
BTECH,Sem 7,2022-23,mathematical-modeling-of-manufacturing-processes,https://ryzenstudy.com/papers/aktu-btech-sem-7-mathematical-modeling-of-manufacturing-processes-2022-23
BTECH,Sem 7,2022-23,micro-smart-systems,https://ryzenstudy.com/papers/aktu-btech-sem-7-micro-smart-systems-2022-23
BTECH,Sem 7,2022-23,microwave-radar-engineering,https://ryzenstudy.com/papers/aktu-btech-sem-7-microwave-radar-engineering-2022-23
BTECH,Sem 7,2022-23,mobile-computing,https://ryzenstudy.com/papers/aktu-btech-sem-7-mobile-computing-2022-23
BTECH,Sem 7,2022-23,natural-language-processing,https://ryzenstudy.com/papers/aktu-btech-sem-7-natural-language-processing-2022-23
BTECH,Sem 7,2022-23,operations-research,https://ryzenstudy.com/papers/aktu-btech-sem-7-operations-research-2022-23
BTECH,Sem 7,2022-23,optical-network,https://ryzenstudy.com/papers/aktu-btech-sem-7-optical-network-2022-23
BTECH,Sem 7,2022-23,power-plant-engineering,https://ryzenstudy.com/papers/aktu-btech-sem-7-power-plant-engineering-2022-23
BTECH,Sem 7,2022-23,power-quality-and-facts,https://ryzenstudy.com/papers/aktu-btech-sem-7-power-quality-and-facts-2022-23
BTECH,Sem 7,2022-23,power-system-dynamics-and-control,https://ryzenstudy.com/papers/aktu-btech-sem-7-power-system-dynamics-and-control-2022-23
BTECH,Sem 7,2022-23,power-system-protection,https://ryzenstudy.com/papers/aktu-btech-sem-7-power-system-protection-2022-23
BTECH,Sem 7,2022-23,project-management-entrepreneurship,https://ryzenstudy.com/papers/aktu-btech-sem-7-project-management-entrepreneurship-2022-23
BTECH,Sem 7,2022-23,quantum-computing,https://ryzenstudy.com/papers/aktu-btech-sem-7-quantum-computing-2022-23
BTECH,Sem 7,2022-23,railway-waterway-snd-airway-engineering,https://ryzenstudy.com/papers/aktu-btech-sem-7-railway-waterway-snd-airway-engineering-2022-23
BTECH,Sem 7,2022-23,renewable-energy-resources,https://ryzenstudy.com/papers/aktu-btech-sem-7-renewable-energy-resources-2022-23
BTECH,Sem 7,2022-23,rural-development-administration-planning,https://ryzenstudy.com/papers/aktu-btech-sem-7-rural-development-administration-planning-2022-23
BTECH,Sem 7,2022-23,service-oriented-architecture,https://ryzenstudy.com/papers/aktu-btech-sem-7-service-oriented-architecture-2022-23
BTECH,Sem 7,2022-23,soft-wareproject-management,https://ryzenstudy.com/papers/aktu-btech-sem-7-soft-wareproject-management-2022-23
BTECH,Sem 7,2022-23,software-testing,https://ryzenstudy.com/papers/aktu-btech-sem-7-software-testing-2022-23
BTECH,Sem 7,2022-23,soil-water-conservation-engineering,https://ryzenstudy.com/papers/aktu-btech-sem-7-soil-water-conservation-engineering-2022-23
BTECH,Sem 7,2022-23,soild-waste-management,https://ryzenstudy.com/papers/aktu-btech-sem-7-soild-waste-management-2022-23
BTECH,Sem 7,2022-23,speech-processing,https://ryzenstudy.com/papers/aktu-btech-sem-7-speech-processing-2022-23
BTECH,Sem 7,2022-23,subject-name-deregulated-power-system,https://ryzenstudy.com/papers/aktu-btech-sem-7-subject-name-deregulated-power-system-2022-23
BTECH,Sem 7,2022-23,sustainable-construction-methods,https://ryzenstudy.com/papers/aktu-btech-sem-7-sustainable-construction-methods-2022-23
BTECH,Sem 7,2022-23,urban-transportation-planning,https://ryzenstudy.com/papers/aktu-btech-sem-7-urban-transportation-planning-2022-23
BTECH,Sem 7,2022-23,utilization-of-electrical-energy-electric-traction,https://ryzenstudy.com/papers/aktu-btech-sem-7-utilization-of-electrical-energy-electric-traction-2022-23
BTECH,Sem 7,2022-23,vehicle-body-engineering-safety,https://ryzenstudy.com/papers/aktu-btech-sem-7-vehicle-body-engineering-safety-2022-23
BTECH,Sem 7,2022-23,vision-for-human-society,https://ryzenstudy.com/papers/aktu-btech-sem-7-vision-for-human-society-2022-23
BTECH,Sem 7,2022-23,vlsi-design,https://ryzenstudy.com/papers/aktu-btech-sem-7-vlsi-design-2022-23
BTECH,Sem 7,2022-23,wireless-and-mobile-communication,https://ryzenstudy.com/papers/aktu-btech-sem-7-wireless-and-mobile-communication-2022-23
BTECH,Sem 7,2023-24,architecting-smart-iot-devices,https://ryzenstudy.com/papers/aktu-btech-sem-7-architecting-smart-iot-devices-2023-24
BTECH,Sem 7,2023-24,artificial-intelligence,https://ryzenstudy.com/papers/aktu-btech-sem-7-artificial-intelligence-2023-24
BTECH,Sem 7,2023-24,bioeconomics,https://ryzenstudy.com/papers/aktu-btech-sem-7-bioeconomics-2023-24
BTECH,Sem 7,2023-24,blockchain-architecture-design,https://ryzenstudy.com/papers/aktu-btech-sem-7-blockchain-architecture-design-2023-24
BTECH,Sem 7,2023-24,cloud-computing,https://ryzenstudy.com/papers/aktu-btech-sem-7-cloud-computing-2023-24
BTECH,Sem 7,2023-24,computer-graphics-and-product-modeling,https://ryzenstudy.com/papers/aktu-btech-sem-7-computer-graphics-and-product-modeling-2023-24
BTECH,Sem 7,2023-24,cryptography-and-network-security,https://ryzenstudy.com/papers/aktu-btech-sem-7-cryptography-and-network-security-2023-24
BTECH,Sem 7,2023-24,data-analytics-fot-iot,https://ryzenstudy.com/papers/aktu-btech-sem-7-data-analytics-fot-iot-2023-24
BTECH,Sem 7,2023-24,data-warehousing-and-data-mining,https://ryzenstudy.com/papers/aktu-btech-sem-7-data-warehousing-and-data-mining-2023-24
BTECH,Sem 7,2023-24,design-thinking,https://ryzenstudy.com/papers/aktu-btech-sem-7-design-thinking-2023-24
BTECH,Sem 7,2023-24,distributed-computing-system,https://ryzenstudy.com/papers/aktu-btech-sem-7-distributed-computing-system-2023-24
BTECH,Sem 7,2023-24,filter-design,https://ryzenstudy.com/papers/aktu-btech-sem-7-filter-design-2023-24
BTECH,Sem 7,2023-24,high-performance-computing,https://ryzenstudy.com/papers/aktu-btech-sem-7-high-performance-computing-2023-24
BTECH,Sem 7,2023-24,internet-of-things,https://ryzenstudy.com/papers/aktu-btech-sem-7-internet-of-things-2023-24
BTECH,Sem 7,2023-24,introduction-to-womens-gender-studies,https://ryzenstudy.com/papers/aktu-btech-sem-7-introduction-to-womens-gender-studies-2023-24
BTECH,Sem 7,2023-24,iot-security,https://ryzenstudy.com/papers/aktu-btech-sem-7-iot-security-2023-24
BTECH,Sem 7,2023-24,iot-system-architecture,https://ryzenstudy.com/papers/aktu-btech-sem-7-iot-system-architecture-2023-24
BTECH,Sem 7,2023-24,kcs079-service-oriented-architecture,https://ryzenstudy.com/papers/aktu-btech-sem-7-kcs079-service-oriented-architecture-2023-24
BTECH,Sem 7,2023-24,kme074-machine-learning,https://ryzenstudy.com/papers/aktu-btech-sem-7-kme074-machine-learning-2023-24
BTECH,Sem 7,2023-24,machine-learning,https://ryzenstudy.com/papers/aktu-btech-sem-7-machine-learning-2023-24
BTECH,Sem 7,2023-24,mathematical-modeling-of-manufacturing-processes,https://ryzenstudy.com/papers/aktu-btech-sem-7-mathematical-modeling-of-manufacturing-processes-2023-24
BTECH,Sem 7,2023-24,mobile-application-development-for-iot,https://ryzenstudy.com/papers/aktu-btech-sem-7-mobile-application-development-for-iot-2023-24
BTECH,Sem 7,2023-24,mobile-computing,https://ryzenstudy.com/papers/aktu-btech-sem-7-mobile-computing-2023-24
BTECH,Sem 7,2023-24,natural-language-processing,https://ryzenstudy.com/papers/aktu-btech-sem-7-natural-language-processing-2023-24
BTECH,Sem 7,2023-24,opearting-system-for-iot,https://ryzenstudy.com/papers/aktu-btech-sem-7-opearting-system-for-iot-2023-24
BTECH,Sem 7,2023-24,operations-research,https://ryzenstudy.com/papers/aktu-btech-sem-7-operations-research-2023-24
BTECH,Sem 7,2023-24,optimization-in-machine-learning,https://ryzenstudy.com/papers/aktu-btech-sem-7-optimization-in-machine-learning-2023-24
BTECH,Sem 7,2023-24,power-plant-engineering,https://ryzenstudy.com/papers/aktu-btech-sem-7-power-plant-engineering-2023-24
BTECH,Sem 7,2023-24,project-management-entrepreneurship,https://ryzenstudy.com/papers/aktu-btech-sem-7-project-management-entrepreneurship-2023-24
BTECH,Sem 7,2023-24,quantum-computing,https://ryzenstudy.com/papers/aktu-btech-sem-7-quantum-computing-2023-24
BTECH,Sem 7,2023-24,real-time-operating-systems,https://ryzenstudy.com/papers/aktu-btech-sem-7-real-time-operating-systems-2023-24
BTECH,Sem 7,2023-24,renewable-energy-resources,https://ryzenstudy.com/papers/aktu-btech-sem-7-renewable-energy-resources-2023-24
BTECH,Sem 7,2023-24,rural-development-administration-planning,https://ryzenstudy.com/papers/aktu-btech-sem-7-rural-development-administration-planning-2023-24
BTECH,Sem 7,2023-24,service-oriented-architecture,https://ryzenstudy.com/papers/aktu-btech-sem-7-service-oriented-architecture-2023-24
BTECH,Sem 7,2023-24,software-engineering,https://ryzenstudy.com/papers/aktu-btech-sem-7-software-engineering-2023-24
BTECH,Sem 7,2023-24,software-project-management,https://ryzenstudy.com/papers/aktu-btech-sem-7-software-project-management-2023-24
BTECH,Sem 7,2023-24,soil-water-conservation-engineering,https://ryzenstudy.com/papers/aktu-btech-sem-7-soil-water-conservation-engineering-2023-24
BTECH,Sem 7,2023-24,text-analytics-and-natural-langugae-processing,https://ryzenstudy.com/papers/aktu-btech-sem-7-text-analytics-and-natural-langugae-processing-2023-24
BTECH,Sem 7,2023-24,time-series-analysis-and-forecasting,https://ryzenstudy.com/papers/aktu-btech-sem-7-time-series-analysis-and-forecasting-2023-24
BTECH,Sem 7,2023-24,trouble-shooting-service-maintenance-repair,https://ryzenstudy.com/papers/aktu-btech-sem-7-trouble-shooting-service-maintenance-repair-2023-24
BTECH,Sem 7,2023-24,vehicle-body-engineering-safety,https://ryzenstudy.com/papers/aktu-btech-sem-7-vehicle-body-engineering-safety-2023-24
BTECH,Sem 7,2023-24,vision-for-humane-society,https://ryzenstudy.com/papers/aktu-btech-sem-7-vision-for-humane-society-2023-24
BTECH,Sem 7,2024-25,additive-manufacturing,https://ryzenstudy.com/papers/aktu-btech-sem-7-additive-manufacturing-2024-25
BTECH,Sem 7,2024-25,advanced-micro-processors-micro-controllers,https://ryzenstudy.com/papers/aktu-btech-sem-7-advanced-micro-processors-micro-controllers-2024-25
BTECH,Sem 7,2024-25,artificial-intelligence,https://ryzenstudy.com/papers/aktu-btech-sem-7-artificial-intelligence-2024-25
BTECH,Sem 7,2024-25,bioeconomics,https://ryzenstudy.com/papers/aktu-btech-sem-7-bioeconomics-2024-25
BTECH,Sem 7,2024-25,blockchain-architecture-design,https://ryzenstudy.com/papers/aktu-btech-sem-7-blockchain-architecture-design-2024-25
BTECH,Sem 7,2024-25,cloud-computing,https://ryzenstudy.com/papers/aktu-btech-sem-7-cloud-computing-2024-25
BTECH,Sem 7,2024-25,cryptography-and-network-security,https://ryzenstudy.com/papers/aktu-btech-sem-7-cryptography-and-network-security-2024-25
BTECH,Sem 7,2024-25,deep-learning,https://ryzenstudy.com/papers/aktu-btech-sem-7-deep-learning-2024-25
BTECH,Sem 7,2024-25,deregulated-power-system,https://ryzenstudy.com/papers/aktu-btech-sem-7-deregulated-power-system-2024-25
BTECH,Sem 7,2024-25,design-development-of-applications,https://ryzenstudy.com/papers/aktu-btech-sem-7-design-development-of-applications-2024-25
BTECH,Sem 7,2024-25,design-thinking,https://ryzenstudy.com/papers/aktu-btech-sem-7-design-thinking-2024-25
BTECH,Sem 7,2024-25,digital-image-processing,https://ryzenstudy.com/papers/aktu-btech-sem-7-digital-image-processing-2024-25
BTECH,Sem 7,2024-25,disaster-preparedness-and-management,https://ryzenstudy.com/papers/aktu-btech-sem-7-disaster-preparedness-and-management-2024-25
BTECH,Sem 7,2024-25,electric-drives,https://ryzenstudy.com/papers/aktu-btech-sem-7-electric-drives-2024-25
BTECH,Sem 7,2024-25,energy-conservation-and-auditing,https://ryzenstudy.com/papers/aktu-btech-sem-7-energy-conservation-and-auditing-2024-25
BTECH,Sem 7,2024-25,filter-design,https://ryzenstudy.com/papers/aktu-btech-sem-7-filter-design-2024-25
BTECH,Sem 7,2024-25,high-performance-computing,https://ryzenstudy.com/papers/aktu-btech-sem-7-high-performance-computing-2024-25
BTECH,Sem 7,2024-25,high-voltage-engineering,https://ryzenstudy.com/papers/aktu-btech-sem-7-high-voltage-engineering-2024-25
BTECH,Sem 7,2024-25,hvac-systems,https://ryzenstudy.com/papers/aktu-btech-sem-7-hvac-systems-2024-25
BTECH,Sem 7,2024-25,hvdc-ac-transmission,https://ryzenstudy.com/papers/aktu-btech-sem-7-hvdc-ac-transmission-2024-25
BTECH,Sem 7,2024-25,information-theory-coding,https://ryzenstudy.com/papers/aktu-btech-sem-7-information-theory-coding-2024-25
BTECH,Sem 7,2024-25,internet-of-things,https://ryzenstudy.com/papers/aktu-btech-sem-7-internet-of-things-2024-25
BTECH,Sem 7,2024-25,introduction-to-womens-gender-studies,https://ryzenstudy.com/papers/aktu-btech-sem-7-introduction-to-womens-gender-studies-2024-25
BTECH,Sem 7,2024-25,iot-security,https://ryzenstudy.com/papers/aktu-btech-sem-7-iot-security-2024-25
BTECH,Sem 7,2024-25,iot-system-architecture,https://ryzenstudy.com/papers/aktu-btech-sem-7-iot-system-architecture-2024-25
BTECH,Sem 7,2024-25,kcs071-artificial-intelligence,https://ryzenstudy.com/papers/aktu-btech-sem-7-kcs071-artificial-intelligence-2024-25
BTECH,Sem 7,2024-25,kcs079-service-oriented-architecture,https://ryzenstudy.com/papers/aktu-btech-sem-7-kcs079-service-oriented-architecture-2024-25
BTECH,Sem 7,2024-25,kds078-deep-learning,https://ryzenstudy.com/papers/aktu-btech-sem-7-kds078-deep-learning-2024-25
BTECH,Sem 7,2024-25,kme074-machine-learning,https://ryzenstudy.com/papers/aktu-btech-sem-7-kme074-machine-learning-2024-25
BTECH,Sem 7,2024-25,kot076-deep-learning,https://ryzenstudy.com/papers/aktu-btech-sem-7-kot076-deep-learning-2024-25
BTECH,Sem 7,2024-25,machine-learning,https://ryzenstudy.com/papers/aktu-btech-sem-7-machine-learning-2024-25
BTECH,Sem 7,2024-25,maintenance-engineering-management,https://ryzenstudy.com/papers/aktu-btech-sem-7-maintenance-engineering-management-2024-25
BTECH,Sem 7,2024-25,mathematical-modeling-of-manufacturing-processes,https://ryzenstudy.com/papers/aktu-btech-sem-7-mathematical-modeling-of-manufacturing-processes-2024-25
BTECH,Sem 7,2024-25,micro-smart-systems,https://ryzenstudy.com/papers/aktu-btech-sem-7-micro-smart-systems-2024-25
BTECH,Sem 7,2024-25,microwave-radar-engineering,https://ryzenstudy.com/papers/aktu-btech-sem-7-microwave-radar-engineering-2024-25
BTECH,Sem 7,2024-25,mobile-application-development-for-iot,https://ryzenstudy.com/papers/aktu-btech-sem-7-mobile-application-development-for-iot-2024-25
BTECH,Sem 7,2024-25,mobile-computing,https://ryzenstudy.com/papers/aktu-btech-sem-7-mobile-computing-2024-25
BTECH,Sem 7,2024-25,natural-language-processing,https://ryzenstudy.com/papers/aktu-btech-sem-7-natural-language-processing-2024-25
BTECH,Sem 7,2024-25,operations-research,https://ryzenstudy.com/papers/aktu-btech-sem-7-operations-research-2024-25
BTECH,Sem 7,2024-25,optical-network,https://ryzenstudy.com/papers/aktu-btech-sem-7-optical-network-2024-25
BTECH,Sem 7,2024-25,power-plant-engineering,https://ryzenstudy.com/papers/aktu-btech-sem-7-power-plant-engineering-2024-25
BTECH,Sem 7,2024-25,power-quality-and-facts,https://ryzenstudy.com/papers/aktu-btech-sem-7-power-quality-and-facts-2024-25
BTECH,Sem 7,2024-25,power-system-dynamics-and-control,https://ryzenstudy.com/papers/aktu-btech-sem-7-power-system-dynamics-and-control-2024-25
BTECH,Sem 7,2024-25,power-system-protection,https://ryzenstudy.com/papers/aktu-btech-sem-7-power-system-protection-2024-25
BTECH,Sem 7,2024-25,project-management-entrepreneurship,https://ryzenstudy.com/papers/aktu-btech-sem-7-project-management-entrepreneurship-2024-25
BTECH,Sem 7,2024-25,quantum-computing,https://ryzenstudy.com/papers/aktu-btech-sem-7-quantum-computing-2024-25
BTECH,Sem 7,2024-25,real-time-operating-systems,https://ryzenstudy.com/papers/aktu-btech-sem-7-real-time-operating-systems-2024-25
BTECH,Sem 7,2024-25,renewable-energy-resources,https://ryzenstudy.com/papers/aktu-btech-sem-7-renewable-energy-resources-2024-25
BTECH,Sem 7,2024-25,rural-development-administration-planning,https://ryzenstudy.com/papers/aktu-btech-sem-7-rural-development-administration-planning-2024-25
BTECH,Sem 7,2024-25,service-oriented-architecture,https://ryzenstudy.com/papers/aktu-btech-sem-7-service-oriented-architecture-2024-25
BTECH,Sem 7,2024-25,software-project-management,https://ryzenstudy.com/papers/aktu-btech-sem-7-software-project-management-2024-25
BTECH,Sem 7,2024-25,soil-water-conservation-engineering,https://ryzenstudy.com/papers/aktu-btech-sem-7-soil-water-conservation-engineering-2024-25
BTECH,Sem 7,2024-25,speech-processing,https://ryzenstudy.com/papers/aktu-btech-sem-7-speech-processing-2024-25
BTECH,Sem 7,2024-25,text-analysis,https://ryzenstudy.com/papers/aktu-btech-sem-7-text-analysis-2024-25
BTECH,Sem 7,2024-25,utilization-of-electrical-energy-electric-traction,https://ryzenstudy.com/papers/aktu-btech-sem-7-utilization-of-electrical-energy-electric-traction-2024-25
BTECH,Sem 7,2024-25,vision-for-humane-society,https://ryzenstudy.com/papers/aktu-btech-sem-7-vision-for-humane-society-2024-25
BTECH,Sem 7,2024-25,vlsi-design,https://ryzenstudy.com/papers/aktu-btech-sem-7-vlsi-design-2024-25
BTECH,Sem 7,2024-25,wireless-mobile-communication,https://ryzenstudy.com/papers/aktu-btech-sem-7-wireless-mobile-communication-2024-25
BTECH,Sem 7,2025-26,artificial-intelligence,https://ryzenstudy.com/papers/aktu-btech-sem-7-artificial-intelligence-2025-26
BTECH,Sem 7,2025-26,bcit701-cryptography-and-network-security,https://ryzenstudy.com/papers/aktu-btech-sem-7-bcit701-cryptography-and-network-security-2025-26
BTECH,Sem 7,2025-26,cloud-computing,https://ryzenstudy.com/papers/aktu-btech-sem-7-cloud-computing-2025-26
BTECH,Sem 7,2025-26,cryptography-and-network-security,https://ryzenstudy.com/papers/aktu-btech-sem-7-cryptography-and-network-security-2025-26
BTECH,Sem 7,2025-26,deep-learning,https://ryzenstudy.com/papers/aktu-btech-sem-7-deep-learning-2025-26
BTECH,Sem 7,2025-26,design-thinking,https://ryzenstudy.com/papers/aktu-btech-sem-7-design-thinking-2025-26
BTECH,Sem 7,2025-26,internet-of-things,https://ryzenstudy.com/papers/aktu-btech-sem-7-internet-of-things-2025-26
BTECH,Sem 7,2025-26,renewable-energy-resources,https://ryzenstudy.com/papers/aktu-btech-sem-7-renewable-energy-resources-2025-26
BTECH,Sem 7,2025-26,vlsi-design,https://ryzenstudy.com/papers/aktu-btech-sem-7-vlsi-design-2025-26
BTECH,Sem 7,2025-26,wireless-mobile-communication,https://ryzenstudy.com/papers/aktu-btech-sem-7-wireless-mobile-communication-2025-26
BTECH,Sem 8,2021-22,automation-and-robotics,https://ryzenstudy.com/papers/aktu-btech-sem-8-automation-and-robotics-2021-22
BTECH,Sem 8,2021-22,big-data,https://ryzenstudy.com/papers/aktu-btech-sem-8-big-data-2021-22
BTECH,Sem 8,2021-22,bio-medical-signal-processing,https://ryzenstudy.com/papers/aktu-btech-sem-8-bio-medical-signal-processing-2021-22
BTECH,Sem 8,2021-22,cloud-computing,https://ryzenstudy.com/papers/aktu-btech-sem-8-cloud-computing-2021-22
BTECH,Sem 8,2021-22,computerized-process-control,https://ryzenstudy.com/papers/aktu-btech-sem-8-computerized-process-control-2021-22
BTECH,Sem 8,2021-22,data-warehousing-data-mining,https://ryzenstudy.com/papers/aktu-btech-sem-8-data-warehousing-data-mining-2021-22
BTECH,Sem 8,2021-22,digital-and-social-media-marketing,https://ryzenstudy.com/papers/aktu-btech-sem-8-digital-and-social-media-marketing-2021-22
BTECH,Sem 8,2021-22,electric-vehicles,https://ryzenstudy.com/papers/aktu-btech-sem-8-electric-vehicles-2021-22
BTECH,Sem 8,2021-22,entrepreneurship-development,https://ryzenstudy.com/papers/aktu-btech-sem-8-entrepreneurship-development-2021-22
BTECH,Sem 8,2021-22,human-values-in-buddha-and-jain-darshan,https://ryzenstudy.com/papers/aktu-btech-sem-8-human-values-in-buddha-and-jain-darshan-2021-22
BTECH,Sem 8,2021-22,human-values-in-madhyasth-darshan,https://ryzenstudy.com/papers/aktu-btech-sem-8-human-values-in-madhyasth-darshan-2021-22
BTECH,Sem 8,2021-22,human-values-in-vedic-darshan,https://ryzenstudy.com/papers/aktu-btech-sem-8-human-values-in-vedic-darshan-2021-22
BTECH,Sem 8,2021-22,industrial-optimization-techniques,https://ryzenstudy.com/papers/aktu-btech-sem-8-industrial-optimization-techniques-2021-22
BTECH,Sem 8,2021-22,introduction-to-smart-grid,https://ryzenstudy.com/papers/aktu-btech-sem-8-introduction-to-smart-grid-2021-22
BTECH,Sem 8,2021-22,modeling-of-field-effect-nano-devices,https://ryzenstudy.com/papers/aktu-btech-sem-8-modeling-of-field-effect-nano-devices-2021-22
BTECH,Sem 8,2021-22,natural-language-processing,https://ryzenstudy.com/papers/aktu-btech-sem-8-natural-language-processing-2021-22
BTECH,Sem 8,2021-22,project-management-entrepreneurship,https://ryzenstudy.com/papers/aktu-btech-sem-8-project-management-entrepreneurship-2021-22
BTECH,Sem 8,2021-22,quality-management,https://ryzenstudy.com/papers/aktu-btech-sem-8-quality-management-2021-22
BTECH,Sem 8,2021-22,rural-development-administration-and-planning,https://ryzenstudy.com/papers/aktu-btech-sem-8-rural-development-administration-and-planning-2021-22
BTECH,Sem 8,2021-22,virology,https://ryzenstudy.com/papers/aktu-btech-sem-8-virology-2021-22
BTECH,Sem 8,2022-23,automation-robotics,https://ryzenstudy.com/papers/aktu-btech-sem-8-automation-robotics-2022-23
BTECH,Sem 8,2022-23,big-data,https://ryzenstudy.com/papers/aktu-btech-sem-8-big-data-2022-23
BTECH,Sem 8,2022-23,biomedical-signal-processing,https://ryzenstudy.com/papers/aktu-btech-sem-8-biomedical-signal-processing-2022-23
BTECH,Sem 8,2022-23,cloud-computing,https://ryzenstudy.com/papers/aktu-btech-sem-8-cloud-computing-2022-23
BTECH,Sem 8,2022-23,computerized-process-control,https://ryzenstudy.com/papers/aktu-btech-sem-8-computerized-process-control-2022-23
BTECH,Sem 8,2022-23,data-warehousing-data-mining,https://ryzenstudy.com/papers/aktu-btech-sem-8-data-warehousing-data-mining-2022-23
BTECH,Sem 8,2022-23,digital-and-social-media-marketing,https://ryzenstudy.com/papers/aktu-btech-sem-8-digital-and-social-media-marketing-2022-23
BTECH,Sem 8,2022-23,electric-vehicles,https://ryzenstudy.com/papers/aktu-btech-sem-8-electric-vehicles-2022-23
BTECH,Sem 8,2022-23,entrepreneurship-development,https://ryzenstudy.com/papers/aktu-btech-sem-8-entrepreneurship-development-2022-23
BTECH,Sem 8,2022-23,fundamentals-of-drone-technology,https://ryzenstudy.com/papers/aktu-btech-sem-8-fundamentals-of-drone-technology-2022-23
BTECH,Sem 8,2022-23,human-values-in-buddha-and-jain-darshan,https://ryzenstudy.com/papers/aktu-btech-sem-8-human-values-in-buddha-and-jain-darshan-2022-23
BTECH,Sem 8,2022-23,human-values-in-madhyasth-darshan,https://ryzenstudy.com/papers/aktu-btech-sem-8-human-values-in-madhyasth-darshan-2022-23
BTECH,Sem 8,2022-23,human-values-in-vedic-darsana,https://ryzenstudy.com/papers/aktu-btech-sem-8-human-values-in-vedic-darsana-2022-23
BTECH,Sem 8,2022-23,industrial-optimization-techniques,https://ryzenstudy.com/papers/aktu-btech-sem-8-industrial-optimization-techniques-2022-23
BTECH,Sem 8,2022-23,introduction-to-smart-grid,https://ryzenstudy.com/papers/aktu-btech-sem-8-introduction-to-smart-grid-2022-23
BTECH,Sem 8,2022-23,modeling-of-field-effect-nano-devices,https://ryzenstudy.com/papers/aktu-btech-sem-8-modeling-of-field-effect-nano-devices-2022-23
BTECH,Sem 8,2022-23,modelling-and-simulation-of-dynamic-systems,https://ryzenstudy.com/papers/aktu-btech-sem-8-modelling-and-simulation-of-dynamic-systems-2022-23
BTECH,Sem 8,2022-23,natural-language-processing,https://ryzenstudy.com/papers/aktu-btech-sem-8-natural-language-processing-2022-23
BTECH,Sem 8,2022-23,project-management-enterpreneurship,https://ryzenstudy.com/papers/aktu-btech-sem-8-project-management-enterpreneurship-2022-23
BTECH,Sem 8,2022-23,quality-management,https://ryzenstudy.com/papers/aktu-btech-sem-8-quality-management-2022-23
BTECH,Sem 8,2022-23,rural-development-administration-and-planning,https://ryzenstudy.com/papers/aktu-btech-sem-8-rural-development-administration-and-planning-2022-23
BTECH,Sem 8,2022-23,virology,https://ryzenstudy.com/papers/aktu-btech-sem-8-virology-2022-23
BTECH,Sem 8,2023-24,automation-and-robotics,https://ryzenstudy.com/papers/aktu-btech-sem-8-automation-and-robotics-2023-24
BTECH,Sem 8,2023-24,big-data,https://ryzenstudy.com/papers/aktu-btech-sem-8-big-data-2023-24
BTECH,Sem 8,2023-24,bio-medical-signal-processing,https://ryzenstudy.com/papers/aktu-btech-sem-8-bio-medical-signal-processing-2023-24
BTECH,Sem 8,2023-24,cloud-computing,https://ryzenstudy.com/papers/aktu-btech-sem-8-cloud-computing-2023-24
BTECH,Sem 8,2023-24,computerized-process-control,https://ryzenstudy.com/papers/aktu-btech-sem-8-computerized-process-control-2023-24
BTECH,Sem 8,2023-24,data-warehousing-data-mining,https://ryzenstudy.com/papers/aktu-btech-sem-8-data-warehousing-data-mining-2023-24
BTECH,Sem 8,2023-24,digital-and-social-media-marketing,https://ryzenstudy.com/papers/aktu-btech-sem-8-digital-and-social-media-marketing-2023-24
BTECH,Sem 8,2023-24,electric-vehicles,https://ryzenstudy.com/papers/aktu-btech-sem-8-electric-vehicles-2023-24
BTECH,Sem 8,2023-24,entrepreneurship-development,https://ryzenstudy.com/papers/aktu-btech-sem-8-entrepreneurship-development-2023-24
BTECH,Sem 8,2023-24,fundamentals-of-drone-technology,https://ryzenstudy.com/papers/aktu-btech-sem-8-fundamentals-of-drone-technology-2023-24
BTECH,Sem 8,2023-24,human-values-in-buddha-and-jain-darshan,https://ryzenstudy.com/papers/aktu-btech-sem-8-human-values-in-buddha-and-jain-darshan-2023-24
BTECH,Sem 8,2023-24,human-values-in-madhyasth-darshan,https://ryzenstudy.com/papers/aktu-btech-sem-8-human-values-in-madhyasth-darshan-2023-24
BTECH,Sem 8,2023-24,human-values-in-vedic-darsana,https://ryzenstudy.com/papers/aktu-btech-sem-8-human-values-in-vedic-darsana-2023-24
BTECH,Sem 8,2023-24,industrial-optimization-techniques,https://ryzenstudy.com/papers/aktu-btech-sem-8-industrial-optimization-techniques-2023-24
BTECH,Sem 8,2023-24,introduction-to-smart-grid,https://ryzenstudy.com/papers/aktu-btech-sem-8-introduction-to-smart-grid-2023-24
BTECH,Sem 8,2023-24,modeling-of-field-effect-nano-devices,https://ryzenstudy.com/papers/aktu-btech-sem-8-modeling-of-field-effect-nano-devices-2023-24
BTECH,Sem 8,2023-24,modelling-and-simulation-of-dynamic-systems,https://ryzenstudy.com/papers/aktu-btech-sem-8-modelling-and-simulation-of-dynamic-systems-2023-24
BTECH,Sem 8,2023-24,natural-language-processing,https://ryzenstudy.com/papers/aktu-btech-sem-8-natural-language-processing-2023-24
BTECH,Sem 8,2023-24,project-management-entrepreneurship,https://ryzenstudy.com/papers/aktu-btech-sem-8-project-management-entrepreneurship-2023-24
BTECH,Sem 8,2023-24,quality-management,https://ryzenstudy.com/papers/aktu-btech-sem-8-quality-management-2023-24
BTECH,Sem 8,2023-24,rural-development-administration-and-planning,https://ryzenstudy.com/papers/aktu-btech-sem-8-rural-development-administration-and-planning-2023-24
BTECH,Sem 8,2023-24,virology,https://ryzenstudy.com/papers/aktu-btech-sem-8-virology-2023-24
BTECH,Sem 8,2024-25,automation-and-robotics,https://ryzenstudy.com/papers/aktu-btech-sem-8-automation-and-robotics-2024-25
BTECH,Sem 8,2024-25,big-data,https://ryzenstudy.com/papers/aktu-btech-sem-8-big-data-2024-25
BTECH,Sem 8,2024-25,bio-medical-signal-processing,https://ryzenstudy.com/papers/aktu-btech-sem-8-bio-medical-signal-processing-2024-25
BTECH,Sem 8,2024-25,cloud-computing,https://ryzenstudy.com/papers/aktu-btech-sem-8-cloud-computing-2024-25
BTECH,Sem 8,2024-25,computerized-process-control,https://ryzenstudy.com/papers/aktu-btech-sem-8-computerized-process-control-2024-25
BTECH,Sem 8,2024-25,data-warehousing-data-mining,https://ryzenstudy.com/papers/aktu-btech-sem-8-data-warehousing-data-mining-2024-25
BTECH,Sem 8,2024-25,digital-and-social-media-marketing,https://ryzenstudy.com/papers/aktu-btech-sem-8-digital-and-social-media-marketing-2024-25
BTECH,Sem 8,2024-25,electric-vehicles,https://ryzenstudy.com/papers/aktu-btech-sem-8-electric-vehicles-2024-25
BTECH,Sem 8,2024-25,entrepreneurship-development,https://ryzenstudy.com/papers/aktu-btech-sem-8-entrepreneurship-development-2024-25
BTECH,Sem 8,2024-25,fundamentals-of-drone-technology,https://ryzenstudy.com/papers/aktu-btech-sem-8-fundamentals-of-drone-technology-2024-25
BTECH,Sem 8,2024-25,human-values-in-buddha-and-jain-darshan,https://ryzenstudy.com/papers/aktu-btech-sem-8-human-values-in-buddha-and-jain-darshan-2024-25
BTECH,Sem 8,2024-25,human-values-in-madhyasth-darshan,https://ryzenstudy.com/papers/aktu-btech-sem-8-human-values-in-madhyasth-darshan-2024-25
BTECH,Sem 8,2024-25,human-values-in-vedic-darshan,https://ryzenstudy.com/papers/aktu-btech-sem-8-human-values-in-vedic-darshan-2024-25
BTECH,Sem 8,2024-25,industrial-optimization-techniques,https://ryzenstudy.com/papers/aktu-btech-sem-8-industrial-optimization-techniques-2024-25
BTECH,Sem 8,2024-25,introduction-to-smart-grid,https://ryzenstudy.com/papers/aktu-btech-sem-8-introduction-to-smart-grid-2024-25
BTECH,Sem 8,2024-25,modeling-and-simulation-of-dynamics-systems,https://ryzenstudy.com/papers/aktu-btech-sem-8-modeling-and-simulation-of-dynamics-systems-2024-25
BTECH,Sem 8,2024-25,modeling-of-field-effect-nano-devices,https://ryzenstudy.com/papers/aktu-btech-sem-8-modeling-of-field-effect-nano-devices-2024-25
BTECH,Sem 8,2024-25,natural-language-processing,https://ryzenstudy.com/papers/aktu-btech-sem-8-natural-language-processing-2024-25
BTECH,Sem 8,2024-25,project-management-entrepreneurship,https://ryzenstudy.com/papers/aktu-btech-sem-8-project-management-entrepreneurship-2024-25
BTECH,Sem 8,2024-25,quality-management,https://ryzenstudy.com/papers/aktu-btech-sem-8-quality-management-2024-25
BTECH,Sem 8,2024-25,rural-development-administration-and-planning,https://ryzenstudy.com/papers/aktu-btech-sem-8-rural-development-administration-and-planning-2024-25
BTECH,Sem 8,2024-25,virology,https://ryzenstudy.com/papers/aktu-btech-sem-8-virology-2024-25
MCA,Sem 1,2021-22,computer-organization-architecture,https://ryzenstudy.com/papers/aktu-mca-sem-1-computer-organization-architecture-2021-22
MCA,Sem 1,2021-22,discrete-mathematics-k,https://ryzenstudy.com/papers/aktu-mca-sem-1-discrete-mathematics-k-2021-22
MCA,Sem 1,2021-22,fundamental-of-computers-emerging-technologies,https://ryzenstudy.com/papers/aktu-mca-sem-1-fundamental-of-computers-emerging-technologies-2021-22
MCA,Sem 1,2021-22,principles-of-management-communication,https://ryzenstudy.com/papers/aktu-mca-sem-1-principles-of-management-communication-2021-22
MCA,Sem 1,2021-22,problem-solving-using-c,https://ryzenstudy.com/papers/aktu-mca-sem-1-problem-solving-using-c-2021-22
MCA,Sem 1,2022-23,computer-organization-architecture,https://ryzenstudy.com/papers/aktu-mca-sem-1-computer-organization-architecture-2022-23
MCA,Sem 1,2022-23,discrete-mathematics,https://ryzenstudy.com/papers/aktu-mca-sem-1-discrete-mathematics-2022-23
MCA,Sem 1,2022-23,fundamental-of-computers-and-emerging-technologies,https://ryzenstudy.com/papers/aktu-mca-sem-1-fundamental-of-computers-and-emerging-technologies-2022-23
MCA,Sem 1,2022-23,principles-of-management-communication,https://ryzenstudy.com/papers/aktu-mca-sem-1-principles-of-management-communication-2022-23
MCA,Sem 1,2022-23,problem-solving-using-c,https://ryzenstudy.com/papers/aktu-mca-sem-1-problem-solving-using-c-2022-23
MCA,Sem 1,2023-24,computer-organization-architecture,https://ryzenstudy.com/papers/aktu-mca-sem-1-computer-organization-architecture-2023-24
MCA,Sem 1,2023-24,discrete-mathematics,https://ryzenstudy.com/papers/aktu-mca-sem-1-discrete-mathematics-2023-24
MCA,Sem 1,2023-24,fundamental-of-computers-emerging-technologies,https://ryzenstudy.com/papers/aktu-mca-sem-1-fundamental-of-computers-emerging-technologies-2023-24
MCA,Sem 1,2023-24,principles-of-management-communication,https://ryzenstudy.com/papers/aktu-mca-sem-1-principles-of-management-communication-2023-24
MCA,Sem 1,2023-24,problem-solving-using-c,https://ryzenstudy.com/papers/aktu-mca-sem-1-problem-solving-using-c-2023-24
MCA,Sem 1,2024-25,bmc103-principles-of-management-communication,https://ryzenstudy.com/papers/aktu-mca-sem-1-bmc103-principles-of-management-communication-2024-25
MCA,Sem 1,2024-25,computer-organization-architecture,https://ryzenstudy.com/papers/aktu-mca-sem-1-computer-organization-architecture-2024-25
MCA,Sem 1,2024-25,discrete-mathematics,https://ryzenstudy.com/papers/aktu-mca-sem-1-discrete-mathematics-2024-25
MCA,Sem 1,2024-25,fundamental-of-computers-emerging-technologies,https://ryzenstudy.com/papers/aktu-mca-sem-1-fundamental-of-computers-emerging-technologies-2024-25
MCA,Sem 1,2024-25,kca101-fundamental-of-computers-emerging-technologies,https://ryzenstudy.com/papers/aktu-mca-sem-1-kca101-fundamental-of-computers-emerging-technologies-2024-25
MCA,Sem 1,2024-25,kca102-problem-solving-using-c,https://ryzenstudy.com/papers/aktu-mca-sem-1-kca102-problem-solving-using-c-2024-25
MCA,Sem 1,2024-25,kca104-discrete-mathematics,https://ryzenstudy.com/papers/aktu-mca-sem-1-kca104-discrete-mathematics-2024-25
MCA,Sem 1,2024-25,kca105-computer-organization-architecture,https://ryzenstudy.com/papers/aktu-mca-sem-1-kca105-computer-organization-architecture-2024-25
MCA,Sem 1,2024-25,principles-of-management-communication,https://ryzenstudy.com/papers/aktu-mca-sem-1-principles-of-management-communication-2024-25
MCA,Sem 1,2024-25,problem-solving-using-c,https://ryzenstudy.com/papers/aktu-mca-sem-1-problem-solving-using-c-2024-25
MCA,Sem 1,2025-26,computer-organization-architecture,https://ryzenstudy.com/papers/aktu-mca-sem-1-computer-organization-architecture-2025-26
MCA,Sem 1,2025-26,cyber-security,https://ryzenstudy.com/papers/aktu-mca-sem-1-cyber-security-2025-26
MCA,Sem 1,2025-26,discrete-mathematics,https://ryzenstudy.com/papers/aktu-mca-sem-1-discrete-mathematics-2025-26
MCA,Sem 1,2025-26,fundamental-of-computers-emerging-technologies,https://ryzenstudy.com/papers/aktu-mca-sem-1-fundamental-of-computers-emerging-technologies-2025-26
MCA,Sem 1,2025-26,principles-of-management-communication,https://ryzenstudy.com/papers/aktu-mca-sem-1-principles-of-management-communication-2025-26
MCA,Sem 1,2025-26,problem-solving-using-c,https://ryzenstudy.com/papers/aktu-mca-sem-1-problem-solving-using-c-2025-26
MCA,Sem 2,2021-22,cyber-security,https://ryzenstudy.com/papers/aktu-mca-sem-2-cyber-security-2021-22
MCA,Sem 2,2021-22,data-structures-analysis-of-algorithms,https://ryzenstudy.com/papers/aktu-mca-sem-2-data-structures-analysis-of-algorithms-2021-22
MCA,Sem 2,2021-22,database-management-systems,https://ryzenstudy.com/papers/aktu-mca-sem-2-database-management-systems-2021-22
MCA,Sem 2,2021-22,object-oriented-programming,https://ryzenstudy.com/papers/aktu-mca-sem-2-object-oriented-programming-2021-22
MCA,Sem 2,2021-22,operating-systems,https://ryzenstudy.com/papers/aktu-mca-sem-2-operating-systems-2021-22
MCA,Sem 2,2021-22,theory-of-automata-formal-languages,https://ryzenstudy.com/papers/aktu-mca-sem-2-theory-of-automata-formal-languages-2021-22
MCA,Sem 2,2022-23,cyber-security,https://ryzenstudy.com/papers/aktu-mca-sem-2-cyber-security-2022-23
MCA,Sem 2,2022-23,data-structures-analysis-of-algorithms,https://ryzenstudy.com/papers/aktu-mca-sem-2-data-structures-analysis-of-algorithms-2022-23
MCA,Sem 2,2022-23,database-management-systems,https://ryzenstudy.com/papers/aktu-mca-sem-2-database-management-systems-2022-23
MCA,Sem 2,2022-23,object-oriented-programming,https://ryzenstudy.com/papers/aktu-mca-sem-2-object-oriented-programming-2022-23
MCA,Sem 2,2022-23,operating-systems,https://ryzenstudy.com/papers/aktu-mca-sem-2-operating-systems-2022-23
MCA,Sem 2,2022-23,theory-of-automata-formal-languages,https://ryzenstudy.com/papers/aktu-mca-sem-2-theory-of-automata-formal-languages-2022-23
MCA,Sem 2,2023-24,cyber-security,https://ryzenstudy.com/papers/aktu-mca-sem-2-cyber-security-2023-24
MCA,Sem 2,2023-24,data-structures-analysis-of-algorithms,https://ryzenstudy.com/papers/aktu-mca-sem-2-data-structures-analysis-of-algorithms-2023-24
MCA,Sem 2,2023-24,database-management-systems,https://ryzenstudy.com/papers/aktu-mca-sem-2-database-management-systems-2023-24
MCA,Sem 2,2023-24,object-oriented-programming,https://ryzenstudy.com/papers/aktu-mca-sem-2-object-oriented-programming-2023-24
MCA,Sem 2,2023-24,operating-systems,https://ryzenstudy.com/papers/aktu-mca-sem-2-operating-systems-2023-24
MCA,Sem 2,2023-24,theory-of-automata-formal-languages,https://ryzenstudy.com/papers/aktu-mca-sem-2-theory-of-automata-formal-languages-2023-24
MCA,Sem 2,2024-25,bmc202-object-oriented-programming,https://ryzenstudy.com/papers/aktu-mca-sem-2-bmc202-object-oriented-programming-2024-25
MCA,Sem 2,2024-25,bmc203-operating-systems,https://ryzenstudy.com/papers/aktu-mca-sem-2-bmc203-operating-systems-2024-25
MCA,Sem 2,2024-25,bmc204-database-management-systems,https://ryzenstudy.com/papers/aktu-mca-sem-2-bmc204-database-management-systems-2024-25
MCA,Sem 2,2024-25,bmc205-data-structures-analysis-of-algorithms,https://ryzenstudy.com/papers/aktu-mca-sem-2-bmc205-data-structures-analysis-of-algorithms-2024-25
MCA,Sem 2,2024-25,data-structures-analysis-of-algorithms,https://ryzenstudy.com/papers/aktu-mca-sem-2-data-structures-analysis-of-algorithms-2024-25
MCA,Sem 2,2024-25,database-management-systems,https://ryzenstudy.com/papers/aktu-mca-sem-2-database-management-systems-2024-25
MCA,Sem 2,2024-25,object-oriented-programming,https://ryzenstudy.com/papers/aktu-mca-sem-2-object-oriented-programming-2024-25
MCA,Sem 2,2024-25,operating-systems,https://ryzenstudy.com/papers/aktu-mca-sem-2-operating-systems-2024-25
MCA,Sem 2,2024-25,theory-of-automata-formal-languages,https://ryzenstudy.com/papers/aktu-mca-sem-2-theory-of-automata-formal-languages-2024-25
MCA,Sem 2,2024-25,web-technology,https://ryzenstudy.com/papers/aktu-mca-sem-2-web-technology-2024-25
MCA,Sem 3,2021-22,artificial-intelligence,https://ryzenstudy.com/papers/aktu-mca-sem-3-artificial-intelligence-2021-22
MCA,Sem 3,2021-22,big-data,https://ryzenstudy.com/papers/aktu-mca-sem-3-big-data-2021-22
MCA,Sem 3,2021-22,cloud-computing,https://ryzenstudy.com/papers/aktu-mca-sem-3-cloud-computing-2021-22
MCA,Sem 3,2021-22,compiler-design,https://ryzenstudy.com/papers/aktu-mca-sem-3-compiler-design-2021-22
MCA,Sem 3,2021-22,computer-network,https://ryzenstudy.com/papers/aktu-mca-sem-3-computer-network-2021-22
MCA,Sem 3,2021-22,cryptography-network-security,https://ryzenstudy.com/papers/aktu-mca-sem-3-cryptography-network-security-2021-22
MCA,Sem 3,2021-22,data-warehousing-data-mining,https://ryzenstudy.com/papers/aktu-mca-sem-3-data-warehousing-data-mining-2021-22
MCA,Sem 3,2021-22,simulation-modeling,https://ryzenstudy.com/papers/aktu-mca-sem-3-simulation-modeling-2021-22
MCA,Sem 3,2021-22,software-engineering,https://ryzenstudy.com/papers/aktu-mca-sem-3-software-engineering-2021-22
MCA,Sem 3,2021-22,software-project-management,https://ryzenstudy.com/papers/aktu-mca-sem-3-software-project-management-2021-22
MCA,Sem 3,2021-22,software-testing-quality-assurance,https://ryzenstudy.com/papers/aktu-mca-sem-3-software-testing-quality-assurance-2021-22
MCA,Sem 3,2021-22,web-technology,https://ryzenstudy.com/papers/aktu-mca-sem-3-web-technology-2021-22
MCA,Sem 3,2022-23,artificial-intelligence,https://ryzenstudy.com/papers/aktu-mca-sem-3-artificial-intelligence-2022-23
MCA,Sem 3,2022-23,big-data,https://ryzenstudy.com/papers/aktu-mca-sem-3-big-data-2022-23
MCA,Sem 3,2022-23,cloud-computing,https://ryzenstudy.com/papers/aktu-mca-sem-3-cloud-computing-2022-23
MCA,Sem 3,2022-23,compiler-design,https://ryzenstudy.com/papers/aktu-mca-sem-3-compiler-design-2022-23
MCA,Sem 3,2022-23,computer-networks,https://ryzenstudy.com/papers/aktu-mca-sem-3-computer-networks-2022-23
MCA,Sem 3,2022-23,cryptography-and-network-security,https://ryzenstudy.com/papers/aktu-mca-sem-3-cryptography-and-network-security-2022-23
MCA,Sem 3,2022-23,data-warehousing-data-mining,https://ryzenstudy.com/papers/aktu-mca-sem-3-data-warehousing-data-mining-2022-23
MCA,Sem 3,2022-23,simulation-modeling,https://ryzenstudy.com/papers/aktu-mca-sem-3-simulation-modeling-2022-23
MCA,Sem 3,2022-23,software-engineering,https://ryzenstudy.com/papers/aktu-mca-sem-3-software-engineering-2022-23
MCA,Sem 3,2022-23,software-project-management,https://ryzenstudy.com/papers/aktu-mca-sem-3-software-project-management-2022-23
MCA,Sem 3,2022-23,software-testing-quality-assurance,https://ryzenstudy.com/papers/aktu-mca-sem-3-software-testing-quality-assurance-2022-23
MCA,Sem 3,2022-23,web-technology,https://ryzenstudy.com/papers/aktu-mca-sem-3-web-technology-2022-23
MCA,Sem 3,2023-24,artificial-intelligence,https://ryzenstudy.com/papers/aktu-mca-sem-3-artificial-intelligence-2023-24
MCA,Sem 3,2023-24,big-data,https://ryzenstudy.com/papers/aktu-mca-sem-3-big-data-2023-24
MCA,Sem 3,2023-24,cloud-computing,https://ryzenstudy.com/papers/aktu-mca-sem-3-cloud-computing-2023-24
MCA,Sem 3,2023-24,compiler-design,https://ryzenstudy.com/papers/aktu-mca-sem-3-compiler-design-2023-24
MCA,Sem 3,2023-24,computer-network,https://ryzenstudy.com/papers/aktu-mca-sem-3-computer-network-2023-24
MCA,Sem 3,2023-24,cryptography-network-security,https://ryzenstudy.com/papers/aktu-mca-sem-3-cryptography-network-security-2023-24
MCA,Sem 3,2023-24,data-warehousing-data-mining,https://ryzenstudy.com/papers/aktu-mca-sem-3-data-warehousing-data-mining-2023-24
MCA,Sem 3,2023-24,digital-image-processing,https://ryzenstudy.com/papers/aktu-mca-sem-3-digital-image-processing-2023-24
MCA,Sem 3,2023-24,simulation-modeling,https://ryzenstudy.com/papers/aktu-mca-sem-3-simulation-modeling-2023-24
MCA,Sem 3,2023-24,software-engineering,https://ryzenstudy.com/papers/aktu-mca-sem-3-software-engineering-2023-24
MCA,Sem 3,2023-24,software-project-management,https://ryzenstudy.com/papers/aktu-mca-sem-3-software-project-management-2023-24
MCA,Sem 3,2023-24,software-testing-quality-assurance,https://ryzenstudy.com/papers/aktu-mca-sem-3-software-testing-quality-assurance-2023-24
MCA,Sem 3,2023-24,web-technology,https://ryzenstudy.com/papers/aktu-mca-sem-3-web-technology-2023-24
MCA,Sem 3,2024-25,artificial-intelligence,https://ryzenstudy.com/papers/aktu-mca-sem-3-artificial-intelligence-2024-25
MCA,Sem 3,2024-25,big-data,https://ryzenstudy.com/papers/aktu-mca-sem-3-big-data-2024-25
MCA,Sem 3,2024-25,cloud-computing,https://ryzenstudy.com/papers/aktu-mca-sem-3-cloud-computing-2024-25
MCA,Sem 3,2024-25,compiler-design,https://ryzenstudy.com/papers/aktu-mca-sem-3-compiler-design-2024-25
MCA,Sem 3,2024-25,computer-network,https://ryzenstudy.com/papers/aktu-mca-sem-3-computer-network-2024-25
MCA,Sem 3,2024-25,cryptography-network-security,https://ryzenstudy.com/papers/aktu-mca-sem-3-cryptography-network-security-2024-25
MCA,Sem 3,2024-25,data-warehousing-data-mining,https://ryzenstudy.com/papers/aktu-mca-sem-3-data-warehousing-data-mining-2024-25
MCA,Sem 3,2024-25,digital-image-processing,https://ryzenstudy.com/papers/aktu-mca-sem-3-digital-image-processing-2024-25
MCA,Sem 3,2024-25,simulation-modeling,https://ryzenstudy.com/papers/aktu-mca-sem-3-simulation-modeling-2024-25
MCA,Sem 3,2024-25,software-engineering,https://ryzenstudy.com/papers/aktu-mca-sem-3-software-engineering-2024-25
MCA,Sem 3,2024-25,software-project-management,https://ryzenstudy.com/papers/aktu-mca-sem-3-software-project-management-2024-25
MCA,Sem 3,2024-25,software-testing-quality-assurance,https://ryzenstudy.com/papers/aktu-mca-sem-3-software-testing-quality-assurance-2024-25
MCA,Sem 3,2024-25,web-technology,https://ryzenstudy.com/papers/aktu-mca-sem-3-web-technology-2024-25
MCA,Sem 3,2025-26,artificial-intellingence,https://ryzenstudy.com/papers/aktu-mca-sem-3-artificial-intellingence-2025-26
MCA,Sem 3,2025-26,cloud-computing,https://ryzenstudy.com/papers/aktu-mca-sem-3-cloud-computing-2025-26
MCA,Sem 3,2025-26,computer-network,https://ryzenstudy.com/papers/aktu-mca-sem-3-computer-network-2025-26
MCA,Sem 3,2025-26,cryptography-and-network-security,https://ryzenstudy.com/papers/aktu-mca-sem-3-cryptography-and-network-security-2025-26
MCA,Sem 3,2025-26,data-wirehousing-and-date-mining,https://ryzenstudy.com/papers/aktu-mca-sem-3-data-wirehousing-and-date-mining-2025-26
MCA,Sem 3,2025-26,elementary-mathematics-bridge-course,https://ryzenstudy.com/papers/aktu-mca-sem-3-elementary-mathematics-bridge-course-2025-26
MCA,Sem 3,2025-26,python-programming,https://ryzenstudy.com/papers/aktu-mca-sem-3-python-programming-2025-26
MCA,Sem 3,2025-26,software-engineering,https://ryzenstudy.com/papers/aktu-mca-sem-3-software-engineering-2025-26
MCA,Sem 4,2021-22,blockchain-architecture,https://ryzenstudy.com/papers/aktu-mca-sem-4-blockchain-architecture-2021-22
MCA,Sem 4,2021-22,computer-graphics-and-animation,https://ryzenstudy.com/papers/aktu-mca-sem-4-computer-graphics-and-animation-2021-22
MCA,Sem 4,2021-22,data-analytics,https://ryzenstudy.com/papers/aktu-mca-sem-4-data-analytics-2021-22
MCA,Sem 4,2021-22,distributed-database-systems,https://ryzenstudy.com/papers/aktu-mca-sem-4-distributed-database-systems-2021-22
MCA,Sem 4,2021-22,internet-of-things,https://ryzenstudy.com/papers/aktu-mca-sem-4-internet-of-things-2021-22
MCA,Sem 4,2021-22,machine-learning,https://ryzenstudy.com/papers/aktu-mca-sem-4-machine-learning-2021-22
MCA,Sem 4,2021-22,mobile-computing,https://ryzenstudy.com/papers/aktu-mca-sem-4-mobile-computing-2021-22
MCA,Sem 4,2021-22,modern-application-development,https://ryzenstudy.com/papers/aktu-mca-sem-4-modern-application-development-2021-22
MCA,Sem 4,2021-22,natural-language-processing,https://ryzenstudy.com/papers/aktu-mca-sem-4-natural-language-processing-2021-22
MCA,Sem 4,2021-22,neural-network,https://ryzenstudy.com/papers/aktu-mca-sem-4-neural-network-2021-22
MCA,Sem 4,2021-22,pattern-recognition,https://ryzenstudy.com/papers/aktu-mca-sem-4-pattern-recognition-2021-22
MCA,Sem 4,2021-22,privacy-security-in-online-social-media,https://ryzenstudy.com/papers/aktu-mca-sem-4-privacy-security-in-online-social-media-2021-22
MCA,Sem 4,2021-22,soft-computing,https://ryzenstudy.com/papers/aktu-mca-sem-4-soft-computing-2021-22
MCA,Sem 4,2021-22,software-quality-engineering,https://ryzenstudy.com/papers/aktu-mca-sem-4-software-quality-engineering-2021-22
MCA,Sem 4,2022-23,blockchain-architecture,https://ryzenstudy.com/papers/aktu-mca-sem-4-blockchain-architecture-2022-23
MCA,Sem 4,2022-23,distributed-database-system,https://ryzenstudy.com/papers/aktu-mca-sem-4-distributed-database-system-2022-23
MCA,Sem 4,2022-23,internet-of-things,https://ryzenstudy.com/papers/aktu-mca-sem-4-internet-of-things-2022-23
MCA,Sem 4,2022-23,modern-applicatioin-development,https://ryzenstudy.com/papers/aktu-mca-sem-4-modern-applicatioin-development-2022-23
MCA,Sem 4,2022-23,neural-network,https://ryzenstudy.com/papers/aktu-mca-sem-4-neural-network-2022-23
MCA,Sem 4,2023-24,internet-of-things,https://ryzenstudy.com/papers/aktu-mca-sem-4-internet-of-things-2023-24
MCA,Sem 4,2023-24,mobile-computing,https://ryzenstudy.com/papers/aktu-mca-sem-4-mobile-computing-2023-24
MCA,Sem 4,2023-24,software-quality-engineering,https://ryzenstudy.com/papers/aktu-mca-sem-4-software-quality-engineering-2023-24
MCA,Sem 4,2024-25,blockchain-architecture,https://ryzenstudy.com/papers/aktu-mca-sem-4-blockchain-architecture-2024-25
MCA,Sem 4,2024-25,computer-graphics-and-animation,https://ryzenstudy.com/papers/aktu-mca-sem-4-computer-graphics-and-animation-2024-25
MCA,Sem 4,2024-25,data-analytics,https://ryzenstudy.com/papers/aktu-mca-sem-4-data-analytics-2024-25
MCA,Sem 4,2024-25,distributed-database-systems,https://ryzenstudy.com/papers/aktu-mca-sem-4-distributed-database-systems-2024-25
MCA,Sem 4,2024-25,internet-of-things,https://ryzenstudy.com/papers/aktu-mca-sem-4-internet-of-things-2024-25
MCA,Sem 4,2024-25,machine-learning,https://ryzenstudy.com/papers/aktu-mca-sem-4-machine-learning-2024-25
MCA,Sem 4,2024-25,mobile-computing,https://ryzenstudy.com/papers/aktu-mca-sem-4-mobile-computing-2024-25
MCA,Sem 4,2024-25,modern-application-development,https://ryzenstudy.com/papers/aktu-mca-sem-4-modern-application-development-2024-25
MCA,Sem 4,2024-25,natural-language-processing,https://ryzenstudy.com/papers/aktu-mca-sem-4-natural-language-processing-2024-25
MCA,Sem 4,2024-25,neural-network,https://ryzenstudy.com/papers/aktu-mca-sem-4-neural-network-2024-25
MCA,Sem 4,2024-25,pattern-recognition,https://ryzenstudy.com/papers/aktu-mca-sem-4-pattern-recognition-2024-25
MCA,Sem 4,2024-25,privacy-security-in-online-social-media,https://ryzenstudy.com/papers/aktu-mca-sem-4-privacy-security-in-online-social-media-2024-25
MCA,Sem 4,2024-25,quantum-computing,https://ryzenstudy.com/papers/aktu-mca-sem-4-quantum-computing-2024-25
MCA,Sem 4,2024-25,soft-computing,https://ryzenstudy.com/papers/aktu-mca-sem-4-soft-computing-2024-25
MCA,Sem 4,2024-25,software-quality-engineering,https://ryzenstudy.com/papers/aktu-mca-sem-4-software-quality-engineering-2024-25
